{"Mtype":"results","Title":"ROUND 5000","PollStarted":"2017-04-23T21:40:20.148972269Z","PollDuration":300000000000,"Options":{"65":"Raine and Ember book sharing (Raine sharing books with Ember from Bloodline)","66":"AU where Keith grew up with Alaric and was never banished.","67":"TK characters wearing shirts from major universities their species is the mascot of (flora=princeton, nora=drexel, etc)","68":"Natani and Keith as Mr. and Mrs. Smith","69":"FemMike loses a bet and has to go on a date with Evals","70":"Devilish/Demonic Keith (e.g. a la The Demi-Fiend from Shin Megami Tensei III)","71":"Manly Kat attempting to swoon female Eric, who has her sights on another","72":"Trace dressed as Cless Alvain (Hero from Tales of Phantasia and Have Flora dressed Mint Adenade"},"ExpectedBallots":106,"CountedBallots":106,"Ballots":["D","AE","ABH","BE","DBCAEGHF","BFD","A","CEAFDHGB","GEB","BG","BEA","ECFHDBAG","DECBHFAG","BEGACF","AGEFBDHC","AEFGB","EDBAG","ADB","F","BEG","HDC","D","DEBGA","BGED","DBCEG","GBEDCHAF","AEDC","GAFBHDEC","EFGBDHCA","A","BEFG","AE","EBDGCAFH","HFACGBDE","EBFA","AGF","E","BDECFHAG","EGDFBAHC","EGCBDAHF","EAGBCFHD","","E","BADGE","GEB","GEABH","EHF","ECHAFDBG","GEADCB","GDAEHBFC","BGE","EBAD","AE","AEB","AEBHGCDF","BEA","","FBCED","BAHF","DBEGACF","GBEDHCFA","FCHEDBGA","DA","D","BGA","CEGA","FBAEHCGD","GEBCDHFA","DBGCFAEH","AEBFGDHC","GAEBCFD","A","DCEHFAGB","EGADFBHC","FEB","ABGDFHCE","BEGCADFH","ECDGBFAH","A","E","ABFGECD","EFCDBHAG","EGB","GBEFD","E","DGFEABCH","EBDF","EG","EFG","DAFCGHEB","GEDCFHBA","BGF","ACDEFGHB","HBAECGFD","GBE","AGC","E","DHG","","ABEG","GFHC","HCAEBGFD","EBG","DCGEFBAH","EG","E"],"Placements":[[{"Id":69,"V":26,"NV":26,"TB":0},{"Id":65,"V":21,"NV":21,"TB":0},{"Id":66,"V":16,"NV":16,"TB":0},{"Id":68,"V":15,"NV":15,"TB":0},{"Id":71,"V":14,"NV":14,"TB":0},{"Id":70,"V":5,"NV":5,"TB":0},{"Id":72,"V":4,"NV":4,"TB":0},{"Id":67,"V":2,"NV":2,"TB":0}],[{"Id":69,"V":28,"NV":2,"TB":0},{"Id":65,"V":21,"NV":0,"TB":0},{"Id":66,"V":16,"NV":0,"TB":0},{"Id":68,"V":15,"NV":0,"TB":0},{"Id":71,"V":14,"NV":0,"TB":0},{"Id":70,"V":5,"NV":0,"TB":0},{"Id":72,"V":4,"NV":0,"TB":0}],[{"Id":69,"V":28,"NV":0,"TB":0},{"Id":65,"V":22,"NV":1,"TB":0},{"Id":66,"V":17,"NV":1,"TB":0},{"Id":68,"V":16,"NV":1,"TB":0},{"Id":71,"V":14,"NV":0,"TB":0},{"Id":70,"V":6,"NV":1,"TB":0}],[{"Id":69,"V":30,"NV":2,"TB":0},{"Id":65,"V":23,"NV":1,"TB":0},{"Id":66,"V":19,"NV":2,"TB":0},{"Id":68,"V":16,"NV":0,"TB":0},{"Id":71,"V":14,"NV":0,"TB":0}],[{"Id":69,"V":36,"NV":6,"TB":0},{"Id":65,"V":25,"NV":2,"TB":0},{"Id":66,"V":23,"NV":4,"TB":0},{"Id":68,"V":17,"NV":1,"TB":0}],[{"Id":69,"V":41,"NV":5,"TB":0},{"Id":65,"V":28,"NV":3,"TB":0},{"Id":66,"V":27,"NV":4,"TB":0}],[{"Id":69,"V":58,"NV":17,"TB":0},{"Id":65,"V":35,"NV":7,"TB":0}],[{"Id":69,"V":82,"NV":24,"TB":0}]],"Expires":1492984221,"SecondsLeft":0}