{"Mtype":"results","Title":"Round 1","PollStarted":"2017-10-16T20:06:52.325302417Z","PollDuration":300000000000,"Options":{"65":"Zen and Natani open their new modern storefront. Magi Brothers: Discount Assassinations and Kidnappings!","66":"Maren Body Pillow","67":"Keith and Natani turn human.","68":"Young Rose sunbathing","69":"Halloween at the Legacy Estate: Roselyn hands out candy to trick or treaters","70":"Kat and Natani become a couple in an alternate universe","71":"Trace, Keith, \u0026 Natani reenact Frankenstein (Natani is the monster, Keith is Igor, Trace is Frankenstein.)","72":"collar of keidranification: Saria Legacy into a Lioness Keidran","73":"Group B Pixie Pranks: Karen goes to the dogs, Raine finds a feline side, and RHG discovers his inner Basitin.","74":"The ghosts of Alaric and Laura return to \"haunt\" Keith.","75":"Maddie somehow got a pumpkin stuck on her head...","76":"The cast of TwoKinds as children trick-or-treating at a really spooky house, and they're scared","77":"Prank Pixies Strike Back, Raine returns to Keidran form while Zen and Sythe get attracted to her.","78":"Kat getting the attention she so desperately wants from Eric. No tricks, no dreams. A nice date or dance or something for them.","79":"Hypothetical meeting between Natani and Keith's parents","80":"Trace as John Wick with his loyal pistol and assault rifle saying: \"This is personal...\"","81":"Kat and Flora at a Halloween costume party with a steampunk theme.","82":"Sythe and Red stuck in a finger trap"},"ExpectedBallots":76,"CountedBallots":76,"Ballots":["KAR","O","NMIBGRLAOQ","GFDNQBKLHCAOIRMEP","QLG","EAKLQJ","EKGQLFJOHABCIP","F","AFOGCLN","IMRCFDO","QAM","KLEMGRO","JGKRFA","HLPMEFBRQNOGIJCKAD","FDAE","HOCF","INEFOCDJB","FEJMOKHQD","MNHFQ","BJCDNOKLFIRHMQAEGP","BIHJCRNLDMAKQGOFEP","HCLRO","NBJDA","FARGON","AMRNFPELJDHOB","IQDH","NHLFQPDJGIM","QBFHCMIEAND","OJRCKGNBIAQLH","HQGICRK","NLHGOEKRDQMIAJBPCF","DBAHQ","NLRCQ","EMHLOCRI","RI","OCJPNDQBLIGKEMHAFR","JCLGOAKIRMB","DNFRB","JAFONRC","KGFJDARNCQBHP","CNBHLAJO","KFQJOD","FLHAI","IQKBF","OBHNALCQMEIJRFDGKP","DHNFBOQ","DRMFON","KB","PALOCH","RJAED","JLOFRAK","D","HCEGLJANRQO","NLHOMDIFRCAJGBQPKE","JLQ","MDN","M","MDN","DPAORN","QLEGH","J","HFLD","QIKARJH","JCRM","OFDBCHQJNEKGLRAIMP","JNOHAM","LFEDBION","ICHKBN","F","DF","O","Q","DA","IMCHF","JOANFCP","LHKGCFDNPQOIARMJEB"],"Placements":[[{"Id":74,"V":9,"NV":9,"TB":0},{"Id":68,"V":8,"NV":8,"TB":0},{"Id":70,"V":6,"NV":6,"TB":0},{"Id":72,"V":6,"NV":6,"TB":0},{"Id":73,"V":6,"NV":6,"TB":0},{"Id":78,"V":6,"NV":6,"TB":0},{"Id":79,"V":6,"NV":6,"TB":0},{"Id":81,"V":6,"NV":6,"TB":0},{"Id":75,"V":5,"NV":5,"TB":0},{"Id":77,"V":4,"NV":4,"TB":0},{"Id":69,"V":3,"NV":3,"TB":0},{"Id":65,"V":2,"NV":2,"TB":0},{"Id":66,"V":2,"NV":2,"TB":0},{"Id":76,"V":2,"NV":2,"TB":0},{"Id":82,"V":2,"NV":2,"TB":0},{"Id":67,"V":1,"NV":1,"TB":0},{"Id":80,"V":1,"NV":1,"TB":0},{"Id":71,"V":1,"NV":1,"TB":2}],[{"Id":74,"V":9,"NV":0,"TB":0},{"Id":68,"V":8,"NV":0,"TB":0},{"Id":70,"V":7,"NV":1,"TB":0},{"Id":72,"V":6,"NV":0,"TB":0},{"Id":73,"V":6,"NV":0,"TB":0},{"Id":78,"V":6,"NV":0,"TB":0},{"Id":79,"V":6,"NV":0,"TB":0},{"Id":81,"V":6,"NV":0,"TB":0},{"Id":75,"V":5,"NV":0,"TB":0},{"Id":77,"V":4,"NV":0,"TB":0},{"Id":69,"V":3,"NV":0,"TB":0},{"Id":65,"V":2,"NV":0,"TB":0},{"Id":66,"V":2,"NV":0,"TB":0},{"Id":76,"V":2,"NV":0,"TB":0},{"Id":82,"V":2,"NV":0,"TB":0},{"Id":67,"V":1,"NV":0,"TB":0},{"Id":80,"V":1,"NV":0,"TB":1}],[{"Id":74,"V":9,"NV":0,"TB":0},{"Id":68,"V":8,"NV":0,"TB":0},{"Id":70,"V":7,"NV":0,"TB":0},{"Id":72,"V":6,"NV":0,"TB":0},{"Id":73,"V":6,"NV":0,"TB":0},{"Id":78,"V":6,"NV":0,"TB":0},{"Id":79,"V":6,"NV":0,"TB":0},{"Id":81,"V":6,"NV":0,"TB":0},{"Id":75,"V":5,"NV":0,"TB":0},{"Id":77,"V":4,"NV":0,"TB":0},{"Id":65,"V":3,"NV":1,"TB":0},{"Id":69,"V":3,"NV":0,"TB":0},{"Id":66,"V":2,"NV":0,"TB":0},{"Id":76,"V":2,"NV":0,"TB":0},{"Id":82,"V":2,"NV":0,"TB":0},{"Id":67,"V":1,"NV":0,"TB":0}],[{"Id":74,"V":9,"NV":0,"TB":0},{"Id":68,"V":8,"NV":0,"TB":0},{"Id":70,"V":7,"NV":0,"TB":0},{"Id":78,"V":7,"NV":1,"TB":0},{"Id":72,"V":6,"NV":0,"TB":0},{"Id":73,"V":6,"NV":0,"TB":0},{"Id":79,"V":6,"NV":0,"TB":0},{"Id":81,"V":6,"NV":0,"TB":0},{"Id":75,"V":5,"NV":0,"TB":0},{"Id":77,"V":4,"NV":0,"TB":0},{"Id":65,"V":3,"NV":0,"TB":0},{"Id":69,"V":3,"NV":0,"TB":0},{"Id":66,"V":2,"NV":0,"TB":0},{"Id":76,"V":2,"NV":0,"TB":0},{"Id":82,"V":2,"NV":0,"TB":1}],[{"Id":74,"V":10,"NV":1,"TB":0},{"Id":68,"V":8,"NV":0,"TB":0},{"Id":70,"V":7,"NV":0,"TB":0},{"Id":73,"V":7,"NV":1,"TB":0},{"Id":78,"V":7,"NV":0,"TB":0},{"Id":72,"V":6,"NV":0,"TB":0},{"Id":79,"V":6,"NV":0,"TB":0},{"Id":81,"V":6,"NV":0,"TB":0},{"Id":75,"V":5,"NV":0,"TB":0},{"Id":77,"V":4,"NV":0,"TB":0},{"Id":65,"V":3,"NV":0,"TB":0},{"Id":69,"V":3,"NV":0,"TB":0},{"Id":76,"V":2,"NV":0,"TB":0},{"Id":66,"V":2,"NV":0,"TB":2}],[{"Id":74,"V":11,"NV":1,"TB":0},{"Id":68,"V":8,"NV":0,"TB":0},{"Id":73,"V":8,"NV":1,"TB":0},{"Id":70,"V":7,"NV":0,"TB":0},{"Id":78,"V":7,"NV":0,"TB":0},{"Id":72,"V":6,"NV":0,"TB":0},{"Id":79,"V":6,"NV":0,"TB":0},{"Id":81,"V":6,"NV":0,"TB":0},{"Id":75,"V":5,"NV":0,"TB":0},{"Id":77,"V":4,"NV":0,"TB":0},{"Id":65,"V":3,"NV":0,"TB":0},{"Id":69,"V":3,"NV":0,"TB":0},{"Id":76,"V":2,"NV":0,"TB":0}],[{"Id":74,"V":11,"NV":0,"TB":0},{"Id":68,"V":8,"NV":0,"TB":0},{"Id":70,"V":8,"NV":1,"TB":0},{"Id":73,"V":8,"NV":0,"TB":0},{"Id":72,"V":7,"NV":1,"TB":0},{"Id":78,"V":7,"NV":0,"TB":0},{"Id":79,"V":6,"NV":0,"TB":0},{"Id":81,"V":6,"NV":0,"TB":0},{"Id":75,"V":5,"NV":0,"TB":0},{"Id":77,"V":4,"NV":0,"TB":0},{"Id":69,"V":3,"NV":0,"TB":0},{"Id":65,"V":3,"NV":0,"TB":2}],[{"Id":74,"V":11,"NV":0,"TB":0},{"Id":70,"V":9,"NV":1,"TB":0},{"Id":68,"V":8,"NV":0,"TB":0},{"Id":73,"V":8,"NV":0,"TB":0},{"Id":72,"V":7,"NV":0,"TB":0},{"Id":78,"V":7,"NV":0,"TB":0},{"Id":79,"V":7,"NV":1,"TB":0},{"Id":81,"V":6,"NV":0,"TB":0},{"Id":75,"V":5,"NV":0,"TB":0},{"Id":77,"V":5,"NV":1,"TB":0},{"Id":69,"V":3,"NV":0,"TB":0}],[{"Id":74,"V":11,"NV":0,"TB":0},{"Id":70,"V":9,"NV":0,"TB":0},{"Id":68,"V":8,"NV":0,"TB":0},{"Id":73,"V":8,"NV":0,"TB":0},{"Id":72,"V":7,"NV":0,"TB":0},{"Id":75,"V":7,"NV":2,"TB":0},{"Id":78,"V":7,"NV":0,"TB":0},{"Id":79,"V":7,"NV":0,"TB":0},{"Id":77,"V":6,"NV":1,"TB":0},{"Id":81,"V":6,"NV":0,"TB":1}],[{"Id":74,"V":11,"NV":0,"TB":0},{"Id":70,"V":10,"NV":1,"TB":0},{"Id":73,"V":9,"NV":1,"TB":0},{"Id":68,"V":8,"NV":0,"TB":0},{"Id":72,"V":8,"NV":1,"TB":0},{"Id":75,"V":7,"NV":0,"TB":0},{"Id":77,"V":7,"NV":1,"TB":0},{"Id":79,"V":7,"NV":0,"TB":0},{"Id":78,"V":7,"NV":0,"TB":2}],[{"Id":72,"V":12,"NV":4,"TB":0},{"Id":74,"V":12,"NV":1,"TB":0},{"Id":70,"V":10,"NV":0,"TB":0},{"Id":73,"V":9,"NV":0,"TB":0},{"Id":68,"V":8,"NV":0,"TB":0},{"Id":77,"V":8,"NV":1,"TB":0},{"Id":75,"V":7,"NV":0,"TB":0},{"Id":79,"V":7,"NV":0,"TB":1}],[{"Id":72,"V":14,"NV":2,"TB":0},{"Id":74,"V":14,"NV":2,"TB":0},{"Id":70,"V":11,"NV":1,"TB":0},{"Id":73,"V":9,"NV":0,"TB":0},{"Id":68,"V":8,"NV":0,"TB":0},{"Id":77,"V":8,"NV":0,"TB":0},{"Id":75,"V":7,"NV":0,"TB":0}],[{"Id":74,"V":15,"NV":1,"TB":0},{"Id":70,"V":14,"NV":3,"TB":0},{"Id":72,"V":14,"NV":0,"TB":0},{"Id":73,"V":9,"NV":0,"TB":0},{"Id":77,"V":9,"NV":1,"TB":0},{"Id":68,"V":8,"NV":0,"TB":0}],[{"Id":70,"V":16,"NV":2,"TB":0},{"Id":72,"V":16,"NV":2,"TB":0},{"Id":74,"V":15,"NV":0,"TB":0},{"Id":77,"V":10,"NV":1,"TB":0},{"Id":73,"V":9,"NV":0,"TB":0}],[{"Id":72,"V":19,"NV":3,"TB":0},{"Id":70,"V":18,"NV":2,"TB":0},{"Id":74,"V":16,"NV":1,"TB":0},{"Id":77,"V":12,"NV":2,"TB":0}],[{"Id":72,"V":22,"NV":3,"TB":0},{"Id":70,"V":21,"NV":3,"TB":0},{"Id":74,"V":16,"NV":0,"TB":0}],[{"Id":72,"V":26,"NV":4,"TB":0},{"Id":70,"V":26,"NV":5,"TB":2}],[{"Id":72,"V":35,"NV":9,"TB":0}]],"Expires":1508185013,"SecondsLeft":0}