{"Mtype":"results","Title":"Round Later","PollStarted":"2017-06-05T02:44:58.102213428Z","PollDuration":300000000000,"Options":{"65":"Tiger trace and flora as cubs","66":"Trace and Flora in vault jumpsuits, meeting Paladin Keiser in a suit of power armor in the Mekkan wasteland","67":"Pixie Panic aftermath 2: Mike and Evals, all dolled up.","68":"\"Kindred from League of Legends","69":"Nibbly steals Scrat's (Ice Age movies) acorn","70":"Flora puts the incomplete sweater on backwards to try and warm up her back","71":"Evil Trace calling down lightning","72":"Maddie hiding in a barrel of Basitin ale as Mike and Evals carry it aboard the ship","73":"Tomb Raider Kat","74":"Albion \u0026 Cornelius in happier times","75":"Trace and Flora show Keith some love.","76":"Group A playing a card game such as Poker or Euchre.","77":"Takes place right after Natani asked Keith if he wants to touch 'em. Kat pops up from behind the couch replying \"Yes!\"","78":"Detective Nibbly","79":"Flora, Maddie, Natani, Keith and Trace all \"training\" using wooden/cardboard gear.","80":"Karate Kat","81":"Older Maeve watching the sunset","82":"To make things more even, a male bust chart of the lovely genderbent ladies.","83":"Prom Queen Mike \u0026 Prom King Evals","84":"older Madelyn and Keith enjoying a gentle, romantic dinner together in front of a fireplace."},"ExpectedBallots":59,"CountedBallots":59,"Ballots":["KCALMBH","TQNEOS","GIRNTOEHMSBJAFCQLPKD","TJQN","MCKFLOA","GMBOH","KRMTCFOQSBIJHGP","MORTLDQEHBF","CRKSJQPOHDELFANIGMBT","CLGDRTQ","CSRMA","OQRKALTMN","BOLHIPQGSJKRND","RMQKTHGF","HSPI","SRM","MQKIGNEFSHPCRLOTAJBD","AOHRLC","CAIOKFPELQ","BFMAH","KRGJCPTEMQS","IQKFPN","SENPM","OSFDAGK","CNS","DNTQ","Q","QMPCNKIAGTEFRODHJLSB","OLKMHNPAEIFDQGRSJBCT","NMKR","EINA","ASBHCNJ","KAFBMEIPHJCTOLSNQGRD","LMRCFS","RQCOSHNKJGETLBPAIM","T","CDISTQFMKRN","JHIBKR","MDOKQIFJ","CFKMIGHTELJRQSPANOBD","ICFSNPBMAOGDKHJELTR","DNMTE","","SKRFOLC","QBHMER","QBCMEHJS","E","HEP","BOLKMITQNEHPJ","RICNEFM","KOLTMBHG","ICENS","GQBJMHOKTPSERFCALNDI","BGNEHOCAQ","ICQNPTME","QTMCASEBFIDKPHGNLRJO","NIQHPFMESC","ICQNPTME","C"],"Placements":[[{"Id":67,"V":8,"NV":8,"TB":0},{"Id":73,"V":5,"NV":5,"TB":0},{"Id":75,"V":5,"NV":5,"TB":0},{"Id":81,"V":5,"NV":5,"TB":0},{"Id":66,"V":4,"NV":4,"TB":0},{"Id":77,"V":4,"NV":4,"TB":0},{"Id":71,"V":3,"NV":3,"TB":0},{"Id":79,"V":3,"NV":3,"TB":0},{"Id":82,"V":3,"NV":3,"TB":0},{"Id":83,"V":3,"NV":3,"TB":0},{"Id":84,"V":3,"NV":3,"TB":0},{"Id":65,"V":2,"NV":2,"TB":0},{"Id":68,"V":2,"NV":2,"TB":0},{"Id":69,"V":2,"NV":2,"TB":0},{"Id":72,"V":2,"NV":2,"TB":0},{"Id":78,"V":2,"NV":2,"TB":0},{"Id":74,"V":1,"NV":1,"TB":0},{"Id":76,"V":1,"NV":1,"TB":0},{"Id":80,"V":0,"NV":0,"TB":0},{"Id":70,"V":0,"NV":0,"TB":2}],[{"Id":67,"V":8,"NV":0,"TB":0},{"Id":73,"V":5,"NV":0,"TB":0},{"Id":75,"V":5,"NV":0,"TB":0},{"Id":81,"V":5,"NV":0,"TB":0},{"Id":66,"V":4,"NV":0,"TB":0},{"Id":77,"V":4,"NV":0,"TB":0},{"Id":71,"V":3,"NV":0,"TB":0},{"Id":79,"V":3,"NV":0,"TB":0},{"Id":82,"V":3,"NV":0,"TB":0},{"Id":83,"V":3,"NV":0,"TB":0},{"Id":84,"V":3,"NV":0,"TB":0},{"Id":65,"V":2,"NV":0,"TB":0},{"Id":68,"V":2,"NV":0,"TB":0},{"Id":69,"V":2,"NV":0,"TB":0},{"Id":72,"V":2,"NV":0,"TB":0},{"Id":78,"V":2,"NV":0,"TB":0},{"Id":74,"V":1,"NV":0,"TB":0},{"Id":76,"V":1,"NV":0,"TB":0},{"Id":80,"V":0,"NV":0,"TB":0}],[{"Id":67,"V":8,"NV":0,"TB":0},{"Id":73,"V":5,"NV":0,"TB":0},{"Id":75,"V":5,"NV":0,"TB":0},{"Id":81,"V":5,"NV":0,"TB":0},{"Id":66,"V":4,"NV":0,"TB":0},{"Id":77,"V":4,"NV":0,"TB":0},{"Id":71,"V":3,"NV":0,"TB":0},{"Id":79,"V":3,"NV":0,"TB":0},{"Id":82,"V":3,"NV":0,"TB":0},{"Id":83,"V":3,"NV":0,"TB":0},{"Id":84,"V":3,"NV":0,"TB":0},{"Id":65,"V":2,"NV":0,"TB":0},{"Id":68,"V":2,"NV":0,"TB":0},{"Id":69,"V":2,"NV":0,"TB":0},{"Id":72,"V":2,"NV":0,"TB":0},{"Id":78,"V":2,"NV":0,"TB":0},{"Id":74,"V":1,"NV":0,"TB":0},{"Id":76,"V":1,"NV":0,"TB":1}],[{"Id":67,"V":8,"NV":0,"TB":0},{"Id":73,"V":5,"NV":0,"TB":0},{"Id":75,"V":5,"NV":0,"TB":0},{"Id":77,"V":5,"NV":1,"TB":0},{"Id":81,"V":5,"NV":0,"TB":0},{"Id":66,"V":4,"NV":0,"TB":0},{"Id":71,"V":3,"NV":0,"TB":0},{"Id":79,"V":3,"NV":0,"TB":0},{"Id":82,"V":3,"NV":0,"TB":0},{"Id":83,"V":3,"NV":0,"TB":0},{"Id":84,"V":3,"NV":0,"TB":0},{"Id":65,"V":2,"NV":0,"TB":0},{"Id":68,"V":2,"NV":0,"TB":0},{"Id":69,"V":2,"NV":0,"TB":0},{"Id":72,"V":2,"NV":0,"TB":0},{"Id":78,"V":2,"NV":0,"TB":0},{"Id":74,"V":1,"NV":0,"TB":0}],[{"Id":67,"V":8,"NV":0,"TB":0},{"Id":73,"V":5,"NV":0,"TB":0},{"Id":75,"V":5,"NV":0,"TB":0},{"Id":77,"V":5,"NV":0,"TB":0},{"Id":81,"V":5,"NV":0,"TB":0},{"Id":66,"V":4,"NV":0,"TB":0},{"Id":71,"V":3,"NV":0,"TB":0},{"Id":72,"V":3,"NV":1,"TB":0},{"Id":79,"V":3,"NV":0,"TB":0},{"Id":82,"V":3,"NV":0,"TB":0},{"Id":83,"V":3,"NV":0,"TB":0},{"Id":84,"V":3,"NV":0,"TB":0},{"Id":65,"V":2,"NV":0,"TB":0},{"Id":68,"V":2,"NV":0,"TB":0},{"Id":69,"V":2,"NV":0,"TB":0},{"Id":78,"V":2,"NV":0,"TB":1}],[{"Id":67,"V":8,"NV":0,"TB":0},{"Id":73,"V":6,"NV":1,"TB":0},{"Id":77,"V":6,"NV":1,"TB":0},{"Id":75,"V":5,"NV":0,"TB":0},{"Id":81,"V":5,"NV":0,"TB":0},{"Id":66,"V":4,"NV":0,"TB":0},{"Id":71,"V":3,"NV":0,"TB":0},{"Id":72,"V":3,"NV":0,"TB":0},{"Id":79,"V":3,"NV":0,"TB":0},{"Id":82,"V":3,"NV":0,"TB":0},{"Id":83,"V":3,"NV":0,"TB":0},{"Id":84,"V":3,"NV":0,"TB":0},{"Id":65,"V":2,"NV":0,"TB":0},{"Id":68,"V":2,"NV":0,"TB":0},{"Id":69,"V":2,"NV":0,"TB":1}],[{"Id":67,"V":8,"NV":0,"TB":0},{"Id":73,"V":7,"NV":1,"TB":0},{"Id":77,"V":6,"NV":0,"TB":0},{"Id":75,"V":5,"NV":0,"TB":0},{"Id":81,"V":5,"NV":0,"TB":0},{"Id":66,"V":4,"NV":0,"TB":0},{"Id":71,"V":3,"NV":0,"TB":0},{"Id":72,"V":3,"NV":0,"TB":0},{"Id":79,"V":3,"NV":0,"TB":0},{"Id":82,"V":3,"NV":0,"TB":0},{"Id":83,"V":3,"NV":0,"TB":0},{"Id":84,"V":3,"NV":0,"TB":0},{"Id":65,"V":2,"NV":0,"TB":0},{"Id":68,"V":2,"NV":0,"TB":1}],[{"Id":67,"V":8,"NV":0,"TB":0},{"Id":73,"V":7,"NV":0,"TB":0},{"Id":77,"V":7,"NV":1,"TB":0},{"Id":75,"V":5,"NV":0,"TB":0},{"Id":81,"V":5,"NV":0,"TB":0},{"Id":66,"V":4,"NV":0,"TB":0},{"Id":84,"V":4,"NV":1,"TB":0},{"Id":71,"V":3,"NV":0,"TB":0},{"Id":72,"V":3,"NV":0,"TB":0},{"Id":79,"V":3,"NV":0,"TB":0},{"Id":82,"V":3,"NV":0,"TB":0},{"Id":83,"V":3,"NV":0,"TB":0},{"Id":65,"V":2,"NV":0,"TB":0}],[{"Id":67,"V":8,"NV":0,"TB":0},{"Id":73,"V":7,"NV":0,"TB":0},{"Id":77,"V":7,"NV":0,"TB":0},{"Id":75,"V":5,"NV":0,"TB":0},{"Id":81,"V":5,"NV":0,"TB":0},{"Id":66,"V":4,"NV":0,"TB":0},{"Id":79,"V":4,"NV":1,"TB":0},{"Id":83,"V":4,"NV":1,"TB":0},{"Id":84,"V":4,"NV":0,"TB":0},{"Id":72,"V":3,"NV":0,"TB":0},{"Id":82,"V":3,"NV":0,"TB":0},{"Id":71,"V":3,"NV":0,"TB":3}],[{"Id":67,"V":8,"NV":0,"TB":0},{"Id":73,"V":8,"NV":1,"TB":0},{"Id":77,"V":8,"NV":1,"TB":0},{"Id":81,"V":6,"NV":1,"TB":0},{"Id":75,"V":5,"NV":0,"TB":0},{"Id":66,"V":4,"NV":0,"TB":0},{"Id":79,"V":4,"NV":0,"TB":0},{"Id":83,"V":4,"NV":0,"TB":0},{"Id":84,"V":4,"NV":0,"TB":0},{"Id":82,"V":3,"NV":0,"TB":0},{"Id":72,"V":3,"NV":0,"TB":2}],[{"Id":73,"V":9,"NV":1,"TB":0},{"Id":67,"V":8,"NV":0,"TB":0},{"Id":77,"V":8,"NV":0,"TB":0},{"Id":81,"V":6,"NV":0,"TB":0},{"Id":75,"V":5,"NV":0,"TB":0},{"Id":83,"V":5,"NV":1,"TB":0},{"Id":66,"V":4,"NV":0,"TB":0},{"Id":79,"V":4,"NV":0,"TB":0},{"Id":84,"V":4,"NV":0,"TB":0},{"Id":82,"V":3,"NV":0,"TB":0}],[{"Id":73,"V":10,"NV":1,"TB":0},{"Id":77,"V":9,"NV":1,"TB":0},{"Id":67,"V":8,"NV":0,"TB":0},{"Id":81,"V":7,"NV":1,"TB":0},{"Id":75,"V":5,"NV":0,"TB":0},{"Id":83,"V":5,"NV":0,"TB":0},{"Id":66,"V":4,"NV":0,"TB":0},{"Id":84,"V":4,"NV":0,"TB":0},{"Id":79,"V":4,"NV":0,"TB":2}],[{"Id":73,"V":10,"NV":0,"TB":0},{"Id":67,"V":9,"NV":1,"TB":0},{"Id":77,"V":9,"NV":0,"TB":0},{"Id":81,"V":8,"NV":1,"TB":0},{"Id":75,"V":6,"NV":1,"TB":0},{"Id":83,"V":6,"NV":1,"TB":0},{"Id":84,"V":4,"NV":0,"TB":0},{"Id":66,"V":4,"NV":0,"TB":2}],[{"Id":73,"V":11,"NV":1,"TB":0},{"Id":67,"V":10,"NV":1,"TB":0},{"Id":77,"V":10,"NV":1,"TB":0},{"Id":81,"V":8,"NV":0,"TB":0},{"Id":75,"V":7,"NV":1,"TB":0},{"Id":83,"V":6,"NV":0,"TB":0},{"Id":84,"V":4,"NV":0,"TB":0}],[{"Id":73,"V":11,"NV":0,"TB":0},{"Id":81,"V":11,"NV":3,"TB":0},{"Id":67,"V":10,"NV":0,"TB":0},{"Id":77,"V":10,"NV":0,"TB":0},{"Id":75,"V":7,"NV":0,"TB":0},{"Id":83,"V":6,"NV":0,"TB":0}],[{"Id":73,"V":12,"NV":1,"TB":0},{"Id":77,"V":12,"NV":2,"TB":0},{"Id":67,"V":11,"NV":1,"TB":0},{"Id":81,"V":11,"NV":0,"TB":0},{"Id":75,"V":9,"NV":2,"TB":0}],[{"Id":77,"V":17,"NV":5,"TB":0},{"Id":67,"V":14,"NV":3,"TB":0},{"Id":73,"V":12,"NV":0,"TB":0},{"Id":81,"V":11,"NV":0,"TB":0}],[{"Id":77,"V":22,"NV":5,"TB":0},{"Id":67,"V":16,"NV":2,"TB":0},{"Id":73,"V":12,"NV":0,"TB":0}],[{"Id":77,"V":24,"NV":2,"TB":0},{"Id":67,"V":21,"NV":5,"TB":0}],[{"Id":77,"V":36,"NV":12,"TB":0}]],"Expires":1496631298,"SecondsLeft":0}