{"Mtype":"results","Title":"ROUND ONE","PollStarted":"2017-05-07T19:46:47.124911373Z","PollDuration":300000000000,"Options":{"65":"Kieth and Laura trading places during their first meeting on the beach.","66":"Lilith as Vesper Lynd, and Zen as James Bond in the Casino from Casino Royale. ","67":"Adult Maeve as a bartender for the Riftwall Tavern","68":"Flora as Overwatch D.Va","69":"Natani watching Keith sleep.","70":"Raine \u0026 Red riding a motorcycle, with Top Gun movie theme","71":"Karen playing with Raine's tail (off screen page 841)","72":"Human flora (necklace of humanification)","73":"Younger Flora escaping/leaving Kei and his family back when she was younger ","74":"Tiger Trace character reference"},"ExpectedBallots":135,"CountedBallots":134,"Ballots":["CIHDG","CG","HICBDAEJGF","CFA","C","JECG","FIA","HCJ","IH","IEHJAGCBFD","EJCAG","BIEFGHACJD","CIGAF","IFGAJCHDBE","FCHI","AEJHCBIGDF","HJGBE","ECAIHJGBDF","EGCBFAIHJD","DIHC","BEF","EJAIGHCFDB","EF","AHFIJD","CFIJA","I","CI","CGHEF","CDFHIBAJGE","HAJCIFGBED","BHAF","DAEJHCGBIF","JCE","HDE","JHECAGDIFB","HEAIJGCBDF","DIEAHJB","IBGCFADHJE","","HEDCAG","IGCJDBEHAF","EGCHB","IEGFDCAHJB","BGCIEDHAJF","CG","HCDBJG","HIACF","JDGECHBIAF","JHDGCBFEIA","CFADBGJIEH","HDEG","EDCA","HIGBCDEAFJ","BEACFHJIDG","A","ECFIB","ECGJIDHFBA","CEAJBGIFDH","FCBHG","GEDCHAI","FCGAH","IHAECJ","CIEDJGBAFH","ICAHEDFBGJ","HDFJCAGBIE","IDJ","AEBICHJGF","CDH","CDG","CHIJEFGABD","E","CIGHJEDFAB","GC","BGCFE","EICGAJH","GDC","FGEDJ","JEACG","CIEG","C","IEGCFBDJ","","GFDE","GEBIDFAHCJ","IAEJCGHBFD","","ACG","GCJF","EG","ICFABGHJDE","F","F","CBFAHGJIED","IDCJB","JIDHC","IHCGJEFBAD","AIBGEHDJFC","DJI","JCED","ECFIGDHJAB","DAFIBCG","CDG","CG","GDC","CG","FBCHGIEAJD","AIDHJ","BCE","CEJGFB","J","C","CAHEIDG","GH","HEFAJ","EGFIHCADBJ","FID","HFEGBIJC","ICEJGFHDAB","JHIDCEFGAB","HAIGCEBFJD","CBF","","CDHI","IFCGB","CDEF","EFBCDJGHAI","GHCBIFEDAJ","JHAIDECBGF","F","","JHDICEFBGA","CIJHE","CI","C"],"Placements":[[{"Id":67,"V":32,"NV":32,"TB":0},{"Id":73,"V":17,"NV":17,"TB":0},{"Id":69,"V":15,"NV":15,"TB":0},{"Id":72,"V":15,"NV":15,"TB":0},{"Id":74,"V":12,"NV":12,"TB":0},{"Id":70,"V":10,"NV":10,"TB":0},{"Id":71,"V":9,"NV":9,"TB":0},{"Id":65,"V":7,"NV":7,"TB":0},{"Id":66,"V":7,"NV":7,"TB":0},{"Id":68,"V":5,"NV":5,"TB":0}],[{"Id":67,"V":32,"NV":0,"TB":0},{"Id":73,"V":19,"NV":2,"TB":0},{"Id":69,"V":15,"NV":0,"TB":0},{"Id":72,"V":15,"NV":0,"TB":0},{"Id":74,"V":13,"NV":1,"TB":0},{"Id":70,"V":10,"NV":0,"TB":0},{"Id":65,"V":9,"NV":2,"TB":0},{"Id":71,"V":9,"NV":0,"TB":0},{"Id":66,"V":7,"NV":0,"TB":0}],[{"Id":67,"V":33,"NV":1,"TB":0},{"Id":73,"V":20,"NV":1,"TB":0},{"Id":69,"V":17,"NV":2,"TB":0},{"Id":72,"V":16,"NV":1,"TB":0},{"Id":74,"V":13,"NV":0,"TB":0},{"Id":71,"V":11,"NV":2,"TB":0},{"Id":70,"V":10,"NV":0,"TB":0},{"Id":65,"V":9,"NV":0,"TB":0}],[{"Id":67,"V":34,"NV":1,"TB":0},{"Id":73,"V":22,"NV":2,"TB":0},{"Id":69,"V":20,"NV":3,"TB":0},{"Id":72,"V":17,"NV":1,"TB":0},{"Id":74,"V":13,"NV":0,"TB":0},{"Id":71,"V":11,"NV":0,"TB":0},{"Id":70,"V":11,"NV":1,"TB":2}],[{"Id":67,"V":38,"NV":4,"TB":0},{"Id":73,"V":25,"NV":3,"TB":0},{"Id":69,"V":20,"NV":0,"TB":0},{"Id":72,"V":17,"NV":0,"TB":0},{"Id":74,"V":13,"NV":0,"TB":0},{"Id":71,"V":12,"NV":1,"TB":0}],[{"Id":67,"V":44,"NV":6,"TB":0},{"Id":73,"V":25,"NV":0,"TB":0},{"Id":69,"V":24,"NV":4,"TB":0},{"Id":72,"V":19,"NV":2,"TB":0},{"Id":74,"V":13,"NV":0,"TB":0}],[{"Id":67,"V":46,"NV":2,"TB":0},{"Id":69,"V":27,"NV":3,"TB":0},{"Id":73,"V":27,"NV":2,"TB":0},{"Id":72,"V":24,"NV":5,"TB":0}],[{"Id":67,"V":52,"NV":6,"TB":0},{"Id":69,"V":35,"NV":8,"TB":0},{"Id":73,"V":35,"NV":8,"TB":1}],[{"Id":67,"V":70,"NV":18,"TB":0},{"Id":69,"V":44,"NV":9,"TB":0}],[{"Id":67,"V":103,"NV":33,"TB":0}]],"Expires":1494187016,"SecondsLeft":0}