{"Mtype":"results","Title":"Round 4","PollStarted":"2017-08-20T21:58:45.374652064Z","PollDuration":300000000000,"Options":{"65":"Trace taking Flora on an Aladdin style carpet ride.","66":"Trace, Keith, and Flora as a triumvirate from Pyre.","67":"the Twokinds cast dressed as the major characters from borderlands 2","68":"KatNat catnap!","69":"Drunken antics. Keith goes to Madame Reni's bedroom to fight with dragon for Natani's honor.","70":"Eric gets to draw Merie the mermaid","71":"Dark Trace protecting his friends","72":"Tiger Trace and Flora Grooming time","73":"The crew as the cast from \"Odin Sphere\".","74":"Trace, Flora, Keith, and Natani as the cast of UberQuest (Trace = Kylar, Flora = Claire, Keith = Farron, Natani = Sesame)","75":"Nora as Shenron from DragonBall Z","76":"Kat and Flora as roommates in college where Kat is the studious roommate, and Flora is the fun roommate. This no doubt causes some arguments to ensue. ","77":"Adira is a fortune teller and is reading Kat's future ","78":"King Adelaid and Adira fight for #1 mom mug , while Flora has 3rd best mom Thanks to Trace.","79":"Mike and Evals first meeting as kids"},"ExpectedBallots":135,"CountedBallots":135,"Ballots":["EHCOILJGFMABNDK","KBNF","AHOE","KGA","BGOM","LO","A","HMFLDGEN","NE","AHEFDMCLOGJBKNI","JG","CDBHEJGALFMNIKO","EGOH","NOLFDMHEGA","NFLGEO","KDCENLAMOHIGFJB","JGDBMHOEACNLFIK","LH","DN","JOHL","KFCMNGHADO","KLHNAFMCDJGOE","AHJ","EOMALDGHFJNKCBI","JFCNEGOH","GOMLFA","OELJ","KFHJAGOEDNBLICM","NDEML","EDGKN","DBJFHMA","DJOE","EHLKADCOMGBJNFI","DJLMKE","NMDHFOL","ADE","ODMC","OMLCGE","HALD","OFEHGLDB","DELFNKAGJCHOBIM","DOMH","KEHJL","","DNAGEFL","OKC","KEONMFADLBICJHG","GHLADF","FOMCLDGENJB","NMDIOE","NE","KGL","NHLCGOMJFDABEKI","OFHLD","HNFKCEBIMLGDAJO","H","J","LKEHFO","ANMOLEG","GDHONL","IOJNACFE","EOJGDCIAMLHF","EFKHB","ODKNECHI","NMOGAECHKFLBIJD","FOGM","OECH","GOMFEHKN","GLCKD","KNAHGMLFDEJ","BGLDA","HOLDAFEGK","AHF","D","CLHNGOAKBMEJD","E","OCMEHD","EHKFD","OEJ","CHELOFMNAKDIJGB","KO","GBMCF","EDFOHMAN","","EHLAN","ED","MLNAJDHOFGEKCBI","KJL","NDEMO","MN","HEDLKF","NEFH","HEDLN","EDHNLFCJIBKOGMA","EDGNLHCJMO","M","MD","HO","LEOHCIDJM","CNGHALE","FLNOBCEA","F","","HEOBGDNCMIAKFJL","MD","JEMC","NHM","C","MEGKF","A","DH","GENC","ONBFADJKMG","LBNCHMFE","HEL","NEMLHA","C","HEDF","ELNDFMHKGAOCJIB","EHN","GOK","COG","LOGH","ECFJH","NHM","JOMANLDBG","BGNKCF","MFAGO","FK","GFNEAOCBKHIDLMJ","","NOHE","MNHDFGLOECKJABI","",""],"Placements":[[{"Id":69,"V":17,"NV":17,"TB":0},{"Id":78,"V":15,"NV":15,"TB":0},{"Id":75,"V":12,"NV":12,"TB":0},{"Id":72,"V":11,"NV":11,"TB":0},{"Id":79,"V":11,"NV":11,"TB":0},{"Id":68,"V":9,"NV":9,"TB":0},{"Id":71,"V":9,"NV":9,"TB":0},{"Id":65,"V":8,"NV":8,"TB":0},{"Id":77,"V":8,"NV":8,"TB":0},{"Id":67,"V":7,"NV":7,"TB":0},{"Id":74,"V":7,"NV":7,"TB":0},{"Id":76,"V":6,"NV":6,"TB":0},{"Id":70,"V":5,"NV":5,"TB":0},{"Id":66,"V":3,"NV":3,"TB":0},{"Id":73,"V":1,"NV":1,"TB":0}],[{"Id":69,"V":17,"NV":0,"TB":0},{"Id":78,"V":15,"NV":0,"TB":0},{"Id":75,"V":12,"NV":0,"TB":0},{"Id":79,"V":12,"NV":1,"TB":0},{"Id":72,"V":11,"NV":0,"TB":0},{"Id":68,"V":9,"NV":0,"TB":0},{"Id":71,"V":9,"NV":0,"TB":0},{"Id":65,"V":8,"NV":0,"TB":0},{"Id":77,"V":8,"NV":0,"TB":0},{"Id":67,"V":7,"NV":0,"TB":0},{"Id":74,"V":7,"NV":0,"TB":0},{"Id":76,"V":6,"NV":0,"TB":0},{"Id":70,"V":5,"NV":0,"TB":0},{"Id":66,"V":3,"NV":0,"TB":0}],[{"Id":69,"V":17,"NV":0,"TB":0},{"Id":78,"V":15,"NV":0,"TB":0},{"Id":71,"V":12,"NV":3,"TB":0},{"Id":75,"V":12,"NV":0,"TB":0},{"Id":79,"V":12,"NV":0,"TB":0},{"Id":72,"V":11,"NV":0,"TB":0},{"Id":68,"V":9,"NV":0,"TB":0},{"Id":65,"V":8,"NV":0,"TB":0},{"Id":77,"V":8,"NV":0,"TB":0},{"Id":67,"V":7,"NV":0,"TB":0},{"Id":74,"V":7,"NV":0,"TB":0},{"Id":76,"V":6,"NV":0,"TB":0},{"Id":70,"V":5,"NV":0,"TB":0}],[{"Id":69,"V":17,"NV":0,"TB":0},{"Id":78,"V":15,"NV":0,"TB":0},{"Id":79,"V":14,"NV":2,"TB":0},{"Id":75,"V":13,"NV":1,"TB":0},{"Id":71,"V":12,"NV":0,"TB":0},{"Id":72,"V":11,"NV":0,"TB":0},{"Id":68,"V":9,"NV":0,"TB":0},{"Id":65,"V":8,"NV":0,"TB":0},{"Id":77,"V":8,"NV":0,"TB":0},{"Id":67,"V":7,"NV":0,"TB":0},{"Id":74,"V":7,"NV":0,"TB":0},{"Id":76,"V":7,"NV":1,"TB":1}],[{"Id":69,"V":18,"NV":1,"TB":0},{"Id":78,"V":17,"NV":2,"TB":0},{"Id":79,"V":16,"NV":2,"TB":0},{"Id":75,"V":14,"NV":1,"TB":0},{"Id":71,"V":12,"NV":0,"TB":0},{"Id":72,"V":12,"NV":1,"TB":0},{"Id":68,"V":9,"NV":0,"TB":0},{"Id":65,"V":8,"NV":0,"TB":0},{"Id":77,"V":8,"NV":0,"TB":0},{"Id":74,"V":7,"NV":0,"TB":0},{"Id":67,"V":7,"NV":0,"TB":2}],[{"Id":69,"V":18,"NV":0,"TB":0},{"Id":78,"V":18,"NV":1,"TB":0},{"Id":79,"V":17,"NV":1,"TB":0},{"Id":72,"V":14,"NV":2,"TB":0},{"Id":75,"V":14,"NV":0,"TB":0},{"Id":71,"V":12,"NV":0,"TB":0},{"Id":68,"V":10,"NV":1,"TB":0},{"Id":65,"V":8,"NV":0,"TB":0},{"Id":77,"V":8,"NV":0,"TB":0},{"Id":74,"V":7,"NV":0,"TB":0}],[{"Id":69,"V":19,"NV":1,"TB":0},{"Id":78,"V":19,"NV":1,"TB":0},{"Id":79,"V":19,"NV":2,"TB":0},{"Id":71,"V":14,"NV":2,"TB":0},{"Id":72,"V":14,"NV":0,"TB":0},{"Id":75,"V":14,"NV":0,"TB":0},{"Id":68,"V":10,"NV":0,"TB":0},{"Id":77,"V":8,"NV":0,"TB":0},{"Id":65,"V":8,"NV":0,"TB":2}],[{"Id":78,"V":20,"NV":1,"TB":0},{"Id":69,"V":19,"NV":0,"TB":0},{"Id":79,"V":19,"NV":0,"TB":0},{"Id":72,"V":18,"NV":4,"TB":0},{"Id":71,"V":14,"NV":0,"TB":0},{"Id":75,"V":14,"NV":0,"TB":0},{"Id":68,"V":11,"NV":1,"TB":0},{"Id":77,"V":8,"NV":0,"TB":0}],[{"Id":78,"V":23,"NV":3,"TB":0},{"Id":69,"V":20,"NV":1,"TB":0},{"Id":79,"V":19,"NV":0,"TB":0},{"Id":72,"V":18,"NV":0,"TB":0},{"Id":71,"V":15,"NV":1,"TB":0},{"Id":75,"V":14,"NV":0,"TB":0},{"Id":68,"V":13,"NV":2,"TB":0}],[{"Id":78,"V":25,"NV":2,"TB":0},{"Id":69,"V":22,"NV":2,"TB":0},{"Id":72,"V":21,"NV":3,"TB":0},{"Id":79,"V":21,"NV":2,"TB":0},{"Id":75,"V":15,"NV":1,"TB":0},{"Id":71,"V":15,"NV":0,"TB":2}],[{"Id":78,"V":27,"NV":2,"TB":0},{"Id":79,"V":26,"NV":5,"TB":0},{"Id":72,"V":24,"NV":3,"TB":0},{"Id":69,"V":23,"NV":1,"TB":0},{"Id":75,"V":16,"NV":1,"TB":0}],[{"Id":78,"V":30,"NV":3,"TB":0},{"Id":69,"V":28,"NV":5,"TB":0},{"Id":79,"V":27,"NV":1,"TB":0},{"Id":72,"V":26,"NV":2,"TB":0}],[{"Id":69,"V":37,"NV":9,"TB":0},{"Id":78,"V":33,"NV":3,"TB":0},{"Id":79,"V":33,"NV":6,"TB":1}],[{"Id":69,"V":50,"NV":13,"TB":0},{"Id":78,"V":38,"NV":5,"TB":0}],[{"Id":69,"V":77,"NV":27,"TB":0}]],"Expires":1503266928,"SecondsLeft":0}