{"Mtype":"results","Title":"Final Round","PollStarted":"2017-05-15T01:59:35.992175666Z","PollDuration":300000000000,"Options":{"65":"Trace and Flora's traditional Tiger Keidran wedding","66":"Tiger Trace as Breath of the Wild Link","67":"Trace as Dust and Keidran dragon Flora as Fidget from Dust: An Elysian Tale","68":"Feral Flora","69":"Flora mid pounce through Trace's eyes.","70":"Flora and Trace's first kiss remastered","71":"Flora in the virgin killer sweater, saying: “…my butt’s cold…”","72":"Historical Moment: How King Adelaide became king.","73":"Wrinry getting her wings back.","74":"Assassin's Creed Zen and Natani crouched on a rooftop","75":"Zen and Lilith go on their first date.","76":"Madelyn and Nora being mischievous together, perhaps on Madelyn's mother","77":"Post Pixie Panix: Evals and Mike oogleing themselves."},"ExpectedBallots":75,"CountedBallots":74,"Ballots":["BCAMLFE","JLKM","ABKFEDLHJCMGI","KMIDLECAJGBHF","HEJKLD","FEAH","BIJCLFHGDEAKM","GF","KMDJEAHLGFICB","HL","MGKIAFLEDBJHC","AEHDIKJFLCMBG","EFIMALJ","MGEFADHKLBCJI","AMJEGDKHFL","FDKMABCILEGJ","KJHLFAI","H","LMAHCKDEFGJBI","AFGHMDI","FEM","BMLCG","MAGDBC","IBAEMFJKG","FCDEHAIG","KHEMIJ","FEKIMH","FEJDHL","JKCHL","IHLCFBEKM","AICBFKEJDLGMH","LHKDBEACFGJMI","AMKBFELGDIHC","MI","DEIACMFJHBLKG","KHL","GML","DECLAFBI","ILKDFEAJGHCMB","DHK","CLAFBDGKEJMI","MDEGAF","MADCJEL","JKHLMIECBADGF","FGBEDI","MEHFCLKJAG","GEDAFC","IDKMJLAHEGFCB","ELCM","FKHGALBJIDECM","HLAK","EHLKI","JMDHEGKIBFC","AJCHGDB","HDKLEJBGMFACI","HF","GEMAKFLHDIBJC","MGFEKALDCHJBI","GFEADBC","HL","HJKBDMI","MK","HLJKEAMD","MK","LHC","DHKLMEAFIGCJB","AFDGE","CFLJMEH","KI","DGLCAEFH","F","MK","HKEJLI","LCFABDJGK"],"Placements":[[{"Id":77,"V":11,"NV":11,"TB":0},{"Id":72,"V":10,"NV":10,"TB":0},{"Id":70,"V":9,"NV":9,"TB":0},{"Id":65,"V":8,"NV":8,"TB":0},{"Id":75,"V":6,"NV":6,"TB":0},{"Id":68,"V":5,"NV":5,"TB":0},{"Id":71,"V":5,"NV":5,"TB":0},{"Id":73,"V":4,"NV":4,"TB":0},{"Id":74,"V":4,"NV":4,"TB":0},{"Id":76,"V":4,"NV":4,"TB":0},{"Id":66,"V":3,"NV":3,"TB":0},{"Id":69,"V":3,"NV":3,"TB":0},{"Id":67,"V":2,"NV":2,"TB":0}],[{"Id":77,"V":11,"NV":0,"TB":0},{"Id":70,"V":10,"NV":1,"TB":0},{"Id":72,"V":10,"NV":0,"TB":0},{"Id":65,"V":8,"NV":0,"TB":0},{"Id":75,"V":6,"NV":0,"TB":0},{"Id":68,"V":5,"NV":0,"TB":0},{"Id":71,"V":5,"NV":0,"TB":0},{"Id":76,"V":5,"NV":1,"TB":0},{"Id":73,"V":4,"NV":0,"TB":0},{"Id":74,"V":4,"NV":0,"TB":0},{"Id":69,"V":3,"NV":0,"TB":0},{"Id":66,"V":3,"NV":0,"TB":2}],[{"Id":77,"V":12,"NV":1,"TB":0},{"Id":70,"V":10,"NV":0,"TB":0},{"Id":72,"V":10,"NV":0,"TB":0},{"Id":65,"V":9,"NV":1,"TB":0},{"Id":75,"V":6,"NV":0,"TB":0},{"Id":68,"V":5,"NV":0,"TB":0},{"Id":71,"V":5,"NV":0,"TB":0},{"Id":73,"V":5,"NV":1,"TB":0},{"Id":76,"V":5,"NV":0,"TB":0},{"Id":74,"V":4,"NV":0,"TB":0},{"Id":69,"V":3,"NV":0,"TB":0}],[{"Id":77,"V":12,"NV":0,"TB":0},{"Id":70,"V":11,"NV":1,"TB":0},{"Id":72,"V":11,"NV":1,"TB":0},{"Id":65,"V":9,"NV":0,"TB":0},{"Id":75,"V":6,"NV":0,"TB":0},{"Id":76,"V":6,"NV":1,"TB":0},{"Id":68,"V":5,"NV":0,"TB":0},{"Id":71,"V":5,"NV":0,"TB":0},{"Id":73,"V":5,"NV":0,"TB":0},{"Id":74,"V":4,"NV":0,"TB":0}],[{"Id":77,"V":13,"NV":1,"TB":0},{"Id":70,"V":11,"NV":0,"TB":0},{"Id":72,"V":11,"NV":0,"TB":0},{"Id":65,"V":9,"NV":0,"TB":0},{"Id":75,"V":8,"NV":2,"TB":0},{"Id":76,"V":7,"NV":1,"TB":0},{"Id":68,"V":5,"NV":0,"TB":0},{"Id":73,"V":5,"NV":0,"TB":0},{"Id":71,"V":5,"NV":0,"TB":2}],[{"Id":77,"V":15,"NV":2,"TB":0},{"Id":70,"V":13,"NV":2,"TB":0},{"Id":72,"V":11,"NV":0,"TB":0},{"Id":65,"V":9,"NV":0,"TB":0},{"Id":75,"V":8,"NV":0,"TB":0},{"Id":76,"V":7,"NV":0,"TB":0},{"Id":68,"V":6,"NV":1,"TB":0},{"Id":73,"V":5,"NV":0,"TB":0}],[{"Id":77,"V":15,"NV":0,"TB":0},{"Id":70,"V":13,"NV":0,"TB":0},{"Id":72,"V":12,"NV":1,"TB":0},{"Id":65,"V":10,"NV":1,"TB":0},{"Id":76,"V":9,"NV":2,"TB":0},{"Id":75,"V":8,"NV":0,"TB":0},{"Id":68,"V":7,"NV":1,"TB":0}],[{"Id":77,"V":15,"NV":0,"TB":0},{"Id":72,"V":14,"NV":2,"TB":0},{"Id":70,"V":13,"NV":0,"TB":0},{"Id":65,"V":12,"NV":2,"TB":0},{"Id":76,"V":11,"NV":2,"TB":0},{"Id":75,"V":9,"NV":1,"TB":0}],[{"Id":72,"V":19,"NV":5,"TB":0},{"Id":77,"V":18,"NV":3,"TB":0},{"Id":70,"V":13,"NV":0,"TB":0},{"Id":65,"V":12,"NV":0,"TB":0},{"Id":76,"V":11,"NV":0,"TB":0}],[{"Id":72,"V":21,"NV":2,"TB":0},{"Id":77,"V":21,"NV":3,"TB":0},{"Id":70,"V":16,"NV":3,"TB":0},{"Id":65,"V":15,"NV":3,"TB":0}],[{"Id":77,"V":26,"NV":5,"TB":0},{"Id":70,"V":24,"NV":8,"TB":0},{"Id":72,"V":23,"NV":2,"TB":0}],[{"Id":77,"V":32,"NV":6,"TB":0},{"Id":70,"V":29,"NV":5,"TB":0}],[{"Id":77,"V":47,"NV":15,"TB":0}]],"Expires":1494814184,"SecondsLeft":0}