{"Mtype":"results","Title":"Round ","PollStarted":"2017-10-08T20:37:12.307080671Z","PollDuration":300000000000,"Options":{"65":"Girls night at Riftwall Raine drinks Maren under the table","66":"Madelyn, Landen, \u0026 Sealeen; Tea(coffee) party.","67":"Reni spying Keiren drilling his guards. \"well hidden\" from sight.","68":"Karen and Maren, a not so normal day in the tavern. Because Lizardfolk Cleric happened/walks in.","69":"Cliche dramatic \"death\" scene for Nibbly (sythe holding Nibbly, Nibbly paw on her forehead like bad stage play actor)","70":"Lady Nora seduces Drogon(Game of thrones)","71":"Karaoke night on the Na'Rella. Who's the best singer? Who's the worst? ","72":"Alaric haunts Flora. Jokes about who's flatter ensue.","73":"Tavern Mixup: Adira realises she’s been mistakenly serving human alcohol. An unintentionally drunk Kathrin causes a scene.","74":"Рrimal urges. Raine fetch the stick. Good girl, Raine!","75":"Natflix (just a logo, or mascot or whatever)","76":"Amaterasu Raine (Ōkami)","77":"Alternate ending: Older Maeve remembering her mother, who sacrificed herself to save her life during the wolf invasion.","78":"Maren Body Pillow","79":"Wrinry getting her wings back.","80":"♂ to ♀ Lineup C (Eric, Alaric, Keiren and Carver)","81":"Raine changes back but clothes become loose after out-growing them in wolf form","82":"Natani dressed as Wonder Woman as a halloween costume, not sure if they like the costume or not.","83":"Fluffy winter coats! Nat \u0026 Keith"},"ExpectedBallots":172,"CountedBallots":171,"Ballots":["CNDO","IEMHJQANPFBRDSOCKGL","QL","","AQHRODNBC","QJIADCRSFOMBKLENGHP","LSHPGDEI","ELFPGCA","RJQCPDSINEAGBMOHFKL","MISGJB","S","IFQSHAPJBL","IMH","CPGFDQLBO","BQ","NJE","GSLA","PIQR","","BNQ","NQA","QJINAPRCLEMSFGDHKB","FJINDE","SLRJAIGBQ","SHGDBLJCRMENQAKIFOP","RLBSDAIMJCKQHFNGE","NSF","GIRO","GKJERSI","PMFNHQKSGELROD","LSNQIPRJ","EBRGAHJIS","EA","QLRMPJ","SADQRIJ","DKSCI","HJP","NPH","QPJSOI","N","LIHFPM","QAJRILCSFGMBKEHDNOP","Q","LE","FEC","RJLESQ","IAQM","NSCKEJ","ESJBOD","LQIRPCEHJADGOMSBNFK","IQPACHLJRGEM","OFCIDEQHKPBLAGJR","AMQCSIJE","LQMCEHKIBROPSADNFJG","PSHFLOJN","LNA","KNLESJDOQ","RP","RQ","SJBHARIPCOFGQMELDKN","LJSHQBPFNODKCIA","LJAI","NAIBKQLHGJSDFEMRCP","L","P","MIGSJ","J","ECAGIMQBR","PLNRDQAI","FQ","QCJSGI","SMAEINLKHBDQJGRPCOF","AOFGJ","GIQCFH","JCRI","JSEQCAIHGN","HEIJSDGAQBP","PQJINGAHCSRE","QDGAPSIJE","RSMIQJP","LSC","BSEKGJCLHIR","LGOBMCHEAI","PJHSQ","KQFPHIAEJSCONRGMLBD","PQAIKF","PRHFSD","QKIEM","DBMFAN","ENQMHLPBIJRGDFAKSCO","FJRL","SJRQMHEI","","SG","OHCLBAKINP","AICJQRSPLE","OQLDFBPGC","","NRIJ","LSFCQJNOAHDREKGIPMB","SJRQKLOHA","LBCGDEQION","I","LIEJNAQMGSDCPKHBORF","RISK","J","NJ","PELDC","LHQPI","AIJ","IEDLPS","OLIGMBEQDNKPJHCFSAR","EJQRFIM","JORQIG","F","EQSP","AIJ","ONQCJHSGIDAERKBFLMP","SAQJI","AIJ","MQESA","LRQSJKGEFNCHPO","AIJ","LJSAI","FEDQ","BAQJGL","QRSNAJP","ISGAK","IPQJSGCMADH","H","IDQARG","SFNRQJP","PER","JOMESABDCHQNRLGKPIF","Q","M","LSPOFJQR","JALQKFNG","EMR","QOJBM","F","QCIJ","IPJ","","SPK","OCEIADJ","LOEJCQAFGRH","QRJKNL","IGBSJKF","IHCBD","NQHFIRPOAKGCSLEDBMJ","MDS","ISQPJMEAKDFN","SGJDQACM","KSPB","NIFADCEROHSBPKQMLGJ","IJ","","ECHRQASD","HSJLIMCDBAFOK","KLJS","LGKNBISAQRJPHCFEDMO","LQMECJFDRBNSPHGIKAO","LSQJOK","RSOQ","HCFMJGI","BCDIEQ","H","LJAI","QPL","EFM"],"Placements":[[{"Id":76,"V":24,"NV":24,"TB":0},{"Id":81,"V":16,"NV":16,"TB":0},{"Id":73,"V":15,"NV":15,"TB":0},{"Id":83,"V":13,"NV":13,"TB":0},{"Id":69,"V":11,"NV":11,"TB":0},{"Id":78,"V":11,"NV":11,"TB":0},{"Id":80,"V":11,"NV":11,"TB":0},{"Id":65,"V":8,"NV":8,"TB":0},{"Id":82,"V":8,"NV":8,"TB":0},{"Id":70,"V":7,"NV":7,"TB":0},{"Id":74,"V":7,"NV":7,"TB":0},{"Id":72,"V":6,"NV":6,"TB":0},{"Id":79,"V":6,"NV":6,"TB":0},{"Id":66,"V":5,"NV":5,"TB":0},{"Id":77,"V":5,"NV":5,"TB":0},{"Id":71,"V":4,"NV":4,"TB":0},{"Id":75,"V":4,"NV":4,"TB":0},{"Id":67,"V":2,"NV":2,"TB":0},{"Id":68,"V":2,"NV":2,"TB":1}],[{"Id":76,"V":24,"NV":0,"TB":0},{"Id":81,"V":16,"NV":0,"TB":0},{"Id":73,"V":15,"NV":0,"TB":0},{"Id":83,"V":13,"NV":0,"TB":0},{"Id":69,"V":11,"NV":0,"TB":0},{"Id":78,"V":11,"NV":0,"TB":0},{"Id":80,"V":11,"NV":0,"TB":0},{"Id":65,"V":8,"NV":0,"TB":0},{"Id":82,"V":8,"NV":0,"TB":0},{"Id":70,"V":7,"NV":0,"TB":0},{"Id":74,"V":7,"NV":0,"TB":0},{"Id":66,"V":6,"NV":1,"TB":0},{"Id":72,"V":6,"NV":0,"TB":0},{"Id":79,"V":6,"NV":0,"TB":0},{"Id":75,"V":5,"NV":1,"TB":0},{"Id":77,"V":5,"NV":0,"TB":0},{"Id":71,"V":4,"NV":0,"TB":0},{"Id":67,"V":2,"NV":0,"TB":0}],[{"Id":76,"V":24,"NV":0,"TB":0},{"Id":81,"V":16,"NV":0,"TB":0},{"Id":73,"V":15,"NV":0,"TB":0},{"Id":83,"V":13,"NV":0,"TB":0},{"Id":78,"V":12,"NV":1,"TB":0},{"Id":80,"V":12,"NV":1,"TB":0},{"Id":69,"V":11,"NV":0,"TB":0},{"Id":65,"V":8,"NV":0,"TB":0},{"Id":82,"V":8,"NV":0,"TB":0},{"Id":70,"V":7,"NV":0,"TB":0},{"Id":74,"V":7,"NV":0,"TB":0},{"Id":66,"V":6,"NV":0,"TB":0},{"Id":72,"V":6,"NV":0,"TB":0},{"Id":79,"V":6,"NV":0,"TB":0},{"Id":75,"V":5,"NV":0,"TB":0},{"Id":77,"V":5,"NV":0,"TB":0},{"Id":71,"V":4,"NV":0,"TB":0}],[{"Id":76,"V":24,"NV":0,"TB":0},{"Id":73,"V":17,"NV":2,"TB":0},{"Id":81,"V":16,"NV":0,"TB":0},{"Id":83,"V":14,"NV":1,"TB":0},{"Id":78,"V":12,"NV":0,"TB":0},{"Id":80,"V":12,"NV":0,"TB":0},{"Id":69,"V":11,"NV":0,"TB":0},{"Id":65,"V":8,"NV":0,"TB":0},{"Id":82,"V":8,"NV":0,"TB":0},{"Id":70,"V":7,"NV":0,"TB":0},{"Id":74,"V":7,"NV":0,"TB":0},{"Id":66,"V":6,"NV":0,"TB":0},{"Id":72,"V":6,"NV":0,"TB":0},{"Id":75,"V":6,"NV":1,"TB":0},{"Id":79,"V":6,"NV":0,"TB":0},{"Id":77,"V":5,"NV":0,"TB":0}],[{"Id":76,"V":24,"NV":0,"TB":0},{"Id":73,"V":19,"NV":2,"TB":0},{"Id":81,"V":17,"NV":1,"TB":0},{"Id":83,"V":15,"NV":1,"TB":0},{"Id":78,"V":12,"NV":0,"TB":0},{"Id":80,"V":12,"NV":0,"TB":0},{"Id":69,"V":11,"NV":0,"TB":0},{"Id":65,"V":8,"NV":0,"TB":0},{"Id":82,"V":8,"NV":0,"TB":0},{"Id":70,"V":7,"NV":0,"TB":0},{"Id":74,"V":7,"NV":0,"TB":0},{"Id":72,"V":6,"NV":0,"TB":0},{"Id":75,"V":6,"NV":0,"TB":0},{"Id":79,"V":6,"NV":0,"TB":0},{"Id":66,"V":6,"NV":0,"TB":4}],[{"Id":76,"V":24,"NV":0,"TB":0},{"Id":73,"V":20,"NV":1,"TB":0},{"Id":81,"V":18,"NV":1,"TB":0},{"Id":83,"V":16,"NV":1,"TB":0},{"Id":78,"V":13,"NV":1,"TB":0},{"Id":80,"V":12,"NV":0,"TB":0},{"Id":69,"V":11,"NV":0,"TB":0},{"Id":65,"V":9,"NV":1,"TB":0},{"Id":70,"V":8,"NV":1,"TB":0},{"Id":82,"V":8,"NV":0,"TB":0},{"Id":74,"V":7,"NV":0,"TB":0},{"Id":75,"V":6,"NV":0,"TB":0},{"Id":79,"V":6,"NV":0,"TB":0},{"Id":72,"V":6,"NV":0,"TB":3}],[{"Id":76,"V":24,"NV":0,"TB":0},{"Id":73,"V":20,"NV":0,"TB":0},{"Id":81,"V":18,"NV":0,"TB":0},{"Id":83,"V":17,"NV":1,"TB":0},{"Id":78,"V":13,"NV":0,"TB":0},{"Id":69,"V":12,"NV":1,"TB":0},{"Id":80,"V":12,"NV":0,"TB":0},{"Id":65,"V":9,"NV":0,"TB":0},{"Id":70,"V":9,"NV":1,"TB":0},{"Id":74,"V":8,"NV":1,"TB":0},{"Id":82,"V":8,"NV":0,"TB":0},{"Id":75,"V":6,"NV":0,"TB":0},{"Id":79,"V":6,"NV":0,"TB":1}],[{"Id":76,"V":26,"NV":2,"TB":0},{"Id":73,"V":20,"NV":0,"TB":0},{"Id":81,"V":19,"NV":1,"TB":0},{"Id":83,"V":17,"NV":0,"TB":0},{"Id":78,"V":14,"NV":1,"TB":0},{"Id":69,"V":13,"NV":1,"TB":0},{"Id":80,"V":12,"NV":0,"TB":0},{"Id":70,"V":10,"NV":1,"TB":0},{"Id":65,"V":9,"NV":0,"TB":0},{"Id":74,"V":8,"NV":0,"TB":0},{"Id":82,"V":8,"NV":0,"TB":0},{"Id":75,"V":6,"NV":0,"TB":0}],[{"Id":76,"V":27,"NV":1,"TB":0},{"Id":73,"V":20,"NV":0,"TB":0},{"Id":81,"V":20,"NV":1,"TB":0},{"Id":83,"V":19,"NV":2,"TB":0},{"Id":78,"V":15,"NV":1,"TB":0},{"Id":69,"V":13,"NV":0,"TB":0},{"Id":80,"V":12,"NV":0,"TB":0},{"Id":70,"V":10,"NV":0,"TB":0},{"Id":65,"V":9,"NV":0,"TB":0},{"Id":74,"V":9,"NV":1,"TB":0},{"Id":82,"V":8,"NV":0,"TB":0}],[{"Id":76,"V":28,"NV":1,"TB":0},{"Id":73,"V":21,"NV":1,"TB":0},{"Id":81,"V":21,"NV":1,"TB":0},{"Id":83,"V":21,"NV":2,"TB":0},{"Id":78,"V":15,"NV":0,"TB":0},{"Id":69,"V":13,"NV":0,"TB":0},{"Id":80,"V":13,"NV":1,"TB":0},{"Id":74,"V":11,"NV":2,"TB":0},{"Id":70,"V":10,"NV":0,"TB":0},{"Id":65,"V":9,"NV":0,"TB":0}],[{"Id":76,"V":28,"NV":0,"TB":0},{"Id":73,"V":26,"NV":5,"TB":0},{"Id":81,"V":24,"NV":3,"TB":0},{"Id":83,"V":21,"NV":0,"TB":0},{"Id":78,"V":15,"NV":0,"TB":0},{"Id":69,"V":13,"NV":0,"TB":0},{"Id":80,"V":13,"NV":0,"TB":0},{"Id":70,"V":11,"NV":1,"TB":0},{"Id":74,"V":11,"NV":0,"TB":1}],[{"Id":76,"V":30,"NV":2,"TB":0},{"Id":73,"V":27,"NV":1,"TB":0},{"Id":81,"V":26,"NV":2,"TB":0},{"Id":83,"V":22,"NV":1,"TB":0},{"Id":69,"V":15,"NV":2,"TB":0},{"Id":78,"V":15,"NV":0,"TB":0},{"Id":80,"V":14,"NV":1,"TB":0},{"Id":70,"V":11,"NV":0,"TB":0}],[{"Id":76,"V":31,"NV":1,"TB":0},{"Id":73,"V":30,"NV":3,"TB":0},{"Id":81,"V":27,"NV":1,"TB":0},{"Id":83,"V":22,"NV":0,"TB":0},{"Id":69,"V":17,"NV":2,"TB":0},{"Id":78,"V":16,"NV":1,"TB":0},{"Id":80,"V":14,"NV":0,"TB":0}],[{"Id":76,"V":32,"NV":1,"TB":0},{"Id":73,"V":31,"NV":1,"TB":0},{"Id":81,"V":30,"NV":3,"TB":0},{"Id":83,"V":25,"NV":3,"TB":0},{"Id":69,"V":19,"NV":2,"TB":0},{"Id":78,"V":17,"NV":1,"TB":0}],[{"Id":81,"V":35,"NV":5,"TB":0},{"Id":73,"V":34,"NV":3,"TB":0},{"Id":76,"V":33,"NV":1,"TB":0},{"Id":83,"V":27,"NV":2,"TB":0},{"Id":69,"V":20,"NV":1,"TB":0}],[{"Id":81,"V":40,"NV":5,"TB":0},{"Id":73,"V":38,"NV":4,"TB":0},{"Id":76,"V":35,"NV":2,"TB":0},{"Id":83,"V":30,"NV":3,"TB":0}],[{"Id":81,"V":50,"NV":10,"TB":0},{"Id":73,"V":43,"NV":5,"TB":0},{"Id":76,"V":41,"NV":6,"TB":0}],[{"Id":81,"V":67,"NV":17,"TB":0},{"Id":73,"V":57,"NV":14,"TB":0}],[{"Id":81,"V":91,"NV":24,"TB":0}]],"Expires":1507495641,"SecondsLeft":0}