{"Mtype":"results","Title":"Round 1/7","PollStarted":"2017-09-24T20:45:41.281853497Z","PollDuration":300000000000,"Options":{"65":"Flora, Kat and Natani with their unique body-types/physiques emphasized. Also double as an updated bust chart.","66":"Leopard or a Jaguar in Keidran form","67":"Flora's mom","68":"Lt. Alice Reed as Sombra!","69":"Twokinds characters cosplaying who their favorite videogame characters would be.","70":"Raine tries keidranification collar while in her half form","71":"A Jedi flourishing their lightsaber(s)","72":"Young Natani and Zen practicing magic","73":"Alaric and Keith have a final lightsaber duel!","74":"Natani and Keith as pirates, digging up buried treasure","75":"Kei as a Wyvern Rider of Fire Emblem. His dragon being Reni.","76":"UberQuest/TwoKinds crossover. Kibbles Sesame, and Claire in Riftwall.","77":"Group B Pixie Pranks: Karen and Raine swap dog/cat traits, Red becomes Basitin","78":"♂ to ♀ Lineup C (Eric, Alaric, Keiren and Carver)","79":"Red and Sythe are fighting over Raine tug of war style while Raine is not amused.","80":"Keith \u0026 Natani at the gym introduce Kat to 'couple crunches' to get 6-pack abs"},"ExpectedBallots":141,"CountedBallots":141,"Ballots":["CGD","HF","KICEG","CH","CGEIAD","CEN","IC","KJHPNOMACBFDEILG","AMKDCFB","OFEJHMPCI","EBIGALHCJM","HFAIPCBOMNJEKDLG","BFCOMNHAE","CEBAD","NOMFBEAIGDCKJHL","MAN","LEODG","NMAELF","CHFMNBEA","ACH","HJFPKEDB","CBAFHNPLMOGJIKED","EFHPOBAJKCMDLNIG","IHE","CNEIPMABFKOH","FHOCIGPMBEJDKALN","OBCHIGPKEJM","IEB","CD","ANFPHJC","MCOBHFPANIJEKDLG","PBAJHFNELOIGMKCD","PMBKNC","IEHP","CNBAJOHPFKMIGLDE","CLBFA","EAFNMBCP","JCALBPHEIFGNKOMD","CNF","APLEJC","KDLCMBHFNEAPO","DKFHLCJIGM","EPHOFABJCIMN","CHOF","AODBPG","OFKM","CBOPGAKIEFMHLNJD","HCFOME","FOIHCGENBDJ","NAHC","DBMFOEANH","JCBDOE","FAME","OEBJM","CHBFOMEJINDA","KOA","ABECHMJ","OHFBC","HJIPFNKLAGBODMEC","CLOEF","CFMAPHOEINJBKDLG","ODAKIJFLBEPGCNMH","APGOFDBEMLNCKIHJ","CID","","LDCJPH","FMNLBC","EJPHIDGBFCAOM","BCEAPNHI","FN","OF","AB","CDKEBFN","CHOMFBJNIEL","MBIEGH","OJFH","OFNBKP","MBECN","CAF","AEN","FBA","AIHBPCE","BNEAFHPCGMLJIKOD","PIJHE","COHB","P","DEPFB","CFMPOBJEHALNDKGI","KOBPENIGM","GK","EOAFNMHC","A","BPADHEK","ED","CBPHFJAMNLIEDGOK","A","A","EDMOCBI","FOM","BCDJEHLFKO","CPNHJFDKEMBOGIAL","","FOM","OMFBN","ABL","HCB","KNCBHMFL","FMCEBA","EIDC","F","NCM","EBHIJKOPFMG","CANFB","JHOKCAFPEMNBDLIG","CEL","FAECOBM","IEGACD","FMIBA","EHPOAJ","KHCEJBI","CEBJLP","OIPCMH","GAM","HJIG","MIHJCOPBFNDK","NJBHOFK","FBCPEIKHM","CPAHJBNFE","CNHAFOMJILGBPEDK","HDFBJOPEICLNMKGA","MKCFABD","BEDHJIPKMCOLNGFA","FOAHEILMJB","A","EAPFCJOH","BEFC","PCMADOGENJLHIKFB","NCM","NCBHEAPFOLGMIKJD","OB","PHCGEADOKNLFBJMI"],"Placements":[[{"Id":67,"V":30,"NV":30,"TB":0},{"Id":65,"V":15,"NV":15,"TB":0},{"Id":70,"V":14,"NV":14,"TB":0},{"Id":69,"V":12,"NV":12,"TB":0},{"Id":79,"V":12,"NV":12,"TB":0},{"Id":72,"V":8,"NV":8,"TB":0},{"Id":66,"V":7,"NV":7,"TB":0},{"Id":75,"V":7,"NV":7,"TB":0},{"Id":78,"V":7,"NV":7,"TB":0},{"Id":77,"V":6,"NV":6,"TB":0},{"Id":80,"V":6,"NV":6,"TB":0},{"Id":73,"V":5,"NV":5,"TB":0},{"Id":68,"V":3,"NV":3,"TB":0},{"Id":74,"V":3,"NV":3,"TB":0},{"Id":76,"V":2,"NV":2,"TB":0},{"Id":71,"V":2,"NV":2,"TB":2}],[{"Id":67,"V":30,"NV":0,"TB":0},{"Id":65,"V":16,"NV":1,"TB":0},{"Id":70,"V":14,"NV":0,"TB":0},{"Id":69,"V":12,"NV":0,"TB":0},{"Id":79,"V":12,"NV":0,"TB":0},{"Id":72,"V":8,"NV":0,"TB":0},{"Id":75,"V":8,"NV":1,"TB":0},{"Id":66,"V":7,"NV":0,"TB":0},{"Id":78,"V":7,"NV":0,"TB":0},{"Id":77,"V":6,"NV":0,"TB":0},{"Id":80,"V":6,"NV":0,"TB":0},{"Id":73,"V":5,"NV":0,"TB":0},{"Id":68,"V":3,"NV":0,"TB":0},{"Id":74,"V":3,"NV":0,"TB":0},{"Id":76,"V":2,"NV":0,"TB":0}],[{"Id":67,"V":30,"NV":0,"TB":0},{"Id":65,"V":16,"NV":0,"TB":0},{"Id":70,"V":14,"NV":0,"TB":0},{"Id":69,"V":13,"NV":1,"TB":0},{"Id":79,"V":12,"NV":0,"TB":0},{"Id":72,"V":8,"NV":0,"TB":0},{"Id":75,"V":8,"NV":0,"TB":0},{"Id":66,"V":7,"NV":0,"TB":0},{"Id":78,"V":7,"NV":0,"TB":0},{"Id":77,"V":6,"NV":0,"TB":0},{"Id":80,"V":6,"NV":0,"TB":0},{"Id":73,"V":5,"NV":0,"TB":0},{"Id":68,"V":4,"NV":1,"TB":0},{"Id":74,"V":3,"NV":0,"TB":0}],[{"Id":67,"V":32,"NV":2,"TB":0},{"Id":65,"V":16,"NV":0,"TB":0},{"Id":70,"V":14,"NV":0,"TB":0},{"Id":69,"V":13,"NV":0,"TB":0},{"Id":79,"V":12,"NV":0,"TB":0},{"Id":72,"V":9,"NV":1,"TB":0},{"Id":75,"V":8,"NV":0,"TB":0},{"Id":66,"V":7,"NV":0,"TB":0},{"Id":78,"V":7,"NV":0,"TB":0},{"Id":77,"V":6,"NV":0,"TB":0},{"Id":80,"V":6,"NV":0,"TB":0},{"Id":73,"V":5,"NV":0,"TB":0},{"Id":68,"V":4,"NV":0,"TB":0}],[{"Id":67,"V":33,"NV":1,"TB":0},{"Id":65,"V":16,"NV":0,"TB":0},{"Id":69,"V":14,"NV":1,"TB":0},{"Id":70,"V":14,"NV":0,"TB":0},{"Id":79,"V":12,"NV":0,"TB":0},{"Id":72,"V":9,"NV":0,"TB":0},{"Id":75,"V":9,"NV":1,"TB":0},{"Id":66,"V":8,"NV":1,"TB":0},{"Id":78,"V":7,"NV":0,"TB":0},{"Id":77,"V":6,"NV":0,"TB":0},{"Id":80,"V":6,"NV":0,"TB":0},{"Id":73,"V":5,"NV":0,"TB":0}],[{"Id":67,"V":34,"NV":1,"TB":0},{"Id":69,"V":17,"NV":3,"TB":0},{"Id":65,"V":16,"NV":0,"TB":0},{"Id":70,"V":14,"NV":0,"TB":0},{"Id":79,"V":12,"NV":0,"TB":0},{"Id":72,"V":10,"NV":1,"TB":0},{"Id":75,"V":9,"NV":0,"TB":0},{"Id":66,"V":8,"NV":0,"TB":0},{"Id":78,"V":7,"NV":0,"TB":0},{"Id":77,"V":6,"NV":0,"TB":0},{"Id":80,"V":6,"NV":0,"TB":1}],[{"Id":67,"V":35,"NV":1,"TB":0},{"Id":69,"V":17,"NV":0,"TB":0},{"Id":65,"V":16,"NV":0,"TB":0},{"Id":70,"V":14,"NV":0,"TB":0},{"Id":72,"V":12,"NV":2,"TB":0},{"Id":79,"V":12,"NV":0,"TB":0},{"Id":66,"V":9,"NV":1,"TB":0},{"Id":75,"V":9,"NV":0,"TB":0},{"Id":77,"V":7,"NV":1,"TB":0},{"Id":78,"V":7,"NV":0,"TB":1}],[{"Id":67,"V":38,"NV":3,"TB":0},{"Id":65,"V":17,"NV":1,"TB":0},{"Id":69,"V":17,"NV":0,"TB":0},{"Id":70,"V":14,"NV":0,"TB":0},{"Id":79,"V":13,"NV":1,"TB":0},{"Id":72,"V":12,"NV":0,"TB":0},{"Id":66,"V":10,"NV":1,"TB":0},{"Id":75,"V":9,"NV":0,"TB":0},{"Id":77,"V":8,"NV":1,"TB":0}],[{"Id":67,"V":39,"NV":1,"TB":0},{"Id":65,"V":19,"NV":2,"TB":0},{"Id":69,"V":17,"NV":0,"TB":0},{"Id":70,"V":14,"NV":0,"TB":0},{"Id":66,"V":13,"NV":3,"TB":0},{"Id":72,"V":13,"NV":1,"TB":0},{"Id":79,"V":13,"NV":0,"TB":0},{"Id":75,"V":10,"NV":1,"TB":0}],[{"Id":67,"V":43,"NV":4,"TB":0},{"Id":65,"V":19,"NV":0,"TB":0},{"Id":69,"V":17,"NV":0,"TB":0},{"Id":70,"V":15,"NV":1,"TB":0},{"Id":72,"V":15,"NV":2,"TB":0},{"Id":79,"V":15,"NV":2,"TB":0},{"Id":66,"V":13,"NV":0,"TB":0}],[{"Id":67,"V":46,"NV":3,"TB":0},{"Id":69,"V":22,"NV":5,"TB":0},{"Id":65,"V":21,"NV":2,"TB":0},{"Id":70,"V":17,"NV":2,"TB":0},{"Id":72,"V":16,"NV":1,"TB":0},{"Id":79,"V":15,"NV":0,"TB":0}],[{"Id":67,"V":48,"NV":2,"TB":0},{"Id":69,"V":24,"NV":2,"TB":0},{"Id":70,"V":24,"NV":7,"TB":0},{"Id":65,"V":23,"NV":2,"TB":0},{"Id":72,"V":17,"NV":1,"TB":0}],[{"Id":67,"V":54,"NV":6,"TB":0},{"Id":70,"V":31,"NV":7,"TB":0},{"Id":69,"V":26,"NV":2,"TB":0},{"Id":65,"V":24,"NV":1,"TB":0}],[{"Id":67,"V":59,"NV":5,"TB":0},{"Id":70,"V":35,"NV":4,"TB":0},{"Id":69,"V":31,"NV":5,"TB":0}],[{"Id":67,"V":67,"NV":8,"TB":0},{"Id":70,"V":46,"NV":11,"TB":0}],[{"Id":67,"V":93,"NV":26,"TB":0}]],"Expires":1506286541,"SecondsLeft":0}