{"Mtype":"results","Title":"Round 1","PollStarted":"2017-08-20T19:40:59.0411217Z","PollDuration":300000000000,"Options":{"65":"Krystal from the Star Fox series","66":"Kathrin and Flora get their species swapped, but uh-oh; looks like Flora also got some of Kat's... assets as well.","67":"Trace and Flora prank a sleeping Keith. ","68":"Raine as WWII-style nose art. ","69":"Raine grows a muzzle (growing a tail sequel)","70":"Madelyn and Keith having dinner together with a baby Basitin at their side","71":"Keith comforting Natani after a nightmare or panic attack? Natani always seems like the strong one so maybe show sometimes they get scared too?","72":"Starcraft theme: Keith as Fenix (zealot), Trace as Jim Raynor, Flora as Sarah Kerrigan (the Queen of Blades)","73":"Zen riding into the sunset on a horse with scythe tied up and slung over the back.","74":"Keith saves Kat's life with a passionate kiss.","75":"Red and Raine as Human-Keidran hybrids. Raine had an accident while trying to become Human again.","76":"Zen and Raine all bundled up in a blanket, watching the stars together. ","77":"Keith asks Natani exactly how many crystals they ask the table for.","78":"Maren bikini pin-up","79":"A sequel to the pillow fight: Maddie and Maeve watching a movie. Maddie has an icepack on her head from the pror mishap."},"ExpectedBallots":106,"CountedBallots":106,"Ballots":["NLEBFJKOCIMGADH","LF","IK","MGNLFJCEBKDOA","GCMLB","LMCF","LAIDGEKONJMCHBF","DOKCAIGBFJELHNM","JICHGMBFNEOKDLA","MDBN","FG","C","CBGOM","AKBEHIC","CDLIM","ILDBKONEHJCA","ADG","MGCDENBHKIOAJLF","MLNAEJBFIGCOKHD","CGABMLOE","LGEICAMKO","LAIHKDBEFO","HJNOKF","EKNGMBDAOCH","DIFMCJ","BA","KH","GBDK","KBLGCEHNADJOIMF","FKMNCLIGBDAE","DGEJOKCAN","A","GICOHB","IEAN","KOCEB","LIMAKJEDBHNCOG","BLKGJCAODNMHFIE","GJNLKMCFIBEOAHD","BCA","ABKEDNCFOGLHIJM","ANLBEOGKJDHIMFC","FG","KBE","N","OKGBCHALNFM","OCBFNKG","HDCAOGM","BENLAI","BKCGOEJNMFLIDHA","BCJIMO","KMCBH","COGD","LAIFNOC","CLBEKNDMO","CBMIGA","GCHOKMIAFEBJDN","AN","JO","G","GLEDOKMNFBI","KCDBFA","BFCKEOJGIHLAMDN","IDLEAK","NOF","EJNA","AOH","GMNBALDJCEHKFOI","DELMG","DIHLCNKGO","HBOKLCNJEMGFIDA","ACGON","CBLEFGKMOIJNHAD","N","NL","A","NL","LEKDN","EK","BMKCJODGNLAFEIH","OFND","OMIKAH","GLBH","ACBNDK","OBK","OGKLMCBEFIJDNHA","DOGBK","LGDC","JNC","CFBOKLEHMGADINJ","BM","DJONMGFKBLCEAIH","DOHNMKBC","JABCLNHFMI","JHCGBDOFMILNEAK","MLIOB","G","AKELM","NJAMDCBLG","MFJBKCLIHANOEGD","BAEC","OBK","LGFKEHAB","JNAGL","BLECK","HLCNKEOAGBJIDMF","G"],"Placements":[[{"Id":65,"V":11,"NV":11,"TB":0},{"Id":66,"V":11,"NV":11,"TB":0},{"Id":71,"V":11,"NV":11,"TB":0},{"Id":76,"V":10,"NV":10,"TB":0},{"Id":67,"V":9,"NV":9,"TB":0},{"Id":68,"V":8,"NV":8,"TB":0},{"Id":78,"V":7,"NV":7,"TB":0},{"Id":79,"V":7,"NV":7,"TB":0},{"Id":74,"V":6,"NV":6,"TB":0},{"Id":75,"V":6,"NV":6,"TB":0},{"Id":77,"V":6,"NV":6,"TB":0},{"Id":72,"V":4,"NV":4,"TB":0},{"Id":73,"V":4,"NV":4,"TB":0},{"Id":70,"V":3,"NV":3,"TB":0},{"Id":69,"V":3,"NV":3,"TB":2}],[{"Id":65,"V":11,"NV":0,"TB":0},{"Id":66,"V":11,"NV":0,"TB":0},{"Id":71,"V":11,"NV":0,"TB":0},{"Id":76,"V":10,"NV":0,"TB":0},{"Id":67,"V":9,"NV":0,"TB":0},{"Id":68,"V":8,"NV":0,"TB":0},{"Id":75,"V":8,"NV":2,"TB":0},{"Id":74,"V":7,"NV":1,"TB":0},{"Id":78,"V":7,"NV":0,"TB":0},{"Id":79,"V":7,"NV":0,"TB":0},{"Id":77,"V":6,"NV":0,"TB":0},{"Id":72,"V":4,"NV":0,"TB":0},{"Id":73,"V":4,"NV":0,"TB":0},{"Id":70,"V":3,"NV":0,"TB":0}],[{"Id":71,"V":13,"NV":2,"TB":0},{"Id":65,"V":11,"NV":0,"TB":0},{"Id":66,"V":11,"NV":0,"TB":0},{"Id":76,"V":10,"NV":0,"TB":0},{"Id":67,"V":9,"NV":0,"TB":0},{"Id":75,"V":9,"NV":1,"TB":0},{"Id":68,"V":8,"NV":0,"TB":0},{"Id":74,"V":7,"NV":0,"TB":0},{"Id":78,"V":7,"NV":0,"TB":0},{"Id":79,"V":7,"NV":0,"TB":0},{"Id":77,"V":6,"NV":0,"TB":0},{"Id":72,"V":4,"NV":0,"TB":0},{"Id":73,"V":4,"NV":0,"TB":1}],[{"Id":71,"V":13,"NV":0,"TB":0},{"Id":65,"V":12,"NV":1,"TB":0},{"Id":66,"V":11,"NV":0,"TB":0},{"Id":76,"V":11,"NV":1,"TB":0},{"Id":75,"V":10,"NV":1,"TB":0},{"Id":67,"V":9,"NV":0,"TB":0},{"Id":68,"V":9,"NV":1,"TB":0},{"Id":74,"V":7,"NV":0,"TB":0},{"Id":78,"V":7,"NV":0,"TB":0},{"Id":79,"V":7,"NV":0,"TB":0},{"Id":77,"V":6,"NV":0,"TB":0},{"Id":72,"V":4,"NV":0,"TB":0}],[{"Id":71,"V":13,"NV":0,"TB":0},{"Id":65,"V":12,"NV":0,"TB":0},{"Id":66,"V":12,"NV":1,"TB":0},{"Id":76,"V":12,"NV":1,"TB":0},{"Id":68,"V":10,"NV":1,"TB":0},{"Id":75,"V":10,"NV":0,"TB":0},{"Id":67,"V":9,"NV":0,"TB":0},{"Id":74,"V":8,"NV":1,"TB":0},{"Id":78,"V":7,"NV":0,"TB":0},{"Id":79,"V":7,"NV":0,"TB":0},{"Id":77,"V":6,"NV":0,"TB":0}],[{"Id":71,"V":15,"NV":2,"TB":0},{"Id":76,"V":14,"NV":2,"TB":0},{"Id":65,"V":12,"NV":0,"TB":0},{"Id":66,"V":12,"NV":0,"TB":0},{"Id":68,"V":11,"NV":1,"TB":0},{"Id":75,"V":10,"NV":0,"TB":0},{"Id":67,"V":9,"NV":0,"TB":0},{"Id":74,"V":9,"NV":1,"TB":0},{"Id":78,"V":7,"NV":0,"TB":0},{"Id":79,"V":7,"NV":0,"TB":1}],[{"Id":71,"V":16,"NV":1,"TB":0},{"Id":66,"V":14,"NV":2,"TB":0},{"Id":76,"V":14,"NV":0,"TB":0},{"Id":65,"V":12,"NV":0,"TB":0},{"Id":75,"V":12,"NV":2,"TB":0},{"Id":68,"V":11,"NV":0,"TB":0},{"Id":67,"V":10,"NV":1,"TB":0},{"Id":74,"V":9,"NV":0,"TB":0},{"Id":78,"V":8,"NV":1,"TB":0}],[{"Id":76,"V":17,"NV":3,"TB":0},{"Id":71,"V":16,"NV":0,"TB":0},{"Id":66,"V":14,"NV":0,"TB":0},{"Id":65,"V":12,"NV":0,"TB":0},{"Id":68,"V":12,"NV":1,"TB":0},{"Id":75,"V":12,"NV":0,"TB":0},{"Id":74,"V":10,"NV":1,"TB":0},{"Id":67,"V":10,"NV":0,"TB":2}],[{"Id":66,"V":19,"NV":5,"TB":0},{"Id":71,"V":18,"NV":2,"TB":0},{"Id":76,"V":18,"NV":1,"TB":0},{"Id":68,"V":13,"NV":1,"TB":0},{"Id":65,"V":12,"NV":0,"TB":0},{"Id":75,"V":12,"NV":0,"TB":0},{"Id":74,"V":10,"NV":0,"TB":0}],[{"Id":66,"V":20,"NV":1,"TB":0},{"Id":71,"V":20,"NV":2,"TB":0},{"Id":76,"V":18,"NV":0,"TB":0},{"Id":65,"V":16,"NV":4,"TB":0},{"Id":68,"V":13,"NV":0,"TB":0},{"Id":75,"V":13,"NV":1,"TB":1}],[{"Id":66,"V":24,"NV":4,"TB":0},{"Id":71,"V":22,"NV":2,"TB":0},{"Id":76,"V":19,"NV":1,"TB":0},{"Id":65,"V":17,"NV":1,"TB":0},{"Id":68,"V":14,"NV":1,"TB":0}],[{"Id":66,"V":27,"NV":3,"TB":0},{"Id":71,"V":25,"NV":3,"TB":0},{"Id":76,"V":23,"NV":4,"TB":0},{"Id":65,"V":19,"NV":2,"TB":0}],[{"Id":66,"V":32,"NV":5,"TB":0},{"Id":71,"V":30,"NV":5,"TB":0},{"Id":76,"V":25,"NV":2,"TB":0}],[{"Id":66,"V":40,"NV":8,"TB":0},{"Id":71,"V":38,"NV":8,"TB":0}],[{"Id":66,"V":63,"NV":23,"TB":0}]],"Expires":1503258659,"SecondsLeft":0}