{"Mtype":"results","Title":"Round (4/4) [14 options]","PollStarted":"2017-06-18T23:48:00.733812033Z","PollDuration":300000000000,"Options":{"65":"Couples dancing","66":"Keith doing something for his father to remember him by. Maybe like Keith is thinking about him and his father's spirit is right behind him for support.","67":"A very, young Keith proposes to a very, young Laura a long time ago...in a place far, far away.","68":"Natani as Wonder Woman, being trained by \"Queen Hippolyta\" (King Adelaide)","69":"Tubby Tiger turnabout","70":"Detective Nibbly investigating a crime scene","71":"Keith and Nat looking for their pillows had gone to finding Flora in her pillow fort/cave.","72":"Zen and Natani as Batman and Robin ","73":"Older Maeve watching a sunset","74":"Trace and Maren's first encounter","75":"TK group 1 as Final Fantasy 15 characters","76":"Trace and Flora as Adam and Eve in the Garden of Eden","77":"Flora as a baby, playing with a ball of string","78":"Ms. Nibbly sleeping on Karen's face like a kitten"},"ExpectedBallots":104,"CountedBallots":103,"Ballots":["BHIGN","HIFJN","HDLC","H","GLEMNFHCBIDJKA","JEIM","LMAG","CIGJLNAE","DBCMLNAFJIGHKE","LIMGEANJFKCBDH","GAHCDE","DCAMINH","M","EDAGKINLMF","DHLEBNI","","HFEN","M","AJGNLECBKIMFHD","CNDFAEM","JNDGCH","HNMKFI","DALHCB","MNF","AE","CGM","LGMEA","MGFN","NGCFAJKB","CMNIJ","E","GMEJNIB","AE","INJK","JLK","LMEA","FHDKN","ALHKN","DFMJHC","DLB","EMFNIJBCKHADLG","ELMBKGAICNFJHD","MEALF","IMNFEGBDAJC","","KGMCBLNHDAJFIE","IMNEJL","M","DEL","","BDHGICNFAJLMKE","FLNEMAG","GAMIBK","EFAI","AMF","ELDJHM","DHGEFAC","MCILBEAN","LIJCGFA","BNHDCJAEMIFGLK","DLHAI","GABKF","GLEMDAJBHKFCIN","BMLJ","BGECJIMLNFDAKH","MEALCFN","","IFGN","ICDJNKGA","CELGMJBINHDFAK","FN","BGACI","DGBCAINJH","C","BIJCFMHNDEGKL","HFCNADGI","CBFAINLMJEDHGK","MICJNF","JMIACBLDEN","DIAL","EDCIMAJLBG","DJ","MEGANBL","JMNLF","CBDIGFHLEANJMK","JIBCFGNMDEKLHA","IDF","IF","ALE","NJMFC","EGALNFDJCKBIHM","HFD","MGCJEAI","DHIBFMGK","FGC","MBJNCDLIGAFHEK","EMGANC","MGBHDCNE","BHG","BCAGDKIFM","CDGBH","CLNHJ","M"],"Placements":[[{"Id":77,"V":14,"NV":14,"TB":0},{"Id":68,"V":13,"NV":13,"TB":0},{"Id":67,"V":10,"NV":10,"TB":0},{"Id":66,"V":9,"NV":9,"TB":0},{"Id":69,"V":9,"NV":9,"TB":0},{"Id":72,"V":7,"NV":7,"TB":0},{"Id":73,"V":7,"NV":7,"TB":0},{"Id":65,"V":6,"NV":6,"TB":0},{"Id":71,"V":6,"NV":6,"TB":0},{"Id":74,"V":6,"NV":6,"TB":0},{"Id":76,"V":5,"NV":5,"TB":0},{"Id":70,"V":4,"NV":4,"TB":0},{"Id":78,"V":2,"NV":2,"TB":0},{"Id":75,"V":1,"NV":1,"TB":0}],[{"Id":77,"V":14,"NV":0,"TB":0},{"Id":68,"V":13,"NV":0,"TB":0},{"Id":67,"V":10,"NV":0,"TB":0},{"Id":66,"V":9,"NV":0,"TB":0},{"Id":69,"V":9,"NV":0,"TB":0},{"Id":71,"V":7,"NV":1,"TB":0},{"Id":72,"V":7,"NV":0,"TB":0},{"Id":73,"V":7,"NV":0,"TB":0},{"Id":65,"V":6,"NV":0,"TB":0},{"Id":74,"V":6,"NV":0,"TB":0},{"Id":76,"V":5,"NV":0,"TB":0},{"Id":70,"V":4,"NV":0,"TB":0},{"Id":78,"V":2,"NV":0,"TB":0}],[{"Id":77,"V":14,"NV":0,"TB":0},{"Id":68,"V":13,"NV":0,"TB":0},{"Id":67,"V":10,"NV":0,"TB":0},{"Id":66,"V":9,"NV":0,"TB":0},{"Id":69,"V":9,"NV":0,"TB":0},{"Id":71,"V":8,"NV":1,"TB":0},{"Id":72,"V":7,"NV":0,"TB":0},{"Id":73,"V":7,"NV":0,"TB":0},{"Id":74,"V":7,"NV":1,"TB":0},{"Id":65,"V":6,"NV":0,"TB":0},{"Id":76,"V":5,"NV":0,"TB":0},{"Id":70,"V":4,"NV":0,"TB":0}],[{"Id":77,"V":14,"NV":0,"TB":0},{"Id":68,"V":13,"NV":0,"TB":0},{"Id":67,"V":10,"NV":0,"TB":0},{"Id":66,"V":9,"NV":0,"TB":0},{"Id":69,"V":9,"NV":0,"TB":0},{"Id":71,"V":9,"NV":1,"TB":0},{"Id":72,"V":8,"NV":1,"TB":0},{"Id":73,"V":7,"NV":0,"TB":0},{"Id":74,"V":7,"NV":0,"TB":0},{"Id":65,"V":6,"NV":0,"TB":0},{"Id":76,"V":6,"NV":1,"TB":1}],[{"Id":77,"V":16,"NV":2,"TB":0},{"Id":68,"V":13,"NV":0,"TB":0},{"Id":67,"V":10,"NV":0,"TB":0},{"Id":69,"V":10,"NV":1,"TB":0},{"Id":71,"V":10,"NV":1,"TB":0},{"Id":66,"V":9,"NV":0,"TB":0},{"Id":73,"V":9,"NV":2,"TB":0},{"Id":72,"V":8,"NV":0,"TB":0},{"Id":74,"V":7,"NV":0,"TB":0},{"Id":65,"V":6,"NV":0,"TB":0}],[{"Id":77,"V":17,"NV":1,"TB":0},{"Id":68,"V":13,"NV":0,"TB":0},{"Id":69,"V":13,"NV":3,"TB":0},{"Id":67,"V":10,"NV":0,"TB":0},{"Id":71,"V":10,"NV":0,"TB":0},{"Id":66,"V":9,"NV":0,"TB":0},{"Id":72,"V":9,"NV":1,"TB":0},{"Id":73,"V":9,"NV":0,"TB":0},{"Id":74,"V":8,"NV":1,"TB":0}],[{"Id":77,"V":20,"NV":3,"TB":0},{"Id":68,"V":14,"NV":1,"TB":0},{"Id":69,"V":14,"NV":1,"TB":0},{"Id":71,"V":11,"NV":1,"TB":0},{"Id":67,"V":10,"NV":0,"TB":0},{"Id":73,"V":10,"NV":1,"TB":0},{"Id":66,"V":9,"NV":0,"TB":0},{"Id":72,"V":9,"NV":0,"TB":1}],[{"Id":77,"V":21,"NV":1,"TB":0},{"Id":68,"V":17,"NV":3,"TB":0},{"Id":69,"V":15,"NV":1,"TB":0},{"Id":67,"V":11,"NV":1,"TB":0},{"Id":71,"V":11,"NV":0,"TB":0},{"Id":73,"V":11,"NV":1,"TB":0},{"Id":66,"V":9,"NV":0,"TB":0}],[{"Id":77,"V":22,"NV":1,"TB":0},{"Id":68,"V":19,"NV":2,"TB":0},{"Id":69,"V":15,"NV":0,"TB":0},{"Id":71,"V":14,"NV":3,"TB":0},{"Id":73,"V":13,"NV":2,"TB":0},{"Id":67,"V":12,"NV":1,"TB":0}],[{"Id":68,"V":23,"NV":4,"TB":0},{"Id":77,"V":23,"NV":1,"TB":0},{"Id":69,"V":16,"NV":1,"TB":0},{"Id":71,"V":16,"NV":2,"TB":0},{"Id":73,"V":15,"NV":2,"TB":0}],[{"Id":77,"V":28,"NV":5,"TB":0},{"Id":68,"V":25,"NV":2,"TB":0},{"Id":71,"V":21,"NV":5,"TB":0},{"Id":69,"V":16,"NV":0,"TB":0}],[{"Id":77,"V":33,"NV":5,"TB":0},{"Id":68,"V":28,"NV":3,"TB":0},{"Id":71,"V":23,"NV":2,"TB":0}],[{"Id":77,"V":44,"NV":11,"TB":0},{"Id":68,"V":31,"NV":3,"TB":0}],[{"Id":77,"V":57,"NV":13,"TB":0}]],"Expires":1497830289,"SecondsLeft":0}