{"Mtype":"results","Title":"FAKE ROUND 1","PollStarted":"2017-05-10T02:21:09.014198916Z","PollDuration":180000000000,"Options":{"65":"Keidran Trace as Dust with Dragon Keidran Flora as Fidget","66":"Nibbly kissing Nekonny on the cheek","67":"Tom delivers pizza to dragon(s)","68":"King Madness and the Great Grape Crisis","69":"Keidranized Nibbly nomming on Scythe's tail (causing panic)","70":"Flora in the virgin killer sweater, saying: “…my butt’s cold…” ","71":"\"Trace Legacy as a Basitin\" Cameo from Keith Keiser.","72":"Updated Bust Chart of all female characters","73":"Pic of the moment it was decided Adelaide would become king. This could be a pic of Adelaide defeating Alabaster Jr.","74":"Wrinry angry stomping her foot with puffed out cheeks","75":"Mike and a Female Evals","76":"Tech Kitty Feat. Kat!","77":"Historical Moment: When Trace cursed Karen","78":"Adira loaning f!Mike some of her old clothes and employing her at the Riftwall Tavern as a barmaid. (Perhaps bemusing how she looks like herself in her youth?)"},"ExpectedBallots":45,"CountedBallots":45,"Ballots":["JD","BKM","NBHJ","DMI","MI","CMGJ","HMLJACF","FH","LHKGC","FAJBMC","LCNKMJDGEFAHBI","NGFCHKJME","FCJDLAGI","GEIFKMC","GAKDNFE","MBAKLCGDH","IEFN","DCGL","MICGHKNDEFLJBA","NLFCMHKAJ","CEBIDJL","MCJBNLDIK","HKELFBNJA","KGCFM","CBHAEIJF","ELAKNMBC","AMGHCFBINELKDJ","CFHLMGDNEKAIBJ","NHAKIC","GKMLAEJI","","MEDLCI","IDLCMEN","HBLJMEFAGNKIDC","FACI","DHMCEIAKLBGJNF","NHKLE","NHKLB","JCAMBINLGEKF","ANLKDIJHGMBEFC","NHKLB","CKMGINDELHBAJF","IGNE","GABDI","NKLE"],"Placements":[[{"Id":78,"V":8,"NV":8,"TB":0},{"Id":67,"V":5,"NV":5,"TB":0},{"Id":77,"V":5,"NV":5,"TB":0},{"Id":70,"V":4,"NV":4,"TB":0},{"Id":71,"V":4,"NV":4,"TB":0},{"Id":68,"V":3,"NV":3,"TB":0},{"Id":72,"V":3,"NV":3,"TB":0},{"Id":73,"V":3,"NV":3,"TB":0},{"Id":65,"V":2,"NV":2,"TB":0},{"Id":74,"V":2,"NV":2,"TB":0},{"Id":76,"V":2,"NV":2,"TB":0},{"Id":66,"V":1,"NV":1,"TB":0},{"Id":69,"V":1,"NV":1,"TB":0},{"Id":75,"V":1,"NV":1,"TB":1}],[{"Id":78,"V":8,"NV":0,"TB":0},{"Id":67,"V":5,"NV":0,"TB":0},{"Id":71,"V":5,"NV":1,"TB":0},{"Id":77,"V":5,"NV":0,"TB":0},{"Id":70,"V":4,"NV":0,"TB":0},{"Id":68,"V":3,"NV":0,"TB":0},{"Id":72,"V":3,"NV":0,"TB":0},{"Id":73,"V":3,"NV":0,"TB":0},{"Id":65,"V":2,"NV":0,"TB":0},{"Id":74,"V":2,"NV":0,"TB":0},{"Id":76,"V":2,"NV":0,"TB":0},{"Id":69,"V":1,"NV":0,"TB":0},{"Id":66,"V":1,"NV":0,"TB":2}],[{"Id":78,"V":8,"NV":0,"TB":0},{"Id":77,"V":6,"NV":1,"TB":0},{"Id":67,"V":5,"NV":0,"TB":0},{"Id":71,"V":5,"NV":0,"TB":0},{"Id":70,"V":4,"NV":0,"TB":0},{"Id":68,"V":3,"NV":0,"TB":0},{"Id":72,"V":3,"NV":0,"TB":0},{"Id":73,"V":3,"NV":0,"TB":0},{"Id":65,"V":2,"NV":0,"TB":0},{"Id":74,"V":2,"NV":0,"TB":0},{"Id":76,"V":2,"NV":0,"TB":0},{"Id":69,"V":1,"NV":0,"TB":0}],[{"Id":78,"V":8,"NV":0,"TB":0},{"Id":77,"V":6,"NV":0,"TB":0},{"Id":67,"V":5,"NV":0,"TB":0},{"Id":71,"V":5,"NV":0,"TB":0},{"Id":70,"V":4,"NV":0,"TB":0},{"Id":68,"V":3,"NV":0,"TB":0},{"Id":72,"V":3,"NV":0,"TB":0},{"Id":73,"V":3,"NV":0,"TB":0},{"Id":76,"V":3,"NV":1,"TB":0},{"Id":74,"V":2,"NV":0,"TB":0},{"Id":65,"V":2,"NV":0,"TB":2}],[{"Id":78,"V":9,"NV":1,"TB":0},{"Id":77,"V":7,"NV":1,"TB":0},{"Id":67,"V":5,"NV":0,"TB":0},{"Id":71,"V":5,"NV":0,"TB":0},{"Id":70,"V":4,"NV":0,"TB":0},{"Id":68,"V":3,"NV":0,"TB":0},{"Id":72,"V":3,"NV":0,"TB":0},{"Id":73,"V":3,"NV":0,"TB":0},{"Id":76,"V":3,"NV":0,"TB":0},{"Id":74,"V":2,"NV":0,"TB":0}],[{"Id":78,"V":9,"NV":0,"TB":0},{"Id":77,"V":7,"NV":0,"TB":0},{"Id":67,"V":6,"NV":1,"TB":0},{"Id":71,"V":5,"NV":0,"TB":0},{"Id":68,"V":4,"NV":1,"TB":0},{"Id":70,"V":4,"NV":0,"TB":0},{"Id":73,"V":3,"NV":0,"TB":0},{"Id":76,"V":3,"NV":0,"TB":0},{"Id":72,"V":3,"NV":0,"TB":3}],[{"Id":78,"V":9,"NV":0,"TB":0},{"Id":77,"V":8,"NV":1,"TB":0},{"Id":67,"V":6,"NV":0,"TB":0},{"Id":71,"V":5,"NV":0,"TB":0},{"Id":76,"V":5,"NV":2,"TB":0},{"Id":68,"V":4,"NV":0,"TB":0},{"Id":70,"V":4,"NV":0,"TB":0},{"Id":73,"V":3,"NV":0,"TB":0}],[{"Id":78,"V":9,"NV":0,"TB":0},{"Id":77,"V":8,"NV":0,"TB":0},{"Id":67,"V":6,"NV":0,"TB":0},{"Id":71,"V":6,"NV":1,"TB":0},{"Id":68,"V":5,"NV":1,"TB":0},{"Id":70,"V":5,"NV":1,"TB":0},{"Id":76,"V":5,"NV":0,"TB":1}],[{"Id":78,"V":10,"NV":1,"TB":0},{"Id":77,"V":9,"NV":1,"TB":0},{"Id":67,"V":7,"NV":1,"TB":0},{"Id":71,"V":7,"NV":1,"TB":0},{"Id":70,"V":6,"NV":1,"TB":0},{"Id":68,"V":5,"NV":0,"TB":0}],[{"Id":77,"V":11,"NV":2,"TB":0},{"Id":78,"V":10,"NV":0,"TB":0},{"Id":67,"V":9,"NV":2,"TB":0},{"Id":71,"V":7,"NV":0,"TB":0},{"Id":70,"V":6,"NV":0,"TB":0}],[{"Id":77,"V":12,"NV":1,"TB":0},{"Id":78,"V":12,"NV":2,"TB":0},{"Id":67,"V":11,"NV":2,"TB":0},{"Id":71,"V":7,"NV":0,"TB":0}],[{"Id":77,"V":14,"NV":2,"TB":0},{"Id":78,"V":14,"NV":2,"TB":0},{"Id":67,"V":13,"NV":2,"TB":0}],[{"Id":77,"V":20,"NV":6,"TB":0},{"Id":78,"V":15,"NV":1,"TB":0}],[{"Id":77,"V":25,"NV":5,"TB":0}]],"Expires":1494383229,"SecondsLeft":0}