{"Mtype":"results","Title":"Round 5","PollStarted":"2017-10-16T22:42:14.504847455Z","PollDuration":300000000000,"Options":{"65":"Devilish Keith (opposite to Angelic Laura)","66":"Wrinry finally convinced to wear cloths to disastrous results.","67":"Amaterasu Raine (Ōkami)","68":"Costume Contest: Raine Solo and ZenBacca","69":"Raine as Galadriel, doing the \"All shall love me and despair\" bit. ","70":"Crew as Monty Python and the Holy Grail, Clovis dressed as killer rabbit. RUNAWAY! RUNAWAY!","71":"Raine and Kat making voodoo dolls of their respective love interests...so they CANT ESCAPE.","72":"Natani Dakimakura (Body Pillow)","73":"A body style line up similar to this one of King Adelaide, Adira, and Raine","74":"Eric convinces Iris and her friend to pose for a painting. ","75":"Trace, Kieth, Natani, Flora, Kat, and Eric playing strip poker.","76":"Flora and Trace dressed up as Pokemon trainers \u0026 Keith and Natani dressed as pokemon for a battle","77":"\"Team A Cosplay.\" Trace dressed as Red, Natani dressed as Sythe, and Keith dressed like Alaric.","78":"Karen and Maren, a not so normal day in the tavern. Because Lizardfolk Cleric happened/walks in.","79":"Natani as Wonder Woman fighting a keidran-version of Cheetah","80":"Seraphina, punk rock star!","81":"Fluffy winter Coats! Flora and Tiger Trace!","82":"\"Human\" Raine and Zen explore a haunted mansion in the middle of the night."},"ExpectedBallots":115,"CountedBallots":115,"Ballots":["RQNJ","R","CKGDELMIOQ","I","PJHEIBGK","KALODPFRJIBEQNHGCM","R","A","HCKAQMFIEGONJLPBRD","BGOMRJCALHFDNIQEKP","QA","KPJQ","KBOJG","JRCI","H","KRCGNILQBPAMJH","MOCPHBKIQLFDAJEGRN","OGCKH","QD","Q","CBH","DRFQCBOEMP","GFQ","RCQEBIJMK","HKJORFLIACBMNQPGDE","CKGBJNFQLPOEDMIRAH","HLQKIAODBFPERJNGMC","KGCJLIAQMBNREDH","HKM","CI","COJIHQMBKGAFL","BHCJI","OHJKGFQMDARCINBELP","BMKIDQL","JR","HMAI","","M","O","BPNCLARODFMQ","DBAKEH","ECJOBQGI","QGO","FHKIGRAQDNMBJCLOPE","CNIJPLBK","BCKIQMHRPD","DEICJOKGLFR","LMKGNOFCBA","RLMK","JKGPQCE","CIJFHKO","O","QHJFILKCGNDPRBOEMA","FLJPQG","FCN","CIO","QOGM","ICOJ","GEFKAROCPDHMLNQIBJ","JKM","HO","CRNB","GJIKMF","PKMJB","IG","DGHRKFML","ICM","KQJMGBRDLNFOAIHE","FAODLCEQPMR","QOGM","HCORKDIGLMA","LGQA","RGAQP","KQ","OHKDE","QKJCPA","CJLGKNOBAFMH","LHFAIKMODQJEGPRNB","KHAEQ","IJBCP","HFCMD","EKCMJPGADBIQRHNFLO","BCG","KIJG","FCBP","QLK","IDG","DRPFLJOEBNMGQKCAIH","IGJ","IDG","CJADFM","A","QABPOIEMJDKGFLNRCH","CPHMQRLAEBN","BGJ","HJK","KGDHBM","HBKAMQ","BJKQ","KA","OKFLB","KMFLQG","A","GQ","KE","NQB","C","QK","PE","I","","HCI","CIGAQ","JIOPCNB","EJCOB"],"Placements":[[{"Id":67,"V":14,"NV":14,"TB":0},{"Id":75,"V":13,"NV":13,"TB":0},{"Id":72,"V":12,"NV":12,"TB":0},{"Id":81,"V":11,"NV":11,"TB":0},{"Id":73,"V":9,"NV":9,"TB":0},{"Id":66,"V":8,"NV":8,"TB":0},{"Id":79,"V":6,"NV":6,"TB":0},{"Id":82,"V":6,"NV":6,"TB":0},{"Id":68,"V":5,"NV":5,"TB":0},{"Id":70,"V":5,"NV":5,"TB":0},{"Id":74,"V":5,"NV":5,"TB":0},{"Id":71,"V":4,"NV":4,"TB":0},{"Id":65,"V":3,"NV":3,"TB":0},{"Id":69,"V":3,"NV":3,"TB":0},{"Id":76,"V":3,"NV":3,"TB":0},{"Id":80,"V":3,"NV":3,"TB":0},{"Id":77,"V":2,"NV":2,"TB":0},{"Id":78,"V":1,"NV":1,"TB":0}],[{"Id":67,"V":14,"NV":0,"TB":0},{"Id":75,"V":13,"NV":0,"TB":0},{"Id":72,"V":12,"NV":0,"TB":0},{"Id":81,"V":12,"NV":1,"TB":0},{"Id":73,"V":9,"NV":0,"TB":0},{"Id":66,"V":8,"NV":0,"TB":0},{"Id":79,"V":6,"NV":0,"TB":0},{"Id":82,"V":6,"NV":0,"TB":0},{"Id":68,"V":5,"NV":0,"TB":0},{"Id":70,"V":5,"NV":0,"TB":0},{"Id":74,"V":5,"NV":0,"TB":0},{"Id":71,"V":4,"NV":0,"TB":0},{"Id":65,"V":3,"NV":0,"TB":0},{"Id":69,"V":3,"NV":0,"TB":0},{"Id":76,"V":3,"NV":0,"TB":0},{"Id":80,"V":3,"NV":0,"TB":0},{"Id":77,"V":2,"NV":0,"TB":0}],[{"Id":67,"V":14,"NV":0,"TB":0},{"Id":75,"V":13,"NV":0,"TB":0},{"Id":72,"V":12,"NV":0,"TB":0},{"Id":81,"V":12,"NV":0,"TB":0},{"Id":73,"V":9,"NV":0,"TB":0},{"Id":66,"V":8,"NV":0,"TB":0},{"Id":79,"V":7,"NV":1,"TB":0},{"Id":82,"V":6,"NV":0,"TB":0},{"Id":68,"V":5,"NV":0,"TB":0},{"Id":70,"V":5,"NV":0,"TB":0},{"Id":74,"V":5,"NV":0,"TB":0},{"Id":71,"V":4,"NV":0,"TB":0},{"Id":69,"V":3,"NV":0,"TB":0},{"Id":76,"V":3,"NV":0,"TB":0},{"Id":80,"V":3,"NV":0,"TB":0},{"Id":65,"V":3,"NV":0,"TB":4}],[{"Id":67,"V":14,"NV":0,"TB":0},{"Id":75,"V":13,"NV":0,"TB":0},{"Id":72,"V":12,"NV":0,"TB":0},{"Id":81,"V":12,"NV":0,"TB":0},{"Id":73,"V":9,"NV":0,"TB":0},{"Id":66,"V":8,"NV":0,"TB":0},{"Id":79,"V":7,"NV":0,"TB":0},{"Id":82,"V":6,"NV":0,"TB":0},{"Id":68,"V":5,"NV":0,"TB":0},{"Id":70,"V":5,"NV":0,"TB":0},{"Id":74,"V":5,"NV":0,"TB":0},{"Id":71,"V":4,"NV":0,"TB":0},{"Id":69,"V":3,"NV":0,"TB":0},{"Id":80,"V":3,"NV":0,"TB":0},{"Id":76,"V":3,"NV":0,"TB":2}],[{"Id":67,"V":14,"NV":0,"TB":0},{"Id":75,"V":14,"NV":1,"TB":0},{"Id":72,"V":13,"NV":1,"TB":0},{"Id":81,"V":12,"NV":0,"TB":0},{"Id":73,"V":9,"NV":0,"TB":0},{"Id":66,"V":8,"NV":0,"TB":0},{"Id":79,"V":7,"NV":0,"TB":0},{"Id":82,"V":6,"NV":0,"TB":0},{"Id":68,"V":5,"NV":0,"TB":0},{"Id":70,"V":5,"NV":0,"TB":0},{"Id":71,"V":5,"NV":1,"TB":0},{"Id":74,"V":5,"NV":0,"TB":0},{"Id":80,"V":3,"NV":0,"TB":0},{"Id":69,"V":3,"NV":0,"TB":2}],[{"Id":67,"V":15,"NV":1,"TB":0},{"Id":75,"V":15,"NV":1,"TB":0},{"Id":72,"V":13,"NV":0,"TB":0},{"Id":81,"V":12,"NV":0,"TB":0},{"Id":73,"V":9,"NV":0,"TB":0},{"Id":66,"V":8,"NV":0,"TB":0},{"Id":79,"V":7,"NV":0,"TB":0},{"Id":74,"V":6,"NV":1,"TB":0},{"Id":82,"V":6,"NV":0,"TB":0},{"Id":68,"V":5,"NV":0,"TB":0},{"Id":70,"V":5,"NV":0,"TB":0},{"Id":71,"V":5,"NV":0,"TB":0},{"Id":80,"V":3,"NV":0,"TB":0}],[{"Id":75,"V":16,"NV":1,"TB":0},{"Id":67,"V":15,"NV":0,"TB":0},{"Id":72,"V":13,"NV":0,"TB":0},{"Id":81,"V":12,"NV":0,"TB":0},{"Id":73,"V":9,"NV":0,"TB":0},{"Id":66,"V":8,"NV":0,"TB":0},{"Id":74,"V":7,"NV":1,"TB":0},{"Id":79,"V":7,"NV":0,"TB":0},{"Id":82,"V":6,"NV":0,"TB":0},{"Id":68,"V":5,"NV":0,"TB":0},{"Id":70,"V":5,"NV":0,"TB":0},{"Id":71,"V":5,"NV":0,"TB":1}],[{"Id":75,"V":16,"NV":0,"TB":0},{"Id":67,"V":15,"NV":0,"TB":0},{"Id":81,"V":14,"NV":2,"TB":0},{"Id":72,"V":13,"NV":0,"TB":0},{"Id":73,"V":9,"NV":0,"TB":0},{"Id":66,"V":8,"NV":0,"TB":0},{"Id":74,"V":8,"NV":1,"TB":0},{"Id":70,"V":7,"NV":2,"TB":0},{"Id":79,"V":7,"NV":0,"TB":0},{"Id":82,"V":6,"NV":0,"TB":0},{"Id":68,"V":5,"NV":0,"TB":0}],[{"Id":75,"V":16,"NV":0,"TB":0},{"Id":67,"V":15,"NV":0,"TB":0},{"Id":72,"V":14,"NV":1,"TB":0},{"Id":81,"V":14,"NV":0,"TB":0},{"Id":73,"V":10,"NV":1,"TB":0},{"Id":66,"V":9,"NV":1,"TB":0},{"Id":74,"V":8,"NV":0,"TB":0},{"Id":82,"V":8,"NV":2,"TB":0},{"Id":70,"V":7,"NV":0,"TB":0},{"Id":79,"V":7,"NV":0,"TB":1}],[{"Id":67,"V":17,"NV":2,"TB":0},{"Id":75,"V":17,"NV":1,"TB":0},{"Id":72,"V":16,"NV":2,"TB":0},{"Id":81,"V":14,"NV":0,"TB":0},{"Id":73,"V":10,"NV":0,"TB":0},{"Id":66,"V":9,"NV":0,"TB":0},{"Id":74,"V":8,"NV":0,"TB":0},{"Id":82,"V":8,"NV":0,"TB":0},{"Id":70,"V":7,"NV":0,"TB":0}],[{"Id":67,"V":20,"NV":3,"TB":0},{"Id":75,"V":18,"NV":1,"TB":0},{"Id":72,"V":17,"NV":1,"TB":0},{"Id":81,"V":15,"NV":1,"TB":0},{"Id":73,"V":10,"NV":0,"TB":0},{"Id":66,"V":9,"NV":0,"TB":0},{"Id":74,"V":9,"NV":1,"TB":0},{"Id":82,"V":8,"NV":0,"TB":0}],[{"Id":67,"V":21,"NV":1,"TB":0},{"Id":75,"V":19,"NV":1,"TB":0},{"Id":81,"V":18,"NV":3,"TB":0},{"Id":72,"V":17,"NV":0,"TB":0},{"Id":73,"V":10,"NV":0,"TB":0},{"Id":74,"V":10,"NV":1,"TB":0},{"Id":66,"V":9,"NV":0,"TB":0}],[{"Id":67,"V":24,"NV":3,"TB":0},{"Id":75,"V":21,"NV":2,"TB":0},{"Id":72,"V":18,"NV":1,"TB":0},{"Id":81,"V":18,"NV":0,"TB":0},{"Id":74,"V":13,"NV":3,"TB":0},{"Id":73,"V":10,"NV":0,"TB":0}],[{"Id":67,"V":27,"NV":3,"TB":0},{"Id":75,"V":21,"NV":0,"TB":0},{"Id":72,"V":18,"NV":0,"TB":0},{"Id":81,"V":18,"NV":0,"TB":0},{"Id":74,"V":15,"NV":2,"TB":0}],[{"Id":67,"V":32,"NV":5,"TB":0},{"Id":75,"V":25,"NV":4,"TB":0},{"Id":81,"V":20,"NV":2,"TB":0},{"Id":72,"V":19,"NV":1,"TB":0}],[{"Id":67,"V":37,"NV":5,"TB":0},{"Id":75,"V":35,"NV":10,"TB":0},{"Id":81,"V":21,"NV":1,"TB":0}],[{"Id":75,"V":42,"NV":7,"TB":0},{"Id":67,"V":38,"NV":1,"TB":0}],[{"Id":75,"V":56,"NV":14,"TB":0}]],"Expires":1508194334,"SecondsLeft":0}