{"Mtype":"results","Title":"Round 7","PollStarted":"2017-10-17T00:04:41.882246383Z","PollDuration":300000000000,"Options":{"65":"Magic Enforced Halloween Shenanigans","66":"King Adelaide chokeslamming Clovis through a table","67":"Trace and Flora turned into Wolves","68":"Alaric, and Laura are zombies performing Thriller. Nibbly is leading dressed as Micheal Jackson.","69":"Flora and Kathrin in Halloween costumes. Flora should be a huntress and Kathryn a witch/sorceress.","70":"Reni spying inconspicuously on Keiren as he inspects some troops.","71":"Sequel to Unspoken Friendship: How Mike \u0026 Evals got Eric's father to buy them together","72":"Teenage Eric holding baby Kathrin","73":"Keith captured by Hippie Western Basitins","74":"Flora Dresses up as a pumpkin","75":"(Sequel to “autumn morning”) the bench breaks, causing Keith to fall on top of Natani","76":"King Adelaide as Wonder Woman","77":"Maeve making a cake for the Twokinds 14th anniversary","78":"The Masks possess some of the main cast and throw themselves a Halloween party!","79":"Natani sets up Zen and Kat on a date","80":"Ceiling Kat is watching you draw.","81":"Sequence of Clovis getting more curvy and feminine, but still trying to hide it."},"ExpectedBallots":97,"CountedBallots":97,"Ballots":["DNEJ","MPGOQCAND","ODFBHLG","GOFHJ","FBD","AJENO","QGKAMCDFBNEOJLHIP","JPE","MBQGK","PLCDJE","DIO","AHDNFCGP","MEC","IOEHDQF","MFO","OIJNL","QADPJFNMEO","BCILQ","OGHKBMCFEL","","CDIQKAPNLFEOGBMJH","QEJ","PEF","QKCBOIAPEHLGDNJFM","QCGIK","OPDHB","GMFBQAHCIONDPKLEJ","AELN","BJPCLD","KOQ","DIO","QP","HBPFC","OMHPN","QPEC","POACJQDG","KPCA","","GQH","QIP","IOABFMHC","DFB","FNDMPHGIBJLCEA","QBPGFCOHMEAK","GDQMHKCNI","GC","GQJPCOHB","ICHBLNEOKJQ","BQF","QEF","AKPBEHFJMQINGCOLD","QHMCL","OLEBHCMFQ","AFDINQ","GHPOMC","MHENDPOJIBL","GHCMA","OK","CLHMOFKQNGEPAIBJD","DCIHPAG","LBHCOKMQI","P","KIDNABLO","BGKDQ","EHI","QOCIGB","HGL","MJCAE","APJDBQCEFNOKMLGHI","IBKPOFG","FMNOLKG","PFM","GIOBN","LOBG","D","JBMDCEILAH","Q","NFHCDGP","LOBG","AQD","P","GHMK","I","KHO","HKP","GPOIBMCK","HMFBAG","JLE","","QIGAPFCDEBJMLOKHN","LB","BDIHAKLNPEGO","P","CODN","Q","MHQP","LJPECHKOFDAMQGNIB"],"Placements":[[{"Id":81,"V":15,"NV":15,"TB":0},{"Id":71,"V":11,"NV":11,"TB":0},{"Id":65,"V":7,"NV":7,"TB":0},{"Id":77,"V":7,"NV":7,"TB":0},{"Id":79,"V":7,"NV":7,"TB":0},{"Id":80,"V":7,"NV":7,"TB":0},{"Id":68,"V":6,"NV":6,"TB":0},{"Id":66,"V":5,"NV":5,"TB":0},{"Id":73,"V":5,"NV":5,"TB":0},{"Id":76,"V":5,"NV":5,"TB":0},{"Id":72,"V":4,"NV":4,"TB":0},{"Id":75,"V":4,"NV":4,"TB":0},{"Id":67,"V":3,"NV":3,"TB":0},{"Id":70,"V":3,"NV":3,"TB":0},{"Id":74,"V":3,"NV":3,"TB":0},{"Id":78,"V":1,"NV":1,"TB":0},{"Id":69,"V":1,"NV":1,"TB":2}],[{"Id":81,"V":15,"NV":0,"TB":0},{"Id":71,"V":11,"NV":0,"TB":0},{"Id":65,"V":7,"NV":0,"TB":0},{"Id":77,"V":7,"NV":0,"TB":0},{"Id":79,"V":7,"NV":0,"TB":0},{"Id":80,"V":7,"NV":0,"TB":0},{"Id":68,"V":6,"NV":0,"TB":0},{"Id":66,"V":5,"NV":0,"TB":0},{"Id":72,"V":5,"NV":1,"TB":0},{"Id":73,"V":5,"NV":0,"TB":0},{"Id":76,"V":5,"NV":0,"TB":0},{"Id":75,"V":4,"NV":0,"TB":0},{"Id":67,"V":3,"NV":0,"TB":0},{"Id":70,"V":3,"NV":0,"TB":0},{"Id":74,"V":3,"NV":0,"TB":0},{"Id":78,"V":1,"NV":0,"TB":0}],[{"Id":81,"V":15,"NV":0,"TB":0},{"Id":71,"V":11,"NV":0,"TB":0},{"Id":65,"V":7,"NV":0,"TB":0},{"Id":77,"V":7,"NV":0,"TB":0},{"Id":79,"V":7,"NV":0,"TB":0},{"Id":80,"V":7,"NV":0,"TB":0},{"Id":68,"V":6,"NV":0,"TB":0},{"Id":66,"V":5,"NV":0,"TB":0},{"Id":72,"V":5,"NV":0,"TB":0},{"Id":73,"V":5,"NV":0,"TB":0},{"Id":76,"V":5,"NV":0,"TB":0},{"Id":70,"V":4,"NV":1,"TB":0},{"Id":75,"V":4,"NV":0,"TB":0},{"Id":67,"V":3,"NV":0,"TB":0},{"Id":74,"V":3,"NV":0,"TB":1}],[{"Id":81,"V":15,"NV":0,"TB":0},{"Id":71,"V":11,"NV":0,"TB":0},{"Id":80,"V":8,"NV":1,"TB":0},{"Id":65,"V":7,"NV":0,"TB":0},{"Id":77,"V":7,"NV":0,"TB":0},{"Id":79,"V":7,"NV":0,"TB":0},{"Id":66,"V":6,"NV":1,"TB":0},{"Id":68,"V":6,"NV":0,"TB":0},{"Id":76,"V":6,"NV":1,"TB":0},{"Id":72,"V":5,"NV":0,"TB":0},{"Id":73,"V":5,"NV":0,"TB":0},{"Id":70,"V":4,"NV":0,"TB":0},{"Id":75,"V":4,"NV":0,"TB":0},{"Id":67,"V":3,"NV":0,"TB":0}],[{"Id":81,"V":15,"NV":0,"TB":0},{"Id":71,"V":11,"NV":0,"TB":0},{"Id":79,"V":8,"NV":1,"TB":0},{"Id":80,"V":8,"NV":0,"TB":0},{"Id":65,"V":7,"NV":0,"TB":0},{"Id":68,"V":7,"NV":1,"TB":0},{"Id":76,"V":7,"NV":1,"TB":0},{"Id":77,"V":7,"NV":0,"TB":0},{"Id":66,"V":6,"NV":0,"TB":0},{"Id":72,"V":5,"NV":0,"TB":0},{"Id":73,"V":5,"NV":0,"TB":0},{"Id":70,"V":4,"NV":0,"TB":0},{"Id":75,"V":4,"NV":0,"TB":1}],[{"Id":81,"V":15,"NV":0,"TB":0},{"Id":71,"V":11,"NV":0,"TB":0},{"Id":79,"V":9,"NV":1,"TB":0},{"Id":80,"V":9,"NV":1,"TB":0},{"Id":65,"V":7,"NV":0,"TB":0},{"Id":68,"V":7,"NV":0,"TB":0},{"Id":76,"V":7,"NV":0,"TB":0},{"Id":77,"V":7,"NV":0,"TB":0},{"Id":66,"V":6,"NV":0,"TB":0},{"Id":72,"V":6,"NV":1,"TB":0},{"Id":73,"V":6,"NV":1,"TB":0},{"Id":70,"V":4,"NV":0,"TB":0}],[{"Id":81,"V":15,"NV":0,"TB":0},{"Id":71,"V":11,"NV":0,"TB":0},{"Id":79,"V":9,"NV":0,"TB":0},{"Id":80,"V":9,"NV":0,"TB":0},{"Id":68,"V":8,"NV":1,"TB":0},{"Id":77,"V":8,"NV":1,"TB":0},{"Id":65,"V":7,"NV":0,"TB":0},{"Id":66,"V":7,"NV":1,"TB":0},{"Id":72,"V":7,"NV":1,"TB":0},{"Id":76,"V":7,"NV":0,"TB":0},{"Id":73,"V":6,"NV":0,"TB":0}],[{"Id":81,"V":15,"NV":0,"TB":0},{"Id":71,"V":11,"NV":0,"TB":0},{"Id":79,"V":11,"NV":2,"TB":0},{"Id":68,"V":9,"NV":1,"TB":0},{"Id":80,"V":9,"NV":0,"TB":0},{"Id":66,"V":8,"NV":1,"TB":0},{"Id":72,"V":8,"NV":1,"TB":0},{"Id":77,"V":8,"NV":0,"TB":0},{"Id":65,"V":7,"NV":0,"TB":0},{"Id":76,"V":7,"NV":0,"TB":1}],[{"Id":81,"V":15,"NV":0,"TB":0},{"Id":79,"V":13,"NV":2,"TB":0},{"Id":71,"V":11,"NV":0,"TB":0},{"Id":66,"V":10,"NV":2,"TB":0},{"Id":80,"V":10,"NV":1,"TB":0},{"Id":68,"V":9,"NV":0,"TB":0},{"Id":72,"V":9,"NV":1,"TB":0},{"Id":77,"V":8,"NV":0,"TB":0},{"Id":65,"V":7,"NV":0,"TB":0}],[{"Id":81,"V":16,"NV":1,"TB":0},{"Id":79,"V":14,"NV":1,"TB":0},{"Id":80,"V":12,"NV":2,"TB":0},{"Id":71,"V":11,"NV":0,"TB":0},{"Id":66,"V":10,"NV":0,"TB":0},{"Id":68,"V":10,"NV":1,"TB":0},{"Id":72,"V":10,"NV":1,"TB":0},{"Id":77,"V":8,"NV":0,"TB":0}],[{"Id":79,"V":16,"NV":2,"TB":0},{"Id":81,"V":16,"NV":0,"TB":0},{"Id":80,"V":13,"NV":1,"TB":0},{"Id":72,"V":12,"NV":2,"TB":0},{"Id":66,"V":11,"NV":1,"TB":0},{"Id":71,"V":11,"NV":0,"TB":0},{"Id":68,"V":10,"NV":0,"TB":0}],[{"Id":79,"V":18,"NV":2,"TB":0},{"Id":81,"V":18,"NV":2,"TB":0},{"Id":80,"V":14,"NV":1,"TB":0},{"Id":66,"V":13,"NV":2,"TB":0},{"Id":72,"V":13,"NV":1,"TB":0},{"Id":71,"V":11,"NV":0,"TB":0}],[{"Id":81,"V":21,"NV":3,"TB":0},{"Id":79,"V":20,"NV":2,"TB":0},{"Id":72,"V":16,"NV":3,"TB":0},{"Id":80,"V":15,"NV":1,"TB":0},{"Id":66,"V":14,"NV":1,"TB":0}],[{"Id":81,"V":26,"NV":5,"TB":0},{"Id":79,"V":21,"NV":1,"TB":0},{"Id":72,"V":19,"NV":3,"TB":0},{"Id":80,"V":17,"NV":2,"TB":0}],[{"Id":81,"V":27,"NV":1,"TB":0},{"Id":79,"V":25,"NV":4,"TB":0},{"Id":72,"V":22,"NV":3,"TB":0}],[{"Id":79,"V":33,"NV":8,"TB":0},{"Id":81,"V":29,"NV":2,"TB":0}],[{"Id":79,"V":44,"NV":11,"TB":0}]],"Expires":1508199283,"SecondsLeft":0}