{"Mtype":"results","Title":"Round 1, FIGHT","PollStarted":"2017-05-14T19:59:27.43687332Z","PollDuration":240000000000,"Options":{"65":"Laura and Kieth trade places during their first meeting.","66":"An excited Rose helping Raine get dressed for a ball. ","67":"Maren's magic Brush of Floofication","68":"Natani watching over a sleeping Keith.","69":"Trace dressed the Hero from Dragon Quest VI saving Flora from the series' mascot 5 Slimes commanded by a King Slime","70":"Raine and Red riding a motorcycle with Nibbly hanging on Raine's tail for her life!","71":"Ms. Nibbly sleeping on Karen's face like a kitten","72":"♂ to ♀ Lineup B","73":"Tiger Trace character reference","74":"Roselyn when she was pregnant with [Database error] during April Fools comic","75":"Raine bending lightning (like from Avatar: The Last Airbender)","76":"\"Tech kitties\" performed by Kat and Flora."},"ExpectedBallots":132,"CountedBallots":131,"Ballots":["LKE","JHACFLI","GLBK","EILHG","LAD","BFKIAECLJHDG","D","CIGAH","LC","E","HDFABCLGKJIE","FGB","FLGHIJCBEAKD","LIDJEGCHBAFK","FGLBKCAED","HCALJIEFBKGD","HFDBKLAGIJC","HJADBKCIGFLE","FDBKJ","AHILGF","BHDJC","GFBD","JDK","KIFALHDG","CJIH","AKILHBD","DBHGCL","JGFHKIBCDAEL","FJBDKAGIHLCE","DK","BGKDAHCILFJE","FEKGA","CBD","BLDGKACHI","CDBHJGLFEKAI","HJ","BHLDICEJAGKF","HKB","AGBJHIDLFCEK","IJHBCGDELFAK","LC","JBFLDHCKIGAE","HCBILADJEGFK","FCDBJGK","BHCLDKIAG","JBGACFLI","BDJALCFKGEHI","LDA","DHKCLAB","DHKFB","KJFBDHGAECIL","KHFADJBCLIGE","AHKGFCEIBLDJ","HDIG","GFLJB","HCIBLGFDKAJE","HGBLKDFA","EILAF","LCDBHI","DGIFKCAHLJBE","C","HELDJACGBIFK","HLIBJGCAKDFE","LHIECGJFKBAD","HDBJGL","H","CKJDBEFLGAHI","BDJKLHCGFAIE","GFCA","LEFBKG","F","D","LHDICGJFKEAB","F","LKFH","ALCH","CFAGBLD","KHF","LBIJ","DHIFLJCBGAKE","GC","CHBF","LFKGDCE","LKGFJCAHDIBE","HADLB","JLIBF","DHB","HEAKJICBGL","KHB","BKF","JHLC","GCH","KLGBFAHCI","AG","BKF","BKJHF","HIJACDBGLKFE","KBFC","HI","I","DLGBCHFEJKAI","HLFGI","LFDHBAGCJIKE","I","HJB","HB","GKJBDCFL","DAHKEBJCGLIF","FBJCAGKHDEI","LDFB","DBKFLHGJI","LGFBC","DCGBALIH","HDGFCBLJEKIA","ILGJ","","ADEIL","KDAHI","I","JCAGFBLKIDE","HBIADCFGLEKJ","FD","FGBLIAEKC","DGILC","LDHBIA","","","LA","F","LGDHEACBJIKF","F"],"Placements":[[{"Id":72,"V":23,"NV":23,"TB":0},{"Id":76,"V":20,"NV":20,"TB":0},{"Id":68,"V":14,"NV":14,"TB":0},{"Id":70,"V":14,"NV":14,"TB":0},{"Id":66,"V":11,"NV":11,"TB":0},{"Id":67,"V":8,"NV":8,"TB":0},{"Id":74,"V":8,"NV":8,"TB":0},{"Id":75,"V":8,"NV":8,"TB":0},{"Id":65,"V":7,"NV":7,"TB":0},{"Id":71,"V":7,"NV":7,"TB":0},{"Id":73,"V":5,"NV":5,"TB":0},{"Id":69,"V":3,"NV":3,"TB":0}],[{"Id":72,"V":23,"NV":0,"TB":0},{"Id":76,"V":20,"NV":0,"TB":0},{"Id":68,"V":14,"NV":0,"TB":0},{"Id":70,"V":14,"NV":0,"TB":0},{"Id":66,"V":11,"NV":0,"TB":0},{"Id":67,"V":8,"NV":0,"TB":0},{"Id":74,"V":8,"NV":0,"TB":0},{"Id":75,"V":8,"NV":0,"TB":0},{"Id":65,"V":7,"NV":0,"TB":0},{"Id":71,"V":7,"NV":0,"TB":0},{"Id":73,"V":7,"NV":2,"TB":1}],[{"Id":72,"V":23,"NV":0,"TB":0},{"Id":76,"V":23,"NV":3,"TB":0},{"Id":68,"V":14,"NV":0,"TB":0},{"Id":70,"V":14,"NV":0,"TB":0},{"Id":66,"V":11,"NV":0,"TB":0},{"Id":74,"V":9,"NV":1,"TB":0},{"Id":67,"V":8,"NV":0,"TB":0},{"Id":75,"V":8,"NV":0,"TB":0},{"Id":65,"V":7,"NV":0,"TB":0},{"Id":71,"V":7,"NV":0,"TB":1}],[{"Id":76,"V":24,"NV":1,"TB":0},{"Id":72,"V":23,"NV":0,"TB":0},{"Id":70,"V":17,"NV":3,"TB":0},{"Id":68,"V":14,"NV":0,"TB":0},{"Id":66,"V":11,"NV":0,"TB":0},{"Id":67,"V":10,"NV":2,"TB":0},{"Id":74,"V":9,"NV":0,"TB":0},{"Id":75,"V":9,"NV":1,"TB":0},{"Id":65,"V":7,"NV":0,"TB":0}],[{"Id":72,"V":25,"NV":2,"TB":0},{"Id":76,"V":25,"NV":1,"TB":0},{"Id":70,"V":17,"NV":0,"TB":0},{"Id":68,"V":15,"NV":1,"TB":0},{"Id":66,"V":12,"NV":1,"TB":0},{"Id":67,"V":10,"NV":0,"TB":0},{"Id":75,"V":10,"NV":1,"TB":0},{"Id":74,"V":9,"NV":0,"TB":0}],[{"Id":72,"V":28,"NV":3,"TB":0},{"Id":76,"V":26,"NV":1,"TB":0},{"Id":70,"V":18,"NV":1,"TB":0},{"Id":68,"V":16,"NV":1,"TB":0},{"Id":66,"V":14,"NV":2,"TB":0},{"Id":67,"V":11,"NV":1,"TB":0},{"Id":75,"V":10,"NV":0,"TB":0}],[{"Id":72,"V":31,"NV":3,"TB":0},{"Id":76,"V":28,"NV":2,"TB":0},{"Id":70,"V":20,"NV":2,"TB":0},{"Id":68,"V":17,"NV":1,"TB":0},{"Id":66,"V":16,"NV":2,"TB":0},{"Id":67,"V":11,"NV":0,"TB":0}],[{"Id":72,"V":35,"NV":4,"TB":0},{"Id":76,"V":28,"NV":0,"TB":0},{"Id":70,"V":22,"NV":2,"TB":0},{"Id":68,"V":19,"NV":2,"TB":0},{"Id":66,"V":17,"NV":1,"TB":0}],[{"Id":72,"V":40,"NV":5,"TB":0},{"Id":76,"V":29,"NV":1,"TB":0},{"Id":70,"V":28,"NV":6,"TB":0},{"Id":68,"V":24,"NV":5,"TB":0}],[{"Id":72,"V":49,"NV":9,"TB":0},{"Id":76,"V":35,"NV":6,"TB":0},{"Id":70,"V":32,"NV":4,"TB":0}],[{"Id":72,"V":54,"NV":5,"TB":0},{"Id":76,"V":48,"NV":13,"TB":0}],[{"Id":72,"V":78,"NV":24,"TB":0}]],"Expires":1494792456,"SecondsLeft":0}