{"Mtype":"results","Title":"Round 5","PollStarted":"2017-05-15T00:30:28.95743812Z","PollDuration":300000000000,"Options":{"65":"Zen and genderswapped Natani compare figures.","66":"Murder Investigation: Who Killed Prince(ss) Clovis?","67":"Mike and Evals: Childhood Friends","68":"Raine and Ember Book Club (Raine sharing books with Ember from Bloodline)","69":"Keith \u0026 Alaric obstacle course/capture the flag.","70":"Sythe Without his Ponytail","71":"Drunk Natani and Keith embarrassed themselves. ","72":"A noire scene with either Keith and Natani or Trace and Flora. ","73":"Alaric and Keith sparring together ","74":"Adrakist Trace and humanoid Nora at a party","75":"Reni in a flower field."},"ExpectedBallots":73,"CountedBallots":73,"Ballots":["JGBHEC","AD","GJEIACBDKFH","AGBF","JAGHICEKDFB","GBKFHDAJECI","I","GAEIHCJBKFD","FCID","AGCEI","GJBEACHKIFD","AJCGEIBDKFH","CG","GJHKIEAFCDB","GHFB","JACGKIHEFDB","CFDBIA","GAHCIEK","JGB","ICJGF","GACB","FGAKECBIH","DHB","GIHEA","KCAFDGI","KDBEJC","DGBA","JKCDIABGHEF","BGID","CGFAEJBIHKD","JKHGBDAICFE","DKB","GIEHABJFCK","DGHBKCIFAJE","GIAHEFDKCBJ","B","JADFHGCBIEK","IAGEC","HKJ","GADBHKFJCIE","HICEFJB","GFABCHJKED","JGEHKICBADF","GCIDHBE","JDAGE","DHIBEKAJCF","G","GHJIDCAEBKF","KBCAG","JDFEKICGBHA","GDKJAHBEFI","GHIEAJFC","JBKFGC","AJEHGBCIDFK","BJCIK","JKAEGICBFHD","DCFAGBEKHJ","BGCD","BGD","ID","BKDFHJCEGAI","JBGCFEKIHAD","CHBA","GC","AGICBFE","ACHBEIGK","CHJI","GK","CAIGJFKEDHB","BGD","CIJEKFABHDG","HJCIEBK","B"],"Placements":[[{"Id":71,"V":20,"NV":20,"TB":0},{"Id":74,"V":13,"NV":13,"TB":0},{"Id":66,"V":8,"NV":8,"TB":0},{"Id":65,"V":7,"NV":7,"TB":0},{"Id":67,"V":7,"NV":7,"TB":0},{"Id":68,"V":6,"NV":6,"TB":0},{"Id":73,"V":4,"NV":4,"TB":0},{"Id":72,"V":3,"NV":3,"TB":0},{"Id":75,"V":3,"NV":3,"TB":0},{"Id":70,"V":2,"NV":2,"TB":0},{"Id":69,"V":0,"NV":0,"TB":0}],[{"Id":71,"V":20,"NV":0,"TB":0},{"Id":74,"V":13,"NV":0,"TB":0},{"Id":66,"V":8,"NV":0,"TB":0},{"Id":65,"V":7,"NV":0,"TB":0},{"Id":67,"V":7,"NV":0,"TB":0},{"Id":68,"V":6,"NV":0,"TB":0},{"Id":73,"V":4,"NV":0,"TB":0},{"Id":72,"V":3,"NV":0,"TB":0},{"Id":75,"V":3,"NV":0,"TB":0},{"Id":70,"V":2,"NV":0,"TB":0}],[{"Id":71,"V":21,"NV":1,"TB":0},{"Id":74,"V":13,"NV":0,"TB":0},{"Id":66,"V":8,"NV":0,"TB":0},{"Id":67,"V":8,"NV":1,"TB":0},{"Id":65,"V":7,"NV":0,"TB":0},{"Id":68,"V":6,"NV":0,"TB":0},{"Id":73,"V":4,"NV":0,"TB":0},{"Id":75,"V":3,"NV":0,"TB":0},{"Id":72,"V":3,"NV":0,"TB":2}],[{"Id":71,"V":21,"NV":0,"TB":0},{"Id":74,"V":14,"NV":1,"TB":0},{"Id":66,"V":8,"NV":0,"TB":0},{"Id":67,"V":8,"NV":0,"TB":0},{"Id":65,"V":7,"NV":0,"TB":0},{"Id":68,"V":6,"NV":0,"TB":0},{"Id":73,"V":5,"NV":1,"TB":0},{"Id":75,"V":4,"NV":1,"TB":0}],[{"Id":71,"V":21,"NV":0,"TB":0},{"Id":74,"V":15,"NV":1,"TB":0},{"Id":66,"V":9,"NV":1,"TB":0},{"Id":67,"V":9,"NV":1,"TB":0},{"Id":65,"V":7,"NV":0,"TB":0},{"Id":68,"V":7,"NV":1,"TB":0},{"Id":73,"V":5,"NV":0,"TB":0}],[{"Id":71,"V":21,"NV":0,"TB":0},{"Id":74,"V":15,"NV":0,"TB":0},{"Id":67,"V":11,"NV":2,"TB":0},{"Id":66,"V":9,"NV":0,"TB":0},{"Id":68,"V":8,"NV":1,"TB":0},{"Id":65,"V":8,"NV":1,"TB":2}],[{"Id":71,"V":25,"NV":4,"TB":0},{"Id":74,"V":17,"NV":2,"TB":0},{"Id":67,"V":12,"NV":1,"TB":0},{"Id":68,"V":9,"NV":1,"TB":0},{"Id":66,"V":9,"NV":0,"TB":2}],[{"Id":71,"V":29,"NV":4,"TB":0},{"Id":74,"V":18,"NV":1,"TB":0},{"Id":67,"V":13,"NV":1,"TB":0},{"Id":68,"V":10,"NV":1,"TB":0}],[{"Id":71,"V":31,"NV":2,"TB":0},{"Id":74,"V":21,"NV":3,"TB":0},{"Id":67,"V":14,"NV":1,"TB":0}],[{"Id":71,"V":38,"NV":7,"TB":0},{"Id":74,"V":25,"NV":4,"TB":0}],[{"Id":71,"V":56,"NV":18,"TB":0}]],"Expires":1494808834,"SecondsLeft":0}