{
    "Mtype": "results",
    "Title": "AAAAAAAAAAAAAHHH",
    "PollStarted": "2017-04-10T02:17:30.915416832Z",
    "PollDuration": 180000000000,
    "Options": {
        "100": "Trace \u0026 Eric Money Fight!",
        "101": "Flora Zora transformation (Zelda botw)",
        "102": "Keith meet Alaric for the first time. Something from their early childhood or first training days",
        "103": "Maddie and Maeve Easter Egg hunt",
        "104": "Jedi Master Raine",
        "105": "Natani in Titan form (Attack on Titan)",
        "106": "Pirate Mike and Evals ship sinking",
        "107": "Trace having accidentally turned himself and Flora into Merfolk.",
        "108": "Flora letting Maeve listen to and feel her active unborn baby",
        "109": "Lynn/Sealeen date",
        "110": "Kathrin teaches Natani how to cook (for Keith)",
        "111": "Voluptuous Kat",
        "112": "keidranification: Maren the Kitty!",
        "113": "Maeve dressed as Freya from Final Fantasy 9",
        "114": "Humanoid Nora dragging Adrakist trace to a party type situation",
        "115": "Lieutenant Daniels being dragged to Shephard Square by his tiger friend",
        "116": "Keidranized Nibbly boops Scythe with her nose against his",
        "117": "Keith as Raiden and/or Zen as Jetstream Sam (Metal Gear Rising)",
        "118": "Characters dressed in merchandise from universities they're the mascot of - Flora would be princeton, Nora would be drexel, etc",
        "119": "Trace finishes his transformation into a dragon, much to Lady Nora's enjoyment.",
        "120": "Terminator Trace",
        "121": "Tigress Trace smirking at Vixen Eric",
        "97": "Kat meets Zen",
        "98": "Maren opens a beauty saloon for Keidran, with Kathrin trying to get Natani groomed.",
        "99": "Messenger Lynn as Phoenix Wright (Ace Attorney)"
    },
    "ExpectedBallots": 66,
    "CountedBallots": 66,
    "Ballots": [
        "uapb",
        "f",
        "ldgjewkhpfvctubyraosqxni",
        "bhwnaoiytmksguvlfrceqxdpj",
        "fmgjlr",
        "tohxnliypajmkvrsqwfdgbceu",
        "drltjf",
        "tpabofymrnghcewusxdjlqvki",
        "ablgrpji",
        "rwkoie",
        "ysrwptaq",
        "rw",
        "w",
        "wibngosjrltf",
        "fiujnavopm",
        "oltyrmwsdaj",
        "dabe",
        "wyoprktjbuaglfnqeimsdvxch",
        "eksdbjmpaltvqnuwcyrhogixf",
        "w",
        "ybgpswtrnqkamolfjhxeudivc",
        "mcfpdts",
        "lagpwois",
        "elbokhdrtaqgnwuvjypifxmsc",
        "l",
        "itowysrp",
        "fmhadcosjrbxnwuviklpegtyq",
        "wrok",
        "msbgxpjdua",
        "tpaoeiugrwscdbjqyfvnlmxhk",
        "mjpgk",
        "twrjyox",
        "lxd",
        "c",
        "oewipvytausngrmxblhdcjfqk",
        "gwslmocte",
        "shnawrbtfj",
        "oymikqhwvnrtafxjsucpbgedl",
        "lfskpnywgbdmatr",
        "bptajdmxsf",
        "nbtphsamlyig",
        "pkwjr",
        "sb",
        "klgfrwpamsbo",
        "wrlmgyfps",
        "onbpkmdctlajyhgxfvu",
        "ofura",
        "cdpmsqkwxf",
        "ysrkptgewxldmbvo",
        "mcpgdabfstkynxjlrw",
        "jkqufcdwyp",
        "aysqhbj",
        "spmbgcqy",
        "gdpj",
        "yjwbsgmnpioaedfkchluvqxr",
        "asnr",
        "hw",
        "u",
        "ot",
        "dpwtsnyjfmcaoxhrkiuvqlbeg",
        "hbtpnasj",
        "",
        "btnmjos",
        "",
        "lkb",
        "hbnygpvwltosfdiram"
    ],
    "Placements": [
        [
            {
                "Id": 108,
                "V": 6,
                "NV": 6,
                "TB": 0
            },
            {
                "Id": 111,
                "V": 6,
                "NV": 6,
                "TB": 0
            },
            {
                "Id": 119,
                "V": 6,
                "NV": 6,
                "TB": 0
            },
            {
                "Id": 102,
                "V": 4,
                "NV": 4,
                "TB": 0
            },
            {
                "Id": 109,
                "V": 4,
                "NV": 4,
                "TB": 0
            },
            {
                "Id": 116,
                "V": 4,
                "NV": 4,
                "TB": 0
            },
            {
                "Id": 121,
                "V": 4,
                "NV": 4,
                "TB": 0
            },
            {
                "Id": 97,
                "V": 3,
                "NV": 3,
                "TB": 0
            },
            {
                "Id": 98,
                "V": 3,
                "NV": 3,
                "TB": 0
            },
            {
                "Id": 100,
                "V": 3,
                "NV": 3,
                "TB": 0
            },
            {
                "Id": 104,
                "V": 3,
                "NV": 3,
                "TB": 0
            },
            {
                "Id": 115,
                "V": 3,
                "NV": 3,
                "TB": 0
            },
            {
                "Id": 99,
                "V": 2,
                "NV": 2,
                "TB": 0
            },
            {
                "Id": 101,
                "V": 2,
                "NV": 2,
                "TB": 0
            },
            {
                "Id": 103,
                "V": 2,
                "NV": 2,
                "TB": 0
            },
            {
                "Id": 114,
                "V": 2,
                "NV": 2,
                "TB": 0
            },
            {
                "Id": 117,
                "V": 2,
                "NV": 2,
                "TB": 0
            },
            {
                "Id": 105,
                "V": 1,
                "NV": 1,
                "TB": 0
            },
            {
                "Id": 106,
                "V": 1,
                "NV": 1,
                "TB": 0
            },
            {
                "Id": 107,
                "V": 1,
                "NV": 1,
                "TB": 0
            },
            {
                "Id": 110,
                "V": 1,
                "NV": 1,
                "TB": 0
            },
            {
                "Id": 112,
                "V": 1,
                "NV": 1,
                "TB": 0
            },
            {
                "Id": 118,
                "V": 0,
                "NV": 0,
                "TB": 0
            },
            {
                "Id": 120,
                "V": 0,
                "NV": 0,
                "TB": 0
            },
            {
                "Id": 113,
                "V": 0,
                "NV": 0,
                "TB": 3
            }
        ],
        [
            {
                "Id": 108,
                "V": 6,
                "NV": 0,
                "TB": 0
            },
            {
                "Id": 111,
                "V": 6,
                "NV": 0,
                "TB": 0
            },
            {
                "Id": 119,
                "V": 6,
                "NV": 0,
                "TB": 0
            },
            {
                "Id": 102,
                "V": 4,
                "NV": 0,
                "TB": 0
            },
            {
                "Id": 109,
                "V": 4,
                "NV": 0,
                "TB": 0
            },
            {
                "Id": 116,
                "V": 4,
                "NV": 0,
                "TB": 0
            },
            {
                "Id": 121,
                "V": 4,
                "NV": 0,
                "TB": 0
            },
            {
                "Id": 97,
                "V": 3,
                "NV": 0,
                "TB": 0
            },
            {
                "Id": 98,
                "V": 3,
                "NV": 0,
                "TB": 0
            },
            {
                "Id": 100,
                "V": 3,
                "NV": 0,
                "TB": 0
            },
            {
                "Id": 104,
                "V": 3,
                "NV": 0,
                "TB": 0
            },
            {
                "Id": 115,
                "V": 3,
                "NV": 0,
                "TB": 0
            },
            {
                "Id": 99,
                "V": 2,
                "NV": 0,
                "TB": 0
            },
            {
                "Id": 101,
                "V": 2,
                "NV": 0,
                "TB": 0
            },
            {
                "Id": 103,
                "V": 2,
                "NV": 0,
                "TB": 0
            },
            {
                "Id": 114,
                "V": 2,
                "NV": 0,
                "TB": 0
            },
            {
                "Id": 117,
                "V": 2,
                "NV": 0,
                "TB": 0
            },
            {
                "Id": 105,
                "V": 1,
                "NV": 0,
                "TB": 0
            },
            {
                "Id": 106,
                "V": 1,
                "NV": 0,
                "TB": 0
            },
            {
                "Id": 107,
                "V": 1,
                "NV": 0,
                "TB": 0
            },
            {
                "Id": 110,
                "V": 1,
                "NV": 0,
                "TB": 0
            },
            {
                "Id": 112,
                "V": 1,
                "NV": 0,
                "TB": 0
            },
            {
                "Id": 118,
                "V": 0,
                "NV": 0,
                "TB": 0
            },
            {
                "Id": 120,
                "V": 0,
                "NV": 0,
                "TB": 1
            }
        ],
        [
            {
                "Id": 108,
                "V": 6,
                "NV": 0,
                "TB": 0
            },
            {
                "Id": 111,
                "V": 6,
                "NV": 0,
                "TB": 0
            },
            {
                "Id": 119,
                "V": 6,
                "NV": 0,
                "TB": 0
            },
            {
                "Id": 102,
                "V": 4,
                "NV": 0,
                "TB": 0
            },
            {
                "Id": 109,
                "V": 4,
                "NV": 0,
                "TB": 0
            },
            {
                "Id": 116,
                "V": 4,
                "NV": 0,
                "TB": 0
            },
            {
                "Id": 121,
                "V": 4,
                "NV": 0,
                "TB": 0
            },
            {
                "Id": 97,
                "V": 3,
                "NV": 0,
                "TB": 0
            },
            {
                "Id": 98,
                "V": 3,
                "NV": 0,
                "TB": 0
            },
            {
                "Id": 100,
                "V": 3,
                "NV": 0,
                "TB": 0
            },
            {
                "Id": 104,
                "V": 3,
                "NV": 0,
                "TB": 0
            },
            {
                "Id": 115,
                "V": 3,
                "NV": 0,
                "TB": 0
            },
            {
                "Id": 99,
                "V": 2,
                "NV": 0,
                "TB": 0
            },
            {
                "Id": 101,
                "V": 2,
                "NV": 0,
                "TB": 0
            },
            {
                "Id": 103,
                "V": 2,
                "NV": 0,
                "TB": 0
            },
            {
                "Id": 114,
                "V": 2,
                "NV": 0,
                "TB": 0
            },
            {
                "Id": 117,
                "V": 2,
                "NV": 0,
                "TB": 0
            },
            {
                "Id": 105,
                "V": 1,
                "NV": 0,
                "TB": 0
            },
            {
                "Id": 106,
                "V": 1,
                "NV": 0,
                "TB": 0
            },
            {
                "Id": 107,
                "V": 1,
                "NV": 0,
                "TB": 0
            },
            {
                "Id": 110,
                "V": 1,
                "NV": 0,
                "TB": 0
            },
            {
                "Id": 112,
                "V": 1,
                "NV": 0,
                "TB": 0
            },
            {
                "Id": 118,
                "V": 0,
                "NV": 0,
                "TB": 0
            }
        ],
        [
            {
                "Id": 108,
                "V": 6,
                "NV": 0,
                "TB": 0
            },
            {
                "Id": 111,
                "V": 6,
                "NV": 0,
                "TB": 0
            },
            {
                "Id": 119,
                "V": 6,
                "NV": 0,
                "TB": 0
            },
            {
                "Id": 102,
                "V": 4,
                "NV": 0,
                "TB": 0
            },
            {
                "Id": 109,
                "V": 4,
                "NV": 0,
                "TB": 0
            },
            {
                "Id": 116,
                "V": 4,
                "NV": 0,
                "TB": 0
            },
            {
                "Id": 121,
                "V": 4,
                "NV": 0,
                "TB": 0
            },
            {
                "Id": 97,
                "V": 3,
                "NV": 0,
                "TB": 0
            },
            {
                "Id": 98,
                "V": 3,
                "NV": 0,
                "TB": 0
            },
            {
                "Id": 100,
                "V": 3,
                "NV": 0,
                "TB": 0
            },
            {
                "Id": 104,
                "V": 3,
                "NV": 0,
                "TB": 0
            },
            {
                "Id": 115,
                "V": 3,
                "NV": 0,
                "TB": 0
            },
            {
                "Id": 99,
                "V": 2,
                "NV": 0,
                "TB": 0
            },
            {
                "Id": 101,
                "V": 2,
                "NV": 0,
                "TB": 0
            },
            {
                "Id": 103,
                "V": 2,
                "NV": 0,
                "TB": 0
            },
            {
                "Id": 114,
                "V": 2,
                "NV": 0,
                "TB": 0
            },
            {
                "Id": 117,
                "V": 2,
                "NV": 0,
                "TB": 0
            },
            {
                "Id": 105,
                "V": 1,
                "NV": 0,
                "TB": 0
            },
            {
                "Id": 106,
                "V": 1,
                "NV": 0,
                "TB": 0
            },
            {
                "Id": 107,
                "V": 1,
                "NV": 0,
                "TB": 0
            },
            {
                "Id": 112,
                "V": 1,
                "NV": 0,
                "TB": 0
            },
            {
                "Id": 110,
                "V": 1,
                "NV": 0,
                "TB": 2
            }
        ],
        [
            {
                "Id": 108,
                "V": 6,
                "NV": 0,
                "TB": 0
            },
            {
                "Id": 111,
                "V": 6,
                "NV": 0,
                "TB": 0
            },
            {
                "Id": 119,
                "V": 6,
                "NV": 0,
                "TB": 0
            },
            {
                "Id": 98,
                "V": 4,
                "NV": 1,
                "TB": 0
            },
            {
                "Id": 102,
                "V": 4,
                "NV": 0,
                "TB": 0
            },
            {
                "Id": 109,
                "V": 4,
                "NV": 0,
                "TB": 0
            },
            {
                "Id": 116,
                "V": 4,
                "NV": 0,
                "TB": 0
            },
            {
                "Id": 121,
                "V": 4,
                "NV": 0,
                "TB": 0
            },
            {
                "Id": 97,
                "V": 3,
                "NV": 0,
                "TB": 0
            },
            {
                "Id": 100,
                "V": 3,
                "NV": 0,
                "TB": 0
            },
            {
                "Id": 104,
                "V": 3,
                "NV": 0,
                "TB": 0
            },
            {
                "Id": 115,
                "V": 3,
                "NV": 0,
                "TB": 0
            },
            {
                "Id": 99,
                "V": 2,
                "NV": 0,
                "TB": 0
            },
            {
                "Id": 101,
                "V": 2,
                "NV": 0,
                "TB": 0
            },
            {
                "Id": 103,
                "V": 2,
                "NV": 0,
                "TB": 0
            },
            {
                "Id": 114,
                "V": 2,
                "NV": 0,
                "TB": 0
            },
            {
                "Id": 117,
                "V": 2,
                "NV": 0,
                "TB": 0
            },
            {
                "Id": 106,
                "V": 1,
                "NV": 0,
                "TB": 0
            },
            {
                "Id": 107,
                "V": 1,
                "NV": 0,
                "TB": 0
            },
            {
                "Id": 112,
                "V": 1,
                "NV": 0,
                "TB": 0
            },
            {
                "Id": 105,
                "V": 1,
                "NV": 0,
                "TB": 4
            }
        ],
        [
            {
                "Id": 108,
                "V": 6,
                "NV": 0,
                "TB": 0
            },
            {
                "Id": 111,
                "V": 6,
                "NV": 0,
                "TB": 0
            },
            {
                "Id": 119,
                "V": 6,
                "NV": 0,
                "TB": 0
            },
            {
                "Id": 116,
                "V": 5,
                "NV": 1,
                "TB": 0
            },
            {
                "Id": 98,
                "V": 4,
                "NV": 0,
                "TB": 0
            },
            {
                "Id": 102,
                "V": 4,
                "NV": 0,
                "TB": 0
            },
            {
                "Id": 109,
                "V": 4,
                "NV": 0,
                "TB": 0
            },
            {
                "Id": 121,
                "V": 4,
                "NV": 0,
                "TB": 0
            },
            {
                "Id": 97,
                "V": 3,
                "NV": 0,
                "TB": 0
            },
            {
                "Id": 100,
                "V": 3,
                "NV": 0,
                "TB": 0
            },
            {
                "Id": 104,
                "V": 3,
                "NV": 0,
                "TB": 0
            },
            {
                "Id": 115,
                "V": 3,
                "NV": 0,
                "TB": 0
            },
            {
                "Id": 99,
                "V": 2,
                "NV": 0,
                "TB": 0
            },
            {
                "Id": 101,
                "V": 2,
                "NV": 0,
                "TB": 0
            },
            {
                "Id": 103,
                "V": 2,
                "NV": 0,
                "TB": 0
            },
            {
                "Id": 114,
                "V": 2,
                "NV": 0,
                "TB": 0
            },
            {
                "Id": 117,
                "V": 2,
                "NV": 0,
                "TB": 0
            },
            {
                "Id": 106,
                "V": 1,
                "NV": 0,
                "TB": 0
            },
            {
                "Id": 112,
                "V": 1,
                "NV": 0,
                "TB": 0
            },
            {
                "Id": 107,
                "V": 1,
                "NV": 0,
                "TB": 2
            }
        ],
        [
            {
                "Id": 108,
                "V": 7,
                "NV": 1,
                "TB": 0
            },
            {
                "Id": 111,
                "V": 6,
                "NV": 0,
                "TB": 0
            },
            {
                "Id": 119,
                "V": 6,
                "NV": 0,
                "TB": 0
            },
            {
                "Id": 116,
                "V": 5,
                "NV": 0,
                "TB": 0
            },
            {
                "Id": 98,
                "V": 4,
                "NV": 0,
                "TB": 0
            },
            {
                "Id": 102,
                "V": 4,
                "NV": 0,
                "TB": 0
            },
            {
                "Id": 109,
                "V": 4,
                "NV": 0,
                "TB": 0
            },
            {
                "Id": 121,
                "V": 4,
                "NV": 0,
                "TB": 0
            },
            {
                "Id": 97,
                "V": 3,
                "NV": 0,
                "TB": 0
            },
            {
                "Id": 100,
                "V": 3,
                "NV": 0,
                "TB": 0
            },
            {
                "Id": 104,
                "V": 3,
                "NV": 0,
                "TB": 0
            },
            {
                "Id": 115,
                "V": 3,
                "NV": 0,
                "TB": 0
            },
            {
                "Id": 99,
                "V": 2,
                "NV": 0,
                "TB": 0
            },
            {
                "Id": 101,
                "V": 2,
                "NV": 0,
                "TB": 0
            },
            {
                "Id": 103,
                "V": 2,
                "NV": 0,
                "TB": 0
            },
            {
                "Id": 114,
                "V": 2,
                "NV": 0,
                "TB": 0
            },
            {
                "Id": 117,
                "V": 2,
                "NV": 0,
                "TB": 0
            },
            {
                "Id": 112,
                "V": 1,
                "NV": 0,
                "TB": 0
            },
            {
                "Id": 106,
                "V": 1,
                "NV": 0,
                "TB": 2
            }
        ],
        [
            {
                "Id": 108,
                "V": 7,
                "NV": 0,
                "TB": 0
            },
            {
                "Id": 111,
                "V": 6,
                "NV": 0,
                "TB": 0
            },
            {
                "Id": 119,
                "V": 6,
                "NV": 0,
                "TB": 0
            },
            {
                "Id": 116,
                "V": 5,
                "NV": 0,
                "TB": 0
            },
            {
                "Id": 98,
                "V": 4,
                "NV": 0,
                "TB": 0
            },
            {
                "Id": 102,
                "V": 4,
                "NV": 0,
                "TB": 0
            },
            {
                "Id": 109,
                "V": 4,
                "NV": 0,
                "TB": 0
            },
            {
                "Id": 121,
                "V": 4,
                "NV": 0,
                "TB": 0
            },
            {
                "Id": 97,
                "V": 3,
                "NV": 0,
                "TB": 0
            },
            {
                "Id": 100,
                "V": 3,
                "NV": 0,
                "TB": 0
            },
            {
                "Id": 104,
                "V": 3,
                "NV": 0,
                "TB": 0
            },
            {
                "Id": 115,
                "V": 3,
                "NV": 0,
                "TB": 0
            },
            {
                "Id": 117,
                "V": 3,
                "NV": 1,
                "TB": 0
            },
            {
                "Id": 99,
                "V": 2,
                "NV": 0,
                "TB": 0
            },
            {
                "Id": 101,
                "V": 2,
                "NV": 0,
                "TB": 0
            },
            {
                "Id": 103,
                "V": 2,
                "NV": 0,
                "TB": 0
            },
            {
                "Id": 114,
                "V": 2,
                "NV": 0,
                "TB": 0
            },
            {
                "Id": 112,
                "V": 1,
                "NV": 0,
                "TB": 0
            }
        ],
        [
            {
                "Id": 108,
                "V": 7,
                "NV": 0,
                "TB": 0
            },
            {
                "Id": 119,
                "V": 7,
                "NV": 1,
                "TB": 0
            },
            {
                "Id": 111,
                "V": 6,
                "NV": 0,
                "TB": 0
            },
            {
                "Id": 116,
                "V": 5,
                "NV": 0,
                "TB": 0
            },
            {
                "Id": 98,
                "V": 4,
                "NV": 0,
                "TB": 0
            },
            {
                "Id": 102,
                "V": 4,
                "NV": 0,
                "TB": 0
            },
            {
                "Id": 109,
                "V": 4,
                "NV": 0,
                "TB": 0
            },
            {
                "Id": 121,
                "V": 4,
                "NV": 0,
                "TB": 0
            },
            {
                "Id": 97,
                "V": 3,
                "NV": 0,
                "TB": 0
            },
            {
                "Id": 100,
                "V": 3,
                "NV": 0,
                "TB": 0
            },
            {
                "Id": 104,
                "V": 3,
                "NV": 0,
                "TB": 0
            },
            {
                "Id": 115,
                "V": 3,
                "NV": 0,
                "TB": 0
            },
            {
                "Id": 117,
                "V": 3,
                "NV": 0,
                "TB": 0
            },
            {
                "Id": 99,
                "V": 2,
                "NV": 0,
                "TB": 0
            },
            {
                "Id": 103,
                "V": 2,
                "NV": 0,
                "TB": 0
            },
            {
                "Id": 114,
                "V": 2,
                "NV": 0,
                "TB": 0
            },
            {
                "Id": 101,
                "V": 2,
                "NV": 0,
                "TB": 3
            }
        ],
        [
            {
                "Id": 108,
                "V": 8,
                "NV": 1,
                "TB": 0
            },
            {
                "Id": 119,
                "V": 7,
                "NV": 0,
                "TB": 0
            },
            {
                "Id": 111,
                "V": 6,
                "NV": 0,
                "TB": 0
            },
            {
                "Id": 116,
                "V": 5,
                "NV": 0,
                "TB": 0
            },
            {
                "Id": 98,
                "V": 4,
                "NV": 0,
                "TB": 0
            },
            {
                "Id": 102,
                "V": 4,
                "NV": 0,
                "TB": 0
            },
            {
                "Id": 109,
                "V": 4,
                "NV": 0,
                "TB": 0
            },
            {
                "Id": 115,
                "V": 4,
                "NV": 1,
                "TB": 0
            },
            {
                "Id": 121,
                "V": 4,
                "NV": 0,
                "TB": 0
            },
            {
                "Id": 97,
                "V": 3,
                "NV": 0,
                "TB": 0
            },
            {
                "Id": 100,
                "V": 3,
                "NV": 0,
                "TB": 0
            },
            {
                "Id": 104,
                "V": 3,
                "NV": 0,
                "TB": 0
            },
            {
                "Id": 117,
                "V": 3,
                "NV": 0,
                "TB": 0
            },
            {
                "Id": 99,
                "V": 2,
                "NV": 0,
                "TB": 0
            },
            {
                "Id": 114,
                "V": 2,
                "NV": 0,
                "TB": 0
            },
            {
                "Id": 103,
                "V": 2,
                "NV": 0,
                "TB": 2
            }
        ],
        [
            {
                "Id": 108,
                "V": 8,
                "NV": 0,
                "TB": 0
            },
            {
                "Id": 119,
                "V": 8,
                "NV": 1,
                "TB": 0
            },
            {
                "Id": 111,
                "V": 6,
                "NV": 0,
                "TB": 0
            },
            {
                "Id": 116,
                "V": 5,
                "NV": 0,
                "TB": 0
            },
            {
                "Id": 98,
                "V": 4,
                "NV": 0,
                "TB": 0
            },
            {
                "Id": 100,
                "V": 4,
                "NV": 1,
                "TB": 0
            },
            {
                "Id": 102,
                "V": 4,
                "NV": 0,
                "TB": 0
            },
            {
                "Id": 109,
                "V": 4,
                "NV": 0,
                "TB": 0
            },
            {
                "Id": 115,
                "V": 4,
                "NV": 0,
                "TB": 0
            },
            {
                "Id": 121,
                "V": 4,
                "NV": 0,
                "TB": 0
            },
            {
                "Id": 97,
                "V": 3,
                "NV": 0,
                "TB": 0
            },
            {
                "Id": 104,
                "V": 3,
                "NV": 0,
                "TB": 0
            },
            {
                "Id": 117,
                "V": 3,
                "NV": 0,
                "TB": 0
            },
            {
                "Id": 99,
                "V": 2,
                "NV": 0,
                "TB": 0
            },
            {
                "Id": 114,
                "V": 2,
                "NV": 0,
                "TB": 1
            }
        ],
        [
            {
                "Id": 119,
                "V": 10,
                "NV": 2,
                "TB": 0
            },
            {
                "Id": 108,
                "V": 8,
                "NV": 0,
                "TB": 0
            },
            {
                "Id": 111,
                "V": 6,
                "NV": 0,
                "TB": 0
            },
            {
                "Id": 116,
                "V": 5,
                "NV": 0,
                "TB": 0
            },
            {
                "Id": 98,
                "V": 4,
                "NV": 0,
                "TB": 0
            },
            {
                "Id": 100,
                "V": 4,
                "NV": 0,
                "TB": 0
            },
            {
                "Id": 102,
                "V": 4,
                "NV": 0,
                "TB": 0
            },
            {
                "Id": 109,
                "V": 4,
                "NV": 0,
                "TB": 0
            },
            {
                "Id": 115,
                "V": 4,
                "NV": 0,
                "TB": 0
            },
            {
                "Id": 121,
                "V": 4,
                "NV": 0,
                "TB": 0
            },
            {
                "Id": 97,
                "V": 3,
                "NV": 0,
                "TB": 0
            },
            {
                "Id": 104,
                "V": 3,
                "NV": 0,
                "TB": 0
            },
            {
                "Id": 117,
                "V": 3,
                "NV": 0,
                "TB": 0
            },
            {
                "Id": 99,
                "V": 2,
                "NV": 0,
                "TB": 0
            }
        ],
        [
            {
                "Id": 119,
                "V": 10,
                "NV": 0,
                "TB": 0
            },
            {
                "Id": 108,
                "V": 8,
                "NV": 0,
                "TB": 0
            },
            {
                "Id": 111,
                "V": 6,
                "NV": 0,
                "TB": 0
            },
            {
                "Id": 100,
                "V": 5,
                "NV": 1,
                "TB": 0
            },
            {
                "Id": 116,
                "V": 5,
                "NV": 0,
                "TB": 0
            },
            {
                "Id": 98,
                "V": 4,
                "NV": 0,
                "TB": 0
            },
            {
                "Id": 102,
                "V": 4,
                "NV": 0,
                "TB": 0
            },
            {
                "Id": 109,
                "V": 4,
                "NV": 0,
                "TB": 0
            },
            {
                "Id": 115,
                "V": 4,
                "NV": 0,
                "TB": 0
            },
            {
                "Id": 121,
                "V": 4,
                "NV": 0,
                "TB": 0
            },
            {
                "Id": 97,
                "V": 3,
                "NV": 0,
                "TB": 0
            },
            {
                "Id": 117,
                "V": 3,
                "NV": 0,
                "TB": 0
            },
            {
                "Id": 104,
                "V": 3,
                "NV": 0,
                "TB": 2
            }
        ],
        [
            {
                "Id": 119,
                "V": 11,
                "NV": 1,
                "TB": 0
            },
            {
                "Id": 108,
                "V": 8,
                "NV": 0,
                "TB": 0
            },
            {
                "Id": 98,
                "V": 6,
                "NV": 2,
                "TB": 0
            },
            {
                "Id": 111,
                "V": 6,
                "NV": 0,
                "TB": 0
            },
            {
                "Id": 100,
                "V": 5,
                "NV": 0,
                "TB": 0
            },
            {
                "Id": 116,
                "V": 5,
                "NV": 0,
                "TB": 0
            },
            {
                "Id": 102,
                "V": 4,
                "NV": 0,
                "TB": 0
            },
            {
                "Id": 109,
                "V": 4,
                "NV": 0,
                "TB": 0
            },
            {
                "Id": 115,
                "V": 4,
                "NV": 0,
                "TB": 0
            },
            {
                "Id": 121,
                "V": 4,
                "NV": 0,
                "TB": 0
            },
            {
                "Id": 117,
                "V": 3,
                "NV": 0,
                "TB": 0
            },
            {
                "Id": 97,
                "V": 3,
                "NV": 0,
                "TB": 2
            }
        ],
        [
            {
                "Id": 119,
                "V": 11,
                "NV": 0,
                "TB": 0
            },
            {
                "Id": 108,
                "V": 8,
                "NV": 0,
                "TB": 0
            },
            {
                "Id": 98,
                "V": 7,
                "NV": 1,
                "TB": 0
            },
            {
                "Id": 111,
                "V": 6,
                "NV": 0,
                "TB": 0
            },
            {
                "Id": 100,
                "V": 5,
                "NV": 0,
                "TB": 0
            },
            {
                "Id": 115,
                "V": 5,
                "NV": 1,
                "TB": 0
            },
            {
                "Id": 116,
                "V": 5,
                "NV": 0,
                "TB": 0
            },
            {
                "Id": 121,
                "V": 5,
                "NV": 1,
                "TB": 0
            },
            {
                "Id": 102,
                "V": 4,
                "NV": 0,
                "TB": 0
            },
            {
                "Id": 109,
                "V": 4,
                "NV": 0,
                "TB": 0
            },
            {
                "Id": 117,
                "V": 3,
                "NV": 0,
                "TB": 0
            }
        ],
        [
            {
                "Id": 119,
                "V": 11,
                "NV": 0,
                "TB": 0
            },
            {
                "Id": 98,
                "V": 8,
                "NV": 1,
                "TB": 0
            },
            {
                "Id": 108,
                "V": 8,
                "NV": 0,
                "TB": 0
            },
            {
                "Id": 111,
                "V": 6,
                "NV": 0,
                "TB": 0
            },
            {
                "Id": 100,
                "V": 5,
                "NV": 0,
                "TB": 0
            },
            {
                "Id": 102,
                "V": 5,
                "NV": 1,
                "TB": 0
            },
            {
                "Id": 115,
                "V": 5,
                "NV": 0,
                "TB": 0
            },
            {
                "Id": 116,
                "V": 5,
                "NV": 0,
                "TB": 0
            },
            {
                "Id": 121,
                "V": 5,
                "NV": 0,
                "TB": 0
            },
            {
                "Id": 109,
                "V": 4,
                "NV": 0,
                "TB": 0
            }
        ],
        [
            {
                "Id": 119,
                "V": 11,
                "NV": 0,
                "TB": 0
            },
            {
                "Id": 98,
                "V": 8,
                "NV": 0,
                "TB": 0
            },
            {
                "Id": 108,
                "V": 8,
                "NV": 0,
                "TB": 0
            },
            {
                "Id": 100,
                "V": 6,
                "NV": 1,
                "TB": 0
            },
            {
                "Id": 102,
                "V": 6,
                "NV": 1,
                "TB": 0
            },
            {
                "Id": 111,
                "V": 6,
                "NV": 0,
                "TB": 0
            },
            {
                "Id": 115,
                "V": 6,
                "NV": 1,
                "TB": 0
            },
            {
                "Id": 116,
                "V": 5,
                "NV": 0,
                "TB": 0
            },
            {
                "Id": 121,
                "V": 5,
                "NV": 0,
                "TB": 1
            }
        ],
        [
            {
                "Id": 119,
                "V": 12,
                "NV": 1,
                "TB": 0
            },
            {
                "Id": 98,
                "V": 9,
                "NV": 1,
                "TB": 0
            },
            {
                "Id": 115,
                "V": 9,
                "NV": 3,
                "TB": 0
            },
            {
                "Id": 108,
                "V": 8,
                "NV": 0,
                "TB": 0
            },
            {
                "Id": 100,
                "V": 6,
                "NV": 0,
                "TB": 0
            },
            {
                "Id": 102,
                "V": 6,
                "NV": 0,
                "TB": 0
            },
            {
                "Id": 111,
                "V": 6,
                "NV": 0,
                "TB": 0
            },
            {
                "Id": 116,
                "V": 5,
                "NV": 0,
                "TB": 0
            }
        ],
        [
            {
                "Id": 119,
                "V": 13,
                "NV": 1,
                "TB": 0
            },
            {
                "Id": 98,
                "V": 10,
                "NV": 1,
                "TB": 0
            },
            {
                "Id": 111,
                "V": 9,
                "NV": 3,
                "TB": 0
            },
            {
                "Id": 115,
                "V": 9,
                "NV": 0,
                "TB": 0
            },
            {
                "Id": 108,
                "V": 8,
                "NV": 0,
                "TB": 0
            },
            {
                "Id": 102,
                "V": 6,
                "NV": 0,
                "TB": 0
            },
            {
                "Id": 100,
                "V": 6,
                "NV": 0,
                "TB": 2
            }
        ],
        [
            {
                "Id": 119,
                "V": 14,
                "NV": 1,
                "TB": 0
            },
            {
                "Id": 98,
                "V": 12,
                "NV": 2,
                "TB": 0
            },
            {
                "Id": 115,
                "V": 10,
                "NV": 1,
                "TB": 0
            },
            {
                "Id": 108,
                "V": 9,
                "NV": 1,
                "TB": 0
            },
            {
                "Id": 111,
                "V": 9,
                "NV": 0,
                "TB": 0
            },
            {
                "Id": 102,
                "V": 6,
                "NV": 0,
                "TB": 0
            }
        ],
        [
            {
                "Id": 119,
                "V": 15,
                "NV": 1,
                "TB": 0
            },
            {
                "Id": 98,
                "V": 12,
                "NV": 0,
                "TB": 0
            },
            {
                "Id": 111,
                "V": 11,
                "NV": 2,
                "TB": 0
            },
            {
                "Id": 115,
                "V": 11,
                "NV": 1,
                "TB": 0
            },
            {
                "Id": 108,
                "V": 10,
                "NV": 1,
                "TB": 0
            }
        ],
        [
            {
                "Id": 119,
                "V": 18,
                "NV": 3,
                "TB": 0
            },
            {
                "Id": 98,
                "V": 14,
                "NV": 2,
                "TB": 0
            },
            {
                "Id": 115,
                "V": 12,
                "NV": 1,
                "TB": 0
            },
            {
                "Id": 111,
                "V": 11,
                "NV": 0,
                "TB": 0
            }
        ],
        [
            {
                "Id": 119,
                "V": 23,
                "NV": 5,
                "TB": 0
            },
            {
                "Id": 98,
                "V": 15,
                "NV": 1,
                "TB": 0
            },
            {
                "Id": 115,
                "V": 14,
                "NV": 2,
                "TB": 0
            }
        ],
        [
            {
                "Id": 119,
                "V": 29,
                "NV": 6,
                "TB": 0
            },
            {
                "Id": 98,
                "V": 21,
                "NV": 6,
                "TB": 0
            }
        ],
        [
            {
                "Id": 119,
                "V": 37,
                "NV": 8,
                "TB": 0
            }
        ]
    ],
    "Expires": 1491791010,
    "SecondsLeft": 0
}