{
    "Mtype": "results",
    "Title": "ROUND ONE",
    "PollStarted": "2017-03-26T19:46:03.387260818Z",
    "PollDuration": 300000000000,
    "Options": {
        "100": "Flora mid human transformation",
        "101": "Trace having accidentally turned himself and Flora into Merfolk.",
        "102": "Natani tries a gender-changing spell, but it goes through the link and changes Zen into a girl!",
        "103": "Delivery/Pizza Tom's Job Interview",
        "104": "Assassin's Creed Zen and Natani crouched on a rooftop",
        "97": "Natani dressed as Sheik from Zelda",
        "98": "Maeve biting the wrong tail",
        "99": "Natani as Sherlock, with Keith as Watson"
    },
    "ExpectedBallots": 79,
    "CountedBallots": 79,
    "Ballots": [
        "fh",
        "ebg",
        "bad",
        "gdecbafh",
        "chgb",
        "bgdef",
        "bcha",
        "fdbgace",
        "hbdcfgae",
        "gebdfach",
        "cahfebdg",
        "edbhf",
        "fcadgheb",
        "fbceaghd",
        "egadbfhc",
        "gbed",
        "fdahecbg",
        "dfcbehag",
        "",
        "ghcfd",
        "afc",
        "fdae",
        "gfeab",
        "bfahecgd",
        "gdeb",
        "hcfgabed",
        "bdgcheaf",
        "gbafdc",
        "gedf",
        "habgf",
        "ac",
        "fhacbged",
        "dcefbhga",
        "fdehbacg",
        "gdfbecha",
        "fbehdgac",
        "",
        "gefb",
        "fdeh",
        "edfb",
        "cfbah",
        "efgdc",
        "fbgceahd",
        "bcgdhafe",
        "fhcb",
        "cefhbdga",
        "bgehdc",
        "bdefgah",
        "ghafcedb",
        "bcgef",
        "gfbchad",
        "fgebhcda",
        "g",
        "bfgd",
        "bcahdgef",
        "degb",
        "geb",
        "bgf",
        "ecfbdhga",
        "hgbfd",
        "fa",
        "bgcdaefh",
        "chab",
        "gbfedhca",
        "fbh",
        "fdbgchea",
        "dafbc",
        "hbgcfade",
        "fhcbadeg",
        "hb",
        "bhge",
        "dbegfach",
        "",
        "bfchaegd",
        "afhcgbd",
        "gbaehcdf",
        "gcafhdbe",
        "",
        "defbgach"
    ],
    "Placements": [
        [
            {
                "Id": 102,
                "V": 17,
                "NV": 17,
                "TB": 0
            },
            {
                "Id": 103,
                "V": 17,
                "NV": 17,
                "TB": 0
            },
            {
                "Id": 98,
                "V": 15,
                "NV": 15,
                "TB": 0
            },
            {
                "Id": 100,
                "V": 6,
                "NV": 6,
                "TB": 0
            },
            {
                "Id": 101,
                "V": 6,
                "NV": 6,
                "TB": 0
            },
            {
                "Id": 104,
                "V": 6,
                "NV": 6,
                "TB": 0
            },
            {
                "Id": 99,
                "V": 5,
                "NV": 5,
                "TB": 0
            },
            {
                "Id": 97,
                "V": 3,
                "NV": 3,
                "TB": 0
            }
        ],
        [
            {
                "Id": 102,
                "V": 19,
                "NV": 2,
                "TB": 0
            },
            {
                "Id": 103,
                "V": 17,
                "NV": 0,
                "TB": 0
            },
            {
                "Id": 98,
                "V": 15,
                "NV": 0,
                "TB": 0
            },
            {
                "Id": 100,
                "V": 6,
                "NV": 0,
                "TB": 0
            },
            {
                "Id": 101,
                "V": 6,
                "NV": 0,
                "TB": 0
            },
            {
                "Id": 104,
                "V": 6,
                "NV": 0,
                "TB": 0
            },
            {
                "Id": 99,
                "V": 6,
                "NV": 1,
                "TB": 4
            }
        ],
        [
            {
                "Id": 102,
                "V": 20,
                "NV": 1,
                "TB": 0
            },
            {
                "Id": 103,
                "V": 17,
                "NV": 0,
                "TB": 0
            },
            {
                "Id": 98,
                "V": 15,
                "NV": 0,
                "TB": 0
            },
            {
                "Id": 104,
                "V": 9,
                "NV": 3,
                "TB": 0
            },
            {
                "Id": 101,
                "V": 7,
                "NV": 1,
                "TB": 0
            },
            {
                "Id": 100,
                "V": 6,
                "NV": 0,
                "TB": 0
            }
        ],
        [
            {
                "Id": 102,
                "V": 22,
                "NV": 2,
                "TB": 0
            },
            {
                "Id": 103,
                "V": 17,
                "NV": 0,
                "TB": 0
            },
            {
                "Id": 98,
                "V": 16,
                "NV": 1,
                "TB": 0
            },
            {
                "Id": 101,
                "V": 10,
                "NV": 3,
                "TB": 0
            },
            {
                "Id": 104,
                "V": 9,
                "NV": 0,
                "TB": 0
            }
        ],
        [
            {
                "Id": 102,
                "V": 24,
                "NV": 2,
                "TB": 0
            },
            {
                "Id": 98,
                "V": 21,
                "NV": 5,
                "TB": 0
            },
            {
                "Id": 103,
                "V": 19,
                "NV": 2,
                "TB": 0
            },
            {
                "Id": 101,
                "V": 10,
                "NV": 0,
                "TB": 0
            }
        ],
        [
            {
                "Id": 102,
                "V": 30,
                "NV": 6,
                "TB": 0
            },
            {
                "Id": 98,
                "V": 23,
                "NV": 2,
                "TB": 0
            },
            {
                "Id": 103,
                "V": 21,
                "NV": 2,
                "TB": 0
            }
        ],
        [
            {
                "Id": 102,
                "V": 38,
                "NV": 8,
                "TB": 0
            },
            {
                "Id": 98,
                "V": 35,
                "NV": 12,
                "TB": 0
            }
        ],
        [
            {
                "Id": 102,
                "V": 61,
                "NV": 23,
                "TB": 0
            }
        ]
    ],
    "Expires": 1490558162,
    "SecondsLeft": 0
}