{"Mtype":"results","Title":"Round 3","PollStarted":"2017-12-10T22:27:17.769030883Z","PollDuration":300000000000,"Options":{"65":"Sword in the Stone. Instead of Adelaide pulling the sword out she lifts the bolder with it.","66":"FemKeith vs Keith, compete for place in the canon comic.","67":"King Adelaide bringing Zen and Natani as cubs to give their Christmas wish-list to \"Santa\".","68":"Maddie \u0026 Maeve \"helping\" in Santa's workshop","69":"Young Natani and Young Rose discussing their future selves","70":"Natani and Keith celebrating christmas together alone.","71":"King Adelaide applying diplomatic bellyrubs to a (very reluctant) Prince(ss) Clovis","72":"Flora gets an ultrasound and Trace gets nervous","73":"Wrinry is convinced  to wear cloths finally, much to her annoyance.","74":"Laura gives Raine some advice about boys.","75":"After Trace wake up from a nightmare/bad memory, Flora comfort Trace and soothed him back to sleep.","76":"Clovis tries to join the Adrakists, to get dragon magic, hoping to break the curse","77":"Evil Trace Forced to Relive the Memories of Enchanted Mistletoe Toe 2012","78":"Ms. Potts uses a stepladder to pet Colin","79":"Trace gives Flora pants as a Xmas gift. They are clearly not designed to fit Keidran, but she does her best.","80":"Karen as the kitsune legend Yumiko from Brawlhalla"},"ExpectedBallots":95,"CountedBallots":95,"Ballots":["DBMHAEKCOJGLFINP","C","DAO","LGCK","LGJADPFEBOHNMKIC","MGK","CDBFGMAOLHINE","N","C","FKHBGELCODJPAINM","KBO","CHAO","NFABGJMEKCH","AOD","BGOE","FBAEJCMKL","AKBGM","MNBOAEC","FBCDJEKGPHAIOLMN","MOKHP","OCKH","HGIBMKCPDFJNOEAL","OBNAFEGJM","CBPDKNAO","BGADILCFENPJMOKH","BKJFAGECLIDM","ECFJAINHD","BHK","BFDA","NJAPIDEOFCML","H","BDGCFAHEMOINPLKJ","C","ILACKDFHMGBONEJP","GCNJA","JCE","L","BAF","NAOBKH","FBE","LB","GLJ","GLIDBOEFAJ","DMOCNFAKHJEBGILP","AHGOCKBFMIDLJEPN","ILGEF","KMHCLEDJBGOFP","MHKO","CM","GOBNHM","GKEBL","GOLB","HODCIJN","F","AD","CNABEO","NLJAOBMD","JECDAHON","MGBFALE","HGNBOF","OCNGAMBEPLH","EOGBNJ","MLJGK","NAJC","AICD","ADGCNJIEH","NAIELCP","MAKFCGJEODPBLHIN","BFC","J","NIAGC","ANBI","OK","H","J","KJE","AODNHM","B","DHNCABFM","GBJ","FJGNECDABMI","ME","OJGCAF","HJBF","BKFJIOH","ADFELCGB","P","FCNGMEH","OANCBK","J","HJO","FINCEAHPMOJLDGKB","GBJ","FBJE","ACENJ"],"Placements":[[{"Id":65,"V":10,"NV":10,"TB":0},{"Id":66,"V":10,"NV":10,"TB":0},{"Id":70,"V":9,"NV":9,"TB":0},{"Id":67,"V":8,"NV":8,"TB":0},{"Id":71,"V":8,"NV":8,"TB":0},{"Id":77,"V":8,"NV":8,"TB":0},{"Id":78,"V":8,"NV":8,"TB":0},{"Id":72,"V":7,"NV":7,"TB":0},{"Id":79,"V":6,"NV":6,"TB":0},{"Id":74,"V":5,"NV":5,"TB":0},{"Id":68,"V":4,"NV":4,"TB":0},{"Id":76,"V":4,"NV":4,"TB":0},{"Id":75,"V":3,"NV":3,"TB":0},{"Id":69,"V":2,"NV":2,"TB":0},{"Id":73,"V":2,"NV":2,"TB":0},{"Id":80,"V":1,"NV":1,"TB":0}],[{"Id":65,"V":10,"NV":0,"TB":0},{"Id":66,"V":10,"NV":0,"TB":0},{"Id":70,"V":9,"NV":0,"TB":0},{"Id":67,"V":8,"NV":0,"TB":0},{"Id":71,"V":8,"NV":0,"TB":0},{"Id":77,"V":8,"NV":0,"TB":0},{"Id":78,"V":8,"NV":0,"TB":0},{"Id":72,"V":7,"NV":0,"TB":0},{"Id":79,"V":6,"NV":0,"TB":0},{"Id":74,"V":5,"NV":0,"TB":0},{"Id":68,"V":4,"NV":0,"TB":0},{"Id":76,"V":4,"NV":0,"TB":0},{"Id":75,"V":3,"NV":0,"TB":0},{"Id":73,"V":2,"NV":0,"TB":0},{"Id":69,"V":2,"NV":0,"TB":2}],[{"Id":65,"V":10,"NV":0,"TB":0},{"Id":66,"V":10,"NV":0,"TB":0},{"Id":67,"V":9,"NV":1,"TB":0},{"Id":70,"V":9,"NV":0,"TB":0},{"Id":71,"V":8,"NV":0,"TB":0},{"Id":77,"V":8,"NV":0,"TB":0},{"Id":78,"V":8,"NV":0,"TB":0},{"Id":72,"V":7,"NV":0,"TB":0},{"Id":79,"V":7,"NV":1,"TB":0},{"Id":74,"V":5,"NV":0,"TB":0},{"Id":68,"V":4,"NV":0,"TB":0},{"Id":76,"V":4,"NV":0,"TB":0},{"Id":75,"V":3,"NV":0,"TB":0},{"Id":73,"V":2,"NV":0,"TB":0}],[{"Id":65,"V":10,"NV":0,"TB":0},{"Id":66,"V":10,"NV":0,"TB":0},{"Id":67,"V":9,"NV":0,"TB":0},{"Id":70,"V":9,"NV":0,"TB":0},{"Id":71,"V":8,"NV":0,"TB":0},{"Id":77,"V":8,"NV":0,"TB":0},{"Id":78,"V":8,"NV":0,"TB":0},{"Id":72,"V":7,"NV":0,"TB":0},{"Id":79,"V":7,"NV":0,"TB":0},{"Id":76,"V":6,"NV":2,"TB":0},{"Id":74,"V":5,"NV":0,"TB":0},{"Id":68,"V":4,"NV":0,"TB":0},{"Id":75,"V":3,"NV":0,"TB":0}],[{"Id":66,"V":11,"NV":1,"TB":0},{"Id":65,"V":10,"NV":0,"TB":0},{"Id":67,"V":9,"NV":0,"TB":0},{"Id":70,"V":9,"NV":0,"TB":0},{"Id":77,"V":9,"NV":1,"TB":0},{"Id":71,"V":8,"NV":0,"TB":0},{"Id":78,"V":8,"NV":0,"TB":0},{"Id":72,"V":7,"NV":0,"TB":0},{"Id":79,"V":7,"NV":0,"TB":0},{"Id":74,"V":6,"NV":1,"TB":0},{"Id":76,"V":6,"NV":0,"TB":0},{"Id":68,"V":4,"NV":0,"TB":0}],[{"Id":66,"V":12,"NV":1,"TB":0},{"Id":65,"V":11,"NV":1,"TB":0},{"Id":77,"V":10,"NV":1,"TB":0},{"Id":67,"V":9,"NV":0,"TB":0},{"Id":70,"V":9,"NV":0,"TB":0},{"Id":71,"V":8,"NV":0,"TB":0},{"Id":72,"V":8,"NV":1,"TB":0},{"Id":78,"V":8,"NV":0,"TB":0},{"Id":79,"V":7,"NV":0,"TB":0},{"Id":74,"V":6,"NV":0,"TB":0},{"Id":76,"V":6,"NV":0,"TB":1}],[{"Id":66,"V":13,"NV":1,"TB":0},{"Id":65,"V":12,"NV":1,"TB":0},{"Id":71,"V":11,"NV":3,"TB":0},{"Id":77,"V":10,"NV":0,"TB":0},{"Id":67,"V":9,"NV":0,"TB":0},{"Id":70,"V":9,"NV":0,"TB":0},{"Id":72,"V":8,"NV":0,"TB":0},{"Id":78,"V":8,"NV":0,"TB":0},{"Id":79,"V":7,"NV":0,"TB":0},{"Id":74,"V":6,"NV":0,"TB":0}],[{"Id":66,"V":13,"NV":0,"TB":0},{"Id":65,"V":12,"NV":0,"TB":0},{"Id":67,"V":11,"NV":2,"TB":0},{"Id":71,"V":11,"NV":0,"TB":0},{"Id":77,"V":10,"NV":0,"TB":0},{"Id":70,"V":9,"NV":0,"TB":0},{"Id":72,"V":8,"NV":0,"TB":0},{"Id":78,"V":8,"NV":0,"TB":0},{"Id":79,"V":7,"NV":0,"TB":0}],[{"Id":66,"V":14,"NV":1,"TB":0},{"Id":65,"V":13,"NV":1,"TB":0},{"Id":67,"V":13,"NV":2,"TB":0},{"Id":71,"V":13,"NV":2,"TB":0},{"Id":77,"V":10,"NV":0,"TB":0},{"Id":70,"V":9,"NV":0,"TB":0},{"Id":72,"V":8,"NV":0,"TB":0},{"Id":78,"V":8,"NV":0,"TB":1}],[{"Id":65,"V":19,"NV":6,"TB":0},{"Id":66,"V":14,"NV":0,"TB":0},{"Id":67,"V":13,"NV":0,"TB":0},{"Id":71,"V":13,"NV":0,"TB":0},{"Id":70,"V":10,"NV":1,"TB":0},{"Id":77,"V":10,"NV":0,"TB":0},{"Id":72,"V":8,"NV":0,"TB":0}],[{"Id":65,"V":19,"NV":0,"TB":0},{"Id":66,"V":15,"NV":1,"TB":0},{"Id":67,"V":15,"NV":2,"TB":0},{"Id":71,"V":15,"NV":2,"TB":0},{"Id":77,"V":10,"NV":0,"TB":0},{"Id":70,"V":10,"NV":0,"TB":2}],[{"Id":65,"V":20,"NV":1,"TB":0},{"Id":66,"V":20,"NV":5,"TB":0},{"Id":67,"V":17,"NV":2,"TB":0},{"Id":71,"V":16,"NV":1,"TB":0},{"Id":77,"V":10,"NV":0,"TB":0}],[{"Id":65,"V":21,"NV":1,"TB":0},{"Id":66,"V":21,"NV":1,"TB":0},{"Id":71,"V":19,"NV":3,"TB":0},{"Id":67,"V":19,"NV":2,"TB":2}],[{"Id":65,"V":28,"NV":7,"TB":0},{"Id":66,"V":24,"NV":3,"TB":0},{"Id":71,"V":21,"NV":2,"TB":0}],[{"Id":66,"V":34,"NV":10,"TB":0},{"Id":65,"V":33,"NV":5,"TB":0}],[{"Id":66,"V":51,"NV":17,"TB":0}]],"Expires":1512945437,"SecondsLeft":0}