{"Mtype":"results","Title":"Round ","PollStarted":"2017-09-18T00:20:58.303190348Z","PollDuration":300000000000,"Options":{"65":"A Human family adopts a stray puppy only to find out years later it was a Keidran dog","66":"Minikinds - Flora's Haircut","67":"Natani as Widowmaker from Overwatch","68":"Girls night at Riftwall Raine drinks Maren under the table","69":"Keith and Natani brushing their teeth in the morning. Pajamas, nightcap, sleepy wolf, sunlight streaming in.","70":"Red turned into a canine Keidran and (tummy rub, scratched behind the ear, etc.) where one of his legs kicks.","71":"TechWolfie Raine, maybe hunting down a bug or virus. ","72":"Keith teaching Natani and Kat some Basitin moves then fail (Kat does a derp)","73":"Lt Alice Reed having a night off at the Edinmire tavern.","74":"Kathrin tries on some of her handywork in front of a mirror.","75":"Archmage Rose and Young Euchre in a friendly magic duel","76":"techbasitin Maddie","77":"Natani and Zen on their first mission.","78":"Summertime Kathrin - Kathrin enjoys the last of the summer sun in a pretty summer dress","79":"Zen and Natani vs Daud and Billie Lurk (TwoKinds vs Dishonored)","80":"Trigun cosplay trace as vash the stampede , flora as meryl stryfe, keith as wolfwood, and natani as milly thompson."},"ExpectedBallots":99,"CountedBallots":99,"Ballots":["MODGNH","GAMHIE","ALHI","LAIMFE","CBLHMAEG","EA","HKOFCAGPMB","J","IAF","LIE","GPID","DINJKAHEGFMLBPCO","EHCKMAOGDNILFJBP","EMHABKF","BPLADMNHJKO","EGLJIDHMKNAFCBPO","GNJHDKPE","AMGINKHD","KEGMNDILJ","ANFEIJHDBMKLGPCO","MFHABJEN","BCHJAFPDEKM","OEHMACBLGKFNJ","P","CN","CAHIEPFJDOKLMBNG","HGE","LA","MLAGHDBJ","ANKIFHM","DE","EOK","AFIMLGKHJNCPO","EMCH","AID","JIDN","JAGB","DNJMGKFECILB","G","FKMBNE","LACDP","HDJFKE","GJA","CMN","PAFGHN","GDAL","DJABNEGFHKMIOLPC","DNJEHAFILGKCMOBP","DECHKJBGP","IA","NIADJKBMFH","FCPHMGIBDOJEANKL","BDAIKFHEMOCNGLJP","CLG","MLGNADPFOKBIEHJC","JNAG","PMEHLGDFCOBK","KMEOFBIH","OKGHAFI","DAI","OHJCMNE","CHFOGM","KNHMEFI","CJEBH","ADBNCJLGFHOIKPEM","DM","FAGMD","FALD","MGLJHIOBFEPDNCAK","FDEG","NPIML","DKAFNBMPJHGEILCO","MJNGLDK","MALJE","KDIFGA","DG","","N","FHNBMO","ABENGK","AHMLIKDEBCPFNJOG","JBHNEG","LIAF","","FALJH","BLGADKFICM","GLAIDEJCFN","AFP","MIALDOHG","IDJ","IFLGHJOEN","GLFD","GKHDE","M","GBLDPKOIACFEJMNH","AOLEHPNGD","DIHJGLNP","AKDJCGIM","EBAMCKJHD"],"Placements":[[{"Id":65,"V":12,"NV":12,"TB":0},{"Id":68,"V":11,"NV":11,"TB":0},{"Id":71,"V":10,"NV":10,"TB":0},{"Id":77,"V":9,"NV":9,"TB":0},{"Id":67,"V":7,"NV":7,"TB":0},{"Id":69,"V":7,"NV":7,"TB":0},{"Id":70,"V":7,"NV":7,"TB":0},{"Id":74,"V":5,"NV":5,"TB":0},{"Id":76,"V":5,"NV":5,"TB":0},{"Id":66,"V":4,"NV":4,"TB":0},{"Id":73,"V":4,"NV":4,"TB":0},{"Id":75,"V":4,"NV":4,"TB":0},{"Id":72,"V":3,"NV":3,"TB":0},{"Id":78,"V":3,"NV":3,"TB":0},{"Id":79,"V":3,"NV":3,"TB":0},{"Id":80,"V":3,"NV":3,"TB":1}],[{"Id":65,"V":13,"NV":1,"TB":0},{"Id":68,"V":11,"NV":0,"TB":0},{"Id":71,"V":10,"NV":0,"TB":0},{"Id":77,"V":10,"NV":1,"TB":0},{"Id":67,"V":7,"NV":0,"TB":0},{"Id":69,"V":7,"NV":0,"TB":0},{"Id":70,"V":7,"NV":0,"TB":0},{"Id":74,"V":5,"NV":0,"TB":0},{"Id":76,"V":5,"NV":0,"TB":0},{"Id":66,"V":4,"NV":0,"TB":0},{"Id":73,"V":4,"NV":0,"TB":0},{"Id":75,"V":4,"NV":0,"TB":0},{"Id":72,"V":3,"NV":0,"TB":0},{"Id":78,"V":3,"NV":0,"TB":0},{"Id":79,"V":3,"NV":0,"TB":1}],[{"Id":65,"V":13,"NV":0,"TB":0},{"Id":68,"V":11,"NV":0,"TB":0},{"Id":71,"V":10,"NV":0,"TB":0},{"Id":77,"V":10,"NV":0,"TB":0},{"Id":69,"V":8,"NV":1,"TB":0},{"Id":67,"V":7,"NV":0,"TB":0},{"Id":70,"V":7,"NV":0,"TB":0},{"Id":74,"V":5,"NV":0,"TB":0},{"Id":75,"V":5,"NV":1,"TB":0},{"Id":76,"V":5,"NV":0,"TB":0},{"Id":66,"V":4,"NV":0,"TB":0},{"Id":72,"V":4,"NV":1,"TB":0},{"Id":73,"V":4,"NV":0,"TB":0},{"Id":78,"V":3,"NV":0,"TB":0}],[{"Id":65,"V":13,"NV":0,"TB":0},{"Id":68,"V":11,"NV":0,"TB":0},{"Id":71,"V":10,"NV":0,"TB":0},{"Id":77,"V":10,"NV":0,"TB":0},{"Id":69,"V":8,"NV":0,"TB":0},{"Id":67,"V":7,"NV":0,"TB":0},{"Id":70,"V":7,"NV":0,"TB":0},{"Id":73,"V":6,"NV":2,"TB":0},{"Id":74,"V":5,"NV":0,"TB":0},{"Id":75,"V":5,"NV":0,"TB":0},{"Id":76,"V":5,"NV":0,"TB":0},{"Id":66,"V":4,"NV":0,"TB":0},{"Id":72,"V":4,"NV":0,"TB":1}],[{"Id":65,"V":13,"NV":0,"TB":0},{"Id":68,"V":12,"NV":1,"TB":0},{"Id":71,"V":11,"NV":1,"TB":0},{"Id":77,"V":10,"NV":0,"TB":0},{"Id":69,"V":8,"NV":0,"TB":0},{"Id":67,"V":7,"NV":0,"TB":0},{"Id":70,"V":7,"NV":0,"TB":0},{"Id":73,"V":6,"NV":0,"TB":0},{"Id":74,"V":6,"NV":1,"TB":0},{"Id":75,"V":6,"NV":1,"TB":0},{"Id":76,"V":5,"NV":0,"TB":0},{"Id":66,"V":4,"NV":0,"TB":0}],[{"Id":65,"V":13,"NV":0,"TB":0},{"Id":68,"V":13,"NV":1,"TB":0},{"Id":71,"V":11,"NV":0,"TB":0},{"Id":77,"V":10,"NV":0,"TB":0},{"Id":67,"V":8,"NV":1,"TB":0},{"Id":69,"V":8,"NV":0,"TB":0},{"Id":70,"V":7,"NV":0,"TB":0},{"Id":76,"V":7,"NV":2,"TB":0},{"Id":74,"V":6,"NV":0,"TB":0},{"Id":75,"V":6,"NV":0,"TB":0},{"Id":73,"V":6,"NV":0,"TB":3}],[{"Id":65,"V":16,"NV":3,"TB":0},{"Id":68,"V":14,"NV":1,"TB":0},{"Id":71,"V":11,"NV":0,"TB":0},{"Id":77,"V":11,"NV":1,"TB":0},{"Id":67,"V":8,"NV":0,"TB":0},{"Id":69,"V":8,"NV":0,"TB":0},{"Id":70,"V":8,"NV":1,"TB":0},{"Id":76,"V":7,"NV":0,"TB":0},{"Id":75,"V":6,"NV":0,"TB":0},{"Id":74,"V":6,"NV":0,"TB":2}],[{"Id":65,"V":18,"NV":2,"TB":0},{"Id":68,"V":15,"NV":1,"TB":0},{"Id":71,"V":11,"NV":0,"TB":0},{"Id":77,"V":11,"NV":0,"TB":0},{"Id":67,"V":9,"NV":1,"TB":0},{"Id":69,"V":9,"NV":1,"TB":0},{"Id":70,"V":8,"NV":0,"TB":0},{"Id":76,"V":7,"NV":0,"TB":0},{"Id":75,"V":6,"NV":0,"TB":0}],[{"Id":65,"V":18,"NV":0,"TB":0},{"Id":68,"V":16,"NV":1,"TB":0},{"Id":77,"V":13,"NV":2,"TB":0},{"Id":71,"V":12,"NV":1,"TB":0},{"Id":69,"V":10,"NV":1,"TB":0},{"Id":67,"V":9,"NV":0,"TB":0},{"Id":70,"V":9,"NV":1,"TB":0},{"Id":76,"V":7,"NV":0,"TB":0}],[{"Id":65,"V":23,"NV":5,"TB":0},{"Id":68,"V":16,"NV":0,"TB":0},{"Id":71,"V":13,"NV":1,"TB":0},{"Id":77,"V":13,"NV":0,"TB":0},{"Id":69,"V":11,"NV":1,"TB":0},{"Id":67,"V":9,"NV":0,"TB":0},{"Id":70,"V":9,"NV":0,"TB":1}],[{"Id":65,"V":26,"NV":3,"TB":0},{"Id":68,"V":17,"NV":1,"TB":0},{"Id":77,"V":15,"NV":2,"TB":0},{"Id":71,"V":14,"NV":1,"TB":0},{"Id":69,"V":11,"NV":0,"TB":0},{"Id":67,"V":11,"NV":2,"TB":2}],[{"Id":65,"V":29,"NV":3,"TB":0},{"Id":77,"V":19,"NV":4,"TB":0},{"Id":68,"V":17,"NV":0,"TB":0},{"Id":71,"V":16,"NV":2,"TB":0},{"Id":69,"V":12,"NV":1,"TB":0}],[{"Id":65,"V":31,"NV":2,"TB":0},{"Id":77,"V":23,"NV":4,"TB":0},{"Id":71,"V":19,"NV":3,"TB":0},{"Id":68,"V":17,"NV":0,"TB":0}],[{"Id":65,"V":37,"NV":6,"TB":0},{"Id":77,"V":25,"NV":2,"TB":0},{"Id":71,"V":24,"NV":5,"TB":0}],[{"Id":65,"V":45,"NV":8,"TB":0},{"Id":77,"V":28,"NV":3,"TB":0}],[{"Id":65,"V":57,"NV":12,"TB":0}]],"Expires":1505694658,"SecondsLeft":0}