{"Mtype":"results","Title":"♂","PollStarted":"2017-04-24T03:05:28.285482092Z","PollDuration":300000000000,"Options":{"65":"Mike","66":"Keith","67":"Trace","68":"Kei","69":"Natani","70":"Zen","71":"Sythe","72":"Eric","73":"Lynn","74":"Red-haired Guy","75":"Evals","76":"Alaric","77":"Euchre"},"ExpectedBallots":18,"CountedBallots":18,"Ballots":["F","EFGCADHMLBKJI","FGLBCAKMJEIDH","FLMCHDIAKBEJG","CJHDBKFGLMIAE","EBAF","","LBCMHKJAGFDI","AFMCBHKEIGDJL","BFELCG","LFAMIBECGJHKD","LEAIBMHGFCDKJ","CBEF","BCELGAKFDJHMI","FEB","LFGDIBEM","CBLMAHKIFEG","FCLMKAHD"],"Placements":[[{"Id":70,"V":5,"NV":5,"TB":0},{"Id":76,"V":4,"NV":4,"TB":0},{"Id":67,"V":3,"NV":3,"TB":0},{"Id":66,"V":2,"NV":2,"TB":0},{"Id":69,"V":2,"NV":2,"TB":0},{"Id":65,"V":1,"NV":1,"TB":0},{"Id":68,"V":0,"NV":0,"TB":0},{"Id":71,"V":0,"NV":0,"TB":0},{"Id":72,"V":0,"NV":0,"TB":0},{"Id":74,"V":0,"NV":0,"TB":0},{"Id":75,"V":0,"NV":0,"TB":0},{"Id":77,"V":0,"NV":0,"TB":0},{"Id":73,"V":0,"NV":0,"TB":4}],[{"Id":70,"V":5,"NV":0,"TB":0},{"Id":76,"V":4,"NV":0,"TB":0},{"Id":67,"V":3,"NV":0,"TB":0},{"Id":66,"V":2,"NV":0,"TB":0},{"Id":69,"V":2,"NV":0,"TB":0},{"Id":65,"V":1,"NV":0,"TB":0},{"Id":68,"V":0,"NV":0,"TB":0},{"Id":71,"V":0,"NV":0,"TB":0},{"Id":72,"V":0,"NV":0,"TB":0},{"Id":74,"V":0,"NV":0,"TB":0},{"Id":75,"V":0,"NV":0,"TB":0},{"Id":77,"V":0,"NV":0,"TB":1}],[{"Id":70,"V":5,"NV":0,"TB":0},{"Id":76,"V":4,"NV":0,"TB":0},{"Id":67,"V":3,"NV":0,"TB":0},{"Id":66,"V":2,"NV":0,"TB":0},{"Id":69,"V":2,"NV":0,"TB":0},{"Id":65,"V":1,"NV":0,"TB":0},{"Id":68,"V":0,"NV":0,"TB":0},{"Id":71,"V":0,"NV":0,"TB":0},{"Id":74,"V":0,"NV":0,"TB":0},{"Id":75,"V":0,"NV":0,"TB":0},{"Id":72,"V":0,"NV":0,"TB":3}],[{"Id":70,"V":5,"NV":0,"TB":0},{"Id":76,"V":4,"NV":0,"TB":0},{"Id":67,"V":3,"NV":0,"TB":0},{"Id":66,"V":2,"NV":0,"TB":0},{"Id":69,"V":2,"NV":0,"TB":0},{"Id":65,"V":1,"NV":0,"TB":0},{"Id":68,"V":0,"NV":0,"TB":0},{"Id":74,"V":0,"NV":0,"TB":0},{"Id":75,"V":0,"NV":0,"TB":0},{"Id":71,"V":0,"NV":0,"TB":3}],[{"Id":70,"V":5,"NV":0,"TB":0},{"Id":76,"V":4,"NV":0,"TB":0},{"Id":67,"V":3,"NV":0,"TB":0},{"Id":66,"V":2,"NV":0,"TB":0},{"Id":69,"V":2,"NV":0,"TB":0},{"Id":65,"V":1,"NV":0,"TB":0},{"Id":74,"V":0,"NV":0,"TB":0},{"Id":75,"V":0,"NV":0,"TB":0},{"Id":68,"V":0,"NV":0,"TB":3}],[{"Id":70,"V":5,"NV":0,"TB":0},{"Id":76,"V":4,"NV":0,"TB":0},{"Id":67,"V":3,"NV":0,"TB":0},{"Id":66,"V":2,"NV":0,"TB":0},{"Id":69,"V":2,"NV":0,"TB":0},{"Id":65,"V":1,"NV":0,"TB":0},{"Id":75,"V":0,"NV":0,"TB":0},{"Id":74,"V":0,"NV":0,"TB":2}],[{"Id":70,"V":5,"NV":0,"TB":0},{"Id":76,"V":4,"NV":0,"TB":0},{"Id":67,"V":3,"NV":0,"TB":0},{"Id":66,"V":2,"NV":0,"TB":0},{"Id":69,"V":2,"NV":0,"TB":0},{"Id":65,"V":1,"NV":0,"TB":0},{"Id":75,"V":0,"NV":0,"TB":0}],[{"Id":70,"V":5,"NV":0,"TB":0},{"Id":76,"V":4,"NV":0,"TB":0},{"Id":67,"V":3,"NV":0,"TB":0},{"Id":66,"V":2,"NV":0,"TB":0},{"Id":69,"V":2,"NV":0,"TB":0},{"Id":65,"V":1,"NV":0,"TB":0}],[{"Id":70,"V":6,"NV":1,"TB":0},{"Id":76,"V":4,"NV":0,"TB":0},{"Id":67,"V":3,"NV":0,"TB":0},{"Id":66,"V":2,"NV":0,"TB":0},{"Id":69,"V":2,"NV":0,"TB":1}],[{"Id":70,"V":7,"NV":1,"TB":0},{"Id":76,"V":4,"NV":0,"TB":0},{"Id":67,"V":3,"NV":0,"TB":0},{"Id":66,"V":3,"NV":1,"TB":2}],[{"Id":70,"V":9,"NV":2,"TB":0},{"Id":76,"V":4,"NV":0,"TB":0},{"Id":67,"V":4,"NV":1,"TB":2}],[{"Id":70,"V":11,"NV":2,"TB":0},{"Id":76,"V":6,"NV":2,"TB":0}],[{"Id":70,"V":17,"NV":6,"TB":0}]],"Expires":1493003728,"SecondsLeft":0}