{"Mtype":"results","Title":"Round One","PollStarted":"2017-06-04T20:20:12.476452453Z","PollDuration":300000000000,"Options":{"65":"Assassin's Creed Zen and Natani","66":"Tiger Trace character reference","67":"Passionate romantic pairing: Kathrin x Keith","68":"karen chasing Evals with a switched on vacuum cleaner","69":"Zen as Boba Fett","70":"Keith and Zen as Orsino and Sebastian from Twelfth Night","71":"Reversal of Keith Poses for Fangirl Fanart, Laura and Natani posing for Keith as he paints them.","72":"Zen and Raine, they are warped up in a blanket sitting by a fire while they watch the stars together.  ","73":"Trace and Flora as Alm and Celica from Fire Emblem Echoes","74":"Keith and Natani have an unintentional candle lit dinner after requesting time away from everyone.","75":"Trace accidentally leaves a bar with Tigress and Alaric instead of Flora and Keith."},"ExpectedBallots":135,"CountedBallots":135,"Ballots":["KCGIHJBDAEF","BK","H","BCA","DIAK","C","A","A","","JBGK","KHDJ","GK","HJGCDK","JKD","CG","IBCAH","CGDK","EDAHKBGFIC","BHAGKC","BK","DKJGCHFAIBE","AHGJFKICD","JHAEDBGICKF","GJHCFE","DKHACJ","KDJHEBAFCGI","G","JGHAKDB","G","JAKBH","KJH","GKB","BJKGD","KGD","JKDHGC","AEJH","DCKHJG","GEKJ","CKIHEBGFDAJ","DHG","JCG","","CK","D","GJKCDBHAIFE","KJHACDG","HDKEAJ","KAG","KAJGHDIFBCE","CGJAB","BJG","JHCGIBAFKED","CGHBAJ","","BC","G","KJC","DKABICJH","IAEKBDJHG","JGHBDKFEAIC","HFEACGJDKBI","EDCAB","KJHADBFEIG","BAHIJKFGDCE","GBDJHCFKAEI","GCDHJBAKFEI","GB","B","J","JBG","JH","HAJKEDCIGBF","DKGHJ","HJKGDCB","EDKA","JBGKC","KDJHEACG","HDGJFEKBCAI","G","B","H","HEACDI","KDJEGHCIBAF","JGHC","JGCHKFDIEAB","H","GCEHI","BDAKJHGEC","DHGEK","FHAEDKGJ","AJHKDGCIFEB","HC","CJAKB","GHCEKJIBDFA","JCDHGAFKEIB","EHJDABKG","HC","BEACK","AJEHG","GDB","GKDHJEAFIBC","AIKECBDGJF","HC","FKHBGCD","BDICJEGHKAF","BGHD","JEAHCGFIKBD","G","B","AED","CJGDEKHABIF","GJHCDIKE","GJKFHDA","CJEAHKGFIDB","HJ","GJCAK","KI","BAKG","JHAEGKIDC","CKD","JHAEGKDFICB","CGHJKD","ICEGKHBFDAJ","BJG","GCHIE","EHGJ","JDCHAEGFKBI","DAKIF","KCGJBAHDIFE","B","HJCGKEAIBFD","KGJCAHDEFIB","DAGIK","KDJHCEBGIAF","KEBDI"],"Placements":[[{"Id":71,"V":21,"NV":21,"TB":0},{"Id":74,"V":20,"NV":20,"TB":0},{"Id":66,"V":18,"NV":18,"TB":0},{"Id":75,"V":17,"NV":17,"TB":0},{"Id":72,"V":15,"NV":15,"TB":0},{"Id":67,"V":12,"NV":12,"TB":0},{"Id":68,"V":11,"NV":11,"TB":0},{"Id":65,"V":8,"NV":8,"TB":0},{"Id":69,"V":5,"NV":5,"TB":0},{"Id":73,"V":3,"NV":3,"TB":0},{"Id":70,"V":2,"NV":2,"TB":0}],[{"Id":71,"V":21,"NV":0,"TB":0},{"Id":74,"V":20,"NV":0,"TB":0},{"Id":66,"V":18,"NV":0,"TB":0},{"Id":75,"V":18,"NV":1,"TB":0},{"Id":72,"V":16,"NV":1,"TB":0},{"Id":67,"V":12,"NV":0,"TB":0},{"Id":68,"V":11,"NV":0,"TB":0},{"Id":65,"V":8,"NV":0,"TB":0},{"Id":69,"V":5,"NV":0,"TB":0},{"Id":73,"V":3,"NV":0,"TB":0}],[{"Id":71,"V":21,"NV":0,"TB":0},{"Id":74,"V":20,"NV":0,"TB":0},{"Id":66,"V":19,"NV":1,"TB":0},{"Id":75,"V":18,"NV":0,"TB":0},{"Id":72,"V":16,"NV":0,"TB":0},{"Id":67,"V":13,"NV":1,"TB":0},{"Id":68,"V":11,"NV":0,"TB":0},{"Id":65,"V":9,"NV":1,"TB":0},{"Id":69,"V":5,"NV":0,"TB":0}],[{"Id":71,"V":21,"NV":0,"TB":0},{"Id":74,"V":20,"NV":0,"TB":0},{"Id":66,"V":19,"NV":0,"TB":0},{"Id":72,"V":18,"NV":2,"TB":0},{"Id":75,"V":18,"NV":0,"TB":0},{"Id":68,"V":14,"NV":3,"TB":0},{"Id":67,"V":13,"NV":0,"TB":0},{"Id":65,"V":9,"NV":0,"TB":0}],[{"Id":74,"V":23,"NV":3,"TB":0},{"Id":71,"V":21,"NV":0,"TB":0},{"Id":75,"V":20,"NV":2,"TB":0},{"Id":66,"V":19,"NV":0,"TB":0},{"Id":72,"V":19,"NV":1,"TB":0},{"Id":68,"V":15,"NV":1,"TB":0},{"Id":67,"V":13,"NV":0,"TB":0}],[{"Id":71,"V":27,"NV":6,"TB":0},{"Id":74,"V":26,"NV":3,"TB":0},{"Id":75,"V":23,"NV":3,"TB":0},{"Id":66,"V":19,"NV":0,"TB":0},{"Id":72,"V":19,"NV":0,"TB":0},{"Id":68,"V":15,"NV":0,"TB":0}],[{"Id":75,"V":31,"NV":8,"TB":0},{"Id":71,"V":28,"NV":1,"TB":0},{"Id":74,"V":26,"NV":0,"TB":0},{"Id":72,"V":22,"NV":3,"TB":0},{"Id":66,"V":20,"NV":1,"TB":0}],[{"Id":75,"V":36,"NV":5,"TB":0},{"Id":74,"V":30,"NV":4,"TB":0},{"Id":71,"V":29,"NV":1,"TB":0},{"Id":72,"V":25,"NV":3,"TB":0}],[{"Id":75,"V":39,"NV":3,"TB":0},{"Id":74,"V":37,"NV":7,"TB":0},{"Id":71,"V":36,"NV":7,"TB":0}],[{"Id":74,"V":51,"NV":14,"TB":0},{"Id":75,"V":49,"NV":10,"TB":0}],[{"Id":74,"V":79,"NV":28,"TB":0}]],"Expires":1496608216,"SecondsLeft":0}