{"Mtype":"results","Title":"Round (2/4) 10 options)","PollStarted":"2017-07-09T21:04:25.070688461Z","PollDuration":300000000000,"Options":{"65":"Kindred from League of Legends","66":"Character Swap: Maren wakes up with Sythe sleeping on her instead of Raine","67":"Keidran Eric using (Fem)Mike to model clothes for her on a shopping trip","68":"Saving Alaric. To Keith's dismay, Trace won't stop using Forbidden healing magic","69":"Pirate Natani making Eric walk the plank","70":"Older Maeve Stargazing","71":"Young Rose Captured/Discovered while looking for Euchre","72":"Zen flirting with Raine when he thinks Red isn't looking","73":"Flora tries to help a sunburned Trace by following her instinct and licks his sunburn.","74":"Raine and Mary Silverlock escape from slavery."},"ExpectedBallots":128,"CountedBallots":128,"Ballots":["FB","H","AIFHCEDJBG","DH","IBEHJCFGAD","JDFG","","I","BG","AIHC","BAJH","HBEFIC","D","BDHCI","FGJHBADEC","BFCDHIEGJA","BI","BCEIHFD","BHFDCI","EGICJ","BHEF","EGI","IEG","BAHFDJGECI","DCEFBGIHAJ","HB","CIBGJHE","GFHJBE","JEFHG","HDJBC","DEIH","BCFHGJ","BDHCG","ADBG","GJIHDBECFA","DJICGBHEFA","ECBIJFHGDA","BECH","JGFHBDIECA","G","DEH","CDI","AH","FCBA","CHEBGI","IB","C","CEBIAHFGDJ","CGHJI","FIJDACGEHB","DIJBCHGEFA","HEABGFJCDI","JHIBCGEFAD","CFH","JDFIBAHECG","JHGIFDE","HJG","C","GADIEBCJHF","BCHGIDAFEJ","BGAF","EFCH","H","FGBIDEHJCA","FIDJBGC","EIFDJGH","JHBCE","FCBIHEAGJD","D","GJFHBI","IDHA","HCI","DBIJCHA","BHECGJI","FBEIGJCHDA","HJECGBF","GJHBECDFI","FBCHE","JGEHDB","H","IFCHBAEDJG","CBEHDIGF","","JHGFCE","DHG","FHBEIDJCGA","ECDBHIGFJA","ADIGH","B","CBGFH","GDJ","HCI","JHGFCB","JHGFCB","G","IHBD","DEIBF","FEHC","CA","D","HBEC","FBE","JIDGEH","DBFECIHGJA","IFA","HCB","IBHD","DHEBFJG","F","CBDHIAFJEG","IACBHDGJEF","CEJGFIBHDA","D","JBH","CDEBHIF","DFBCA","HJC","JHGFE","CFAE","FBE","E","I","EBI","BIHAGJEFCD","HBEFCI","HICF","GIFDJH","FJIDGHEBC"],"Placements":[[{"Id":66,"V":17,"NV":17,"TB":0},{"Id":68,"V":16,"NV":16,"TB":0},{"Id":72,"V":16,"NV":16,"TB":0},{"Id":67,"V":15,"NV":15,"TB":0},{"Id":70,"V":15,"NV":15,"TB":0},{"Id":74,"V":14,"NV":14,"TB":0},{"Id":73,"V":11,"NV":11,"TB":0},{"Id":71,"V":9,"NV":9,"TB":0},{"Id":69,"V":8,"NV":8,"TB":0},{"Id":65,"V":5,"NV":5,"TB":0}],[{"Id":68,"V":18,"NV":2,"TB":0},{"Id":66,"V":17,"NV":0,"TB":0},{"Id":72,"V":17,"NV":1,"TB":0},{"Id":67,"V":15,"NV":0,"TB":0},{"Id":70,"V":15,"NV":0,"TB":0},{"Id":74,"V":14,"NV":0,"TB":0},{"Id":73,"V":13,"NV":2,"TB":0},{"Id":71,"V":9,"NV":0,"TB":0},{"Id":69,"V":8,"NV":0,"TB":0}],[{"Id":66,"V":18,"NV":1,"TB":0},{"Id":68,"V":18,"NV":0,"TB":0},{"Id":67,"V":17,"NV":2,"TB":0},{"Id":72,"V":17,"NV":0,"TB":0},{"Id":70,"V":16,"NV":1,"TB":0},{"Id":73,"V":14,"NV":1,"TB":0},{"Id":74,"V":14,"NV":0,"TB":0},{"Id":71,"V":11,"NV":2,"TB":0}],[{"Id":68,"V":20,"NV":2,"TB":0},{"Id":66,"V":18,"NV":0,"TB":0},{"Id":67,"V":17,"NV":0,"TB":0},{"Id":70,"V":17,"NV":1,"TB":0},{"Id":73,"V":17,"NV":3,"TB":0},{"Id":74,"V":17,"NV":3,"TB":0},{"Id":72,"V":17,"NV":0,"TB":3}],[{"Id":66,"V":23,"NV":5,"TB":0},{"Id":68,"V":21,"NV":1,"TB":0},{"Id":67,"V":20,"NV":3,"TB":0},{"Id":74,"V":20,"NV":3,"TB":0},{"Id":73,"V":18,"NV":1,"TB":0},{"Id":70,"V":17,"NV":0,"TB":0}],[{"Id":66,"V":30,"NV":7,"TB":0},{"Id":67,"V":24,"NV":4,"TB":0},{"Id":74,"V":23,"NV":3,"TB":0},{"Id":68,"V":21,"NV":0,"TB":0},{"Id":73,"V":20,"NV":2,"TB":0}],[{"Id":66,"V":34,"NV":4,"TB":0},{"Id":67,"V":30,"NV":6,"TB":0},{"Id":68,"V":25,"NV":4,"TB":0},{"Id":74,"V":24,"NV":1,"TB":0}],[{"Id":66,"V":42,"NV":8,"TB":0},{"Id":67,"V":35,"NV":5,"TB":0},{"Id":68,"V":33,"NV":8,"TB":0}],[{"Id":66,"V":56,"NV":14,"TB":0},{"Id":67,"V":38,"NV":3,"TB":0}],[{"Id":66,"V":78,"NV":22,"TB":0}]],"Expires":1499634866,"SecondsLeft":0}