{"Mtype":"results","Title":"Round 3","PollStarted":"2017-08-27T23:12:50.243073534Z","PollDuration":300000000000,"Options":{"65":"Pixie Pranks move to Group B: Maren and Sythe suffer the \"dreaded\" body swap","66":"Keidran Eric going on a date with Mike","67":"The gang hanging out at Disneyland and having a fun time with Keith wearing mickey mouse ears","68":"Natani, Zen, Sythe and Raine as a sled dog team!","69":"Eric paints an image of Merie on dry land - much to her dismay","70":"Scythe trying to teach Mrs. Nibbly a doggy trick","71":"Older Madelyn and Keith enjoying a romantic dinner together in front of a fireplace. At their heels, a sleeping toddler basitin.","72":"Mike and Evals First Meeting as Kids","73":"Keidran growth/age chart from infant to adult","74":"Natani's Gun Show","75":"It's Beach Day! Maeve and Maddie bury Keith in the sand. They fashion a mermaid body over him!","76":"The players of the remaining cast of TwoKinds playing D\u0026D of their characters","77":"Flora goes crazy over catnip."},"ExpectedBallots":112,"CountedBallots":112,"Ballots":["ALHGIFJEBKMCD","GDF","JHKAFG","EM","HMIAFLEKCDBJ","LIKECGAMJFHBD","ALKEBDCIHFJMG","IM","ALD","IMABLEFDCJ","KD","BADIFLE","MJIBCFDLH","M","JMFD","JIH","IAFJMHKDL","KFHJMA","HLI","MCIJAKD","IMHJFE","FJHMDLI","IEF","ADFHMJLK","FMDKLA","MJH","IFBDACHMJEKLG","FCBIHMGJDA","KDIJMFLECABGH","ILDEFACMB","IJ","HABIJE","BEJI","MLJAIDE","BEKDG","ILA","HIAFKGEDJMB","DHMKE","DBFMJE","LFMCABKI","LMJHAKIGEDCBF","GMKA","LIH","ILJDCFMEBAKHG","MAJD","HIKAG","LAIKGEMDBFJHC","MBDIF","ALDI","FMILEK","","BMKIGAJCHFDEL","DABJ","IMDCFABEKLGJH","HBEMFIDA","EBMFADCJ","HDMELI","MGCLBIKD","MLAIDB","IJMDBHGECKFLA","FEMHGB","DIFAHGLKBC","G","ADBCMIHFKEGJL","G","LAMKJFIDCEBH","HDIF","JFKGIMEB","IDHLBJAFMCKE","HMBLA","DJBF","ALGDMIJ","JDKBCH","KILEHG","A","BADCEHKJGL","KIMF","BHF","HBDFK","LIEHDKFA","KFMEDA","MLIADKEBHCFGJ","DIHLF","IDJKMGEFLABHC","LIKAHMDJ","BK","BA","IHMKBAJDFCELG","KJMCIFGHBELDA","JICKG","EK","BK","KMIEFJDACLHGB","ADME","MAH","","K","IKBDE","HLDJKCI","LBDIFJ","BMEADKI","AE","IGLBDHAFEKMCJ","LDA","JDKHCFMLABEI","G","CF","MKI","IMC","M","DJCIHFABEKLM","KMAD"],"Placements":[[{"Id":73,"V":18,"NV":18,"TB":0},{"Id":77,"V":13,"NV":13,"TB":0},{"Id":72,"V":11,"NV":11,"TB":0},{"Id":65,"V":10,"NV":10,"TB":0},{"Id":66,"V":10,"NV":10,"TB":0},{"Id":75,"V":10,"NV":10,"TB":0},{"Id":76,"V":10,"NV":10,"TB":0},{"Id":68,"V":7,"NV":7,"TB":0},{"Id":74,"V":7,"NV":7,"TB":0},{"Id":70,"V":5,"NV":5,"TB":0},{"Id":71,"V":5,"NV":5,"TB":0},{"Id":69,"V":3,"NV":3,"TB":0},{"Id":67,"V":1,"NV":1,"TB":0}],[{"Id":73,"V":18,"NV":0,"TB":0},{"Id":77,"V":13,"NV":0,"TB":0},{"Id":72,"V":11,"NV":0,"TB":0},{"Id":65,"V":10,"NV":0,"TB":0},{"Id":66,"V":10,"NV":0,"TB":0},{"Id":75,"V":10,"NV":0,"TB":0},{"Id":76,"V":10,"NV":0,"TB":0},{"Id":68,"V":7,"NV":0,"TB":0},{"Id":74,"V":7,"NV":0,"TB":0},{"Id":70,"V":6,"NV":1,"TB":0},{"Id":71,"V":5,"NV":0,"TB":0},{"Id":69,"V":3,"NV":0,"TB":0}],[{"Id":73,"V":18,"NV":0,"TB":0},{"Id":77,"V":14,"NV":1,"TB":0},{"Id":66,"V":11,"NV":1,"TB":0},{"Id":72,"V":11,"NV":0,"TB":0},{"Id":75,"V":11,"NV":1,"TB":0},{"Id":65,"V":10,"NV":0,"TB":0},{"Id":76,"V":10,"NV":0,"TB":0},{"Id":68,"V":7,"NV":0,"TB":0},{"Id":74,"V":7,"NV":0,"TB":0},{"Id":70,"V":6,"NV":0,"TB":0},{"Id":71,"V":5,"NV":0,"TB":0}],[{"Id":73,"V":18,"NV":0,"TB":0},{"Id":77,"V":15,"NV":1,"TB":0},{"Id":66,"V":11,"NV":0,"TB":0},{"Id":72,"V":11,"NV":0,"TB":0},{"Id":75,"V":11,"NV":0,"TB":0},{"Id":65,"V":10,"NV":0,"TB":0},{"Id":76,"V":10,"NV":0,"TB":0},{"Id":68,"V":8,"NV":1,"TB":0},{"Id":74,"V":7,"NV":0,"TB":0},{"Id":70,"V":6,"NV":0,"TB":0}],[{"Id":73,"V":18,"NV":0,"TB":0},{"Id":77,"V":18,"NV":3,"TB":0},{"Id":66,"V":12,"NV":1,"TB":0},{"Id":72,"V":11,"NV":0,"TB":0},{"Id":75,"V":11,"NV":0,"TB":0},{"Id":65,"V":10,"NV":0,"TB":0},{"Id":76,"V":10,"NV":0,"TB":0},{"Id":74,"V":8,"NV":1,"TB":0},{"Id":68,"V":8,"NV":0,"TB":2}],[{"Id":73,"V":20,"NV":2,"TB":0},{"Id":77,"V":18,"NV":0,"TB":0},{"Id":66,"V":13,"NV":1,"TB":0},{"Id":72,"V":12,"NV":1,"TB":0},{"Id":65,"V":11,"NV":1,"TB":0},{"Id":75,"V":11,"NV":0,"TB":0},{"Id":74,"V":10,"NV":2,"TB":0},{"Id":76,"V":10,"NV":0,"TB":1}],[{"Id":73,"V":24,"NV":4,"TB":0},{"Id":77,"V":20,"NV":2,"TB":0},{"Id":65,"V":14,"NV":3,"TB":0},{"Id":66,"V":14,"NV":1,"TB":0},{"Id":72,"V":12,"NV":0,"TB":0},{"Id":75,"V":11,"NV":0,"TB":0},{"Id":74,"V":10,"NV":0,"TB":0}],[{"Id":73,"V":27,"NV":3,"TB":0},{"Id":77,"V":21,"NV":1,"TB":0},{"Id":66,"V":15,"NV":1,"TB":0},{"Id":65,"V":14,"NV":0,"TB":0},{"Id":75,"V":14,"NV":3,"TB":0},{"Id":72,"V":14,"NV":2,"TB":2}],[{"Id":73,"V":31,"NV":4,"TB":0},{"Id":77,"V":26,"NV":5,"TB":0},{"Id":66,"V":17,"NV":2,"TB":0},{"Id":75,"V":16,"NV":2,"TB":0},{"Id":65,"V":15,"NV":1,"TB":0}],[{"Id":73,"V":34,"NV":3,"TB":0},{"Id":77,"V":30,"NV":4,"TB":0},{"Id":66,"V":20,"NV":3,"TB":0},{"Id":75,"V":17,"NV":1,"TB":0}],[{"Id":73,"V":39,"NV":5,"TB":0},{"Id":77,"V":36,"NV":6,"TB":0},{"Id":66,"V":22,"NV":2,"TB":0}],[{"Id":73,"V":45,"NV":6,"TB":0},{"Id":77,"V":42,"NV":6,"TB":0}],[{"Id":73,"V":68,"NV":23,"TB":0}]],"Expires":1503876170,"SecondsLeft":0}