{"Mtype":"results","Title":"ROUND 1 again","PollStarted":"2017-05-09T22:24:49.697449485Z","PollDuration":300000000000,"Options":{"65":"Trace having accidentally turned himself and Flora into Merfolk.","66":"Natani battling the Templars","67":"Tomb Raider Kat looking for some ancient treasure would be nice.","68":"Updated bust chart of the gender-bent group","69":"There was an old sketch where Flora invaded Traces dream as a giant. We should revisit that","70":"A slightly older Madelyn and Keith enjoying a gentle, romantic dinner together in front of a fireplace.","71":"Trace is wearing Ankle Coverings of Basitinization.","72":"Raine and Zen have a picnic alone under a large tree","73":"Trace (Twokinds) talks evil with Flint (Bloodline)"},"ExpectedBallots":56,"CountedBallots":56,"Ballots":["H","BAG","EI","GHI","DAHBC","GDBFH","DEI","GC","DBH","DHFBCEAGI","A","FGHABCEDI","B","DGHA","DAFC","ADBHFG","GH","CBIDGFAHE","CHFD","FCHBDEIAG","IA","DHBECAFIG","","D","CEHFBDGAI","GBFDHIEC","HFCAIGEDB","HDCGEBI","IDGEFCBAH","AGCHD","CBHEDIGA","GCBFHEDAI","DGA","C","BIFEDA","IB","ADFCEGB","DFBGHAECI","GACEFBDIH","GDHF","FD","CH","CHD","AHG","CH","IHGDBCAF","IGD","CH","D","FIHBDGCEA","HBDCF","GEACIDBFH","CH","DGIFHEAC","CDAHEIGFB","ADIE"],"Placements":[[{"Id":68,"V":12,"NV":12,"TB":0},{"Id":67,"V":11,"NV":11,"TB":0},{"Id":71,"V":9,"NV":9,"TB":0},{"Id":65,"V":6,"NV":6,"TB":0},{"Id":73,"V":5,"NV":5,"TB":0},{"Id":70,"V":4,"NV":4,"TB":0},{"Id":72,"V":4,"NV":4,"TB":0},{"Id":66,"V":3,"NV":3,"TB":0},{"Id":69,"V":1,"NV":1,"TB":0}],[{"Id":68,"V":12,"NV":0,"TB":0},{"Id":67,"V":11,"NV":0,"TB":0},{"Id":71,"V":9,"NV":0,"TB":0},{"Id":65,"V":6,"NV":0,"TB":0},{"Id":73,"V":6,"NV":1,"TB":0},{"Id":70,"V":4,"NV":0,"TB":0},{"Id":72,"V":4,"NV":0,"TB":0},{"Id":66,"V":3,"NV":0,"TB":0}],[{"Id":68,"V":12,"NV":0,"TB":0},{"Id":67,"V":11,"NV":0,"TB":0},{"Id":71,"V":9,"NV":0,"TB":0},{"Id":65,"V":7,"NV":1,"TB":0},{"Id":73,"V":7,"NV":1,"TB":0},{"Id":72,"V":4,"NV":0,"TB":0},{"Id":70,"V":4,"NV":0,"TB":2}],[{"Id":68,"V":13,"NV":1,"TB":0},{"Id":67,"V":12,"NV":1,"TB":0},{"Id":71,"V":10,"NV":1,"TB":0},{"Id":73,"V":8,"NV":1,"TB":0},{"Id":65,"V":7,"NV":0,"TB":0},{"Id":72,"V":4,"NV":0,"TB":0}],[{"Id":68,"V":15,"NV":2,"TB":0},{"Id":67,"V":13,"NV":1,"TB":0},{"Id":71,"V":10,"NV":0,"TB":0},{"Id":73,"V":8,"NV":0,"TB":0},{"Id":65,"V":7,"NV":0,"TB":0}],[{"Id":68,"V":18,"NV":3,"TB":0},{"Id":67,"V":13,"NV":0,"TB":0},{"Id":71,"V":13,"NV":3,"TB":0},{"Id":73,"V":8,"NV":0,"TB":0}],[{"Id":68,"V":21,"NV":3,"TB":0},{"Id":71,"V":15,"NV":2,"TB":0},{"Id":67,"V":13,"NV":0,"TB":0}],[{"Id":68,"V":28,"NV":7,"TB":0},{"Id":71,"V":16,"NV":1,"TB":0}],[{"Id":68,"V":39,"NV":11,"TB":0}]],"Expires":1494369290,"SecondsLeft":0}