{"Mtype":"results","Title":"ROUND ONE","PollStarted":"2017-04-09T20:37:55.190532934Z","PollDuration":300000000000,"Options":{"100":"Messenger Lynn as Phoenix Wright (Ace Attorney)","101":"Trace \u0026 Eric Money Fight!","102":"Flora Zora transformation (Zelda botw)","103":"Keith meet Alaric for the first time. Something from their early childhood or first training days","104":"Nora gives Flora advice on how to best handle Trace","105":"Maddie and Maeve Easter Egg hunt","97":"Revenge of the Bitten: Kieth and Kat chew on Natani's ears","98":"Kat meets Zen","99":"Maren opens a beauty saloon for Keidran, with Kathrin trying to get Natani groomed."},"ExpectedBallots":106,"CountedBallots":106,"Ballots":["dahegci","abie","fhcg","baehigcdf","fcheagbid","gic","dchb","fe","ahicbegdf","hfai","afhedcibg","baichegfd","cbi","cahbfdige","chabifged","hgfiae","ahfeicgbd","ahibcedfg","cdeahbgif","hefadbci","dgbaec","cbafgideh","fechgbaid","baiefhcgd","hfaebi","cbgi","ghf","afe","fh","gdaehibfc","gahbec","ebahidfcg","haicgbf","cgibedfha","cbheag","adbcehgfi","hedacgbif","bchgea","hebcai","hbg","hacbgiedf","e","cabgh","gcbia","gcabfi","fchi","ihcfbdeag","igbc","cha","hfb","aegicf","ibagcfedh","aig","edbiaghfc","bacdhgie","fiebdghca","agchei","gd","cbedahigf","biehdcgaf","cbgihafde","hacfi","cbaehgfid","abchiefgd","gacbhie","cabgihe","hgabdecif","fcbdghaie","fhbaiecdg","hae","iheag","bichagfde","icafghdbe","daicgb","bcihaegfd","gfi","heicagdfb","acbegh","igbc","giae","dfg","bfe","bha","iedgchaf","cfhbaideg","hcaibg","ebhgiacdf","cba","ha","cbha","aghfdbeci","bha","agb","","abhecig","hdaie","ibgf","abgecihdf","agbehidcf","fahbcdieg","aiebf","","dahibcgfe","chgabied","abcdgehif",""],"Placements":[[{"Id":97,"V":19,"NV":19,"TB":0},{"Id":99,"V":18,"NV":18,"TB":0},{"Id":104,"V":17,"NV":17,"TB":0},{"Id":98,"V":11,"NV":11,"TB":0},{"Id":102,"V":10,"NV":10,"TB":0},{"Id":103,"V":10,"NV":10,"TB":0},{"Id":105,"V":8,"NV":8,"TB":0},{"Id":100,"V":6,"NV":6,"TB":0},{"Id":101,"V":4,"NV":4,"TB":0}],[{"Id":97,"V":19,"NV":0,"TB":0},{"Id":99,"V":18,"NV":0,"TB":0},{"Id":104,"V":17,"NV":0,"TB":0},{"Id":98,"V":13,"NV":2,"TB":0},{"Id":102,"V":10,"NV":0,"TB":0},{"Id":103,"V":10,"NV":0,"TB":0},{"Id":105,"V":8,"NV":0,"TB":0},{"Id":100,"V":7,"NV":1,"TB":0}],[{"Id":97,"V":22,"NV":3,"TB":0},{"Id":99,"V":19,"NV":1,"TB":0},{"Id":104,"V":17,"NV":0,"TB":0},{"Id":98,"V":14,"NV":1,"TB":0},{"Id":102,"V":11,"NV":1,"TB":0},{"Id":103,"V":11,"NV":1,"TB":0},{"Id":105,"V":8,"NV":0,"TB":0}],[{"Id":97,"V":22,"NV":0,"TB":0},{"Id":99,"V":20,"NV":1,"TB":0},{"Id":104,"V":19,"NV":2,"TB":0},{"Id":98,"V":16,"NV":2,"TB":0},{"Id":103,"V":14,"NV":3,"TB":0},{"Id":102,"V":11,"NV":0,"TB":0}],[{"Id":99,"V":24,"NV":4,"TB":0},{"Id":97,"V":23,"NV":1,"TB":0},{"Id":104,"V":22,"NV":3,"TB":0},{"Id":98,"V":17,"NV":1,"TB":0},{"Id":103,"V":15,"NV":1,"TB":0}],[{"Id":99,"V":28,"NV":4,"TB":0},{"Id":97,"V":27,"NV":4,"TB":0},{"Id":104,"V":23,"NV":1,"TB":0},{"Id":98,"V":20,"NV":3,"TB":0}],[{"Id":97,"V":35,"NV":8,"TB":0},{"Id":99,"V":33,"NV":5,"TB":0},{"Id":104,"V":28,"NV":5,"TB":0}],[{"Id":97,"V":52,"NV":17,"TB":0},{"Id":99,"V":40,"NV":7,"TB":0}],[{"Id":97,"V":84,"NV":32,"TB":0}]],"Expires":1491770878,"SecondsLeft":0}