{"Mtype":"results","Title":"Round (3/4)","PollStarted":"2017-08-13T23:04:50.218377858Z","PollDuration":300000000000,"Options":{"65":"What if Evals became the girl and not Mike.","66":"Natani practicing pickup lines in the mirror, not realizing keith is behind her.","67":"Adira returns to find the Riftwall tavern portal open to a new tavern opened by Mike and Evals.","68":"Flora is jealous of Tigress Trace \"Cup\" size","69":"Lieutenant Reed and Daniels getting cursed with Keidranfication collars!","70":"When suddenly: floof. Kathrin's winter coat","71":"Zen and Natani in fancy clothes, and dancing.","72":"Group A Relaxin at the beach","73":"Raine as a WWII-style fighter nose art. ","74":"Carver as Crash Bandicoot and Raine as Aku Aku","75":"Landan the Coffee Knight","76":"Maeve cosplays tiny tina from borderlands","77":"Alternate Gender-swapped Universe: FemMike and FemEvals first encounter 'bastian black magic' turning Mike into a guy","78":"Dark Trace protecting Flora"},"ExpectedBallots":122,"CountedBallots":122,"Ballots":["IGFC","JEILABMHKDNFCG","LDABCNM","BHE","ND","NK","KEFNCJ","KNB","EHDBFAIKCMNGLJ","BCMAL","ILEFGNKACMBHDJ","DBGAMCKHNFELJI","NDH","NKM","DAMFIENCHLKGBJ","AMEBD","BAEINM","","DANFGBJ","INHCADKMFBEGLJ","NHBEAMF","FNHDABGEKCLJMI","IMCFAEBLJNKDHG","BJGHADEFMLKNIC","DAIML","DAEMB","NDFL","BNKLCF","FDBMH","HDFB","FAMKE","FBHJ","EAMDCGFBHI","CBIAMENGDFK","HB","EFDG","DEBHCIMFN","INBEFDK","FNDB","NMHDGAB","BGAMDKNH","HND","BGADK","FBGAKJ","MAEBHN","ME","","AEHMFDB","BD","BF","BAGCNEFMHDJILK","EFGMA","DFIBHEAMGNCLJK","ND","BFDNHAMLCGEIJK","LCDAM","GHIBECNKLJFDAM","FDEA","DEJLCFGMBKNIAH","ILA","BFLIGHACJKNMDE","FEKIAMH","NEIFCGDKJLAMBH","CBGIKEAH","KENAFL","","HFBNGD","FIN","EAID","IDCFANBMELGJKH","DBFANME","FNCJEGDLAKIHMB","EINJCFLKMHBAD","FID","KAN","KFBE","IAFB","BIGFECHADL","HFDIBMCLENK","JCAGIBHE","LENDBFHIGCAMKJ","BLCDM","CHIFDJGLBMANEK","IDEBFGMAN","NGFB","FIEC","CKBHGNE","KLEBMAJFCDIN","FIEC","FIAE","DILFBH","GBHAINEDKCMLJF","IFDH","IBKALDFENCJMHG","KHNEAFJ","JN","ENABDMCFGHKLIJ","MH","EDBCHMNAGJKFIL","F","DABMEF","FCBKNE","HNDI","ENAFCMHDBLIJGK","BGILADCNHM","BG","CLF","FBDE","NKEFCJ","MGFLACEB","HF","LN","CKE","NLH","EBFDNCMA","B","BHF","BD","AHFMDINJGEK","HBJGDENM","I","B"],"Placements":[[{"Id":66,"V":20,"NV":20,"TB":0},{"Id":70,"V":17,"NV":17,"TB":0},{"Id":73,"V":12,"NV":12,"TB":0},{"Id":78,"V":12,"NV":12,"TB":0},{"Id":68,"V":11,"NV":11,"TB":0},{"Id":69,"V":10,"NV":10,"TB":0},{"Id":72,"V":8,"NV":8,"TB":0},{"Id":75,"V":7,"NV":7,"TB":0},{"Id":67,"V":6,"NV":6,"TB":0},{"Id":76,"V":4,"NV":4,"TB":0},{"Id":77,"V":4,"NV":4,"TB":0},{"Id":65,"V":3,"NV":3,"TB":0},{"Id":74,"V":3,"NV":3,"TB":0},{"Id":71,"V":2,"NV":2,"TB":0}],[{"Id":66,"V":21,"NV":1,"TB":0},{"Id":70,"V":17,"NV":0,"TB":0},{"Id":73,"V":12,"NV":0,"TB":0},{"Id":78,"V":12,"NV":0,"TB":0},{"Id":68,"V":11,"NV":0,"TB":0},{"Id":69,"V":10,"NV":0,"TB":0},{"Id":72,"V":9,"NV":1,"TB":0},{"Id":75,"V":7,"NV":0,"TB":0},{"Id":67,"V":6,"NV":0,"TB":0},{"Id":76,"V":4,"NV":0,"TB":0},{"Id":77,"V":4,"NV":0,"TB":0},{"Id":74,"V":3,"NV":0,"TB":0},{"Id":65,"V":3,"NV":0,"TB":2}],[{"Id":66,"V":21,"NV":0,"TB":0},{"Id":70,"V":17,"NV":0,"TB":0},{"Id":73,"V":12,"NV":0,"TB":0},{"Id":78,"V":12,"NV":0,"TB":0},{"Id":68,"V":11,"NV":0,"TB":0},{"Id":69,"V":11,"NV":1,"TB":0},{"Id":72,"V":10,"NV":1,"TB":0},{"Id":75,"V":7,"NV":0,"TB":0},{"Id":67,"V":6,"NV":0,"TB":0},{"Id":77,"V":5,"NV":1,"TB":0},{"Id":76,"V":4,"NV":0,"TB":0},{"Id":74,"V":3,"NV":0,"TB":0}],[{"Id":66,"V":21,"NV":0,"TB":0},{"Id":70,"V":17,"NV":0,"TB":0},{"Id":78,"V":13,"NV":1,"TB":0},{"Id":69,"V":12,"NV":1,"TB":0},{"Id":73,"V":12,"NV":0,"TB":0},{"Id":68,"V":11,"NV":0,"TB":0},{"Id":72,"V":10,"NV":0,"TB":0},{"Id":67,"V":7,"NV":1,"TB":0},{"Id":75,"V":7,"NV":0,"TB":0},{"Id":77,"V":5,"NV":0,"TB":0},{"Id":76,"V":4,"NV":0,"TB":0}],[{"Id":66,"V":21,"NV":0,"TB":0},{"Id":70,"V":17,"NV":0,"TB":0},{"Id":78,"V":14,"NV":1,"TB":0},{"Id":69,"V":13,"NV":1,"TB":0},{"Id":68,"V":12,"NV":1,"TB":0},{"Id":73,"V":12,"NV":0,"TB":0},{"Id":72,"V":10,"NV":0,"TB":0},{"Id":67,"V":8,"NV":1,"TB":0},{"Id":75,"V":7,"NV":0,"TB":0},{"Id":77,"V":5,"NV":0,"TB":0}],[{"Id":66,"V":21,"NV":0,"TB":0},{"Id":70,"V":18,"NV":1,"TB":0},{"Id":69,"V":16,"NV":3,"TB":0},{"Id":78,"V":14,"NV":0,"TB":0},{"Id":68,"V":12,"NV":0,"TB":0},{"Id":73,"V":12,"NV":0,"TB":0},{"Id":72,"V":11,"NV":1,"TB":0},{"Id":67,"V":8,"NV":0,"TB":0},{"Id":75,"V":7,"NV":0,"TB":0}],[{"Id":66,"V":21,"NV":0,"TB":0},{"Id":69,"V":19,"NV":3,"TB":0},{"Id":70,"V":19,"NV":1,"TB":0},{"Id":78,"V":16,"NV":2,"TB":0},{"Id":68,"V":12,"NV":0,"TB":0},{"Id":72,"V":12,"NV":1,"TB":0},{"Id":73,"V":12,"NV":0,"TB":0},{"Id":67,"V":8,"NV":0,"TB":0}],[{"Id":66,"V":24,"NV":3,"TB":0},{"Id":69,"V":20,"NV":1,"TB":0},{"Id":70,"V":20,"NV":1,"TB":0},{"Id":78,"V":16,"NV":0,"TB":0},{"Id":68,"V":13,"NV":1,"TB":0},{"Id":72,"V":13,"NV":1,"TB":0},{"Id":73,"V":13,"NV":1,"TB":1}],[{"Id":66,"V":26,"NV":2,"TB":0},{"Id":70,"V":24,"NV":4,"TB":0},{"Id":69,"V":21,"NV":1,"TB":0},{"Id":78,"V":18,"NV":2,"TB":0},{"Id":68,"V":15,"NV":2,"TB":0},{"Id":72,"V":13,"NV":0,"TB":0}],[{"Id":66,"V":29,"NV":3,"TB":0},{"Id":70,"V":29,"NV":5,"TB":0},{"Id":69,"V":21,"NV":0,"TB":0},{"Id":78,"V":21,"NV":3,"TB":0},{"Id":68,"V":16,"NV":1,"TB":0}],[{"Id":70,"V":34,"NV":5,"TB":0},{"Id":66,"V":33,"NV":4,"TB":0},{"Id":69,"V":25,"NV":4,"TB":0},{"Id":78,"V":22,"NV":1,"TB":0}],[{"Id":70,"V":38,"NV":4,"TB":0},{"Id":66,"V":37,"NV":4,"TB":0},{"Id":69,"V":28,"NV":3,"TB":0}],[{"Id":70,"V":51,"NV":13,"TB":0},{"Id":66,"V":49,"NV":12,"TB":0}],[{"Id":70,"V":77,"NV":26,"TB":0}]],"Expires":1502666095,"SecondsLeft":0}