{"Mtype":"results","Title":"Round Three","PollStarted":"2017-04-16T21:38:56.222254865Z","PollDuration":300000000000,"Options":{"65":"Maeve biting the wrong tail","66":"Flora letting Maeve listen to and feel her active unborn baby","67":"Bond, Zen Bond. At the casino table from Casino Royale, with Lilith as Vesper","68":"Maeve dressed as Freya from FF9","69":"All the main male characters lined up, showing off their physique.","70":"Twokinds chars wearing shirts from major colleges they're the mascot of.","71":"Roselyn as Red from Transistor"},"ExpectedBallots":96,"CountedBallots":96,"Ballots":["ECA","EABGFDC","AEBCGFD","ECBADFG","EA","EBACFGD","ED","BACDGFE","EBGAC","EAFCBGD","CDGFA","CBGDAEF","EG","CFEAGDB","CEFAGDB","BEA","DBEC","AFCDBGE","DBEAFCG","BGACEFD","BA","BACGD","BAEDFCG","EADFCGB","CBFEGDA","BCEAFGD","FECABG","CGA","GECBAFD","","CADFGBE","GEA","AECGDBF","AEC","GAE","GADB","FCGAEBD","BAE","DEC","DEC","FBDGCAE","GAEDCBF","DEC","EBACFDG","GABEDFC","BGC","GCEABDF","AGBECFD","CEFGABD","BEAFDCG","ECFDBAG","ECFABGD","BAFGDCE","BAEG","BEFACGD","EFAB","GFCABDE","ACDEFBG","CE","BCAFEGD","AEGC","ACG","BDEAGFC","DEC","GAFBDEC","AED","CBAEGFD","EGCDAFB","ADBE","AFB","AEBFCGD","ABGDF","CAEB","ACEFBGD","GA","B","ABDGECF","BCADEGF","EAGFCD","CABGFDE","EFA","EACFBDG","BA","EDABF","BEFACGD","CABEGFD","BCEAFG","ABDFGE","EACDFGB","BADGCFE","GBCAFDE","BAFDGCE","CADGEBF","FAEB","AGE","CBDFGEA"],"Placements":[[{"Id":66,"V":22,"NV":22,"TB":0},{"Id":69,"V":20,"NV":20,"TB":0},{"Id":65,"V":17,"NV":17,"TB":0},{"Id":67,"V":15,"NV":15,"TB":0},{"Id":71,"V":11,"NV":11,"TB":0},{"Id":68,"V":6,"NV":6,"TB":0},{"Id":70,"V":4,"NV":4,"TB":0}],[{"Id":66,"V":23,"NV":1,"TB":0},{"Id":69,"V":21,"NV":1,"TB":0},{"Id":65,"V":18,"NV":1,"TB":0},{"Id":67,"V":16,"NV":1,"TB":0},{"Id":71,"V":11,"NV":0,"TB":0},{"Id":68,"V":6,"NV":0,"TB":0}],[{"Id":66,"V":25,"NV":2,"TB":0},{"Id":69,"V":25,"NV":4,"TB":0},{"Id":65,"V":18,"NV":0,"TB":0},{"Id":67,"V":16,"NV":0,"TB":0},{"Id":71,"V":11,"NV":0,"TB":0}],[{"Id":69,"V":27,"NV":2,"TB":0},{"Id":66,"V":26,"NV":1,"TB":0},{"Id":65,"V":24,"NV":6,"TB":0},{"Id":67,"V":18,"NV":2,"TB":0}],[{"Id":65,"V":33,"NV":9,"TB":0},{"Id":69,"V":32,"NV":5,"TB":0},{"Id":66,"V":30,"NV":4,"TB":0}],[{"Id":65,"V":50,"NV":17,"TB":0},{"Id":69,"V":43,"NV":11,"TB":0}],[{"Id":65,"V":85,"NV":35,"TB":0}]],"Expires":1492379342,"SecondsLeft":0}