{"Mtype":"results","Title":"Round 2/4","PollStarted":"2017-10-22T22:18:03.917222648Z","PollDuration":300000000000,"Options":{"65":"Keith being forced to apologize to Zen for stabbing him.","66":"Eric convinces Iris and her friend to pose for a painting. (The tigresses from page 900)","67":"Halloween at the Legacy Estate: Roselyn hands out candy to trick or treaters","68":"Human Nora sitting in on the Two Kinds D\u0026D game.","69":"Maddie dressed as a thief stealing candy from Trace's estate and Maeve dressed as a princess being a distraction.","70":"Rick and Morty: Rick needs to steal the flawless Mana Crystal from Clovis for one of his experiments.","71":"Nibs pixie pranks: Karen gets canine traits, Raine becomes feline, and RHG turns into a Basitin.","72":"Evals Master of the tribal drum","73":"Rework the map, with locations where you might find the new races","74":"Flora Hangs out with Kessah (from The Hunters of Salamanstra)","75":"Adira posing for a surprised nature documentary crew","76":"Halloween Campfire: Red tells a ghost story. Maren doesn't believe but get scared by Mrs. Nibbly's shadow. 2spooky4me","77":"Archmage Raine gone to the dark side","78":"Wrinry finally wearing cloths, much to her annoyance.","79":"Raine uses her wolf form to comfort Red (adorable scene)","80":"Karen and Maren, a not so normal day in the tavern. Because Lizardfolk Cleric happened/walks in.","81":"Teenage Eric, holding baby Kathrin."},"ExpectedBallots":110,"CountedBallots":110,"Ballots":["AQG","CAP","BPEQKDLN","OMIEGACL","FEIBGDNMAKQCOPLHJ","L","EAK","AH","AQN","OFDL","CLJAKE","IAGEHCOLNKQMDBP","IOBAQKNGDH","GQIDP","BKDGCL","ANMICJEGOKHQPLBD","OIKHGMDEAQNPLJBCF","ANLBEF","KNOAQBJF","OG","DKLE","QHC","IELQ","FBO","DG","FIKAN","LQMC","","MADHCB","NODIKAB","IDEA","FDBOC","QNBO","HALMEC","I","OBK","IHKDO","POCLG","IFABCQHOKMD","NEMB","OFPM","OGDNBAHJPIQEFMKLC","ECLMHNKPJBGAQDIFO","EAK","QCFI","DAFEKN","AIHP","KB","KGIMEANHPL","K","ELADKNHC","MOCBQDJKEIPNLAHFG","EHGIKBND","EGNMHDKBLQIOPJFAC","OPDCLGNK","K","IBMPQOG","EQGLI","GIHBD","OAINDFBMQCKE","EKNB","IKOCENDLABP","QAICK","JKIM","AH","OBKLC","IQAFMNG","J","HOKCA","IKHEMB","","EOACQ","OM","OM","OFLECDBGQANMJPHKI","FIGQOMJ","QABGO","BKDOPN","FAEC","KOQANMIHD","QOI","MOL","IKGBOHMQ","QEMCANHI","GPMCONIH","DOMAQKIFLNEGCBPJH","QDKPECGOBNMJHLAIF","QNMEAC","DG","OM","KBQE","DNGIQCPLF","","COMIAK","BMKQOE","BMKQOE","OA","OIBAD","QODI","OQAEMIDCLBFK","OM","MDOPC","","BKCEAPQG","O","EQCDIABGK","K","DNPALJQHGCEFI","DNGMC","ECLADGQKMOPIBNJHF"],"Placements":[[{"Id":79,"V":19,"NV":19,"TB":0},{"Id":73,"V":12,"NV":12,"TB":0},{"Id":69,"V":11,"NV":11,"TB":0},{"Id":81,"V":10,"NV":10,"TB":0},{"Id":68,"V":8,"NV":8,"TB":0},{"Id":75,"V":8,"NV":8,"TB":0},{"Id":65,"V":7,"NV":7,"TB":0},{"Id":66,"V":6,"NV":6,"TB":0},{"Id":70,"V":6,"NV":6,"TB":0},{"Id":77,"V":4,"NV":4,"TB":0},{"Id":67,"V":3,"NV":3,"TB":0},{"Id":71,"V":3,"NV":3,"TB":0},{"Id":72,"V":2,"NV":2,"TB":0},{"Id":74,"V":2,"NV":2,"TB":0},{"Id":76,"V":2,"NV":2,"TB":0},{"Id":78,"V":2,"NV":2,"TB":0},{"Id":80,"V":1,"NV":1,"TB":0}],[{"Id":79,"V":20,"NV":1,"TB":0},{"Id":73,"V":12,"NV":0,"TB":0},{"Id":69,"V":11,"NV":0,"TB":0},{"Id":81,"V":10,"NV":0,"TB":0},{"Id":68,"V":8,"NV":0,"TB":0},{"Id":75,"V":8,"NV":0,"TB":0},{"Id":65,"V":7,"NV":0,"TB":0},{"Id":66,"V":6,"NV":0,"TB":0},{"Id":70,"V":6,"NV":0,"TB":0},{"Id":77,"V":4,"NV":0,"TB":0},{"Id":67,"V":3,"NV":0,"TB":0},{"Id":71,"V":3,"NV":0,"TB":0},{"Id":72,"V":2,"NV":0,"TB":0},{"Id":74,"V":2,"NV":0,"TB":0},{"Id":76,"V":2,"NV":0,"TB":0},{"Id":78,"V":2,"NV":0,"TB":1}],[{"Id":79,"V":21,"NV":1,"TB":0},{"Id":69,"V":12,"NV":1,"TB":0},{"Id":73,"V":12,"NV":0,"TB":0},{"Id":81,"V":10,"NV":0,"TB":0},{"Id":68,"V":8,"NV":0,"TB":0},{"Id":75,"V":8,"NV":0,"TB":0},{"Id":65,"V":7,"NV":0,"TB":0},{"Id":66,"V":6,"NV":0,"TB":0},{"Id":70,"V":6,"NV":0,"TB":0},{"Id":77,"V":4,"NV":0,"TB":0},{"Id":67,"V":3,"NV":0,"TB":0},{"Id":71,"V":3,"NV":0,"TB":0},{"Id":72,"V":2,"NV":0,"TB":0},{"Id":76,"V":2,"NV":0,"TB":0},{"Id":74,"V":2,"NV":0,"TB":2}],[{"Id":79,"V":21,"NV":0,"TB":0},{"Id":69,"V":12,"NV":0,"TB":0},{"Id":73,"V":12,"NV":0,"TB":0},{"Id":81,"V":10,"NV":0,"TB":0},{"Id":75,"V":9,"NV":1,"TB":0},{"Id":68,"V":8,"NV":0,"TB":0},{"Id":65,"V":7,"NV":0,"TB":0},{"Id":66,"V":6,"NV":0,"TB":0},{"Id":70,"V":6,"NV":0,"TB":0},{"Id":77,"V":4,"NV":0,"TB":0},{"Id":67,"V":3,"NV":0,"TB":0},{"Id":71,"V":3,"NV":0,"TB":0},{"Id":76,"V":2,"NV":0,"TB":0},{"Id":72,"V":2,"NV":0,"TB":2}],[{"Id":79,"V":22,"NV":1,"TB":0},{"Id":69,"V":12,"NV":0,"TB":0},{"Id":73,"V":12,"NV":0,"TB":0},{"Id":81,"V":10,"NV":0,"TB":0},{"Id":75,"V":9,"NV":0,"TB":0},{"Id":65,"V":8,"NV":1,"TB":0},{"Id":68,"V":8,"NV":0,"TB":0},{"Id":66,"V":6,"NV":0,"TB":0},{"Id":70,"V":6,"NV":0,"TB":0},{"Id":77,"V":4,"NV":0,"TB":0},{"Id":67,"V":3,"NV":0,"TB":0},{"Id":71,"V":3,"NV":0,"TB":0},{"Id":76,"V":2,"NV":0,"TB":0}],[{"Id":79,"V":22,"NV":0,"TB":0},{"Id":69,"V":12,"NV":0,"TB":0},{"Id":73,"V":12,"NV":0,"TB":0},{"Id":81,"V":11,"NV":1,"TB":0},{"Id":75,"V":9,"NV":0,"TB":0},{"Id":65,"V":8,"NV":0,"TB":0},{"Id":68,"V":8,"NV":0,"TB":0},{"Id":66,"V":6,"NV":0,"TB":0},{"Id":70,"V":6,"NV":0,"TB":0},{"Id":77,"V":4,"NV":0,"TB":0},{"Id":67,"V":3,"NV":0,"TB":0},{"Id":71,"V":3,"NV":0,"TB":1}],[{"Id":79,"V":22,"NV":0,"TB":0},{"Id":73,"V":13,"NV":1,"TB":0},{"Id":69,"V":12,"NV":0,"TB":0},{"Id":81,"V":12,"NV":1,"TB":0},{"Id":75,"V":9,"NV":0,"TB":0},{"Id":65,"V":8,"NV":0,"TB":0},{"Id":68,"V":8,"NV":0,"TB":0},{"Id":66,"V":6,"NV":0,"TB":0},{"Id":70,"V":6,"NV":0,"TB":0},{"Id":77,"V":5,"NV":1,"TB":0},{"Id":67,"V":3,"NV":0,"TB":0}],[{"Id":79,"V":23,"NV":1,"TB":0},{"Id":73,"V":13,"NV":0,"TB":0},{"Id":69,"V":12,"NV":0,"TB":0},{"Id":81,"V":12,"NV":0,"TB":0},{"Id":65,"V":10,"NV":2,"TB":0},{"Id":75,"V":9,"NV":0,"TB":0},{"Id":68,"V":8,"NV":0,"TB":0},{"Id":66,"V":6,"NV":0,"TB":0},{"Id":70,"V":6,"NV":0,"TB":0},{"Id":77,"V":5,"NV":0,"TB":0}],[{"Id":79,"V":26,"NV":3,"TB":0},{"Id":73,"V":13,"NV":0,"TB":0},{"Id":69,"V":12,"NV":0,"TB":0},{"Id":81,"V":12,"NV":0,"TB":0},{"Id":65,"V":11,"NV":1,"TB":0},{"Id":68,"V":9,"NV":1,"TB":0},{"Id":75,"V":9,"NV":0,"TB":0},{"Id":70,"V":6,"NV":0,"TB":0},{"Id":66,"V":6,"NV":0,"TB":2}],[{"Id":79,"V":26,"NV":0,"TB":0},{"Id":75,"V":14,"NV":5,"TB":0},{"Id":69,"V":13,"NV":1,"TB":0},{"Id":73,"V":13,"NV":0,"TB":0},{"Id":81,"V":12,"NV":0,"TB":0},{"Id":65,"V":11,"NV":0,"TB":0},{"Id":68,"V":9,"NV":0,"TB":0},{"Id":70,"V":6,"NV":0,"TB":0}],[{"Id":79,"V":27,"NV":1,"TB":0},{"Id":73,"V":15,"NV":2,"TB":0},{"Id":69,"V":14,"NV":1,"TB":0},{"Id":75,"V":14,"NV":0,"TB":0},{"Id":65,"V":12,"NV":1,"TB":0},{"Id":81,"V":12,"NV":0,"TB":0},{"Id":68,"V":10,"NV":1,"TB":0}],[{"Id":79,"V":30,"NV":3,"TB":0},{"Id":73,"V":16,"NV":1,"TB":0},{"Id":75,"V":15,"NV":1,"TB":0},{"Id":65,"V":14,"NV":2,"TB":0},{"Id":69,"V":14,"NV":0,"TB":0},{"Id":81,"V":12,"NV":0,"TB":0}],[{"Id":79,"V":33,"NV":3,"TB":0},{"Id":73,"V":18,"NV":2,"TB":0},{"Id":65,"V":16,"NV":2,"TB":0},{"Id":75,"V":16,"NV":1,"TB":0},{"Id":69,"V":16,"NV":2,"TB":2}],[{"Id":79,"V":34,"NV":1,"TB":0},{"Id":65,"V":22,"NV":6,"TB":0},{"Id":73,"V":22,"NV":4,"TB":0},{"Id":75,"V":20,"NV":4,"TB":0}],[{"Id":79,"V":40,"NV":6,"TB":0},{"Id":73,"V":25,"NV":3,"TB":0},{"Id":65,"V":24,"NV":2,"TB":0}],[{"Id":79,"V":42,"NV":2,"TB":0},{"Id":73,"V":31,"NV":6,"TB":0}],[{"Id":79,"V":54,"NV":12,"TB":0}]],"Expires":1508711285,"SecondsLeft":0}