{"Mtype":"results","Title":"Round (2/4)","PollStarted":"2017-07-16T21:39:10.442342141Z","PollDuration":300000000000,"Options":{"65":"Male and Female Human-Keidran Hybrids","66":"Kat and Raine's second cooking lesson: Summer BBQ edition","67":"Pixie Panic Aftermath 2: Mike and Evals, all dolled up.","68":"Twokinds meets Splatoon","69":"Natani giving Maddie some assassin training, with Keith as the target. He didn't agree to this.","70":"TechFox Mike, panicking","71":"Flora as a Zora from Legend of Zelda BoW","72":"Princess Clovis split into two persons: A fully fox Clovis and a fully wolf Clovis","73":"Sealeen #1Templar Fangirl ( with Landen holding sign or banner that reads Go Templars! )","74":"Trace transformed into a potato sack, with an angry Flora scolding a confused Nora","75":"Evil Trace Forced to Relive the Memories of Enchanted Mistletoe Toe 2012.","76":"Karen gets another pair of ears! (Basitin)"},"ExpectedBallots":102,"CountedBallots":102,"Ballots":["BE","FAE","IHGLA","KABCJE","FGCHEK","HJCFBAE","AEBIHFLKJC","FHA","FGEBHJKC","BIGLEHCDAFKJ","KCGDHJAE","K","AK","KHLI","AEKHFBD","AHKFD","CAFJH","EBJFGAL","ADEBKCHFJILG","EHBGAJ","HFCB","CHFGADEL","HAF","FBIHEACJ","BEF","CALEDI","EFCDAKJGBHIL","JEKBFHDLCAIG","LFEGB","EBCJ","I","HKBAELCFJIGD","ABJGDFIECLKH","ELHDBCKF","JEKGC","LGEBFIJAKHCD","HLFDEAJ","","HFAJEBC","IEKFB","D","HCAGJ","EFC","HFG","LKEFHJICABGD","AHFBCELJK","B","FLEJ","CAKEHFLGIJBD","BEGJCD","FBHELIGJA","FJKCEBHA","CKEFJABIHLGD","JHELIACBFKGD","JKIAGFEHLBCD","GCJKD","AGEHJIKDCBFL","KHCEBF","EDGFK","HGB","","CEBAKHDGFLIJ","EJCIB","B","EJLFBIHGCDAK","HEA","G","BCFH","EHL","HC","FHLBAJEI","HFBKIE","FH","EK","HFELAGCIBKJD","BJAFIHL","BKIHEJC","FHEBJ","BEAHKJIF","EDAKFBCLHGIJ","HEA","HJLE","ALHG","EH","HEJBFIG","A","HAG","AGLEHIF","GA","AFGBHCELDJIK","","EFHCB","AK","GKDBCH","AHBGD","EHDJA","IKFC","EJCLB","B","CBDLKIGHAEJF","EFJK","FHCBAJ"],"Placements":[[{"Id":69,"V":17,"NV":17,"TB":0},{"Id":72,"V":17,"NV":17,"TB":0},{"Id":65,"V":14,"NV":14,"TB":0},{"Id":70,"V":12,"NV":12,"TB":0},{"Id":66,"V":11,"NV":11,"TB":0},{"Id":67,"V":7,"NV":7,"TB":0},{"Id":75,"V":5,"NV":5,"TB":0},{"Id":71,"V":4,"NV":4,"TB":0},{"Id":73,"V":4,"NV":4,"TB":0},{"Id":74,"V":4,"NV":4,"TB":0},{"Id":76,"V":3,"NV":3,"TB":0},{"Id":68,"V":1,"NV":1,"TB":0}],[{"Id":69,"V":17,"NV":0,"TB":0},{"Id":72,"V":17,"NV":0,"TB":0},{"Id":65,"V":14,"NV":0,"TB":0},{"Id":70,"V":12,"NV":0,"TB":0},{"Id":66,"V":11,"NV":0,"TB":0},{"Id":67,"V":7,"NV":0,"TB":0},{"Id":75,"V":5,"NV":0,"TB":0},{"Id":71,"V":4,"NV":0,"TB":0},{"Id":73,"V":4,"NV":0,"TB":0},{"Id":74,"V":4,"NV":0,"TB":0},{"Id":76,"V":3,"NV":0,"TB":0}],[{"Id":69,"V":17,"NV":0,"TB":0},{"Id":72,"V":17,"NV":0,"TB":0},{"Id":65,"V":14,"NV":0,"TB":0},{"Id":70,"V":13,"NV":1,"TB":0},{"Id":66,"V":11,"NV":0,"TB":0},{"Id":67,"V":7,"NV":0,"TB":0},{"Id":75,"V":6,"NV":1,"TB":0},{"Id":71,"V":5,"NV":1,"TB":0},{"Id":73,"V":4,"NV":0,"TB":0},{"Id":74,"V":4,"NV":0,"TB":1}],[{"Id":69,"V":19,"NV":2,"TB":0},{"Id":72,"V":18,"NV":1,"TB":0},{"Id":65,"V":14,"NV":0,"TB":0},{"Id":70,"V":13,"NV":0,"TB":0},{"Id":66,"V":11,"NV":0,"TB":0},{"Id":67,"V":7,"NV":0,"TB":0},{"Id":75,"V":7,"NV":1,"TB":0},{"Id":71,"V":5,"NV":0,"TB":0},{"Id":73,"V":4,"NV":0,"TB":0}],[{"Id":69,"V":20,"NV":1,"TB":0},{"Id":72,"V":19,"NV":1,"TB":0},{"Id":65,"V":14,"NV":0,"TB":0},{"Id":70,"V":13,"NV":0,"TB":0},{"Id":66,"V":11,"NV":0,"TB":0},{"Id":75,"V":8,"NV":1,"TB":0},{"Id":67,"V":7,"NV":0,"TB":0},{"Id":71,"V":5,"NV":0,"TB":0}],[{"Id":69,"V":21,"NV":1,"TB":0},{"Id":72,"V":19,"NV":0,"TB":0},{"Id":65,"V":15,"NV":1,"TB":0},{"Id":70,"V":13,"NV":0,"TB":0},{"Id":66,"V":11,"NV":0,"TB":0},{"Id":75,"V":9,"NV":1,"TB":0},{"Id":67,"V":8,"NV":1,"TB":0}],[{"Id":69,"V":22,"NV":1,"TB":0},{"Id":72,"V":20,"NV":1,"TB":0},{"Id":65,"V":18,"NV":3,"TB":0},{"Id":70,"V":13,"NV":0,"TB":0},{"Id":66,"V":12,"NV":1,"TB":0},{"Id":75,"V":11,"NV":2,"TB":0}],[{"Id":69,"V":24,"NV":2,"TB":0},{"Id":72,"V":23,"NV":3,"TB":0},{"Id":65,"V":20,"NV":2,"TB":0},{"Id":70,"V":14,"NV":1,"TB":0},{"Id":66,"V":13,"NV":1,"TB":0}],[{"Id":69,"V":29,"NV":5,"TB":0},{"Id":72,"V":26,"NV":3,"TB":0},{"Id":65,"V":21,"NV":1,"TB":0},{"Id":70,"V":15,"NV":1,"TB":0}],[{"Id":72,"V":35,"NV":9,"TB":0},{"Id":69,"V":33,"NV":4,"TB":0},{"Id":65,"V":22,"NV":1,"TB":0}],[{"Id":69,"V":44,"NV":11,"TB":0},{"Id":72,"V":42,"NV":7,"TB":0}],[{"Id":69,"V":67,"NV":23,"TB":0}]],"Expires":1500241753,"SecondsLeft":0}