{"Mtype":"results","Title":"Round (1/4)","PollStarted":"2017-08-13T19:49:13.074221271Z","PollDuration":300000000000,"Options":{"65":"Panel redraw of the last panel from page 496 (Keith and Alaric fight)","66":"Nibbly in her transformed state, wearing Makoto Nanaya's outfit. (squirrel beastkin from BlazBlue)","67":"Zen Body Pillow","68":"Female characters backside comparison chart","69":"Wrinry gets her wings back","70":"Wet Kat: Expectation vs Reality","71":"KatNat catnap","72":"Can we see when Reni and Keiren (the Captain) first met","73":"Krystal from Star Fox","74":"Follow up to Maeve and Maddie pillow fight - eating popcorn and watching a movie (+Maddie has an ice pack on her head)","75":"Natani and King Adelaide arm-wrestling. Natani bracing against the table, Adelaide just being Adelaide.","76":"Tiger Trace character reference","77":"Nibbly plays dead while Raine sets her down at Sythe’s feet","78":"Concepts for Male and Female Lion Keidran","79":"Raine Height and bust chart both forms"},"ExpectedBallots":124,"CountedBallots":124,"Ballots":["JEH","DFOICLGJEAKNHBM","CO","AKLHNGJDOMFCEIB","IFNJDLBGKMAEOHC","HCKGFDEONJMLABI","AKM","ENLHAO","AK","EDLKMFJOGH","IADO","DNFJIG","KCAHELGJFN","DIBONCKF","CDGNAKLMJFOEHBI","ICNOGFMBLD","ENKGOMCFIDL","OFDGA","DN","NIK","KNFG","FMDOGBCJENKILHA","DGFOB","GKAFJCMNODLIHEB","FL","MO","HMKBJF","MNHKBOLAEGFICJD","DONFCBLJMAIGKHE","BIKNLD","FNL","KNCHBD","FDJLO","EHNAIFLOMGJKBCD","OMFIKHAJDC","AMDLNC","DI","KFMHJ","BFIMEODNJGHALKC","LN","KJDGOM","HJNDE","CBMJFOKDHAGINLE","KDIFAEOJHGNCBML","NHDOGKA","DJFO","BNKDO","LNHKFD","LIOBNFDGACKMHJE","KAHIOGMN","","GKMIBFND","O","K","JBKNMLGEDF","KIODCM","JGKNFBHLO","GLDOKCFANJHMIBE","DGFOKHCLAJNMBEI","K","CFODMLIJHG","DOKLCABHNI","OMLDEFKGCJHINBA","I","","GKFJBLON","DFKGAHCMBLN","","AKEOIDF","ODCKFMHJG","FCDMGBIHJLKONEA","NDFCI","DLONFGBJMIEKCHA","CDMNOIK","JKLBNIEOHFDACMG","MNKJHA","MGJFCBE","FG","INC","AKFMOGDJ","OMDCBFGLIE","BMOEDIH","IO","IJKDH","FOGE","DGKMBOFNJLAEHCI","FDOIGL","FKGJM","KANJH","NMOKJF","DEOC","NKMJELFGDB","ODFGM","MFO","JHEKFMNG","C","MODF","OM","AKGJNDI","OMBF","NGECFDBMHJAOKIL","","OMBF","KMCGAODHJBINFLE","HKFEAOMGCNDBLIJ","IABMEN","DNKMAOJBCIGHLEF","KAHFBNMJGOIDCEL","LDNIFOCM","KJBDOMHLGENAFIC","ADJKELBNOHFCIMG","KA","KJMNFGODBECHAIL","D","LDKECH","IJDGF","MFNAJEHKBI","OHK","HGDELJKONF","KNFAMIBGLOCHDJE","HNOELA","DACL","AJF","IFGJNCDBHKMAOLE"],"Placements":[[{"Id":68,"V":17,"NV":17,"TB":0},{"Id":75,"V":17,"NV":17,"TB":0},{"Id":79,"V":11,"NV":11,"TB":0},{"Id":73,"V":10,"NV":10,"TB":0},{"Id":65,"V":9,"NV":9,"TB":0},{"Id":70,"V":9,"NV":9,"TB":0},{"Id":77,"V":7,"NV":7,"TB":0},{"Id":67,"V":6,"NV":6,"TB":0},{"Id":72,"V":6,"NV":6,"TB":0},{"Id":78,"V":6,"NV":6,"TB":0},{"Id":74,"V":5,"NV":5,"TB":0},{"Id":76,"V":5,"NV":5,"TB":0},{"Id":66,"V":4,"NV":4,"TB":0},{"Id":71,"V":4,"NV":4,"TB":0},{"Id":69,"V":4,"NV":4,"TB":2}],[{"Id":68,"V":18,"NV":1,"TB":0},{"Id":75,"V":17,"NV":0,"TB":0},{"Id":79,"V":11,"NV":0,"TB":0},{"Id":73,"V":10,"NV":0,"TB":0},{"Id":65,"V":9,"NV":0,"TB":0},{"Id":70,"V":9,"NV":0,"TB":0},{"Id":78,"V":8,"NV":2,"TB":0},{"Id":72,"V":7,"NV":1,"TB":0},{"Id":77,"V":7,"NV":0,"TB":0},{"Id":67,"V":6,"NV":0,"TB":0},{"Id":74,"V":5,"NV":0,"TB":0},{"Id":76,"V":5,"NV":0,"TB":0},{"Id":71,"V":4,"NV":0,"TB":0},{"Id":66,"V":4,"NV":0,"TB":2}],[{"Id":68,"V":18,"NV":0,"TB":0},{"Id":75,"V":17,"NV":0,"TB":0},{"Id":73,"V":11,"NV":1,"TB":0},{"Id":79,"V":11,"NV":0,"TB":0},{"Id":70,"V":10,"NV":1,"TB":0},{"Id":65,"V":9,"NV":0,"TB":0},{"Id":78,"V":9,"NV":1,"TB":0},{"Id":77,"V":8,"NV":1,"TB":0},{"Id":72,"V":7,"NV":0,"TB":0},{"Id":67,"V":6,"NV":0,"TB":0},{"Id":74,"V":5,"NV":0,"TB":0},{"Id":76,"V":5,"NV":0,"TB":0},{"Id":71,"V":4,"NV":0,"TB":0}],[{"Id":75,"V":20,"NV":3,"TB":0},{"Id":68,"V":18,"NV":0,"TB":0},{"Id":73,"V":11,"NV":0,"TB":0},{"Id":79,"V":11,"NV":0,"TB":0},{"Id":70,"V":10,"NV":0,"TB":0},{"Id":65,"V":9,"NV":0,"TB":0},{"Id":78,"V":9,"NV":0,"TB":0},{"Id":77,"V":8,"NV":0,"TB":0},{"Id":72,"V":7,"NV":0,"TB":0},{"Id":67,"V":6,"NV":0,"TB":0},{"Id":76,"V":6,"NV":1,"TB":0},{"Id":74,"V":5,"NV":0,"TB":0}],[{"Id":75,"V":23,"NV":3,"TB":0},{"Id":68,"V":18,"NV":0,"TB":0},{"Id":73,"V":11,"NV":0,"TB":0},{"Id":79,"V":11,"NV":0,"TB":0},{"Id":70,"V":10,"NV":0,"TB":0},{"Id":65,"V":9,"NV":0,"TB":0},{"Id":72,"V":9,"NV":2,"TB":0},{"Id":78,"V":9,"NV":0,"TB":0},{"Id":77,"V":8,"NV":0,"TB":0},{"Id":76,"V":6,"NV":0,"TB":0},{"Id":67,"V":6,"NV":0,"TB":2}],[{"Id":75,"V":23,"NV":0,"TB":0},{"Id":68,"V":20,"NV":2,"TB":0},{"Id":79,"V":12,"NV":1,"TB":0},{"Id":70,"V":11,"NV":1,"TB":0},{"Id":73,"V":11,"NV":0,"TB":0},{"Id":65,"V":9,"NV":0,"TB":0},{"Id":72,"V":9,"NV":0,"TB":0},{"Id":77,"V":9,"NV":1,"TB":0},{"Id":78,"V":9,"NV":0,"TB":0},{"Id":76,"V":6,"NV":0,"TB":0}],[{"Id":68,"V":23,"NV":3,"TB":0},{"Id":75,"V":23,"NV":0,"TB":0},{"Id":73,"V":12,"NV":1,"TB":0},{"Id":79,"V":12,"NV":0,"TB":0},{"Id":70,"V":11,"NV":0,"TB":0},{"Id":78,"V":11,"NV":2,"TB":0},{"Id":65,"V":9,"NV":0,"TB":0},{"Id":72,"V":9,"NV":0,"TB":0},{"Id":77,"V":9,"NV":0,"TB":1}],[{"Id":68,"V":23,"NV":0,"TB":0},{"Id":75,"V":23,"NV":0,"TB":0},{"Id":70,"V":15,"NV":4,"TB":0},{"Id":79,"V":15,"NV":3,"TB":0},{"Id":78,"V":13,"NV":2,"TB":0},{"Id":73,"V":12,"NV":0,"TB":0},{"Id":65,"V":9,"NV":0,"TB":0},{"Id":72,"V":9,"NV":0,"TB":1}],[{"Id":75,"V":27,"NV":4,"TB":0},{"Id":68,"V":24,"NV":1,"TB":0},{"Id":78,"V":16,"NV":3,"TB":0},{"Id":70,"V":15,"NV":0,"TB":0},{"Id":79,"V":15,"NV":0,"TB":0},{"Id":73,"V":12,"NV":0,"TB":0},{"Id":65,"V":9,"NV":0,"TB":0}],[{"Id":75,"V":33,"NV":6,"TB":0},{"Id":68,"V":26,"NV":2,"TB":0},{"Id":70,"V":16,"NV":1,"TB":0},{"Id":78,"V":16,"NV":0,"TB":0},{"Id":79,"V":15,"NV":0,"TB":0},{"Id":73,"V":12,"NV":0,"TB":0}],[{"Id":75,"V":35,"NV":2,"TB":0},{"Id":68,"V":28,"NV":2,"TB":0},{"Id":78,"V":19,"NV":3,"TB":0},{"Id":70,"V":18,"NV":2,"TB":0},{"Id":79,"V":17,"NV":2,"TB":0}],[{"Id":75,"V":36,"NV":1,"TB":0},{"Id":68,"V":34,"NV":6,"TB":0},{"Id":70,"V":22,"NV":4,"TB":0},{"Id":78,"V":20,"NV":1,"TB":0}],[{"Id":75,"V":44,"NV":8,"TB":0},{"Id":68,"V":37,"NV":3,"TB":0},{"Id":70,"V":26,"NV":4,"TB":0}],[{"Id":75,"V":49,"NV":5,"TB":0},{"Id":68,"V":49,"NV":12,"TB":2}],[{"Id":75,"V":75,"NV":26,"TB":0}]],"Expires":1502654353,"SecondsLeft":0}