{"Mtype":"results","Title":"Round 1","PollStarted":"2017-11-26T21:04:59.76197051Z","PollDuration":300000000000,"Options":{"65":"Wrinry is convinced to wear cloths, much to her annoyance.","66":"Flora and Trace on a romantic riverboat ride through a remake of Venice, Italy.","67":"Tigress trace comforting an upset flora, telling her that her body is fine the way it is.","68":"Nibbly kissing Fidget on the cheek","69":"Twokinds as characters from the Starcraft","70":"Alaric and Maddie sparring/fencing. Alaric is getting frustrated as Maddie is impossible to land a hit on.","71":"Kathrin, as a baby , held by younger Eric.","72":"Reversive romantic scene. Natani like valiant knight, Keith like damsel in distress.","73":"Star wars: Trace as Luke, Flora as Mara Jade. Keith as general Hux, Natani as captain Phasma","74":"Laura as a full on dragon","75":"Delivery/Pizza Tom's Job Interview -Anteiku/あんていく: Lynn Knoll Branch","76":"Nora transforms herself into a human to seduce Trace, but struggles with human things","77":"Nora teaches baby dragon Trace how to mess with people","78":"Alaric with long fur","79":"Captain Olia from Voltron","80":"Trace in front of Flora trying to protect her with a badass pose and a sword","81":"Flora, checking her biplane before flight. ","82":"Flora Fort Part2: Flora conquers the Kitchen. Making Rose question Trace, and Reni notice Flora eyeing her.","83":"Backstory on how Alaric became Master General"},"ExpectedBallots":110,"CountedBallots":110,"Ballots":["DFNS","PCLRQGKBEHMISDFAONJ","GRSFPKI","HPLMBARJCFDG","LFK","OKGLMNASJ","DCEM","LCHE","CLHBRGKMQSEJAFPDION","DCH","DLJCM","IQGSEDORBCNFMKHJAPL","GNP","GDH","FHDACBIEOSLGKMJRPQN","FHSDNGIBR","KSFPEQIR","JSLMGNCFPHQAD","PNSBLOD","AMLGSHPNFJCDRI","KRQ","RJCLNGDME","BIRPGQC","L","RFCESPL","MIRCJ","AIEOKS","LA","QGNHRD","R","LSMFHCG","HFLPSGDARCMJBNIOQKE","LHDMFB","RLSGPQBMKNCIEJOHDFA","F","KRQ","FGJCRSLN","I","CADJ","IBLP","AFK","SFMG","ELICG","EH","MHLCD","KRGPLMSHBQFAJNDIEOC","DKJLPH","KJSFA","QCBDIHPFA","H","IS","GCPHQBRF","FN","FSD","SFAJM","GI","KFHRG","QDGASE","MCLJG","","SFHNIEAKOJBMRDLGPCQ","CRLPJD","DFRALN","FGBPRLCDKSN","MRJPL","HICLQK","SFLGQHPC","RG","JPRMBQFCIE","CHGA","PCRBSGF","LJ","NHSGJ","HPDLNMQBGOKSJEI","PQGABJFR","LSNJMGDACKIEBPQFOHR","CMRLBHEQPDIGSOFJANK","SNFMDIP","JDLMC","LAJHMGE","CBNP","J","LJCBMGFPEISRNHQDKOA","AMGLNOJKS","BSLCFQ","CGR","M","GD","EDHLMJFSGKPRCQABION","KILH","MSBADCI","DG","IHLJDGAMPQNFCSROEBK","HKMCPBF","HLCRKGBDAIS","GL","SGFBJP","HLDRMJPNGBAQSCKOFIE","EDFMJS","DCH","JM","KJLM","HI","LBR","LH","GDKNPSMA","KEDMQ","MLJRGS","CLDJFRB","NBQCDKRHPA"],"Placements":[[{"Id":76,"V":12,"NV":12,"TB":0},{"Id":72,"V":9,"NV":9,"TB":0},{"Id":75,"V":9,"NV":9,"TB":0},{"Id":67,"V":8,"NV":8,"TB":0},{"Id":68,"V":8,"NV":8,"TB":0},{"Id":71,"V":8,"NV":8,"TB":0},{"Id":70,"V":7,"NV":7,"TB":0},{"Id":77,"V":7,"NV":7,"TB":0},{"Id":83,"V":6,"NV":6,"TB":0},{"Id":73,"V":5,"NV":5,"TB":0},{"Id":74,"V":5,"NV":5,"TB":0},{"Id":82,"V":5,"NV":5,"TB":0},{"Id":65,"V":4,"NV":4,"TB":0},{"Id":69,"V":4,"NV":4,"TB":0},{"Id":80,"V":4,"NV":4,"TB":0},{"Id":81,"V":3,"NV":3,"TB":0},{"Id":66,"V":2,"NV":2,"TB":0},{"Id":78,"V":2,"NV":2,"TB":0},{"Id":79,"V":1,"NV":1,"TB":0}],[{"Id":76,"V":12,"NV":0,"TB":0},{"Id":75,"V":10,"NV":1,"TB":0},{"Id":72,"V":9,"NV":0,"TB":0},{"Id":67,"V":8,"NV":0,"TB":0},{"Id":68,"V":8,"NV":0,"TB":0},{"Id":71,"V":8,"NV":0,"TB":0},{"Id":70,"V":7,"NV":0,"TB":0},{"Id":77,"V":7,"NV":0,"TB":0},{"Id":83,"V":6,"NV":0,"TB":0},{"Id":73,"V":5,"NV":0,"TB":0},{"Id":74,"V":5,"NV":0,"TB":0},{"Id":82,"V":5,"NV":0,"TB":0},{"Id":65,"V":4,"NV":0,"TB":0},{"Id":69,"V":4,"NV":0,"TB":0},{"Id":80,"V":4,"NV":0,"TB":0},{"Id":81,"V":3,"NV":0,"TB":0},{"Id":78,"V":2,"NV":0,"TB":0},{"Id":66,"V":2,"NV":0,"TB":2}],[{"Id":76,"V":12,"NV":0,"TB":0},{"Id":75,"V":10,"NV":0,"TB":0},{"Id":72,"V":9,"NV":0,"TB":0},{"Id":67,"V":8,"NV":0,"TB":0},{"Id":68,"V":8,"NV":0,"TB":0},{"Id":71,"V":8,"NV":0,"TB":0},{"Id":70,"V":7,"NV":0,"TB":0},{"Id":77,"V":7,"NV":0,"TB":0},{"Id":83,"V":7,"NV":1,"TB":0},{"Id":73,"V":6,"NV":1,"TB":0},{"Id":74,"V":5,"NV":0,"TB":0},{"Id":82,"V":5,"NV":0,"TB":0},{"Id":65,"V":4,"NV":0,"TB":0},{"Id":69,"V":4,"NV":0,"TB":0},{"Id":80,"V":4,"NV":0,"TB":0},{"Id":81,"V":3,"NV":0,"TB":0},{"Id":78,"V":2,"NV":0,"TB":0}],[{"Id":76,"V":12,"NV":0,"TB":0},{"Id":72,"V":10,"NV":1,"TB":0},{"Id":75,"V":10,"NV":0,"TB":0},{"Id":67,"V":8,"NV":0,"TB":0},{"Id":68,"V":8,"NV":0,"TB":0},{"Id":71,"V":8,"NV":0,"TB":0},{"Id":70,"V":7,"NV":0,"TB":0},{"Id":77,"V":7,"NV":0,"TB":0},{"Id":83,"V":7,"NV":0,"TB":0},{"Id":73,"V":6,"NV":0,"TB":0},{"Id":74,"V":5,"NV":0,"TB":0},{"Id":82,"V":5,"NV":0,"TB":0},{"Id":65,"V":4,"NV":0,"TB":0},{"Id":69,"V":4,"NV":0,"TB":0},{"Id":80,"V":4,"NV":0,"TB":0},{"Id":81,"V":4,"NV":1,"TB":1}],[{"Id":76,"V":12,"NV":0,"TB":0},{"Id":67,"V":10,"NV":2,"TB":0},{"Id":72,"V":10,"NV":0,"TB":0},{"Id":75,"V":10,"NV":0,"TB":0},{"Id":68,"V":9,"NV":1,"TB":0},{"Id":71,"V":9,"NV":1,"TB":0},{"Id":70,"V":7,"NV":0,"TB":0},{"Id":77,"V":7,"NV":0,"TB":0},{"Id":83,"V":7,"NV":0,"TB":0},{"Id":73,"V":6,"NV":0,"TB":0},{"Id":74,"V":5,"NV":0,"TB":0},{"Id":82,"V":5,"NV":0,"TB":0},{"Id":69,"V":4,"NV":0,"TB":0},{"Id":80,"V":4,"NV":0,"TB":0},{"Id":65,"V":4,"NV":0,"TB":3}],[{"Id":76,"V":12,"NV":0,"TB":0},{"Id":67,"V":10,"NV":0,"TB":0},{"Id":72,"V":10,"NV":0,"TB":0},{"Id":75,"V":10,"NV":0,"TB":0},{"Id":68,"V":9,"NV":0,"TB":0},{"Id":71,"V":9,"NV":0,"TB":0},{"Id":77,"V":9,"NV":2,"TB":0},{"Id":70,"V":8,"NV":1,"TB":0},{"Id":73,"V":7,"NV":1,"TB":0},{"Id":83,"V":7,"NV":0,"TB":0},{"Id":74,"V":5,"NV":0,"TB":0},{"Id":82,"V":5,"NV":0,"TB":0},{"Id":80,"V":4,"NV":0,"TB":0},{"Id":69,"V":4,"NV":0,"TB":2}],[{"Id":76,"V":13,"NV":1,"TB":0},{"Id":68,"V":11,"NV":2,"TB":0},{"Id":72,"V":11,"NV":1,"TB":0},{"Id":67,"V":10,"NV":0,"TB":0},{"Id":75,"V":10,"NV":0,"TB":0},{"Id":71,"V":9,"NV":0,"TB":0},{"Id":77,"V":9,"NV":0,"TB":0},{"Id":70,"V":8,"NV":0,"TB":0},{"Id":73,"V":7,"NV":0,"TB":0},{"Id":83,"V":7,"NV":0,"TB":0},{"Id":74,"V":5,"NV":0,"TB":0},{"Id":82,"V":5,"NV":0,"TB":0},{"Id":80,"V":4,"NV":0,"TB":0}],[{"Id":76,"V":13,"NV":0,"TB":0},{"Id":67,"V":12,"NV":2,"TB":0},{"Id":68,"V":11,"NV":0,"TB":0},{"Id":72,"V":11,"NV":0,"TB":0},{"Id":71,"V":10,"NV":1,"TB":0},{"Id":75,"V":10,"NV":0,"TB":0},{"Id":77,"V":9,"NV":0,"TB":0},{"Id":70,"V":8,"NV":0,"TB":0},{"Id":83,"V":8,"NV":1,"TB":0},{"Id":73,"V":7,"NV":0,"TB":0},{"Id":74,"V":5,"NV":0,"TB":0},{"Id":82,"V":5,"NV":0,"TB":1}],[{"Id":76,"V":14,"NV":1,"TB":0},{"Id":67,"V":12,"NV":0,"TB":0},{"Id":68,"V":11,"NV":0,"TB":0},{"Id":71,"V":11,"NV":1,"TB":0},{"Id":72,"V":11,"NV":0,"TB":0},{"Id":75,"V":10,"NV":0,"TB":0},{"Id":70,"V":9,"NV":1,"TB":0},{"Id":77,"V":9,"NV":0,"TB":0},{"Id":83,"V":8,"NV":0,"TB":0},{"Id":73,"V":7,"NV":0,"TB":0},{"Id":74,"V":6,"NV":1,"TB":0}],[{"Id":76,"V":14,"NV":0,"TB":0},{"Id":67,"V":13,"NV":1,"TB":0},{"Id":68,"V":12,"NV":1,"TB":0},{"Id":71,"V":11,"NV":0,"TB":0},{"Id":72,"V":11,"NV":0,"TB":0},{"Id":77,"V":11,"NV":2,"TB":0},{"Id":75,"V":10,"NV":0,"TB":0},{"Id":70,"V":9,"NV":0,"TB":0},{"Id":83,"V":9,"NV":1,"TB":0},{"Id":73,"V":7,"NV":0,"TB":0}],[{"Id":76,"V":15,"NV":1,"TB":0},{"Id":67,"V":13,"NV":0,"TB":0},{"Id":71,"V":13,"NV":2,"TB":0},{"Id":68,"V":12,"NV":0,"TB":0},{"Id":72,"V":12,"NV":1,"TB":0},{"Id":75,"V":11,"NV":1,"TB":0},{"Id":77,"V":11,"NV":0,"TB":0},{"Id":83,"V":10,"NV":1,"TB":0},{"Id":70,"V":9,"NV":0,"TB":0}],[{"Id":71,"V":15,"NV":2,"TB":0},{"Id":76,"V":15,"NV":0,"TB":0},{"Id":67,"V":14,"NV":1,"TB":0},{"Id":72,"V":14,"NV":2,"TB":0},{"Id":68,"V":12,"NV":0,"TB":0},{"Id":75,"V":12,"NV":1,"TB":0},{"Id":77,"V":11,"NV":0,"TB":0},{"Id":83,"V":11,"NV":1,"TB":1}],[{"Id":76,"V":19,"NV":4,"TB":0},{"Id":71,"V":16,"NV":1,"TB":0},{"Id":72,"V":15,"NV":1,"TB":0},{"Id":67,"V":14,"NV":0,"TB":0},{"Id":77,"V":14,"NV":3,"TB":0},{"Id":68,"V":13,"NV":1,"TB":0},{"Id":75,"V":12,"NV":0,"TB":0}],[{"Id":76,"V":21,"NV":2,"TB":0},{"Id":71,"V":18,"NV":2,"TB":0},{"Id":72,"V":16,"NV":1,"TB":0},{"Id":67,"V":14,"NV":0,"TB":0},{"Id":77,"V":14,"NV":0,"TB":0},{"Id":68,"V":14,"NV":1,"TB":2}],[{"Id":76,"V":25,"NV":4,"TB":0},{"Id":71,"V":20,"NV":2,"TB":0},{"Id":67,"V":17,"NV":3,"TB":0},{"Id":72,"V":17,"NV":1,"TB":0},{"Id":77,"V":16,"NV":2,"TB":0}],[{"Id":76,"V":28,"NV":3,"TB":0},{"Id":71,"V":22,"NV":2,"TB":0},{"Id":67,"V":21,"NV":4,"TB":0},{"Id":72,"V":18,"NV":1,"TB":0}],[{"Id":76,"V":37,"NV":9,"TB":0},{"Id":71,"V":25,"NV":3,"TB":0},{"Id":67,"V":24,"NV":3,"TB":0}],[{"Id":76,"V":47,"NV":10,"TB":0},{"Id":71,"V":28,"NV":3,"TB":0}],[{"Id":76,"V":54,"NV":7,"TB":0}]],"Expires":1511730899,"SecondsLeft":0}