{"Mtype":"results","Title":"Round 5","PollStarted":"2017-12-10T23:59:31.185977806Z","PollDuration":300000000000,"Options":{"65":"I want to see a family portrait of Natani and Keith as a family with a couple children. ","66":"Nora teaches baby dragon Trace how to mess with people","67":"Natani \u0026 Keith using high level MMO style armor (chain bikini type armor for Natani \u0026 huge shoulders for keith)","68":"Landen and Maddie : Coffee Bandits.","69":"Colin helps his new friends helps with tree trimming. Put that height to good use.","70":"Sythe and Maren strolling through a park holding hands on a cold wintry night.","71":"Keith or Maddie as Krampus","72":"Plot Twist: “Clovis’ Guild - Transvestites: Women in Disguise”","73":"Hatchling Reni meets a human for the first time, and telepathically blurts out something inappropriate.","74":"Fluffy winter coat Tigress Trace snuggle against Fluffy Flora inside the snowy cabin","75":"Keith in bed with Adelaide and Natani","76":"Reversed romantic scene. Natani like valiant knight, Keith like damsel in distress.","77":"Baby Raine being held by Santa Euchre ","78":"Carver ends up teleporting in front of King Adelaide where he is mistaken for an assassin.","79":"Raine and Zen ice skating at night on a city park lake. Raine does not have the best balance.","80":"Roselyn conducts tests of the Legacy Estate defense spells"},"ExpectedBallots":101,"CountedBallots":101,"Ballots":["HIJB","O","MI","LGEDK","ECJINMDBFKLPO","JKCIB","OI","NMPED","KDNOE","FI","FDIJ","JHKMGOPLANFDEBCI","AMND","PBHIKCL","MJA","PMB","KACGDNMP","AKIBLMPNOFJHE","AOCPKLHDENM","JNPMBD","OFKEM","EOKFNLP","KAJ","AFCKLGJOHDINEMBP","BK","OLIDHKGCMFBEPNJA","LEDGOK","IBHGDJEOFPCNK","IBPCM","OBJLFAPENG","BP","OFN","JOLAKCM","HFNMA","AHFM","MENIB","PENJA","AEKJN","CKABM","PEINFABLDCOKHMJG","KF","C","JALKBMINCHPDGEFO","FMEIJPD","FAMPJEBDGKI","BLIJ","FKMPOED","EMIB","ACK","AHEFLCIBDMNGPKJO","NOPDIJB","AJFEONIBDMLHCPKG","AKM","GMJPLNHOFI","KCLG","LIHB","FDMEPOI","FCL","PD","ANLFJKOPMD","ALCJINB","DPEFHBN","JEIOKBP","BNKDJIAEOL","MKLFHNOAEPI","PEOFAIDBL","HDOPINFMEBC","","EPFMDOCIG","MPFEIKG","J","FEKAB","CPKEJODGLNABIFMH","LAKDNG","NKOA","CDLJBNEHMOPIFGAK","IJBCK","KCL","ACPNKIBEDM","KLGMOCJHEPFADNIB","E","JAM","PNMGDILBJ","E","JAHOCKNDMFEBPILG","JADBKH","MBHNOI","OF","HKPJ","PJMK","AFDJIBE","HKPJ","OMBDAJGFE","IEPB","KLACJHNO","BIDPLKEFAHNMGOCJ","JHO","BIKP","DLOMHPAKNG","BP","AMLPO"],"Placements":[[{"Id":65,"V":15,"NV":15,"TB":0},{"Id":74,"V":11,"NV":11,"TB":0},{"Id":70,"V":8,"NV":8,"TB":0},{"Id":75,"V":8,"NV":8,"TB":0},{"Id":79,"V":8,"NV":8,"TB":0},{"Id":80,"V":8,"NV":8,"TB":0},{"Id":66,"V":7,"NV":7,"TB":0},{"Id":69,"V":6,"NV":6,"TB":0},{"Id":77,"V":6,"NV":6,"TB":0},{"Id":72,"V":5,"NV":5,"TB":0},{"Id":67,"V":4,"NV":4,"TB":0},{"Id":73,"V":4,"NV":4,"TB":0},{"Id":76,"V":4,"NV":4,"TB":0},{"Id":78,"V":3,"NV":3,"TB":0},{"Id":68,"V":2,"NV":2,"TB":0},{"Id":71,"V":1,"NV":1,"TB":0}],[{"Id":65,"V":15,"NV":0,"TB":0},{"Id":74,"V":11,"NV":0,"TB":0},{"Id":70,"V":8,"NV":0,"TB":0},{"Id":75,"V":8,"NV":0,"TB":0},{"Id":79,"V":8,"NV":0,"TB":0},{"Id":80,"V":8,"NV":0,"TB":0},{"Id":66,"V":7,"NV":0,"TB":0},{"Id":77,"V":7,"NV":1,"TB":0},{"Id":69,"V":6,"NV":0,"TB":0},{"Id":72,"V":5,"NV":0,"TB":0},{"Id":67,"V":4,"NV":0,"TB":0},{"Id":73,"V":4,"NV":0,"TB":0},{"Id":76,"V":4,"NV":0,"TB":0},{"Id":78,"V":3,"NV":0,"TB":0},{"Id":68,"V":2,"NV":0,"TB":0}],[{"Id":65,"V":15,"NV":0,"TB":0},{"Id":74,"V":11,"NV":0,"TB":0},{"Id":80,"V":9,"NV":1,"TB":0},{"Id":70,"V":8,"NV":0,"TB":0},{"Id":75,"V":8,"NV":0,"TB":0},{"Id":79,"V":8,"NV":0,"TB":0},{"Id":66,"V":7,"NV":0,"TB":0},{"Id":77,"V":7,"NV":0,"TB":0},{"Id":69,"V":6,"NV":0,"TB":0},{"Id":72,"V":5,"NV":0,"TB":0},{"Id":76,"V":5,"NV":1,"TB":0},{"Id":67,"V":4,"NV":0,"TB":0},{"Id":73,"V":4,"NV":0,"TB":0},{"Id":78,"V":3,"NV":0,"TB":0}],[{"Id":65,"V":15,"NV":0,"TB":0},{"Id":74,"V":11,"NV":0,"TB":0},{"Id":75,"V":9,"NV":1,"TB":0},{"Id":79,"V":9,"NV":1,"TB":0},{"Id":80,"V":9,"NV":0,"TB":0},{"Id":70,"V":8,"NV":0,"TB":0},{"Id":77,"V":8,"NV":1,"TB":0},{"Id":66,"V":7,"NV":0,"TB":0},{"Id":69,"V":6,"NV":0,"TB":0},{"Id":72,"V":5,"NV":0,"TB":0},{"Id":76,"V":5,"NV":0,"TB":0},{"Id":67,"V":4,"NV":0,"TB":0},{"Id":73,"V":4,"NV":0,"TB":1}],[{"Id":65,"V":15,"NV":0,"TB":0},{"Id":74,"V":12,"NV":1,"TB":0},{"Id":66,"V":9,"NV":2,"TB":0},{"Id":75,"V":9,"NV":0,"TB":0},{"Id":79,"V":9,"NV":0,"TB":0},{"Id":80,"V":9,"NV":0,"TB":0},{"Id":70,"V":8,"NV":0,"TB":0},{"Id":77,"V":8,"NV":0,"TB":0},{"Id":69,"V":7,"NV":1,"TB":0},{"Id":72,"V":5,"NV":0,"TB":0},{"Id":76,"V":5,"NV":0,"TB":0},{"Id":67,"V":4,"NV":0,"TB":0}],[{"Id":65,"V":15,"NV":0,"TB":0},{"Id":74,"V":12,"NV":0,"TB":0},{"Id":75,"V":10,"NV":1,"TB":0},{"Id":80,"V":10,"NV":1,"TB":0},{"Id":66,"V":9,"NV":0,"TB":0},{"Id":79,"V":9,"NV":0,"TB":0},{"Id":70,"V":8,"NV":0,"TB":0},{"Id":77,"V":8,"NV":0,"TB":0},{"Id":69,"V":7,"NV":0,"TB":0},{"Id":76,"V":6,"NV":1,"TB":0},{"Id":72,"V":5,"NV":0,"TB":0}],[{"Id":65,"V":15,"NV":0,"TB":0},{"Id":74,"V":13,"NV":1,"TB":0},{"Id":75,"V":12,"NV":2,"TB":0},{"Id":79,"V":10,"NV":1,"TB":0},{"Id":80,"V":10,"NV":0,"TB":0},{"Id":66,"V":9,"NV":0,"TB":0},{"Id":70,"V":9,"NV":1,"TB":0},{"Id":77,"V":8,"NV":0,"TB":0},{"Id":69,"V":7,"NV":0,"TB":0},{"Id":76,"V":6,"NV":0,"TB":0}],[{"Id":65,"V":16,"NV":1,"TB":0},{"Id":74,"V":14,"NV":1,"TB":0},{"Id":75,"V":12,"NV":0,"TB":0},{"Id":79,"V":11,"NV":1,"TB":0},{"Id":66,"V":10,"NV":1,"TB":0},{"Id":80,"V":10,"NV":0,"TB":0},{"Id":69,"V":9,"NV":2,"TB":0},{"Id":70,"V":9,"NV":0,"TB":0},{"Id":77,"V":8,"NV":0,"TB":0}],[{"Id":65,"V":16,"NV":0,"TB":0},{"Id":74,"V":16,"NV":2,"TB":0},{"Id":75,"V":13,"NV":1,"TB":0},{"Id":80,"V":12,"NV":2,"TB":0},{"Id":66,"V":11,"NV":1,"TB":0},{"Id":79,"V":11,"NV":0,"TB":0},{"Id":69,"V":10,"NV":1,"TB":0},{"Id":70,"V":9,"NV":0,"TB":0}],[{"Id":65,"V":18,"NV":2,"TB":0},{"Id":74,"V":17,"NV":1,"TB":0},{"Id":75,"V":14,"NV":1,"TB":0},{"Id":69,"V":13,"NV":3,"TB":0},{"Id":80,"V":12,"NV":0,"TB":0},{"Id":66,"V":11,"NV":0,"TB":0},{"Id":79,"V":11,"NV":0,"TB":1}],[{"Id":65,"V":18,"NV":0,"TB":0},{"Id":74,"V":17,"NV":0,"TB":0},{"Id":75,"V":16,"NV":2,"TB":0},{"Id":80,"V":15,"NV":3,"TB":0},{"Id":66,"V":13,"NV":2,"TB":0},{"Id":69,"V":13,"NV":0,"TB":1}],[{"Id":75,"V":20,"NV":4,"TB":0},{"Id":74,"V":19,"NV":2,"TB":0},{"Id":65,"V":18,"NV":0,"TB":0},{"Id":80,"V":18,"NV":3,"TB":0},{"Id":66,"V":15,"NV":2,"TB":0}],[{"Id":75,"V":23,"NV":3,"TB":0},{"Id":74,"V":22,"NV":3,"TB":0},{"Id":80,"V":22,"NV":4,"TB":0},{"Id":65,"V":19,"NV":1,"TB":0}],[{"Id":75,"V":29,"NV":6,"TB":0},{"Id":74,"V":27,"NV":5,"TB":0},{"Id":80,"V":27,"NV":5,"TB":1}],[{"Id":75,"V":38,"NV":9,"TB":0},{"Id":74,"V":32,"NV":5,"TB":0}],[{"Id":75,"V":53,"NV":15,"TB":0}]],"Expires":1512950971,"SecondsLeft":0}