{"Mtype":"results","Title":"Round 1","PollStarted":"2017-08-27T19:48:58.198268794Z","PollDuration":300000000000,"Options":{"65":"Krystal from the Star Fox series","66":"Kathrin and Flora are college roommates. Tempers flare up when Flora keeps wanting Trace to spend the night, while Kat is trying to study.","67":"Summer theme: beach volleyball match between keith/natani and trace/flora","68":"Succubus Kat overpowers Keith and feeds upon him.","69":"Raine bikini pin-up","70":"Trace and his smoke demon get a cooking lesson from Undyne of Undertale. ","71":"Baby Kathrin being held by her mother","72":"Lilith visits Zen as he recovers from his Keith inflicted sword wound","73":"Tiger Trace and Flora grooming time","74":"Euchre carrying a sleeping Raine (adult) in a large baby harness","75":"Busty Reni?","76":"Flora as a stand-in for Tom at a convention table","77":"Young Keith proposes to Laura"},"ExpectedBallots":131,"CountedBallots":131,"Ballots":["KLB","FLMH","GFILBEJDKC","LB","AEI","BKELFA","ADKJCEF","D","IDLKBCEJHFGMA","FMG","GJBLHCDIFEKMA","MGJH","LF","ADCFKEI","A","GKELICM","IBLCJGAEH","GL","GAMLI","KJ","EM","EFADK","H","DGIBEAHL","LHECGB","BE","ECBLKAI","CBILG","KILFMGEJBADCH","BIMCFDHELJ","IBLDEJKGAMCHF","EHJACFM","DEAFCKHJBGLIM","CLIHA","LBFDIKCEGA","KICBJLE","ALCK","A","GMHBL","KELICBJADMHGF","DEAH","GJHCE","EJABD","LGECMKBDIJFHA","LKC","GJMFLBKDHAIEC","CI","CKIHLJFBADEGM","","ILMBFACGKEJDH","HGAEKM","KEBGIF","IMBKEGJHLCDF","FIDBCLHEKAMJG","BCE","D","JLGCIM","EHMBCGLFA","EAKCJD","GELAJHCBDFK","LBKMFIECJAHDG","FGMDBLEIHJCKA","LGDEC","KALEBGHJIFCM","MB","MGLAH","HJKM","AEG","DMC","IMLCHEBDG","AFIE","IBCEGMDJLHFAK","ICEDABJFHKMGL","LDKF","KFCEMDGIH","D","ICD","JBDMHAEGKICFL","HB","LGIFBKMH","MGB","ALIGE","MCGBHIKE","E","LHAMFGBE","GHDBF","DJ","CALE","EHDGKJCLMAFIB","FGLKJB","GHLBMCKAIJDFE","JEF","CHJGBIKDAMEFL","DCGFLHJEAIMKB","","E","GHMJEKI","IKG","EIBHJGLDMKCAF","E","FJMLHBGCEKDIA","CHMIGB","EKIG","EHKCIGMLJ","M","F","BEMILFJDKGCHA","ADEGBC","IKFGBHMDEJCLA","MIHFDB","JFBHIGDECLAMK","GFLBI","EM","MCB","A","FCLHGMKEDIBJA","DEBJICMFLHGKA","KIE","LCEGDAMJHBFIK","HLFGJAMIC","KD","DGEKLBM","LGFIB","BFJ","EILJ","MC","LIBGK","KCELHA","EBJMDLICA","E","BIGEHMCLFKADJ"],"Placements":[[{"Id":69,"V":18,"NV":18,"TB":0},{"Id":76,"V":14,"NV":14,"TB":0},{"Id":71,"V":13,"NV":13,"TB":0},{"Id":65,"V":11,"NV":11,"TB":0},{"Id":68,"V":11,"NV":11,"TB":0},{"Id":73,"V":11,"NV":11,"TB":0},{"Id":75,"V":11,"NV":11,"TB":0},{"Id":77,"V":9,"NV":9,"TB":0},{"Id":70,"V":8,"NV":8,"TB":0},{"Id":66,"V":7,"NV":7,"TB":0},{"Id":67,"V":7,"NV":7,"TB":0},{"Id":72,"V":5,"NV":5,"TB":0},{"Id":74,"V":4,"NV":4,"TB":0}],[{"Id":69,"V":19,"NV":1,"TB":0},{"Id":76,"V":15,"NV":1,"TB":0},{"Id":71,"V":13,"NV":0,"TB":0},{"Id":65,"V":11,"NV":0,"TB":0},{"Id":68,"V":11,"NV":0,"TB":0},{"Id":73,"V":11,"NV":0,"TB":0},{"Id":75,"V":11,"NV":0,"TB":0},{"Id":70,"V":9,"NV":1,"TB":0},{"Id":77,"V":9,"NV":0,"TB":0},{"Id":66,"V":8,"NV":1,"TB":0},{"Id":67,"V":7,"NV":0,"TB":0},{"Id":72,"V":5,"NV":0,"TB":0}],[{"Id":69,"V":19,"NV":0,"TB":0},{"Id":76,"V":16,"NV":1,"TB":0},{"Id":71,"V":14,"NV":1,"TB":0},{"Id":75,"V":12,"NV":1,"TB":0},{"Id":65,"V":11,"NV":0,"TB":0},{"Id":68,"V":11,"NV":0,"TB":0},{"Id":73,"V":11,"NV":0,"TB":0},{"Id":66,"V":9,"NV":1,"TB":0},{"Id":70,"V":9,"NV":0,"TB":0},{"Id":77,"V":9,"NV":0,"TB":0},{"Id":67,"V":7,"NV":0,"TB":0}],[{"Id":69,"V":19,"NV":0,"TB":0},{"Id":76,"V":17,"NV":1,"TB":0},{"Id":71,"V":15,"NV":1,"TB":0},{"Id":75,"V":13,"NV":1,"TB":0},{"Id":65,"V":12,"NV":1,"TB":0},{"Id":73,"V":12,"NV":1,"TB":0},{"Id":68,"V":11,"NV":0,"TB":0},{"Id":66,"V":10,"NV":1,"TB":0},{"Id":77,"V":10,"NV":1,"TB":0},{"Id":70,"V":9,"NV":0,"TB":0}],[{"Id":69,"V":19,"NV":0,"TB":0},{"Id":76,"V":19,"NV":2,"TB":0},{"Id":71,"V":17,"NV":2,"TB":0},{"Id":73,"V":13,"NV":1,"TB":0},{"Id":75,"V":13,"NV":0,"TB":0},{"Id":65,"V":12,"NV":0,"TB":0},{"Id":77,"V":12,"NV":2,"TB":0},{"Id":68,"V":11,"NV":0,"TB":0},{"Id":66,"V":11,"NV":1,"TB":2}],[{"Id":69,"V":22,"NV":3,"TB":0},{"Id":76,"V":19,"NV":0,"TB":0},{"Id":71,"V":17,"NV":0,"TB":0},{"Id":73,"V":17,"NV":4,"TB":0},{"Id":75,"V":14,"NV":1,"TB":0},{"Id":65,"V":12,"NV":0,"TB":0},{"Id":77,"V":12,"NV":0,"TB":0},{"Id":68,"V":12,"NV":1,"TB":2}],[{"Id":69,"V":25,"NV":3,"TB":0},{"Id":71,"V":20,"NV":3,"TB":0},{"Id":76,"V":19,"NV":0,"TB":0},{"Id":73,"V":17,"NV":0,"TB":0},{"Id":75,"V":14,"NV":0,"TB":0},{"Id":77,"V":14,"NV":2,"TB":0},{"Id":65,"V":12,"NV":0,"TB":0}],[{"Id":69,"V":28,"NV":3,"TB":0},{"Id":76,"V":22,"NV":3,"TB":0},{"Id":71,"V":20,"NV":0,"TB":0},{"Id":73,"V":18,"NV":1,"TB":0},{"Id":75,"V":16,"NV":2,"TB":0},{"Id":77,"V":14,"NV":0,"TB":0}],[{"Id":69,"V":29,"NV":1,"TB":0},{"Id":71,"V":25,"NV":5,"TB":0},{"Id":76,"V":23,"NV":1,"TB":0},{"Id":73,"V":20,"NV":2,"TB":0},{"Id":75,"V":16,"NV":0,"TB":0}],[{"Id":69,"V":36,"NV":7,"TB":0},{"Id":71,"V":25,"NV":0,"TB":0},{"Id":76,"V":25,"NV":2,"TB":0},{"Id":73,"V":24,"NV":4,"TB":0}],[{"Id":69,"V":42,"NV":6,"TB":0},{"Id":76,"V":35,"NV":10,"TB":0},{"Id":71,"V":30,"NV":5,"TB":0}],[{"Id":69,"V":54,"NV":12,"TB":0},{"Id":76,"V":47,"NV":12,"TB":0}],[{"Id":69,"V":81,"NV":27,"TB":0}]],"Expires":1503863938,"SecondsLeft":0}