{"Mtype":"results","Title":"ROUND TWO again","PollStarted":"2017-05-10T00:23:17.718615063Z","PollDuration":300000000000,"Options":{"65":"Fallout: Mekkan (Trace/Flora wandering the wasteland)","66":"karen chasing Evals with a switched on vacuum cleaner","67":"Flora using the Special summoning table and getting something she didn't expect.","68":"Hola the wise wolf and Craft Lawrance ","69":"Post Pixie Panix: Evals and Mike oogleing themselves.","70":"Guardsmen Kei, representing Edinmire, having a friendly game of cards with the King of Bastins under strange rulings.","71":"Raine and Ember Book Club (Raine sharing books with Ember from Bloodline)","72":"Maeve was the evil mastermind all along!","73":"Natani in a full Victorian-age suit and a top hat, looking like a gentleman.","74":"Young Rose as the Sassy Wendy's Meme","75":"Karen trying to teach Mrs. Nibbly a doggy trick","76":"Arch mage Raine (wolf) with Natani fighting Clovis"},"ExpectedBallots":64,"CountedBallots":64,"Ballots":["JILB","LFHE","GFBKLC","EKJHBCGIALDF","JLHDKABGCFIE","GLDKFHCBEJIA","IAFCH","ACF","JLA","FJH","FCEHBGJK","EC","EICLB","EHACFBKDJIGL","EJCI","HJCEBKLIAFDG","HBCGKEJDAIFL","BKJALGHCIF","CDAJEKBFHGIL","G","FDCIHBKLJ","IELCHDBFGAJK","JHKCIB","HEKB","CELHFIKJDGBA","E","HCAKIGLEDBFJ","CBDALIGFJKEH","KHBEJFG","JALIBHEGCD","BLJFIGDAHKCE","FKIGCLE","GBD","LJ","LIH","DIKCFLEA","GHCKA","HCBKFD","EDKHLC","LHKGFCAB","AKFHC","FACBIKHLJDGE","ECAJLFGDKHBI","JHLF","CHIELBJKGDAF","LBEHCKJIFAD","DECFLGKBHJIA","GKJIHCA","HCEKLJIBGFAD","LH","LE","IKH","KE","LE","BGCLJIFKHED","CLHBKI","GBE","CHB","F","LE","EDLF","ECIGABKLHDFJ","HEKI","LE"],"Placements":[[{"Id":69,"V":10,"NV":10,"TB":0},{"Id":76,"V":10,"NV":10,"TB":0},{"Id":71,"V":7,"NV":7,"TB":0},{"Id":72,"V":7,"NV":7,"TB":0},{"Id":67,"V":6,"NV":6,"TB":0},{"Id":70,"V":6,"NV":6,"TB":0},{"Id":74,"V":6,"NV":6,"TB":0},{"Id":66,"V":3,"NV":3,"TB":0},{"Id":73,"V":3,"NV":3,"TB":0},{"Id":65,"V":2,"NV":2,"TB":0},{"Id":75,"V":2,"NV":2,"TB":0},{"Id":68,"V":2,"NV":2,"TB":2}],[{"Id":69,"V":11,"NV":1,"TB":0},{"Id":76,"V":10,"NV":0,"TB":0},{"Id":71,"V":7,"NV":0,"TB":0},{"Id":72,"V":7,"NV":0,"TB":0},{"Id":67,"V":6,"NV":0,"TB":0},{"Id":70,"V":6,"NV":0,"TB":0},{"Id":74,"V":6,"NV":0,"TB":0},{"Id":73,"V":4,"NV":1,"TB":0},{"Id":66,"V":3,"NV":0,"TB":0},{"Id":65,"V":2,"NV":0,"TB":0},{"Id":75,"V":2,"NV":0,"TB":1}],[{"Id":69,"V":12,"NV":1,"TB":0},{"Id":76,"V":10,"NV":0,"TB":0},{"Id":72,"V":8,"NV":1,"TB":0},{"Id":71,"V":7,"NV":0,"TB":0},{"Id":67,"V":6,"NV":0,"TB":0},{"Id":70,"V":6,"NV":0,"TB":0},{"Id":74,"V":6,"NV":0,"TB":0},{"Id":73,"V":4,"NV":0,"TB":0},{"Id":66,"V":3,"NV":0,"TB":0},{"Id":65,"V":2,"NV":0,"TB":0}],[{"Id":69,"V":12,"NV":0,"TB":0},{"Id":76,"V":10,"NV":0,"TB":0},{"Id":72,"V":8,"NV":0,"TB":0},{"Id":67,"V":7,"NV":1,"TB":0},{"Id":70,"V":7,"NV":1,"TB":0},{"Id":71,"V":7,"NV":0,"TB":0},{"Id":74,"V":6,"NV":0,"TB":0},{"Id":73,"V":4,"NV":0,"TB":0},{"Id":66,"V":3,"NV":0,"TB":0}],[{"Id":69,"V":12,"NV":0,"TB":0},{"Id":76,"V":11,"NV":1,"TB":0},{"Id":71,"V":8,"NV":1,"TB":0},{"Id":72,"V":8,"NV":0,"TB":0},{"Id":67,"V":7,"NV":0,"TB":0},{"Id":70,"V":7,"NV":0,"TB":0},{"Id":74,"V":7,"NV":1,"TB":0},{"Id":73,"V":4,"NV":0,"TB":0}],[{"Id":69,"V":13,"NV":1,"TB":0},{"Id":76,"V":11,"NV":0,"TB":0},{"Id":72,"V":9,"NV":1,"TB":0},{"Id":67,"V":8,"NV":1,"TB":0},{"Id":70,"V":8,"NV":1,"TB":0},{"Id":71,"V":8,"NV":0,"TB":0},{"Id":74,"V":7,"NV":0,"TB":0}],[{"Id":76,"V":16,"NV":5,"TB":0},{"Id":69,"V":13,"NV":0,"TB":0},{"Id":72,"V":11,"NV":2,"TB":0},{"Id":67,"V":8,"NV":0,"TB":0},{"Id":70,"V":8,"NV":0,"TB":0},{"Id":71,"V":8,"NV":0,"TB":1}],[{"Id":76,"V":17,"NV":1,"TB":0},{"Id":69,"V":14,"NV":1,"TB":0},{"Id":72,"V":13,"NV":2,"TB":0},{"Id":70,"V":9,"NV":1,"TB":0},{"Id":67,"V":9,"NV":1,"TB":2}],[{"Id":76,"V":20,"NV":3,"TB":0},{"Id":69,"V":16,"NV":2,"TB":0},{"Id":72,"V":15,"NV":2,"TB":0},{"Id":70,"V":11,"NV":2,"TB":0}],[{"Id":76,"V":23,"NV":3,"TB":0},{"Id":72,"V":20,"NV":5,"TB":0},{"Id":69,"V":17,"NV":1,"TB":0}],[{"Id":76,"V":30,"NV":7,"TB":0},{"Id":72,"V":25,"NV":5,"TB":0}],[{"Id":76,"V":42,"NV":12,"TB":0}]],"Expires":1494376398,"SecondsLeft":0}