{"Mtype":"results","Title":"Round (1/4) [17 options]","PollStarted":"2017-06-11T19:51:32.157282077Z","PollDuration":300000000000,"Options":{"65":"The younger Natani meeting and talking/flirting with Keith, and Keith's reaction","66":"Prom Queen Mike \u0026 Prom King Evals ","67":"Raine and Euchre as Luke and Vader ","68":"Trace, Kei and Sythe decided to find out whose dragon was faster.","69":"Eric being magic'd by Nora into a female Keidran as comeuppance","70":"Pixie Panic aftermath 2: Mike \u0026 Evals, all dolled up.","71":"Kieth teaches Natani how to sword fight","72":"Flora as Overwatch D.Va","73":"Raine trying on wedding dresses, as Maren, the maid of honor, helps her pick the right one.","74":"Sequel \"Doggie Dates\"","75":"The girls as the cast from Shantae: Half-Genie Hero!","76":"If Flora had a signature move, what would it be? Trace can be used for the demonstration.","77":"Romantic Dinner 2. Keith takes Natani to pizza and beer. ","78":"Assassin's Creed Zen and Natani","79":"western basitin wearing nothing but ornamental ankle coverings","80":"Flora, Maddie, Natani, Keith and Trace all \"training\" using wooden/cardboard gear.","81":"Euchre's Flawless Transformation"},"ExpectedBallots":120,"CountedBallots":118,"Ballots":["NODALHFB","J","NCAPLGOHBMJEQIKDF","AFJDPMBEILOGKN","AGQO","PLDQ","NCHJEL","HCNAGKIFODLPQEMBJ","","N","OMG","KHMEA","EAFDKQM","CGNAMDQELKJH","AGMIPECJK","AIDCGBJN","","LEINHD","AMEGOIDNKP","FEHQAMPCOJDGNKLBI","LPHAC","MFPAG","AJMOFEGL","MDPOAGJKEC","M","IMJL","JAMOPD","OEFNH","A","EDL","JABFIE","EFBQAMJIODLGPCNKH","OKAEQGN","DPCEGQALN","BEQC","OEFKJHAPBIMLGQN","EJOAMQIGHPFLBNDKC","KHIFCMAOENGDLBJPQ","AELJNIPFMDBCOHQGK","QPGLN","FJBEHIKOLCDQPNGMA","OMALGNCHPKDIQJFEB","EQCHDFKILJNPAGMBO","QANCPDME","GOBMHPKLQFINAJECD","PGMQD","MGAOCDPJLF","DK","IABCHGJMKDFQNLPEO","FMAJELBIHKOCDGQPN","FMKJAHBEGO","HBINLCAGKFPJDMQOE","IAEPDMFG","HFC","ECQNM","ABHE","OLPDCG","AOB","OMNAC","EIONFPQBJCKAHMLGD","JEADIFPOLGBMQKHNC","ADGMPLNEIJHKBOQFC","LONJMHD","ADPOGFCQLEBJMNKIH","","QHAPCGFME","ENJDPF","","APGMDOLIQFBJE","CHLNF","AGJ","HCMDAIBLKOGJQPENF","AGLNP","KIHJABEFPQGOMDCNL","AMGJEFND","FAJL","","IJFBM","LQIO","LHP","DPOCMGLQ","DQE","GAMFDOPQHEILCNBJK","ODMFC","HMFLGPB","JEADLIGFNMPQCKHBO","H","OQLJAI","IC","IJFBM","FEB","OAJEM","LHDCMEAPKNQG","","QOGADCPEJLMIB","N","LOAMI","M","NMJCIGAPQFDK","LDOCINK","OAEKJQFBPMDNGLCIH","MDIACNOBG","NOHJMPIAKDBE","ECAIFQJGMPDNOLKHB","OMDGPE","PHDJ","","OAMPGQ","EDFJ","EBAOIPKQGL","EQDI","MHCKGEANB","GKNLOJPMFBQADIECH","KMLH","CEDINBAMGP","NCG","OEIMB","IJFBM"],"Placements":[[{"Id":65,"V":16,"NV":16,"TB":0},{"Id":79,"V":14,"NV":14,"TB":0},{"Id":69,"V":12,"NV":12,"TB":0},{"Id":76,"V":8,"NV":8,"TB":0},{"Id":78,"V":8,"NV":8,"TB":0},{"Id":73,"V":7,"NV":7,"TB":0},{"Id":77,"V":7,"NV":7,"TB":0},{"Id":70,"V":6,"NV":6,"TB":0},{"Id":72,"V":6,"NV":6,"TB":0},{"Id":74,"V":5,"NV":5,"TB":0},{"Id":68,"V":4,"NV":4,"TB":0},{"Id":75,"V":4,"NV":4,"TB":0},{"Id":81,"V":4,"NV":4,"TB":0},{"Id":67,"V":3,"NV":3,"TB":0},{"Id":71,"V":3,"NV":3,"TB":0},{"Id":80,"V":3,"NV":3,"TB":0},{"Id":66,"V":1,"NV":1,"TB":0}],[{"Id":65,"V":16,"NV":0,"TB":0},{"Id":79,"V":14,"NV":0,"TB":0},{"Id":69,"V":13,"NV":1,"TB":0},{"Id":76,"V":8,"NV":0,"TB":0},{"Id":78,"V":8,"NV":0,"TB":0},{"Id":73,"V":7,"NV":0,"TB":0},{"Id":77,"V":7,"NV":0,"TB":0},{"Id":70,"V":6,"NV":0,"TB":0},{"Id":72,"V":6,"NV":0,"TB":0},{"Id":74,"V":5,"NV":0,"TB":0},{"Id":68,"V":4,"NV":0,"TB":0},{"Id":75,"V":4,"NV":0,"TB":0},{"Id":81,"V":4,"NV":0,"TB":0},{"Id":71,"V":3,"NV":0,"TB":0},{"Id":80,"V":3,"NV":0,"TB":0},{"Id":67,"V":3,"NV":0,"TB":3}],[{"Id":65,"V":16,"NV":0,"TB":0},{"Id":69,"V":14,"NV":1,"TB":0},{"Id":79,"V":14,"NV":0,"TB":0},{"Id":76,"V":8,"NV":0,"TB":0},{"Id":78,"V":8,"NV":0,"TB":0},{"Id":72,"V":7,"NV":1,"TB":0},{"Id":73,"V":7,"NV":0,"TB":0},{"Id":77,"V":7,"NV":0,"TB":0},{"Id":70,"V":6,"NV":0,"TB":0},{"Id":74,"V":5,"NV":0,"TB":0},{"Id":68,"V":4,"NV":0,"TB":0},{"Id":71,"V":4,"NV":1,"TB":0},{"Id":75,"V":4,"NV":0,"TB":0},{"Id":81,"V":4,"NV":0,"TB":0},{"Id":80,"V":3,"NV":0,"TB":0}],[{"Id":65,"V":16,"NV":0,"TB":0},{"Id":69,"V":14,"NV":0,"TB":0},{"Id":79,"V":14,"NV":0,"TB":0},{"Id":76,"V":9,"NV":1,"TB":0},{"Id":72,"V":8,"NV":1,"TB":0},{"Id":78,"V":8,"NV":0,"TB":0},{"Id":73,"V":7,"NV":0,"TB":0},{"Id":77,"V":7,"NV":0,"TB":0},{"Id":70,"V":6,"NV":0,"TB":0},{"Id":71,"V":5,"NV":1,"TB":0},{"Id":74,"V":5,"NV":0,"TB":0},{"Id":75,"V":4,"NV":0,"TB":0},{"Id":81,"V":4,"NV":0,"TB":0},{"Id":68,"V":4,"NV":0,"TB":3}],[{"Id":65,"V":16,"NV":0,"TB":0},{"Id":69,"V":15,"NV":1,"TB":0},{"Id":79,"V":15,"NV":1,"TB":0},{"Id":76,"V":9,"NV":0,"TB":0},{"Id":72,"V":8,"NV":0,"TB":0},{"Id":78,"V":8,"NV":0,"TB":0},{"Id":73,"V":7,"NV":0,"TB":0},{"Id":77,"V":7,"NV":0,"TB":0},{"Id":70,"V":6,"NV":0,"TB":0},{"Id":71,"V":5,"NV":0,"TB":0},{"Id":75,"V":5,"NV":1,"TB":0},{"Id":81,"V":5,"NV":1,"TB":0},{"Id":74,"V":5,"NV":0,"TB":3}],[{"Id":65,"V":18,"NV":2,"TB":0},{"Id":69,"V":17,"NV":2,"TB":0},{"Id":79,"V":15,"NV":0,"TB":0},{"Id":76,"V":9,"NV":0,"TB":0},{"Id":72,"V":8,"NV":0,"TB":0},{"Id":78,"V":8,"NV":0,"TB":0},{"Id":73,"V":7,"NV":0,"TB":0},{"Id":77,"V":7,"NV":0,"TB":0},{"Id":70,"V":6,"NV":0,"TB":0},{"Id":75,"V":5,"NV":0,"TB":0},{"Id":81,"V":5,"NV":0,"TB":0},{"Id":71,"V":5,"NV":0,"TB":3}],[{"Id":65,"V":19,"NV":1,"TB":0},{"Id":69,"V":17,"NV":0,"TB":0},{"Id":79,"V":16,"NV":1,"TB":0},{"Id":76,"V":9,"NV":0,"TB":0},{"Id":78,"V":9,"NV":1,"TB":0},{"Id":72,"V":8,"NV":0,"TB":0},{"Id":77,"V":8,"NV":1,"TB":0},{"Id":73,"V":7,"NV":0,"TB":0},{"Id":70,"V":6,"NV":0,"TB":0},{"Id":75,"V":6,"NV":1,"TB":0},{"Id":81,"V":5,"NV":0,"TB":0}],[{"Id":65,"V":20,"NV":1,"TB":0},{"Id":69,"V":18,"NV":1,"TB":0},{"Id":79,"V":17,"NV":1,"TB":0},{"Id":76,"V":10,"NV":1,"TB":0},{"Id":72,"V":9,"NV":1,"TB":0},{"Id":78,"V":9,"NV":0,"TB":0},{"Id":77,"V":8,"NV":0,"TB":0},{"Id":73,"V":7,"NV":0,"TB":0},{"Id":75,"V":6,"NV":0,"TB":0},{"Id":70,"V":6,"NV":0,"TB":2}],[{"Id":65,"V":21,"NV":1,"TB":0},{"Id":69,"V":21,"NV":3,"TB":0},{"Id":79,"V":17,"NV":0,"TB":0},{"Id":76,"V":10,"NV":0,"TB":0},{"Id":77,"V":10,"NV":2,"TB":0},{"Id":72,"V":9,"NV":0,"TB":0},{"Id":78,"V":9,"NV":0,"TB":0},{"Id":73,"V":7,"NV":0,"TB":0},{"Id":75,"V":6,"NV":0,"TB":0}],[{"Id":65,"V":21,"NV":0,"TB":0},{"Id":69,"V":21,"NV":0,"TB":0},{"Id":79,"V":17,"NV":0,"TB":0},{"Id":72,"V":11,"NV":2,"TB":0},{"Id":77,"V":11,"NV":1,"TB":0},{"Id":76,"V":10,"NV":0,"TB":0},{"Id":78,"V":10,"NV":1,"TB":0},{"Id":73,"V":8,"NV":1,"TB":0}],[{"Id":65,"V":23,"NV":2,"TB":0},{"Id":69,"V":21,"NV":0,"TB":0},{"Id":79,"V":17,"NV":0,"TB":0},{"Id":77,"V":15,"NV":4,"TB":0},{"Id":72,"V":12,"NV":1,"TB":0},{"Id":76,"V":10,"NV":0,"TB":0},{"Id":78,"V":10,"NV":0,"TB":1}],[{"Id":65,"V":25,"NV":2,"TB":0},{"Id":69,"V":21,"NV":0,"TB":0},{"Id":79,"V":19,"NV":2,"TB":0},{"Id":77,"V":16,"NV":1,"TB":0},{"Id":72,"V":13,"NV":1,"TB":0},{"Id":76,"V":11,"NV":1,"TB":0}],[{"Id":65,"V":25,"NV":0,"TB":0},{"Id":79,"V":24,"NV":5,"TB":0},{"Id":69,"V":22,"NV":1,"TB":0},{"Id":77,"V":16,"NV":0,"TB":0},{"Id":72,"V":16,"NV":3,"TB":2}],[{"Id":65,"V":30,"NV":5,"TB":0},{"Id":79,"V":24,"NV":0,"TB":0},{"Id":69,"V":23,"NV":1,"TB":0},{"Id":77,"V":21,"NV":5,"TB":0}],[{"Id":65,"V":38,"NV":8,"TB":0},{"Id":69,"V":26,"NV":3,"TB":0},{"Id":79,"V":25,"NV":1,"TB":0}],[{"Id":65,"V":52,"NV":14,"TB":0},{"Id":69,"V":30,"NV":4,"TB":0}],[{"Id":65,"V":69,"NV":17,"TB":0}]],"Expires":1497211301,"SecondsLeft":0}