{"Mtype":"results","Title":"Round 3/4","PollStarted":"2017-10-22T23:24:37.735654731Z","PollDuration":300000000000,"Options":{"65":"Natani Dakimakura (Body Pillow)","66":"Keith and Natani as the Phantom and Christine from Phantom of the Opera. ","67":"Silver fur Natani and adult Keith last time together.","68":"Halloween: Eric “The Collector” a patchwork of keidran parts \u0026 Kathrin “The Mad Seamstress”","69":"Trace painting a jack-o'-lantern on Flora's baby belly","70":"\"Red\" puts the collar of keidranification (And gender-bending) on, after loosing a bet with Raine.","71":"Fluffy winter coats! Flora and Tiger Trace!","72":"Keiren as an Ardakist, with Princess Reni freaking out in the background at how much more handsome he is","73":"Group A as a party from Darkest Dungeon","74":"The main four doing Legend of Zelda cosplay Keith being Link, Flora being Zelda, Trace being Ganon, and Natani being Midna","75":"Natani and Kat become a couple in an alternate universe","76":"Natani messes up a chest shrinking spell and becomes Na-tiny.","77":"Alaric, Laura, and Nibbly are zombies doing Michael Jackson's Thriller. One of them is dressed as MJ himself.","78":"Tavern Mixup: Adira realises she’s mistakenly served human alcohol to a keidran patron. A very drunk Kathrin causes a scene.","79":"Halloween witch Raine with her squirrel","80":"Trace catches Flora checking out post-workout Keith.","81":"Sythe and Red carving pumpkins with swords to try and impress Raine! they could really go crazy"},"ExpectedBallots":111,"CountedBallots":111,"Ballots":["CNJH","AQKG","MDOL","LOJB","MHBOKCNGJFAEQPIDL","IM","HFMQNDEGLOBJPIACK","OHBEFPGQA","E","FJK","M","EOHG","FPMQALEBKGC","FAGKLOCPQBNDIHJME","QFC","EG","KAFPJQ","FJAGECPMNLIQOHDKB","LBQCNG","FCQPNDI","IJFBLQKDOGHMNPAEC","AMLNK","OQHAG","JCDMOGLABQKHFPENI","GMHIO","LO","BAKLCJHI","LDKGHM","MOGFQE","MF","F","HCELP","HC","FGCLDOBJNPKQEAHMI","GLKNIDE","IKAMB","NFI","GPLEANFHJDBMKIOQC","ALHKCNQP","PAK","OG","ACEKBOL","KNMQFCO","NKMDL","HJGQEC","GEBPNLQAOIFKHDMJC","OQHMDK","EODMQG","FNHGMIEOAKLQJCBDP","M","E","AHKJNGIBDFEOQPLCM","F","GCHNLE","FOLG","FNKPC","BJIO","NBA","NGKLE","CBKPNHJF","M","GNCJ","GQFEMONILHADBJPKC","ONLFAKPBHGDQICMJE","MQFDL","QFLJCNBI","CFLOQPE","O","PQC","N","PHJLMOEG","QKOG","IMDKNOCHPALBEQFJ","EMHOF","AQLC","MCJLPKE","ELNIKGDHCAPBJ","LGKN","HFNOLA","FAGQLHJ","AHKOLGNMFJP","QELO","FHLQAGNKDBCOJP","AJOHMNQ","CPKNAMLO","M","OFQN","N","OFQN","HOJDQKAFBLMNGEP","KC","K","IFKNALMPOGQ","ACQDN","FH","NMQLO","KNOJHPQ","M","G","AJFGOEKP","PBAJLGCNEIMOH","KFN","HGPCEN","KFN","FANG","HMQDNFELCOBG","N","KFPGCNJHA","EGKLJM","MHJL","COKLFBHEGQMDNIJPA"],"Placements":[[{"Id":70,"V":15,"NV":15,"TB":0},{"Id":77,"V":12,"NV":12,"TB":0},{"Id":65,"V":10,"NV":10,"TB":0},{"Id":69,"V":8,"NV":8,"TB":0},{"Id":71,"V":8,"NV":8,"TB":0},{"Id":72,"V":8,"NV":8,"TB":0},{"Id":75,"V":8,"NV":8,"TB":0},{"Id":78,"V":8,"NV":8,"TB":0},{"Id":79,"V":8,"NV":8,"TB":0},{"Id":67,"V":5,"NV":5,"TB":0},{"Id":73,"V":5,"NV":5,"TB":0},{"Id":76,"V":5,"NV":5,"TB":0},{"Id":80,"V":4,"NV":4,"TB":0},{"Id":81,"V":4,"NV":4,"TB":0},{"Id":66,"V":2,"NV":2,"TB":0},{"Id":74,"V":1,"NV":1,"TB":0},{"Id":68,"V":0,"NV":0,"TB":0}],[{"Id":70,"V":15,"NV":0,"TB":0},{"Id":77,"V":12,"NV":0,"TB":0},{"Id":65,"V":10,"NV":0,"TB":0},{"Id":69,"V":8,"NV":0,"TB":0},{"Id":71,"V":8,"NV":0,"TB":0},{"Id":72,"V":8,"NV":0,"TB":0},{"Id":75,"V":8,"NV":0,"TB":0},{"Id":78,"V":8,"NV":0,"TB":0},{"Id":79,"V":8,"NV":0,"TB":0},{"Id":67,"V":5,"NV":0,"TB":0},{"Id":73,"V":5,"NV":0,"TB":0},{"Id":76,"V":5,"NV":0,"TB":0},{"Id":80,"V":4,"NV":0,"TB":0},{"Id":81,"V":4,"NV":0,"TB":0},{"Id":66,"V":2,"NV":0,"TB":0},{"Id":74,"V":1,"NV":0,"TB":0}],[{"Id":70,"V":15,"NV":0,"TB":0},{"Id":77,"V":12,"NV":0,"TB":0},{"Id":65,"V":10,"NV":0,"TB":0},{"Id":69,"V":8,"NV":0,"TB":0},{"Id":71,"V":8,"NV":0,"TB":0},{"Id":72,"V":8,"NV":0,"TB":0},{"Id":75,"V":8,"NV":0,"TB":0},{"Id":78,"V":8,"NV":0,"TB":0},{"Id":79,"V":8,"NV":0,"TB":0},{"Id":67,"V":6,"NV":1,"TB":0},{"Id":73,"V":5,"NV":0,"TB":0},{"Id":76,"V":5,"NV":0,"TB":0},{"Id":80,"V":4,"NV":0,"TB":0},{"Id":81,"V":4,"NV":0,"TB":0},{"Id":66,"V":2,"NV":0,"TB":0}],[{"Id":70,"V":15,"NV":0,"TB":0},{"Id":77,"V":12,"NV":0,"TB":0},{"Id":65,"V":11,"NV":1,"TB":0},{"Id":69,"V":8,"NV":0,"TB":0},{"Id":71,"V":8,"NV":0,"TB":0},{"Id":72,"V":8,"NV":0,"TB":0},{"Id":75,"V":8,"NV":0,"TB":0},{"Id":78,"V":8,"NV":0,"TB":0},{"Id":79,"V":8,"NV":0,"TB":0},{"Id":67,"V":6,"NV":0,"TB":0},{"Id":73,"V":6,"NV":1,"TB":0},{"Id":76,"V":5,"NV":0,"TB":0},{"Id":81,"V":4,"NV":0,"TB":0},{"Id":80,"V":4,"NV":0,"TB":2}],[{"Id":70,"V":15,"NV":0,"TB":0},{"Id":65,"V":13,"NV":2,"TB":0},{"Id":77,"V":12,"NV":0,"TB":0},{"Id":72,"V":9,"NV":1,"TB":0},{"Id":69,"V":8,"NV":0,"TB":0},{"Id":71,"V":8,"NV":0,"TB":0},{"Id":75,"V":8,"NV":0,"TB":0},{"Id":78,"V":8,"NV":0,"TB":0},{"Id":79,"V":8,"NV":0,"TB":0},{"Id":67,"V":6,"NV":0,"TB":0},{"Id":73,"V":6,"NV":0,"TB":0},{"Id":76,"V":5,"NV":0,"TB":0},{"Id":81,"V":5,"NV":1,"TB":1}],[{"Id":70,"V":17,"NV":2,"TB":0},{"Id":65,"V":13,"NV":0,"TB":0},{"Id":77,"V":12,"NV":0,"TB":0},{"Id":69,"V":9,"NV":1,"TB":0},{"Id":72,"V":9,"NV":0,"TB":0},{"Id":75,"V":9,"NV":1,"TB":0},{"Id":71,"V":8,"NV":0,"TB":0},{"Id":78,"V":8,"NV":0,"TB":0},{"Id":79,"V":8,"NV":0,"TB":0},{"Id":67,"V":7,"NV":1,"TB":0},{"Id":73,"V":6,"NV":0,"TB":0},{"Id":76,"V":5,"NV":0,"TB":0}],[{"Id":70,"V":17,"NV":0,"TB":0},{"Id":65,"V":13,"NV":0,"TB":0},{"Id":77,"V":12,"NV":0,"TB":0},{"Id":75,"V":10,"NV":1,"TB":0},{"Id":79,"V":10,"NV":2,"TB":0},{"Id":69,"V":9,"NV":0,"TB":0},{"Id":71,"V":9,"NV":1,"TB":0},{"Id":72,"V":9,"NV":0,"TB":0},{"Id":67,"V":8,"NV":1,"TB":0},{"Id":78,"V":8,"NV":0,"TB":0},{"Id":73,"V":6,"NV":0,"TB":0}],[{"Id":70,"V":19,"NV":2,"TB":0},{"Id":77,"V":14,"NV":2,"TB":0},{"Id":65,"V":13,"NV":0,"TB":0},{"Id":75,"V":11,"NV":1,"TB":0},{"Id":79,"V":11,"NV":1,"TB":0},{"Id":69,"V":9,"NV":0,"TB":0},{"Id":71,"V":9,"NV":0,"TB":0},{"Id":72,"V":9,"NV":0,"TB":0},{"Id":67,"V":8,"NV":0,"TB":0},{"Id":78,"V":8,"NV":0,"TB":1}],[{"Id":70,"V":20,"NV":1,"TB":0},{"Id":77,"V":15,"NV":1,"TB":0},{"Id":65,"V":14,"NV":1,"TB":0},{"Id":75,"V":12,"NV":1,"TB":0},{"Id":79,"V":11,"NV":0,"TB":0},{"Id":71,"V":10,"NV":1,"TB":0},{"Id":69,"V":9,"NV":0,"TB":0},{"Id":72,"V":9,"NV":0,"TB":0},{"Id":67,"V":8,"NV":0,"TB":0}],[{"Id":70,"V":21,"NV":1,"TB":0},{"Id":77,"V":16,"NV":1,"TB":0},{"Id":65,"V":14,"NV":0,"TB":0},{"Id":75,"V":14,"NV":2,"TB":0},{"Id":79,"V":12,"NV":1,"TB":0},{"Id":71,"V":11,"NV":1,"TB":0},{"Id":72,"V":10,"NV":1,"TB":0},{"Id":69,"V":9,"NV":0,"TB":0}],[{"Id":70,"V":21,"NV":0,"TB":0},{"Id":77,"V":17,"NV":1,"TB":0},{"Id":75,"V":15,"NV":1,"TB":0},{"Id":79,"V":15,"NV":3,"TB":0},{"Id":65,"V":14,"NV":0,"TB":0},{"Id":71,"V":13,"NV":2,"TB":0},{"Id":72,"V":10,"NV":0,"TB":0}],[{"Id":70,"V":23,"NV":2,"TB":0},{"Id":77,"V":19,"NV":2,"TB":0},{"Id":79,"V":16,"NV":1,"TB":0},{"Id":71,"V":15,"NV":2,"TB":0},{"Id":75,"V":15,"NV":0,"TB":0},{"Id":65,"V":14,"NV":0,"TB":0}],[{"Id":70,"V":24,"NV":1,"TB":0},{"Id":75,"V":22,"NV":7,"TB":0},{"Id":77,"V":20,"NV":1,"TB":0},{"Id":79,"V":17,"NV":1,"TB":0},{"Id":71,"V":16,"NV":1,"TB":0}],[{"Id":70,"V":26,"NV":2,"TB":0},{"Id":75,"V":26,"NV":4,"TB":0},{"Id":77,"V":22,"NV":2,"TB":0},{"Id":79,"V":18,"NV":1,"TB":0}],[{"Id":70,"V":31,"NV":5,"TB":0},{"Id":75,"V":28,"NV":2,"TB":0},{"Id":77,"V":25,"NV":3,"TB":0}],[{"Id":70,"V":36,"NV":5,"TB":0},{"Id":75,"V":34,"NV":6,"TB":0}],[{"Id":70,"V":49,"NV":13,"TB":0}]],"Expires":1508715277,"SecondsLeft":0}