{"Mtype":"results","Title":"Round (1/4) [15 options]","PollStarted":"2017-06-18T19:48:52.353494855Z","PollDuration":300000000000,"Options":{"65":"Species transformation! Keidran Kathrin x Basitin Keith","66":"Alaric finishing his statue of Keith","67":"Archmage Maeve","68":"Back To The Future Two Kinds","69":"Please red with heavy Raine hugging together :)  make it happens its a couple","70":"Young Flora looking up at the lights of the Legacy estate.","71":"Nora controlling Fem!Mike's body, forcing him to wear cute, frilly lingerie.","72":"Maeve and Maddie having a footie pajama slumber party! they should be watching a scary movie/being read a scary story!","73":"Karen chasing Evals with a switched on vacuum cleaner","74":"Mike and Laura together where mike is a girl and laura is poking hes nose saying \"nice to see a foxgirl around here\" while mike is blushing and trying not to get mad cause girling ","75":"Kat happily sewing a new, fancy apron","76":"Clovis tries to dispel the curse... and only makes things worse.","77":"Wrinry getting her wings back","78":"Nibbly (keidranized) sleeping with a Scythe plushie","79":"Maddie \u0026 Maeve at a sleepover having a pillow fight"},"ExpectedBallots":106,"CountedBallots":106,"Ballots":["GLCDIFO","HIGNCD","FMNODCAEKGJHIBL","KFJGACDOEMHNILB","FBH","FH","LHCA","HNOEBIDJKAGLFMC","LBFGKJAOHCEINDM","JALGDOHCFENIBKM","GKAM","ENH","GDLAJF","DGNIH","KFLNC","LNE","NAGJEKFO","LCHNFJ","BL","CHOJNFL","IMLJGN","GLHOJ","LFG","GJELN","FNHKMCDGBAOL","LKBG","DKFCML","LGEJNFIOMACHBKD","FGCK","BDAOILCFJG","LGF","HOFDBKANILMCGJE","ONEICD","","LBJFOCIENAGKMHD","AD","NFHD","K","","GLFKCNJO","LFIHJGOCEANDBMK","AGOLECM","FLACDKHOJGEIBMN","IKADF","","JLFBNG","LN","CBFNG","LNOM","LCGJFHOADEIBMK","GLOKBCFDANHIEMJ","EDJ","CLM","CFIOH","LNDFICOG","FBEOHJIKCAGL","HILNMK","CHKFON","JAGMCIOKHFBD","J","ELN","FLOKDMHINCBAGJE","KHODANBCFEIMGJL","LECGOKJ","OCNAFEDKILHJBMG","CDK","LGJ","F","ENOFKMLACGJIBHD","EOHNFJICKDLMBAG","CIBNOKL","OLNFK","MNCDHFIA","CEGNJLKA","CFEKMJONIB","NLBGIDJCFEOHKAM","FDLMBAHJKEOICGN","CEGNLK","CLKNFDGBJI","FMKCE","","","HCDINM","HMOB","BGNILD","DFLNHOECGAKIJMB","EONCJLBDM","FCDOIBGJNMHLAEK","LOFBCNHJIGDAEKM","EF","MCINBHFOGDJAELK","KE","FMNKDBLJI","IA","LIEHDFB","FCHA","DCLMGBHOFANKIJE","ECBNL","LEIGFNOJHCBDKMA","ACLHEN","EHLDAMIOCNKBGFJ","IDLGJBAEKCNHOMF","FOHJBGL","GLJFANDM","OELNHGB","DEB"],"Placements":[[{"Id":76,"V":19,"NV":19,"TB":0},{"Id":70,"V":15,"NV":15,"TB":0},{"Id":67,"V":11,"NV":11,"TB":0},{"Id":69,"V":9,"NV":9,"TB":0},{"Id":71,"V":8,"NV":8,"TB":0},{"Id":72,"V":6,"NV":6,"TB":0},{"Id":68,"V":5,"NV":5,"TB":0},{"Id":75,"V":5,"NV":5,"TB":0},{"Id":73,"V":4,"NV":4,"TB":0},{"Id":74,"V":4,"NV":4,"TB":0},{"Id":79,"V":4,"NV":4,"TB":0},{"Id":65,"V":3,"NV":3,"TB":0},{"Id":66,"V":3,"NV":3,"TB":0},{"Id":78,"V":3,"NV":3,"TB":0},{"Id":77,"V":2,"NV":2,"TB":0}],[{"Id":76,"V":19,"NV":0,"TB":0},{"Id":70,"V":15,"NV":0,"TB":0},{"Id":67,"V":12,"NV":1,"TB":0},{"Id":69,"V":9,"NV":0,"TB":0},{"Id":71,"V":8,"NV":0,"TB":0},{"Id":72,"V":6,"NV":0,"TB":0},{"Id":68,"V":5,"NV":0,"TB":0},{"Id":75,"V":5,"NV":0,"TB":0},{"Id":73,"V":4,"NV":0,"TB":0},{"Id":74,"V":4,"NV":0,"TB":0},{"Id":78,"V":4,"NV":1,"TB":0},{"Id":79,"V":4,"NV":0,"TB":0},{"Id":65,"V":3,"NV":0,"TB":0},{"Id":66,"V":3,"NV":0,"TB":1}],[{"Id":76,"V":20,"NV":1,"TB":0},{"Id":70,"V":15,"NV":0,"TB":0},{"Id":67,"V":12,"NV":0,"TB":0},{"Id":69,"V":9,"NV":0,"TB":0},{"Id":71,"V":9,"NV":1,"TB":0},{"Id":68,"V":6,"NV":1,"TB":0},{"Id":72,"V":6,"NV":0,"TB":0},{"Id":75,"V":5,"NV":0,"TB":0},{"Id":73,"V":4,"NV":0,"TB":0},{"Id":74,"V":4,"NV":0,"TB":0},{"Id":78,"V":4,"NV":0,"TB":0},{"Id":79,"V":4,"NV":0,"TB":0},{"Id":65,"V":3,"NV":0,"TB":0}],[{"Id":76,"V":20,"NV":0,"TB":0},{"Id":70,"V":15,"NV":0,"TB":0},{"Id":67,"V":13,"NV":1,"TB":0},{"Id":71,"V":10,"NV":1,"TB":0},{"Id":69,"V":9,"NV":0,"TB":0},{"Id":68,"V":7,"NV":1,"TB":0},{"Id":72,"V":6,"NV":0,"TB":0},{"Id":75,"V":5,"NV":0,"TB":0},{"Id":73,"V":4,"NV":0,"TB":0},{"Id":74,"V":4,"NV":0,"TB":0},{"Id":78,"V":4,"NV":0,"TB":0},{"Id":79,"V":4,"NV":0,"TB":1}],[{"Id":76,"V":21,"NV":1,"TB":0},{"Id":70,"V":15,"NV":0,"TB":0},{"Id":67,"V":14,"NV":1,"TB":0},{"Id":69,"V":10,"NV":1,"TB":0},{"Id":71,"V":10,"NV":0,"TB":0},{"Id":68,"V":7,"NV":0,"TB":0},{"Id":72,"V":6,"NV":0,"TB":0},{"Id":75,"V":5,"NV":0,"TB":0},{"Id":78,"V":5,"NV":1,"TB":0},{"Id":73,"V":4,"NV":0,"TB":0},{"Id":74,"V":4,"NV":0,"TB":1}],[{"Id":76,"V":23,"NV":2,"TB":0},{"Id":70,"V":15,"NV":0,"TB":0},{"Id":67,"V":14,"NV":0,"TB":0},{"Id":71,"V":11,"NV":1,"TB":0},{"Id":69,"V":10,"NV":0,"TB":0},{"Id":68,"V":7,"NV":0,"TB":0},{"Id":72,"V":6,"NV":0,"TB":0},{"Id":75,"V":5,"NV":0,"TB":0},{"Id":78,"V":5,"NV":0,"TB":0},{"Id":73,"V":4,"NV":0,"TB":0}],[{"Id":76,"V":24,"NV":1,"TB":0},{"Id":70,"V":15,"NV":0,"TB":0},{"Id":67,"V":14,"NV":0,"TB":0},{"Id":71,"V":11,"NV":0,"TB":0},{"Id":69,"V":10,"NV":0,"TB":0},{"Id":68,"V":8,"NV":1,"TB":0},{"Id":72,"V":6,"NV":0,"TB":0},{"Id":75,"V":6,"NV":1,"TB":0},{"Id":78,"V":5,"NV":0,"TB":0}],[{"Id":76,"V":25,"NV":1,"TB":0},{"Id":70,"V":16,"NV":1,"TB":0},{"Id":67,"V":15,"NV":1,"TB":0},{"Id":71,"V":12,"NV":1,"TB":0},{"Id":69,"V":11,"NV":1,"TB":0},{"Id":68,"V":8,"NV":0,"TB":0},{"Id":72,"V":6,"NV":0,"TB":0},{"Id":75,"V":6,"NV":0,"TB":1}],[{"Id":76,"V":25,"NV":0,"TB":0},{"Id":70,"V":18,"NV":2,"TB":0},{"Id":67,"V":15,"NV":0,"TB":0},{"Id":69,"V":12,"NV":1,"TB":0},{"Id":71,"V":12,"NV":0,"TB":0},{"Id":68,"V":9,"NV":1,"TB":0},{"Id":72,"V":7,"NV":1,"TB":0}],[{"Id":76,"V":26,"NV":1,"TB":0},{"Id":70,"V":19,"NV":1,"TB":0},{"Id":67,"V":16,"NV":1,"TB":0},{"Id":69,"V":13,"NV":1,"TB":0},{"Id":71,"V":13,"NV":1,"TB":0},{"Id":68,"V":10,"NV":1,"TB":0}],[{"Id":76,"V":28,"NV":2,"TB":0},{"Id":70,"V":22,"NV":3,"TB":0},{"Id":67,"V":18,"NV":2,"TB":0},{"Id":69,"V":14,"NV":1,"TB":0},{"Id":71,"V":14,"NV":1,"TB":1}],[{"Id":76,"V":36,"NV":8,"TB":0},{"Id":70,"V":22,"NV":0,"TB":0},{"Id":67,"V":20,"NV":2,"TB":0},{"Id":69,"V":16,"NV":2,"TB":0}],[{"Id":76,"V":41,"NV":5,"TB":0},{"Id":70,"V":26,"NV":4,"TB":0},{"Id":67,"V":23,"NV":3,"TB":0}],[{"Id":76,"V":50,"NV":9,"TB":0},{"Id":70,"V":36,"NV":10,"TB":0}],[{"Id":76,"V":70,"NV":20,"TB":0}]],"Expires":1497815933,"SecondsLeft":0}