{"Mtype":"results","Title":"Round Later","PollStarted":"2017-07-17T00:57:17.838166493Z","PollDuration":300000000000,"Options":{"65":"Trace struggling to give the now-heavier flora a piggyback ride","66":"Saria plays with little Flora and other farmers children's.","67":"Kat teaching Natani how to give Keith massages. Actually, it's just an excuse to get Natani to give her a massage.","68":"Dragon Laura","69":"Wrinry getting her wings back","70":"Older Maeve and Madelyn stargazing","71":"Natani's first attempt ever at magic","72":"Nora has turned Reni into a pre-adolescent dragon so she can be Trace's big sister","73":"Group A at the beach since it is summer","74":"Raine: Don't make me angry (hulk reference)","75":"Trace and Flora as Flint and Lupa from Bloodline","76":"Kathrin can't find a mannequin to test her tailored creations on, so she uses Mike and Evals instead.","77":"Keith sailing with the King of Red Lions (Wind Waker crossover)","78":"Maeve and Maddie watching the stars"},"ExpectedBallots":67,"CountedBallots":67,"Ballots":["JCL","","ILHCEGDAJNFBMK","EBHD","KNFCHILBAGDEMJ","HDLGIAC","KBM","HDMJNFKBGCLAEI","CDKGFNILB","LCMAHIBG","ADIC","LCIHAGDJNKBMFE","HKDFJIBLNECGAM","NFGCBAJID","CLGNHDBF","BMGCFNEJILDKHA","LGCBA","IB","DAHL","CJLIE","NLDGKI","CGBAJLEFDIMNHK","KEIC","DBFHGCL","L","CL","ADNBG","GJLFMC","DFN","CILD","DGIBM","C","AHNFBM","IC","A","DHJACLEMIBNKFG","LDA","CLGIJAFNHEBDKM","BCIALDGH","DHIE","I","DNBA","J","LKFNECD","KJLGCDI","ADBIH","FNE","GICDHE","HLMD","CFGLABNMJIDEHK","KJDEGHM","D","G","JICAKNHBELFMGD","CNAHG","ICGJMNBL","DHAKGEJC","L","DJGKH","CDB","HD","CLJF","AHBCJGNFKDEMLI","DGNKBFICL","ECLHJ","CGNFIJHLBAE","A"],"Placements":[[{"Id":67,"V":13,"NV":13,"TB":0},{"Id":68,"V":11,"NV":11,"TB":0},{"Id":65,"V":7,"NV":7,"TB":0},{"Id":76,"V":7,"NV":7,"TB":0},{"Id":72,"V":5,"NV":5,"TB":0},{"Id":73,"V":5,"NV":5,"TB":0},{"Id":75,"V":5,"NV":5,"TB":0},{"Id":71,"V":3,"NV":3,"TB":0},{"Id":74,"V":3,"NV":3,"TB":0},{"Id":66,"V":2,"NV":2,"TB":0},{"Id":69,"V":2,"NV":2,"TB":0},{"Id":78,"V":2,"NV":2,"TB":0},{"Id":70,"V":1,"NV":1,"TB":0},{"Id":77,"V":0,"NV":0,"TB":0}],[{"Id":67,"V":13,"NV":0,"TB":0},{"Id":68,"V":11,"NV":0,"TB":0},{"Id":65,"V":7,"NV":0,"TB":0},{"Id":76,"V":7,"NV":0,"TB":0},{"Id":72,"V":5,"NV":0,"TB":0},{"Id":73,"V":5,"NV":0,"TB":0},{"Id":75,"V":5,"NV":0,"TB":0},{"Id":71,"V":3,"NV":0,"TB":0},{"Id":74,"V":3,"NV":0,"TB":0},{"Id":66,"V":2,"NV":0,"TB":0},{"Id":69,"V":2,"NV":0,"TB":0},{"Id":78,"V":2,"NV":0,"TB":0},{"Id":70,"V":1,"NV":0,"TB":0}],[{"Id":67,"V":13,"NV":0,"TB":0},{"Id":68,"V":11,"NV":0,"TB":0},{"Id":65,"V":7,"NV":0,"TB":0},{"Id":76,"V":7,"NV":0,"TB":0},{"Id":72,"V":5,"NV":0,"TB":0},{"Id":73,"V":5,"NV":0,"TB":0},{"Id":75,"V":5,"NV":0,"TB":0},{"Id":71,"V":3,"NV":0,"TB":0},{"Id":74,"V":3,"NV":0,"TB":0},{"Id":78,"V":3,"NV":1,"TB":0},{"Id":69,"V":2,"NV":0,"TB":0},{"Id":66,"V":2,"NV":0,"TB":2}],[{"Id":67,"V":14,"NV":1,"TB":0},{"Id":68,"V":11,"NV":0,"TB":0},{"Id":65,"V":7,"NV":0,"TB":0},{"Id":76,"V":7,"NV":0,"TB":0},{"Id":72,"V":5,"NV":0,"TB":0},{"Id":73,"V":5,"NV":0,"TB":0},{"Id":75,"V":5,"NV":0,"TB":0},{"Id":71,"V":4,"NV":1,"TB":0},{"Id":74,"V":3,"NV":0,"TB":0},{"Id":78,"V":3,"NV":0,"TB":0},{"Id":69,"V":2,"NV":0,"TB":0}],[{"Id":67,"V":15,"NV":1,"TB":0},{"Id":68,"V":11,"NV":0,"TB":0},{"Id":65,"V":7,"NV":0,"TB":0},{"Id":76,"V":7,"NV":0,"TB":0},{"Id":72,"V":6,"NV":1,"TB":0},{"Id":73,"V":5,"NV":0,"TB":0},{"Id":75,"V":5,"NV":0,"TB":0},{"Id":71,"V":4,"NV":0,"TB":0},{"Id":74,"V":3,"NV":0,"TB":0},{"Id":78,"V":3,"NV":0,"TB":1}],[{"Id":67,"V":15,"NV":0,"TB":0},{"Id":68,"V":11,"NV":0,"TB":0},{"Id":76,"V":8,"NV":1,"TB":0},{"Id":65,"V":7,"NV":0,"TB":0},{"Id":72,"V":6,"NV":0,"TB":0},{"Id":71,"V":5,"NV":1,"TB":0},{"Id":73,"V":5,"NV":0,"TB":0},{"Id":75,"V":5,"NV":0,"TB":0},{"Id":74,"V":3,"NV":0,"TB":0}],[{"Id":67,"V":16,"NV":1,"TB":0},{"Id":68,"V":11,"NV":0,"TB":0},{"Id":76,"V":8,"NV":0,"TB":0},{"Id":65,"V":7,"NV":0,"TB":0},{"Id":72,"V":6,"NV":0,"TB":0},{"Id":73,"V":6,"NV":1,"TB":0},{"Id":75,"V":5,"NV":0,"TB":0},{"Id":71,"V":5,"NV":0,"TB":2}],[{"Id":67,"V":18,"NV":2,"TB":0},{"Id":68,"V":11,"NV":0,"TB":0},{"Id":76,"V":9,"NV":1,"TB":0},{"Id":65,"V":7,"NV":0,"TB":0},{"Id":73,"V":7,"NV":1,"TB":0},{"Id":72,"V":6,"NV":0,"TB":0},{"Id":75,"V":5,"NV":0,"TB":0}],[{"Id":67,"V":19,"NV":1,"TB":0},{"Id":68,"V":12,"NV":1,"TB":0},{"Id":76,"V":10,"NV":1,"TB":0},{"Id":73,"V":8,"NV":1,"TB":0},{"Id":65,"V":7,"NV":0,"TB":0},{"Id":72,"V":6,"NV":0,"TB":0}],[{"Id":67,"V":19,"NV":0,"TB":0},{"Id":68,"V":17,"NV":5,"TB":0},{"Id":76,"V":11,"NV":1,"TB":0},{"Id":73,"V":8,"NV":0,"TB":0},{"Id":65,"V":7,"NV":0,"TB":0}],[{"Id":67,"V":20,"NV":1,"TB":0},{"Id":68,"V":20,"NV":3,"TB":0},{"Id":76,"V":11,"NV":0,"TB":0},{"Id":73,"V":8,"NV":0,"TB":0}],[{"Id":67,"V":25,"NV":5,"TB":0},{"Id":68,"V":20,"NV":0,"TB":0},{"Id":76,"V":12,"NV":1,"TB":0}],[{"Id":67,"V":32,"NV":7,"TB":0},{"Id":68,"V":23,"NV":3,"TB":0}],[{"Id":67,"V":40,"NV":8,"TB":0}]],"Expires":1500253640,"SecondsLeft":0}