{"Mtype":"results","Title":"Round Three","PollStarted":"2017-05-14T22:23:48.194370767Z","PollDuration":300000000000,"Options":{"65":"After Flora and Trace get to their room, Flora makes a den out of pillows around the bed.","66":"Older Madelyn and Keith enjoying a romantic dinner together in front of a fireplace. On the mantle is an urn with Natani's mana crystal necklace draped around it.","67":"Tom's Tablet's Funeral","68":"Red and Wolf Raine have an awkward picnic","69":"Pleasantly plump Kathrin","70":"King Adelaide choosing between tiny uniforms for her little soldier (Maddie)","71":"9 year Keith giving his mom a homemade Mother's Day gift.","72":"karen chasing Evals with a switched on vacuum cleaner","73":"Kat as a cute wizard","74":"Evals and Mike(Michelle) dancing after their dinner date.","75":"Saria painting Rose portrait","76":"Adira mothers day gift","77":"flora as a baby/young child playing with a ball of string","78":"Raine and Ember Book Club (Raine sharing books with Ember from Bloodline)","79":"Maeve was really the evil mastermind all along!","80":"Young Euchre teaching Young Rose magic"},"ExpectedBallots":88,"CountedBallots":88,"Ballots":["CNJHM","CKJPIHAMDBOLNGFE","N","LAE","NLFGACKPOBMIJ","AC","CDFLE","EG","GCD","JEFHMCI","AGFDLCNOHKPBMEIJ","MAJDNI","CBDJAFEOGIPKMHLN","LOGFKPDJHMICNB","NC","JELC","DJPMAFKHILGBOCNE","FJBHMCIE","BOA","MH","KNIFL","JAFCOMHDIP","AKDBFM","GDEJCIAMHOP","BPCAOIHMDJK","GHKJIPCAEOMLBNDF","GIOPMCLHDFAJB","NHCJD","JFIHLOPCGKNDEMAB","ONIHPCDLKF","EIDJACNKL","GLJAFMP","EP","CMHNIG","CLOMPDHI","NDGA","EAD","BO","MDBILOCFHGAEPJKN","JDBGKHML","EIJDKOAFPGLMB","CGLOEIABKMPHDFJN","PJC","CKHPDFN","CLGMEO","GELDKIPFM","MH","ILEOKDPMA","CKFLMPOGADEHBINJ","NOBL","ABLFE","CADMJLBKOPHIEFGN","FL","IMAOJBLDHPNEGKFC","CDOLPHJIF","LCADIFENHKJGMP","DLJEI","KNAHLMIJEPFGCODB","BMAGDNFEOHPLCJKI","CDL","DKMOFLBCGPJIAHN","","HNBCPFDKMAGJLOI","JCLGIPDOHMFAK","GPLFAMICDJ","DONC","CDBAM","DPJKIL","BJEDCGOFPAKILNHM","DBJLIPK","KEPCDIHGAMLFOJNB","FGLOKNDACIPJMHBE","LCMEFIKDOGPNHJAB","","COGBFDPAHJMKLNIE","DNMJCKGABFLPHEIO","","GBLHFDOAIMPJ","DBJLIPK","MCABFD","GMCI","LMABIOJHFKEDGPCN","EDCF","DFIGAMEOC","DPHCOIKNBA","GCP","FMAEC","OC"],"Placements":[[{"Id":67,"V":15,"NV":15,"TB":0},{"Id":68,"V":10,"NV":10,"TB":0},{"Id":71,"V":10,"NV":10,"TB":0},{"Id":69,"V":6,"NV":6,"TB":0},{"Id":74,"V":6,"NV":6,"TB":0},{"Id":78,"V":6,"NV":6,"TB":0},{"Id":66,"V":5,"NV":5,"TB":0},{"Id":76,"V":5,"NV":5,"TB":0},{"Id":77,"V":5,"NV":5,"TB":0},{"Id":65,"V":4,"NV":4,"TB":0},{"Id":70,"V":4,"NV":4,"TB":0},{"Id":75,"V":3,"NV":3,"TB":0},{"Id":73,"V":2,"NV":2,"TB":0},{"Id":79,"V":2,"NV":2,"TB":0},{"Id":72,"V":1,"NV":1,"TB":0},{"Id":80,"V":1,"NV":1,"TB":1}],[{"Id":67,"V":15,"NV":0,"TB":0},{"Id":68,"V":10,"NV":0,"TB":0},{"Id":71,"V":10,"NV":0,"TB":0},{"Id":74,"V":7,"NV":1,"TB":0},{"Id":69,"V":6,"NV":0,"TB":0},{"Id":78,"V":6,"NV":0,"TB":0},{"Id":66,"V":5,"NV":0,"TB":0},{"Id":76,"V":5,"NV":0,"TB":0},{"Id":77,"V":5,"NV":0,"TB":0},{"Id":65,"V":4,"NV":0,"TB":0},{"Id":70,"V":4,"NV":0,"TB":0},{"Id":75,"V":3,"NV":0,"TB":0},{"Id":73,"V":2,"NV":0,"TB":0},{"Id":79,"V":2,"NV":0,"TB":0},{"Id":72,"V":1,"NV":0,"TB":0}],[{"Id":67,"V":15,"NV":0,"TB":0},{"Id":68,"V":10,"NV":0,"TB":0},{"Id":71,"V":10,"NV":0,"TB":0},{"Id":74,"V":7,"NV":0,"TB":0},{"Id":78,"V":7,"NV":1,"TB":0},{"Id":69,"V":6,"NV":0,"TB":0},{"Id":66,"V":5,"NV":0,"TB":0},{"Id":76,"V":5,"NV":0,"TB":0},{"Id":77,"V":5,"NV":0,"TB":0},{"Id":65,"V":4,"NV":0,"TB":0},{"Id":70,"V":4,"NV":0,"TB":0},{"Id":75,"V":3,"NV":0,"TB":0},{"Id":79,"V":2,"NV":0,"TB":0},{"Id":73,"V":2,"NV":0,"TB":2}],[{"Id":67,"V":15,"NV":0,"TB":0},{"Id":68,"V":10,"NV":0,"TB":0},{"Id":71,"V":10,"NV":0,"TB":0},{"Id":74,"V":7,"NV":0,"TB":0},{"Id":78,"V":7,"NV":0,"TB":0},{"Id":69,"V":6,"NV":0,"TB":0},{"Id":76,"V":6,"NV":1,"TB":0},{"Id":77,"V":6,"NV":1,"TB":0},{"Id":66,"V":5,"NV":0,"TB":0},{"Id":65,"V":4,"NV":0,"TB":0},{"Id":70,"V":4,"NV":0,"TB":0},{"Id":75,"V":3,"NV":0,"TB":0},{"Id":79,"V":2,"NV":0,"TB":0}],[{"Id":67,"V":16,"NV":1,"TB":0},{"Id":68,"V":10,"NV":0,"TB":0},{"Id":71,"V":10,"NV":0,"TB":0},{"Id":78,"V":8,"NV":1,"TB":0},{"Id":74,"V":7,"NV":0,"TB":0},{"Id":69,"V":6,"NV":0,"TB":0},{"Id":76,"V":6,"NV":0,"TB":0},{"Id":77,"V":6,"NV":0,"TB":0},{"Id":66,"V":5,"NV":0,"TB":0},{"Id":65,"V":4,"NV":0,"TB":0},{"Id":70,"V":4,"NV":0,"TB":0},{"Id":75,"V":3,"NV":0,"TB":0}],[{"Id":67,"V":16,"NV":0,"TB":0},{"Id":68,"V":10,"NV":0,"TB":0},{"Id":71,"V":10,"NV":0,"TB":0},{"Id":78,"V":10,"NV":2,"TB":0},{"Id":69,"V":7,"NV":1,"TB":0},{"Id":74,"V":7,"NV":0,"TB":0},{"Id":76,"V":6,"NV":0,"TB":0},{"Id":77,"V":6,"NV":0,"TB":0},{"Id":66,"V":5,"NV":0,"TB":0},{"Id":65,"V":4,"NV":0,"TB":0},{"Id":70,"V":4,"NV":0,"TB":1}],[{"Id":67,"V":16,"NV":0,"TB":0},{"Id":71,"V":11,"NV":1,"TB":0},{"Id":68,"V":10,"NV":0,"TB":0},{"Id":78,"V":10,"NV":0,"TB":0},{"Id":74,"V":8,"NV":1,"TB":0},{"Id":69,"V":7,"NV":0,"TB":0},{"Id":76,"V":7,"NV":1,"TB":0},{"Id":77,"V":7,"NV":1,"TB":0},{"Id":66,"V":5,"NV":0,"TB":0},{"Id":65,"V":4,"NV":0,"TB":0}],[{"Id":67,"V":17,"NV":1,"TB":0},{"Id":71,"V":12,"NV":1,"TB":0},{"Id":68,"V":11,"NV":1,"TB":0},{"Id":78,"V":10,"NV":0,"TB":0},{"Id":74,"V":8,"NV":0,"TB":0},{"Id":69,"V":7,"NV":0,"TB":0},{"Id":76,"V":7,"NV":0,"TB":0},{"Id":77,"V":7,"NV":0,"TB":0},{"Id":66,"V":6,"NV":1,"TB":0}],[{"Id":67,"V":18,"NV":1,"TB":0},{"Id":71,"V":12,"NV":0,"TB":0},{"Id":68,"V":11,"NV":0,"TB":0},{"Id":78,"V":10,"NV":0,"TB":0},{"Id":74,"V":9,"NV":1,"TB":0},{"Id":76,"V":8,"NV":1,"TB":0},{"Id":77,"V":8,"NV":1,"TB":0},{"Id":69,"V":7,"NV":0,"TB":0}],[{"Id":67,"V":19,"NV":1,"TB":0},{"Id":68,"V":14,"NV":3,"TB":0},{"Id":71,"V":13,"NV":1,"TB":0},{"Id":74,"V":10,"NV":1,"TB":0},{"Id":78,"V":10,"NV":0,"TB":0},{"Id":76,"V":8,"NV":0,"TB":0},{"Id":77,"V":8,"NV":0,"TB":1}],[{"Id":67,"V":21,"NV":2,"TB":0},{"Id":68,"V":15,"NV":1,"TB":0},{"Id":71,"V":14,"NV":1,"TB":0},{"Id":74,"V":12,"NV":2,"TB":0},{"Id":78,"V":10,"NV":0,"TB":0},{"Id":76,"V":8,"NV":0,"TB":0}],[{"Id":67,"V":23,"NV":2,"TB":0},{"Id":68,"V":16,"NV":1,"TB":0},{"Id":71,"V":15,"NV":1,"TB":0},{"Id":74,"V":13,"NV":1,"TB":0},{"Id":78,"V":10,"NV":0,"TB":0}],[{"Id":67,"V":27,"NV":4,"TB":0},{"Id":68,"V":17,"NV":1,"TB":0},{"Id":71,"V":16,"NV":1,"TB":0},{"Id":74,"V":14,"NV":1,"TB":0}],[{"Id":67,"V":34,"NV":7,"TB":0},{"Id":68,"V":23,"NV":6,"TB":0},{"Id":71,"V":17,"NV":1,"TB":0}],[{"Id":67,"V":42,"NV":8,"TB":0},{"Id":68,"V":30,"NV":7,"TB":0}],[{"Id":67,"V":59,"NV":17,"TB":0}]],"Expires":1494801229,"SecondsLeft":0}