{"Mtype":"results","Title":"ROUND 3","PollStarted":"2017-03-26T21:11:16.05893655Z","PollDuration":300000000000,"Options":{"100":"Flora and Kat as the SWAT Kats","101":"Tsudere wrinry the dragon girl","102":"Sawyer and/or Danny from the movie Cats Don't Dance","103":"Namah and Lilith from Dreamkeepers","97":"Natani and Kat reading comics","98":"The Night in the Woods characters","99":"Keith in Link's Gerudo outfit from Breath of the Wild"},"ExpectedBallots":100,"CountedBallots":100,"Ballots":["a","ecg","fedbacg","egbc","a","gdaebcf","fdacge","beca","adbcfge","abdg","daef","adcebfg","cedagbf","agd","badcgfe","edcfgba","","","ac","acedfgb","agbedfc","gea","df","gbeadfc","bae","fdabceg","ad","dfae","edabgfc","cgdabef","caedbfg","aedcgbf","acd","","dca","adce","gaedf","adc","caebgdf","edagfbc","aed","bfegdca","eagdcfb","a","dcebfga","bgca","","adb","adebgc","daeg","adce","daebgfc","gabcf","ba","acd","adgbefc","cadfb","adc","acde","bfadgec","dabc","cad","ead","gecafbd","cad","d","cagdbe","d","dcagbef","acdebgf","dagcfeb","dga","a","aeg","adecbgf","cad","adcegfb","adecgfb","gecab","bae","ead","bacdefg","dabcgef","adcfgeb","efadbgc","b","gcd","edb","ae","ead","acdf","dg","cadgebf","adc","dc","bad","cb","beadfgc","fdcabge",""],"Placements":[[{"Id":97,"V":33,"NV":33,"TB":0},{"Id":100,"V":16,"NV":16,"TB":0},{"Id":98,"V":12,"NV":12,"TB":0},{"Id":99,"V":11,"NV":11,"TB":0},{"Id":101,"V":11,"NV":11,"TB":0},{"Id":103,"V":8,"NV":8,"TB":0},{"Id":102,"V":4,"NV":4,"TB":0}],[{"Id":97,"V":33,"NV":0,"TB":0},{"Id":100,"V":19,"NV":3,"TB":0},{"Id":98,"V":12,"NV":0,"TB":0},{"Id":101,"V":12,"NV":1,"TB":0},{"Id":99,"V":11,"NV":0,"TB":0},{"Id":103,"V":8,"NV":0,"TB":0}],[{"Id":97,"V":35,"NV":2,"TB":0},{"Id":100,"V":20,"NV":1,"TB":0},{"Id":101,"V":15,"NV":3,"TB":0},{"Id":98,"V":13,"NV":1,"TB":0},{"Id":99,"V":12,"NV":1,"TB":0}],[{"Id":97,"V":43,"NV":8,"TB":0},{"Id":100,"V":22,"NV":2,"TB":0},{"Id":101,"V":16,"NV":1,"TB":0},{"Id":98,"V":14,"NV":1,"TB":0}],[{"Id":97,"V":51,"NV":8,"TB":0},{"Id":100,"V":22,"NV":0,"TB":0},{"Id":101,"V":20,"NV":4,"TB":0}],[{"Id":97,"V":62,"NV":11,"TB":0},{"Id":100,"V":29,"NV":7,"TB":0}],[{"Id":97,"V":84,"NV":22,"TB":0}]],"Expires":1490563277,"SecondsLeft":0}