{"Mtype":"results","Title":"Round (2/4) [15 options]","PollStarted":"2017-07-30T21:28:13.866563976Z","PollDuration":300000000000,"Options":{"65":"King Adelaide “accidentally” kisses Eric","66":"Trace and a pokeball. Hijinks ensues.","67":"Raine in a wedding dress.","68":"Your 30th birthday from Trace and Keith’s point of view.","69":"Steampunk engineers Mike and Evals","70":"♂ to ♀ Lineup C (Eric, Alarik, Keiren and newcomer Carver)","71":"Kathrin dresses Flora to some uncomfortable clothes. Kathrin:\" Now you are Duchess, so you have to look like Duchess.\"","72":"D\u0026D Group B. Zen, raine, maren, red, karen, sythe and nibbly human counterparts (except nibbly).","73":"Expectation vs Reality, Kat edition with wet hair/fur","74":"Unable to find a mannequin to put her tailoring on, Kathrin settles for Mike and Evals.","75":"Team A at an arcade.","76":"\"MedKit-ty\" - Kat wearing a sexy nurse outfit and helping Natani with her wounds (after the Tower blast).","77":"Clovis cuts in and dances with Zen at The Dragon Masquerade.","78":"Keith proposing to Laura","79":"Double's Beach Volleyball: Red and Raine vs. Maren and Sythe"},"ExpectedBallots":94,"CountedBallots":94,"Ballots":["AKB","AJOF","OJMLAIKHCDFGENB","NEDIL","ALD","IGBA","ADH","FJDMIGHAKELBOCN","EKHODMBI","AOIMGNLFJCBDHEK","BGMCLOJHKNF","EGJL","OHNKCLIE","OHLGEIACJBKFNMD","IL","EJCN","DGBKILJ","DIOLABCEGJFNMKH","LOGENKI","MFA","AGJIMCFO","DBGLF","LJKIA","HKIDBAFJ","HN","DFIL","MAOL","CAHLMIBDNJEK","JLIGFCDA","LCOIG","DGBJENFLICKOHA","ALD","L","NHMIF","BFDLJG","GDAMCJLOKFBHNIE","LDHJ","ILANKD","IBHCL","NDKLBICFJ","MHJONDF","ILGOEJM","A","LMIJGB","LH","HFDBGKLJ","DFABH","BIJLOAGF","HFMENBCD","OCAFELIDMH","IA","MHCJOELIKDAFG","DFAHB","IN","IDHLGCNFMJAOKBE","GCLIBEJ","DEHCML","N","KF","FKAOBL","COMJA","COLIJ","LFEGD","MAFIJ","O","FMIALJ","EJOHCNAD","FMJ","COLIJ","AFDHGJKNOILCMEB","DNEBICFHLA","A","LCIHGOJBFEA","KNL","CEMLHIAGNJDFOKB","EA","AMJGF","NAGDMBHCOKLEJFI","MF","AMJGF","EGAKBM","IAE","HDFMGLCONIAEKJB","LCDMHGF","DBI","OC","DNJI","DGAF","O","IGLKDJ","GIFK","H","JDAGLKIBCONHEMF","MJBCEAOGDINFLKH"],"Placements":[[{"Id":65,"V":12,"NV":12,"TB":0},{"Id":68,"V":12,"NV":12,"TB":0},{"Id":73,"V":10,"NV":10,"TB":0},{"Id":76,"V":10,"NV":10,"TB":0},{"Id":77,"V":7,"NV":7,"TB":0},{"Id":79,"V":7,"NV":7,"TB":0},{"Id":69,"V":6,"NV":6,"TB":0},{"Id":72,"V":6,"NV":6,"TB":0},{"Id":67,"V":5,"NV":5,"TB":0},{"Id":78,"V":5,"NV":5,"TB":0},{"Id":70,"V":4,"NV":4,"TB":0},{"Id":66,"V":3,"NV":3,"TB":0},{"Id":71,"V":3,"NV":3,"TB":0},{"Id":75,"V":2,"NV":2,"TB":0},{"Id":74,"V":2,"NV":2,"TB":2}],[{"Id":68,"V":13,"NV":1,"TB":0},{"Id":65,"V":12,"NV":0,"TB":0},{"Id":76,"V":11,"NV":1,"TB":0},{"Id":73,"V":10,"NV":0,"TB":0},{"Id":77,"V":7,"NV":0,"TB":0},{"Id":79,"V":7,"NV":0,"TB":0},{"Id":69,"V":6,"NV":0,"TB":0},{"Id":72,"V":6,"NV":0,"TB":0},{"Id":67,"V":5,"NV":0,"TB":0},{"Id":78,"V":5,"NV":0,"TB":0},{"Id":70,"V":4,"NV":0,"TB":0},{"Id":66,"V":3,"NV":0,"TB":0},{"Id":71,"V":3,"NV":0,"TB":0},{"Id":75,"V":2,"NV":0,"TB":0}],[{"Id":68,"V":13,"NV":0,"TB":0},{"Id":65,"V":12,"NV":0,"TB":0},{"Id":76,"V":11,"NV":0,"TB":0},{"Id":73,"V":10,"NV":0,"TB":0},{"Id":77,"V":7,"NV":0,"TB":0},{"Id":79,"V":7,"NV":0,"TB":0},{"Id":69,"V":6,"NV":0,"TB":0},{"Id":72,"V":6,"NV":0,"TB":0},{"Id":78,"V":6,"NV":1,"TB":0},{"Id":67,"V":5,"NV":0,"TB":0},{"Id":70,"V":5,"NV":1,"TB":0},{"Id":71,"V":3,"NV":0,"TB":0},{"Id":66,"V":3,"NV":0,"TB":2}],[{"Id":68,"V":13,"NV":0,"TB":0},{"Id":65,"V":12,"NV":0,"TB":0},{"Id":73,"V":11,"NV":1,"TB":0},{"Id":76,"V":11,"NV":0,"TB":0},{"Id":77,"V":7,"NV":0,"TB":0},{"Id":79,"V":7,"NV":0,"TB":0},{"Id":69,"V":6,"NV":0,"TB":0},{"Id":70,"V":6,"NV":1,"TB":0},{"Id":72,"V":6,"NV":0,"TB":0},{"Id":78,"V":6,"NV":0,"TB":0},{"Id":67,"V":5,"NV":0,"TB":0},{"Id":71,"V":4,"NV":1,"TB":0}],[{"Id":68,"V":14,"NV":1,"TB":0},{"Id":65,"V":12,"NV":0,"TB":0},{"Id":73,"V":12,"NV":1,"TB":0},{"Id":76,"V":11,"NV":0,"TB":0},{"Id":77,"V":8,"NV":1,"TB":0},{"Id":79,"V":7,"NV":0,"TB":0},{"Id":67,"V":6,"NV":1,"TB":0},{"Id":69,"V":6,"NV":0,"TB":0},{"Id":70,"V":6,"NV":0,"TB":0},{"Id":72,"V":6,"NV":0,"TB":0},{"Id":78,"V":6,"NV":0,"TB":1}],[{"Id":68,"V":15,"NV":1,"TB":0},{"Id":65,"V":13,"NV":1,"TB":0},{"Id":73,"V":12,"NV":0,"TB":0},{"Id":76,"V":12,"NV":1,"TB":0},{"Id":77,"V":8,"NV":0,"TB":0},{"Id":69,"V":7,"NV":1,"TB":0},{"Id":72,"V":7,"NV":1,"TB":0},{"Id":79,"V":7,"NV":0,"TB":0},{"Id":70,"V":6,"NV":0,"TB":0},{"Id":67,"V":6,"NV":0,"TB":2}],[{"Id":68,"V":15,"NV":0,"TB":0},{"Id":65,"V":14,"NV":1,"TB":0},{"Id":76,"V":13,"NV":1,"TB":0},{"Id":73,"V":12,"NV":0,"TB":0},{"Id":79,"V":10,"NV":3,"TB":0},{"Id":69,"V":8,"NV":1,"TB":0},{"Id":77,"V":8,"NV":0,"TB":0},{"Id":72,"V":7,"NV":0,"TB":0},{"Id":70,"V":6,"NV":0,"TB":0}],[{"Id":68,"V":17,"NV":2,"TB":0},{"Id":65,"V":15,"NV":1,"TB":0},{"Id":76,"V":13,"NV":0,"TB":0},{"Id":73,"V":12,"NV":0,"TB":0},{"Id":77,"V":10,"NV":2,"TB":0},{"Id":79,"V":10,"NV":0,"TB":0},{"Id":69,"V":8,"NV":0,"TB":0},{"Id":72,"V":7,"NV":0,"TB":0}],[{"Id":68,"V":19,"NV":2,"TB":0},{"Id":65,"V":15,"NV":0,"TB":0},{"Id":73,"V":13,"NV":1,"TB":0},{"Id":76,"V":13,"NV":0,"TB":0},{"Id":77,"V":12,"NV":2,"TB":0},{"Id":79,"V":10,"NV":0,"TB":0},{"Id":69,"V":8,"NV":0,"TB":0}],[{"Id":68,"V":20,"NV":1,"TB":0},{"Id":65,"V":17,"NV":2,"TB":0},{"Id":76,"V":14,"NV":1,"TB":0},{"Id":73,"V":13,"NV":0,"TB":0},{"Id":77,"V":13,"NV":1,"TB":0},{"Id":79,"V":12,"NV":2,"TB":0}],[{"Id":68,"V":21,"NV":1,"TB":0},{"Id":65,"V":19,"NV":2,"TB":0},{"Id":76,"V":18,"NV":4,"TB":0},{"Id":77,"V":15,"NV":2,"TB":0},{"Id":73,"V":13,"NV":0,"TB":0}],[{"Id":76,"V":24,"NV":6,"TB":0},{"Id":68,"V":23,"NV":2,"TB":0},{"Id":65,"V":22,"NV":3,"TB":0},{"Id":77,"V":15,"NV":0,"TB":0}],[{"Id":65,"V":28,"NV":6,"TB":0},{"Id":76,"V":28,"NV":4,"TB":0},{"Id":68,"V":25,"NV":2,"TB":0}],[{"Id":76,"V":41,"NV":13,"TB":0},{"Id":65,"V":35,"NV":7,"TB":0}],[{"Id":76,"V":55,"NV":14,"TB":0}]],"Expires":1501450697,"SecondsLeft":0}