{"Mtype":"results","Title":"Round (2/4) [13 options)","PollStarted":"2017-06-18T21:01:54.182712289Z","PollDuration":300000000000,"Options":{"65":"Young Euchre teaching Young Rose Magic","66":"An older Madelyn and Keith enjoying a romantic dinner in front of a fireplace w/ a sleeping toddler basitin clutching a keidran plushie. On the fireplace mantle, an urn with Natani's mana necklace.","67":"Flora, Maddie, Natani, Keith and Trace all \"training\" using wooden/cardboard gear. Keith is trying to train, Natani is messing with him, Flora and Maddie are just fooling around and Trace is confused. ","68":"Rose and King Adelaide share tea and conversation at the Legacy estate","69":"Nibbly's bad fur day, because Sythe tried to dry soaking wet Nibbly with a hair dryer.","70":"Trace and his merry pirate crew","71":"Kathrin and Eric sharing a totally platonic hug","72":"An excited Rose helps a slightly overwhelmed Raine get dressed and ready for a ball. ","73":"\"Team A group hug\" Trace, Flora, Keith, and Natani show each other some love after CH 18's events.","74":"Tigress Trance as Wonder Woman","75":"Saria plays with little Flora and other children's.","76":"Mary and Raine Silverlock's escape from slavery","77":"Keith and Natani playing console games together while wearing their pj's"},"ExpectedBallots":139,"CountedBallots":139,"Ballots":["FLHAECM","MKGEJLIHDFABC","EKLD","CJFIGKEMBADHL","DBHKGLCE","CMHGEI","LD","CEMHGDFLBAIJK","IFAKM","LDMEKICFH","MBGEAIDKCLFHJ","HIKGDCBLMAJEF","BCKMHEIAGDLJF","E","FHDJAMKEL","CDALBMKFEHJIG","GLKA","LEGKMHADCIFJB","MIEJFBG","ECHKIDFMLGJAB","LCI","CMIF","HJ","DGMFB","KFICD","C","","DKHJAL","GEL","KLEDG","ALCMH","MCIGDK","","LEGJHKFDCMAIB","HDALIMCEK","KEGJ","LEH","MGEHA","BCDLMHAKEG","GJHELKIAFCDB","JLAD","MCI","MEF","ABGLHDIFJEKMC","EHAK","BMK","C","JCIHFGKEMDABL","KICFL","EGICLMKDJAHF","BCLKHADE","","HGMJ","LGHDACBE","AHDEGJKFM","LCMEABHKDG","FJKGEMLHDB","MC","G","JG","BE","DMLIAHCFKJGE","","EBD","HMIB","MEGDIJKL","EMDCJGFLKBHIA","JIHK","MIEJFB","IMFCLDAB","BAHCE","IC","GLIEBDCJFMKAH","E","MCIDBKLHEAFG","","E","DAKLB","MDBGLFAEHCIJK","MH","MHCKDLAGEIBFJ","DILEMC","MDLAEKIBHCFGJ","CGLF","DHABLJ","EKDHALFCIMJG","JGDBILC","MKE","KMCGEAFIDHBLJ","LHKAGDM","HB","EIHKC","AJ","HLEABGD","AH","DLACEGMKJFHIB","GJMHDFCEBAIKL","J","EDHM","KLMECDHAGFJBI","JDH","AMLIBCHFEGKDJ","BDCIGFEAKHMLJ","EA","DHFAEJGMC","LBKAEMDHGFCIJ","MKBCFIHJ","","EKL","MGILHDEJCAB","HLEA","KAHDGLCIMFBEJ","EKGMACFIHDJBL","IEGCKLDJHF","HEBGMDAICJKFL","E","CIBH","E","GKDEF","CIMHLEDFJAGK","CEAMBFJILKDHG","FIEKCGDMJLHAB","BGKECALHDIFJM","A","MIACEDHKLGBFJ","KCBJMHLFIAG","EKIMCFAGDLBJH","LEKH","A","MIGKC","G","DMFCAEHKLJGIB","E","BEJMKACI","EB","BMLJKDIFECHGA","HGCFEJIKDALMB","EMFHGIALDKCBJ","E"],"Placements":[[{"Id":69,"V":22,"NV":22,"TB":0},{"Id":77,"V":20,"NV":20,"TB":0},{"Id":67,"V":11,"NV":11,"TB":0},{"Id":76,"V":11,"NV":11,"TB":0},{"Id":66,"V":10,"NV":10,"TB":0},{"Id":68,"V":10,"NV":10,"TB":0},{"Id":72,"V":10,"NV":10,"TB":0},{"Id":65,"V":8,"NV":8,"TB":0},{"Id":71,"V":8,"NV":8,"TB":0},{"Id":75,"V":8,"NV":8,"TB":0},{"Id":74,"V":7,"NV":7,"TB":0},{"Id":73,"V":4,"NV":4,"TB":0},{"Id":70,"V":4,"NV":4,"TB":2}],[{"Id":69,"V":22,"NV":0,"TB":0},{"Id":77,"V":20,"NV":0,"TB":0},{"Id":76,"V":12,"NV":1,"TB":0},{"Id":67,"V":11,"NV":0,"TB":0},{"Id":72,"V":11,"NV":1,"TB":0},{"Id":66,"V":10,"NV":0,"TB":0},{"Id":68,"V":10,"NV":0,"TB":0},{"Id":65,"V":8,"NV":0,"TB":0},{"Id":71,"V":8,"NV":0,"TB":0},{"Id":74,"V":8,"NV":1,"TB":0},{"Id":75,"V":8,"NV":0,"TB":0},{"Id":73,"V":5,"NV":1,"TB":0}],[{"Id":69,"V":24,"NV":2,"TB":0},{"Id":77,"V":21,"NV":1,"TB":0},{"Id":67,"V":12,"NV":1,"TB":0},{"Id":76,"V":12,"NV":0,"TB":0},{"Id":72,"V":11,"NV":0,"TB":0},{"Id":66,"V":10,"NV":0,"TB":0},{"Id":68,"V":10,"NV":0,"TB":0},{"Id":65,"V":9,"NV":1,"TB":0},{"Id":71,"V":8,"NV":0,"TB":0},{"Id":74,"V":8,"NV":0,"TB":0},{"Id":75,"V":8,"NV":0,"TB":1}],[{"Id":69,"V":25,"NV":1,"TB":0},{"Id":77,"V":22,"NV":1,"TB":0},{"Id":67,"V":15,"NV":3,"TB":0},{"Id":76,"V":14,"NV":2,"TB":0},{"Id":72,"V":11,"NV":0,"TB":0},{"Id":65,"V":10,"NV":1,"TB":0},{"Id":66,"V":10,"NV":0,"TB":0},{"Id":68,"V":10,"NV":0,"TB":0},{"Id":71,"V":8,"NV":0,"TB":0},{"Id":74,"V":8,"NV":0,"TB":1}],[{"Id":69,"V":25,"NV":0,"TB":0},{"Id":77,"V":22,"NV":0,"TB":0},{"Id":67,"V":16,"NV":1,"TB":0},{"Id":76,"V":15,"NV":1,"TB":0},{"Id":72,"V":12,"NV":1,"TB":0},{"Id":68,"V":11,"NV":1,"TB":0},{"Id":71,"V":11,"NV":3,"TB":0},{"Id":65,"V":10,"NV":0,"TB":0},{"Id":66,"V":10,"NV":0,"TB":1}],[{"Id":69,"V":27,"NV":2,"TB":0},{"Id":77,"V":24,"NV":2,"TB":0},{"Id":67,"V":19,"NV":3,"TB":0},{"Id":76,"V":15,"NV":0,"TB":0},{"Id":68,"V":12,"NV":1,"TB":0},{"Id":71,"V":12,"NV":1,"TB":0},{"Id":72,"V":12,"NV":0,"TB":0},{"Id":65,"V":11,"NV":1,"TB":0}],[{"Id":69,"V":27,"NV":0,"TB":0},{"Id":77,"V":26,"NV":2,"TB":0},{"Id":67,"V":19,"NV":0,"TB":0},{"Id":72,"V":16,"NV":4,"TB":0},{"Id":76,"V":16,"NV":1,"TB":0},{"Id":71,"V":13,"NV":1,"TB":0},{"Id":68,"V":12,"NV":0,"TB":0}],[{"Id":77,"V":28,"NV":2,"TB":0},{"Id":69,"V":27,"NV":0,"TB":0},{"Id":72,"V":21,"NV":5,"TB":0},{"Id":67,"V":20,"NV":1,"TB":0},{"Id":76,"V":19,"NV":3,"TB":0},{"Id":71,"V":14,"NV":1,"TB":0}],[{"Id":69,"V":31,"NV":4,"TB":0},{"Id":77,"V":30,"NV":2,"TB":0},{"Id":76,"V":23,"NV":4,"TB":0},{"Id":72,"V":22,"NV":1,"TB":0},{"Id":67,"V":20,"NV":0,"TB":0}],[{"Id":69,"V":35,"NV":4,"TB":0},{"Id":77,"V":35,"NV":5,"TB":0},{"Id":76,"V":28,"NV":5,"TB":0},{"Id":72,"V":24,"NV":2,"TB":0}],[{"Id":69,"V":42,"NV":7,"TB":0},{"Id":77,"V":38,"NV":3,"TB":0},{"Id":76,"V":36,"NV":8,"TB":0}],[{"Id":69,"V":58,"NV":16,"TB":0},{"Id":77,"V":48,"NV":10,"TB":0}],[{"Id":69,"V":90,"NV":32,"TB":0}]],"Expires":1497820315,"SecondsLeft":0}