{"Mtype":"results","Title":"Round 6","PollStarted":"2017-11-06T00:53:52.889014155Z","PollDuration":300000000000,"Options":{"65":"Sharpshooter Natani teaches Keith to shoot cans","66":"Kat in Slave Leia costume","67":"Adira posing for a surprised nature documentary crew.","68":"The day Laura takes Keith home to meet her parents (Keith being really shy and embarrassed)","69":"Tiger Trace and Flora cuddles time (Rainforest Series)","70":"Flora trying to figure out 'string theory' and it's just her getting tangled up in a ball of yarn","71":"Kat and Natani become a romantic couple in an alternate universe.","72":"Coyote Keidran","73":"Teenage Eric, holding baby Kathrin","74":"Eric and Kat as a dapper English gentleman and Victorian lady","75":"Body styles #3. This time with female Keith, Tigeress Trace, and Vixen Mike. Mike is used to it by now.","76":"Keith takes in Basitin Trace as an apprentice for Basitin ambassador. ","77":"Any member of the cast as an old school Final Fantasy Red Mage in a fighting stance.","78":"Eric convinces Iris and her friend to pose for a painting. (The tigresses from page 900)","79":"Maddie finding all the post Halloween candy","80":"Natani Body Pillow, one in the fashion of the Kathrin one would be great."},"ExpectedBallots":108,"CountedBallots":108,"Ballots":["OCFDNJ","ENJOK","FGLDCIK","IHCNMFOK","ODI","OKINHADLGEC","FJ","KCNFBHOJLIPDE","F","IJLHN","ON","CMFBJPOL","IDJ","HOL","OCEMAFJBNGKP","DICOAGHN","KHP","ICO","PDALOKBH","GNPHK","I","GPNDKJEB","ICGKHJDOEBLFAMNP","KHEOADJCFMBNILPG","OF","DLINCAGE","FJONDA","NP","NLGACJKDI","HI","DE","EPFKGNDLOAMJBICH","DEN","COFLDANH","HGCOFDKE","LDFI","BPG","GIOD","GPHCB","HOCDFILJGAEM","KELBFGACDIJOPNMH","","HADJOCIP","OCIJDFBMNPGHK","FCGAHOP","ONCBFEJL","CN","BJN","DHKNE","KNG","HB","KOPDAJEBHLNCFIMG","COKI","HKAPELMJDI","GIPNDFEBCLMJOAKH","HFG","NB","AHDLP","EFIL","KLEPFBADJMICOGHN","BKNH","HAJLPOMC","HDOIEBFNLJGPMACK","DFIHAO","KAHELFJCBNDPIMGO","COGDKI","GNDHBEO","DLAEJIO","FEKBIAMO","ODPJFGLAICBNKMEH","K","K","CJKBN","AHFCJOLD","GOJCDANFBLMP","D","DGM","PKAIECBDNJL","NEGD","OCFPNJK","NKCHDF","OIJ","PGKNAEBO","NEDKFCHLOGPABJI","FMA","CGF","KPJACDOEGHLIFMNB","D","BK","IBJGEFOP","AKE","PI","E","E","E","DPHLG","BEGNCKI","CJKBN","E","E","KPE","IFOHJNCLBAMDKP","ILJHN","PKGNHCEOFDBJMAIL","PDKJN","E","E","EBCPNOMJDKGFIAHL"],"Placements":[[{"Id":75,"V":12,"NV":12,"TB":0},{"Id":68,"V":11,"NV":11,"TB":0},{"Id":69,"V":11,"NV":11,"TB":0},{"Id":79,"V":11,"NV":11,"TB":0},{"Id":72,"V":10,"NV":10,"TB":0},{"Id":73,"V":9,"NV":9,"TB":0},{"Id":67,"V":8,"NV":8,"TB":0},{"Id":70,"V":7,"NV":7,"TB":0},{"Id":71,"V":7,"NV":7,"TB":0},{"Id":78,"V":6,"NV":6,"TB":0},{"Id":80,"V":6,"NV":6,"TB":0},{"Id":66,"V":5,"NV":5,"TB":0},{"Id":65,"V":3,"NV":3,"TB":0},{"Id":76,"V":1,"NV":1,"TB":0},{"Id":74,"V":0,"NV":0,"TB":0},{"Id":77,"V":0,"NV":0,"TB":1}],[{"Id":75,"V":12,"NV":0,"TB":0},{"Id":68,"V":11,"NV":0,"TB":0},{"Id":69,"V":11,"NV":0,"TB":0},{"Id":79,"V":11,"NV":0,"TB":0},{"Id":72,"V":10,"NV":0,"TB":0},{"Id":73,"V":9,"NV":0,"TB":0},{"Id":67,"V":8,"NV":0,"TB":0},{"Id":70,"V":7,"NV":0,"TB":0},{"Id":71,"V":7,"NV":0,"TB":0},{"Id":78,"V":6,"NV":0,"TB":0},{"Id":80,"V":6,"NV":0,"TB":0},{"Id":66,"V":5,"NV":0,"TB":0},{"Id":65,"V":3,"NV":0,"TB":0},{"Id":76,"V":1,"NV":0,"TB":0},{"Id":74,"V":0,"NV":0,"TB":0}],[{"Id":75,"V":12,"NV":0,"TB":0},{"Id":68,"V":11,"NV":0,"TB":0},{"Id":69,"V":11,"NV":0,"TB":0},{"Id":79,"V":11,"NV":0,"TB":0},{"Id":72,"V":10,"NV":0,"TB":0},{"Id":73,"V":9,"NV":0,"TB":0},{"Id":67,"V":8,"NV":0,"TB":0},{"Id":70,"V":7,"NV":0,"TB":0},{"Id":71,"V":7,"NV":0,"TB":0},{"Id":78,"V":6,"NV":0,"TB":0},{"Id":80,"V":6,"NV":0,"TB":0},{"Id":66,"V":5,"NV":0,"TB":0},{"Id":65,"V":3,"NV":0,"TB":0},{"Id":76,"V":1,"NV":0,"TB":0}],[{"Id":68,"V":12,"NV":1,"TB":0},{"Id":75,"V":12,"NV":0,"TB":0},{"Id":69,"V":11,"NV":0,"TB":0},{"Id":79,"V":11,"NV":0,"TB":0},{"Id":72,"V":10,"NV":0,"TB":0},{"Id":73,"V":9,"NV":0,"TB":0},{"Id":67,"V":8,"NV":0,"TB":0},{"Id":70,"V":7,"NV":0,"TB":0},{"Id":71,"V":7,"NV":0,"TB":0},{"Id":78,"V":6,"NV":0,"TB":0},{"Id":80,"V":6,"NV":0,"TB":0},{"Id":66,"V":5,"NV":0,"TB":0},{"Id":65,"V":3,"NV":0,"TB":0}],[{"Id":75,"V":13,"NV":1,"TB":0},{"Id":68,"V":12,"NV":0,"TB":0},{"Id":72,"V":12,"NV":2,"TB":0},{"Id":69,"V":11,"NV":0,"TB":0},{"Id":79,"V":11,"NV":0,"TB":0},{"Id":73,"V":9,"NV":0,"TB":0},{"Id":67,"V":8,"NV":0,"TB":0},{"Id":70,"V":7,"NV":0,"TB":0},{"Id":71,"V":7,"NV":0,"TB":0},{"Id":78,"V":6,"NV":0,"TB":0},{"Id":80,"V":6,"NV":0,"TB":0},{"Id":66,"V":5,"NV":0,"TB":0}],[{"Id":75,"V":15,"NV":2,"TB":0},{"Id":68,"V":12,"NV":0,"TB":0},{"Id":69,"V":12,"NV":1,"TB":0},{"Id":72,"V":12,"NV":0,"TB":0},{"Id":79,"V":11,"NV":0,"TB":0},{"Id":73,"V":9,"NV":0,"TB":0},{"Id":67,"V":8,"NV":0,"TB":0},{"Id":71,"V":7,"NV":0,"TB":0},{"Id":78,"V":7,"NV":1,"TB":0},{"Id":80,"V":7,"NV":1,"TB":0},{"Id":70,"V":7,"NV":0,"TB":4}],[{"Id":75,"V":15,"NV":0,"TB":0},{"Id":69,"V":13,"NV":1,"TB":0},{"Id":68,"V":12,"NV":0,"TB":0},{"Id":72,"V":12,"NV":0,"TB":0},{"Id":79,"V":12,"NV":1,"TB":0},{"Id":67,"V":9,"NV":1,"TB":0},{"Id":73,"V":9,"NV":0,"TB":0},{"Id":71,"V":8,"NV":1,"TB":0},{"Id":78,"V":7,"NV":0,"TB":0},{"Id":80,"V":7,"NV":0,"TB":1}],[{"Id":75,"V":17,"NV":2,"TB":0},{"Id":68,"V":14,"NV":2,"TB":0},{"Id":69,"V":13,"NV":0,"TB":0},{"Id":72,"V":12,"NV":0,"TB":0},{"Id":79,"V":12,"NV":0,"TB":0},{"Id":71,"V":10,"NV":2,"TB":0},{"Id":73,"V":10,"NV":1,"TB":0},{"Id":67,"V":9,"NV":0,"TB":0},{"Id":78,"V":7,"NV":0,"TB":0}],[{"Id":75,"V":18,"NV":1,"TB":0},{"Id":69,"V":15,"NV":2,"TB":0},{"Id":68,"V":14,"NV":0,"TB":0},{"Id":72,"V":12,"NV":0,"TB":0},{"Id":79,"V":12,"NV":0,"TB":0},{"Id":71,"V":11,"NV":1,"TB":0},{"Id":73,"V":10,"NV":0,"TB":0},{"Id":67,"V":9,"NV":0,"TB":0}],[{"Id":75,"V":20,"NV":2,"TB":0},{"Id":79,"V":16,"NV":4,"TB":0},{"Id":69,"V":15,"NV":0,"TB":0},{"Id":68,"V":14,"NV":0,"TB":0},{"Id":71,"V":13,"NV":2,"TB":0},{"Id":72,"V":12,"NV":0,"TB":0},{"Id":73,"V":10,"NV":0,"TB":0}],[{"Id":75,"V":20,"NV":0,"TB":0},{"Id":79,"V":18,"NV":2,"TB":0},{"Id":68,"V":15,"NV":1,"TB":0},{"Id":69,"V":15,"NV":0,"TB":0},{"Id":71,"V":15,"NV":2,"TB":0},{"Id":72,"V":15,"NV":3,"TB":1}],[{"Id":79,"V":23,"NV":5,"TB":0},{"Id":75,"V":21,"NV":1,"TB":0},{"Id":68,"V":18,"NV":3,"TB":0},{"Id":71,"V":17,"NV":2,"TB":0},{"Id":69,"V":15,"NV":0,"TB":0}],[{"Id":79,"V":25,"NV":2,"TB":0},{"Id":75,"V":23,"NV":2,"TB":0},{"Id":71,"V":19,"NV":2,"TB":0},{"Id":68,"V":19,"NV":1,"TB":2}],[{"Id":79,"V":31,"NV":6,"TB":0},{"Id":75,"V":26,"NV":3,"TB":0},{"Id":71,"V":22,"NV":3,"TB":0}],[{"Id":79,"V":38,"NV":7,"TB":0},{"Id":75,"V":33,"NV":7,"TB":0}],[{"Id":79,"V":51,"NV":13,"TB":0}]],"Expires":1509930232,"SecondsLeft":0}