{"Mtype":"results","Title":"Round ","PollStarted":"2017-09-11T00:39:54.28977247Z","PollDuration":300000000000,"Options":{"65":"King Adelaide lulling a little Madelyn to sleep by purring.","66":"Big explosion in the background and team A badassly walk away from the explosion (big sunglasses optional)","67":"Keidran 101: Teacher Kat, Student Reni.","68":"Maren + Collar of Keidranification, and Sythe's reaction","69":"Adira and Adelaide. Adira watching over the King how she would fare working at a tavern.","70":"Eric convinces Iris and her friend to pose for a painting. (The tigresses from page 900)","71":"Western Basitin hippies in a drum circle, painting peace signs on each other and wearing only decorative ankle wraps.","72":"Fluffy Winter coats! Nat,Flora, Tiger Trace, and lets throw Keith in there!","73":"1930s style mob. With Keith, Natani and Zen.","74":"Group B Pixie Pranks: Sythe and Maren get body swapped","75":"Raine, Zen, Natani and Clovis As Lupinball characters battling out with magic firballs (game on steam)","76":"Tiger Trace and Flora grooming time","77":"It will be Fall soon, so Reni and Maeve camping out in an Autumn forest. Leaf piles and Monarchs are fun.","78":"Keith dressed as a pilot from Titanfall.","79":"Keith trains Basitin Trace."},"ExpectedBallots":98,"CountedBallots":98,"Ballots":["DMKI","IHAOMFJDELCGNKB","MIBGE","IEA","IAJCHEMD","AHICDOFEGNMB","GHALJFDEO","MO","EDJOAHG","JEODGH","DLEOCJAFHMINBGK","ADG","HEC","FN","JDKEMOIH","BIOD","NLIMHOBDFAK","JF","GOAMDL","IHOBG","ICNDFLBA","DMAHEGBJF","EGIHAJCMFLBNKDO","LBA","CDMAJHEFKLBOGIN","FNL","LN","DFLHJ","DMJEGABKOHIL","OBDKNLIAGCFHJEM","BOJNEHALIC","LHMENFGOJDIKBAC","AENFMHILDOGCKJB","EGI","GHCO","IBDCH","JDKG","HDJFOLECAGIMN","AKHMNLCF","MCDAJNOGFE","H","LABEFOI","MCF","DFEJ","DJNGKCMHOILFABE","KDFCIBN","FDJAKEHCGM","CDFL","AEGFDHOML","EGAK","EHFBAIOJDKLMNCG","OH","GC","MJLDFH","IHLNCGDB","DIE","HDM","DKG","JDFELGAOHMCBIKN","FDAHCLEIOJMBKGN","","NIJBCEF","LMACDI","HDOLEIGCKMBJNFA","AKNBHCD","MHANKEI","BGAOHLNI","DMBCJI","NBAIJOCLMKDGHFE","FCH","GAICFDBJMENLKO","HKBIG","AEMD","GDIJK","ODJEGH","OF","HCIEMFGADN","AMLIDHCFE","DJEF","AECMHGDBFKJLONI","DJEF","DJ","H","LJCHD","DENCG","NFC","CGDFOLEM","FDEL","FHMBDLCAEOGINJK","FADEGNMIOL","LFD","K","FDEL","LJH","OAN","JHL","BLOIH","JH"],"Placements":[[{"Id":68,"V":14,"NV":14,"TB":0},{"Id":65,"V":9,"NV":9,"TB":0},{"Id":70,"V":9,"NV":9,"TB":0},{"Id":72,"V":8,"NV":8,"TB":0},{"Id":76,"V":8,"NV":8,"TB":0},{"Id":73,"V":7,"NV":7,"TB":0},{"Id":74,"V":7,"NV":7,"TB":0},{"Id":71,"V":6,"NV":6,"TB":0},{"Id":77,"V":6,"NV":6,"TB":0},{"Id":69,"V":5,"NV":5,"TB":0},{"Id":79,"V":5,"NV":5,"TB":0},{"Id":66,"V":4,"NV":4,"TB":0},{"Id":78,"V":4,"NV":4,"TB":0},{"Id":67,"V":3,"NV":3,"TB":0},{"Id":75,"V":2,"NV":2,"TB":0}],[{"Id":68,"V":15,"NV":1,"TB":0},{"Id":65,"V":9,"NV":0,"TB":0},{"Id":70,"V":9,"NV":0,"TB":0},{"Id":72,"V":8,"NV":0,"TB":0},{"Id":76,"V":8,"NV":0,"TB":0},{"Id":73,"V":7,"NV":0,"TB":0},{"Id":74,"V":7,"NV":0,"TB":0},{"Id":71,"V":6,"NV":0,"TB":0},{"Id":77,"V":6,"NV":0,"TB":0},{"Id":69,"V":5,"NV":0,"TB":0},{"Id":79,"V":5,"NV":0,"TB":0},{"Id":66,"V":4,"NV":0,"TB":0},{"Id":78,"V":4,"NV":0,"TB":0},{"Id":67,"V":3,"NV":0,"TB":0}],[{"Id":68,"V":17,"NV":2,"TB":0},{"Id":65,"V":9,"NV":0,"TB":0},{"Id":70,"V":9,"NV":0,"TB":0},{"Id":72,"V":8,"NV":0,"TB":0},{"Id":76,"V":8,"NV":0,"TB":0},{"Id":71,"V":7,"NV":1,"TB":0},{"Id":73,"V":7,"NV":0,"TB":0},{"Id":74,"V":7,"NV":0,"TB":0},{"Id":77,"V":6,"NV":0,"TB":0},{"Id":69,"V":5,"NV":0,"TB":0},{"Id":79,"V":5,"NV":0,"TB":0},{"Id":66,"V":4,"NV":0,"TB":0},{"Id":78,"V":4,"NV":0,"TB":1}],[{"Id":68,"V":17,"NV":0,"TB":0},{"Id":70,"V":10,"NV":1,"TB":0},{"Id":65,"V":9,"NV":0,"TB":0},{"Id":76,"V":9,"NV":1,"TB":0},{"Id":72,"V":8,"NV":0,"TB":0},{"Id":73,"V":8,"NV":1,"TB":0},{"Id":71,"V":7,"NV":0,"TB":0},{"Id":74,"V":7,"NV":0,"TB":0},{"Id":77,"V":6,"NV":0,"TB":0},{"Id":69,"V":5,"NV":0,"TB":0},{"Id":79,"V":5,"NV":0,"TB":0},{"Id":66,"V":5,"NV":1,"TB":3}],[{"Id":68,"V":17,"NV":0,"TB":0},{"Id":65,"V":10,"NV":1,"TB":0},{"Id":70,"V":10,"NV":0,"TB":0},{"Id":76,"V":10,"NV":1,"TB":0},{"Id":73,"V":9,"NV":1,"TB":0},{"Id":71,"V":8,"NV":1,"TB":0},{"Id":72,"V":8,"NV":0,"TB":0},{"Id":74,"V":7,"NV":0,"TB":0},{"Id":77,"V":6,"NV":0,"TB":0},{"Id":79,"V":6,"NV":1,"TB":0},{"Id":69,"V":5,"NV":0,"TB":0}],[{"Id":68,"V":18,"NV":1,"TB":0},{"Id":71,"V":11,"NV":3,"TB":0},{"Id":65,"V":10,"NV":0,"TB":0},{"Id":70,"V":10,"NV":0,"TB":0},{"Id":76,"V":10,"NV":0,"TB":0},{"Id":72,"V":9,"NV":1,"TB":0},{"Id":73,"V":9,"NV":0,"TB":0},{"Id":74,"V":7,"NV":0,"TB":0},{"Id":79,"V":6,"NV":0,"TB":0},{"Id":77,"V":6,"NV":0,"TB":2}],[{"Id":68,"V":19,"NV":1,"TB":0},{"Id":70,"V":11,"NV":1,"TB":0},{"Id":71,"V":11,"NV":0,"TB":0},{"Id":65,"V":10,"NV":0,"TB":0},{"Id":72,"V":10,"NV":1,"TB":0},{"Id":73,"V":10,"NV":1,"TB":0},{"Id":76,"V":10,"NV":0,"TB":0},{"Id":74,"V":8,"NV":1,"TB":0},{"Id":79,"V":7,"NV":1,"TB":0}],[{"Id":68,"V":21,"NV":2,"TB":0},{"Id":70,"V":12,"NV":1,"TB":0},{"Id":65,"V":11,"NV":1,"TB":0},{"Id":71,"V":11,"NV":0,"TB":0},{"Id":72,"V":11,"NV":1,"TB":0},{"Id":73,"V":10,"NV":0,"TB":0},{"Id":76,"V":10,"NV":0,"TB":0},{"Id":74,"V":9,"NV":1,"TB":0}],[{"Id":68,"V":25,"NV":4,"TB":0},{"Id":72,"V":14,"NV":3,"TB":0},{"Id":70,"V":13,"NV":1,"TB":0},{"Id":65,"V":11,"NV":0,"TB":0},{"Id":71,"V":11,"NV":0,"TB":0},{"Id":76,"V":11,"NV":1,"TB":0},{"Id":73,"V":10,"NV":0,"TB":0}],[{"Id":68,"V":28,"NV":3,"TB":0},{"Id":72,"V":17,"NV":3,"TB":0},{"Id":70,"V":14,"NV":1,"TB":0},{"Id":65,"V":13,"NV":2,"TB":0},{"Id":71,"V":12,"NV":1,"TB":0},{"Id":76,"V":11,"NV":0,"TB":0}],[{"Id":68,"V":29,"NV":1,"TB":0},{"Id":72,"V":22,"NV":5,"TB":0},{"Id":65,"V":16,"NV":3,"TB":0},{"Id":70,"V":15,"NV":1,"TB":0},{"Id":71,"V":12,"NV":0,"TB":0}],[{"Id":68,"V":31,"NV":2,"TB":0},{"Id":72,"V":25,"NV":3,"TB":0},{"Id":65,"V":20,"NV":4,"TB":0},{"Id":70,"V":15,"NV":0,"TB":0}],[{"Id":68,"V":36,"NV":5,"TB":0},{"Id":72,"V":27,"NV":2,"TB":0},{"Id":65,"V":21,"NV":1,"TB":0}],[{"Id":68,"V":45,"NV":9,"TB":0},{"Id":72,"V":34,"NV":7,"TB":0}],[{"Id":68,"V":63,"NV":18,"TB":0}]],"Expires":1505090995,"SecondsLeft":0}