{"Mtype":"results","Title":"Round (4/4) [Final Round]","PollStarted":"2017-07-30T23:55:33.190279212Z","PollDuration":300000000000,"Options":{"65":"Natani and King Adelaide arm-wrestling. Natani bracing against the table, Adelaide being Adelaide.","66":"Dragon Laura","67":"\"Modern day\" Zen and Raine having a picnic on a high rise rooftop, under the stars.","68":"Corrupted Trace","69":"Trace, Keith, and Flora as a triumvirate from Pyre.","70":"Red tries to dance with Raine but fails miserably.","71":"Trace painting a babyroom while Flora stands in the door opening and keeps chnging her mind on where to put things.","72":"Lilith visits Zen as he recovers from his Keith-inflicted sword wound","73":"Raine is the new Doctor (from Doctor Who). Red and Sythe are her companions.","74":"natani and zen quit being assassins, and instead start a mind-link powered telegram service.","75":"Raine in the rain, with Mrs. Nibbly hiding from it by hiding under Raine's tail","76":"Maddie as Tiny Tina from Borderlands 2","77":"Evil Trace force to relive the memories of Mistletoe 2012","78":"Kathrin gets stuck in a basitin supply barrel 'borrowing' food. Gets caught","79":"Young Trace \u0026 Red sparring in the Templar academy. Trace may have magic, but Red has burning spirit."},"ExpectedBallots":95,"CountedBallots":95,"Ballots":["BMD","C","MGAKO","DFOBHMC","ECKDHAOLM","HKANFLGICOBEMDJ","MGA","HAC","AN","INBA","HFCJDAKNMBOEGIL","JIE","NKA","KCHODIEAJFBM","CAKIHGFDMB","IKE","HCGKABFO","BDKMN","HJNKCOFDABGMLIE","AKILM","KGJD","AF","GAMBDHIJEOKNFCL","MDGBHOA","MGENF","LOAMCJ","KBFAHI","M","BDEM","GKC","GNBDJAM","EALMH","IKBOJDF","JAFNKCBGHOILEMD","JAM","DKF","CKIHF","KCJNF","BNJA","JNAMF","DIGBEOMKFJAHCNL","MCKDIO","NK","AHF","GIKHLAJFNODBMEC","OJFGCK","HGBNODCJ","MBOAGJ","MDLBNCAJFKGHOEI","BFIOGLNAKHJECMD","DB","CKG","I","AFJCKHNIBMLGEOD","GAFHBK","MN","GACBHI","DOM","DMB","IBKF","AJICOFBKD","LGAKOJNHDMIEBCF","N","EBDH","LACOKJHBG","AJHEDMNFBGOKLI","BGLDO","KCHIFJBA","CHJLIKE","AL","AMCLOHB","ICFHJKOG","KFAI","AFHKICGLMOJ","BOKEN","B","JKIMGNF","DBFMHOJG","JDICHNO","KFCNI","GNKJ","FKHGIBCAMJEO","LIGD","KFCI","N","CHKJNFDGAOLEIMB","KFIC","KFCNI","GAKI","CEIJA","IAHFBOJGKCEMDNL","BKGINHF","KNBAIHLJDFCOGME","DOF",""],"Placements":[[{"Id":75,"V":11,"NV":11,"TB":0},{"Id":65,"V":10,"NV":10,"TB":0},{"Id":66,"V":9,"NV":9,"TB":0},{"Id":77,"V":9,"NV":9,"TB":0},{"Id":68,"V":8,"NV":8,"TB":0},{"Id":71,"V":8,"NV":8,"TB":0},{"Id":67,"V":7,"NV":7,"TB":0},{"Id":73,"V":7,"NV":7,"TB":0},{"Id":72,"V":6,"NV":6,"TB":0},{"Id":74,"V":6,"NV":6,"TB":0},{"Id":76,"V":4,"NV":4,"TB":0},{"Id":78,"V":4,"NV":4,"TB":0},{"Id":69,"V":3,"NV":3,"TB":0},{"Id":79,"V":1,"NV":1,"TB":0},{"Id":70,"V":1,"NV":1,"TB":2}],[{"Id":75,"V":12,"NV":1,"TB":0},{"Id":65,"V":10,"NV":0,"TB":0},{"Id":66,"V":9,"NV":0,"TB":0},{"Id":77,"V":9,"NV":0,"TB":0},{"Id":68,"V":8,"NV":0,"TB":0},{"Id":71,"V":8,"NV":0,"TB":0},{"Id":67,"V":7,"NV":0,"TB":0},{"Id":73,"V":7,"NV":0,"TB":0},{"Id":72,"V":6,"NV":0,"TB":0},{"Id":74,"V":6,"NV":0,"TB":0},{"Id":76,"V":4,"NV":0,"TB":0},{"Id":78,"V":4,"NV":0,"TB":0},{"Id":69,"V":3,"NV":0,"TB":0},{"Id":79,"V":1,"NV":0,"TB":0}],[{"Id":75,"V":12,"NV":0,"TB":0},{"Id":65,"V":10,"NV":0,"TB":0},{"Id":66,"V":9,"NV":0,"TB":0},{"Id":77,"V":9,"NV":0,"TB":0},{"Id":68,"V":8,"NV":0,"TB":0},{"Id":71,"V":8,"NV":0,"TB":0},{"Id":67,"V":7,"NV":0,"TB":0},{"Id":73,"V":7,"NV":0,"TB":0},{"Id":74,"V":7,"NV":1,"TB":0},{"Id":72,"V":6,"NV":0,"TB":0},{"Id":76,"V":4,"NV":0,"TB":0},{"Id":78,"V":4,"NV":0,"TB":0},{"Id":69,"V":3,"NV":0,"TB":0}],[{"Id":75,"V":12,"NV":0,"TB":0},{"Id":65,"V":11,"NV":1,"TB":0},{"Id":66,"V":10,"NV":1,"TB":0},{"Id":77,"V":9,"NV":0,"TB":0},{"Id":67,"V":8,"NV":1,"TB":0},{"Id":68,"V":8,"NV":0,"TB":0},{"Id":71,"V":8,"NV":0,"TB":0},{"Id":73,"V":7,"NV":0,"TB":0},{"Id":74,"V":7,"NV":0,"TB":0},{"Id":72,"V":6,"NV":0,"TB":0},{"Id":76,"V":4,"NV":0,"TB":0},{"Id":78,"V":4,"NV":0,"TB":1}],[{"Id":75,"V":14,"NV":2,"TB":0},{"Id":65,"V":11,"NV":0,"TB":0},{"Id":66,"V":10,"NV":0,"TB":0},{"Id":77,"V":9,"NV":0,"TB":0},{"Id":67,"V":8,"NV":0,"TB":0},{"Id":68,"V":8,"NV":0,"TB":0},{"Id":71,"V":8,"NV":0,"TB":0},{"Id":73,"V":7,"NV":0,"TB":0},{"Id":74,"V":7,"NV":0,"TB":0},{"Id":72,"V":6,"NV":0,"TB":0},{"Id":76,"V":4,"NV":0,"TB":0}],[{"Id":75,"V":14,"NV":0,"TB":0},{"Id":65,"V":13,"NV":2,"TB":0},{"Id":66,"V":10,"NV":0,"TB":0},{"Id":71,"V":9,"NV":1,"TB":0},{"Id":77,"V":9,"NV":0,"TB":0},{"Id":67,"V":8,"NV":0,"TB":0},{"Id":68,"V":8,"NV":0,"TB":0},{"Id":73,"V":8,"NV":1,"TB":0},{"Id":74,"V":7,"NV":0,"TB":0},{"Id":72,"V":6,"NV":0,"TB":0}],[{"Id":75,"V":15,"NV":1,"TB":0},{"Id":65,"V":14,"NV":1,"TB":0},{"Id":66,"V":10,"NV":0,"TB":0},{"Id":67,"V":10,"NV":2,"TB":0},{"Id":71,"V":10,"NV":1,"TB":0},{"Id":77,"V":9,"NV":0,"TB":0},{"Id":68,"V":8,"NV":0,"TB":0},{"Id":74,"V":8,"NV":1,"TB":0},{"Id":73,"V":8,"NV":0,"TB":2}],[{"Id":75,"V":17,"NV":2,"TB":0},{"Id":65,"V":15,"NV":1,"TB":0},{"Id":66,"V":12,"NV":2,"TB":0},{"Id":67,"V":11,"NV":1,"TB":0},{"Id":71,"V":11,"NV":1,"TB":0},{"Id":77,"V":9,"NV":0,"TB":0},{"Id":74,"V":8,"NV":0,"TB":0},{"Id":68,"V":8,"NV":0,"TB":2}],[{"Id":75,"V":18,"NV":1,"TB":0},{"Id":65,"V":15,"NV":0,"TB":0},{"Id":66,"V":15,"NV":3,"TB":0},{"Id":71,"V":12,"NV":1,"TB":0},{"Id":67,"V":11,"NV":0,"TB":0},{"Id":77,"V":11,"NV":2,"TB":0},{"Id":74,"V":8,"NV":0,"TB":0}],[{"Id":75,"V":20,"NV":2,"TB":0},{"Id":65,"V":18,"NV":3,"TB":0},{"Id":66,"V":15,"NV":0,"TB":0},{"Id":71,"V":13,"NV":1,"TB":0},{"Id":67,"V":12,"NV":1,"TB":0},{"Id":77,"V":11,"NV":0,"TB":0}],[{"Id":75,"V":20,"NV":0,"TB":0},{"Id":65,"V":18,"NV":0,"TB":0},{"Id":66,"V":18,"NV":3,"TB":0},{"Id":71,"V":17,"NV":4,"TB":0},{"Id":67,"V":13,"NV":1,"TB":0}],[{"Id":75,"V":27,"NV":7,"TB":0},{"Id":65,"V":21,"NV":3,"TB":0},{"Id":66,"V":18,"NV":0,"TB":0},{"Id":71,"V":18,"NV":1,"TB":1}],[{"Id":75,"V":32,"NV":5,"TB":0},{"Id":65,"V":28,"NV":7,"TB":0},{"Id":66,"V":22,"NV":4,"TB":0}],[{"Id":75,"V":37,"NV":5,"TB":0},{"Id":65,"V":35,"NV":7,"TB":0}],[{"Id":75,"V":54,"NV":17,"TB":0}]],"Expires":1501459534,"SecondsLeft":0}