{"Mtype":"results","Title":"Round 1","PollStarted":"2017-11-12T21:21:32.902575988Z","PollDuration":300000000000,"Options":{"65":"Bagi and Ryu from Bagi: monster of mighty nature","66":"Nora teaches baby dragon Trace how to transform people","67":"Keiren as an Ardakist, and Princess Reni's reaction","68":"Natani tries out a spell to shrink her chest, but accidentally ends up shrinking Keith.","69":"Natini’s reaction to Fem! Keith","70":"Gender and Species flip for the main group","71":"Trace as Tracer (Overwatch)","72":"Zen daydreaming about (fem-)Clovis and Raine fighting over him. ","73":"\"Keiser Odyssey\" Keith is dressed as Mario and the bucket helmet is possessed by Laura.","74":"Keith the Phantom Thief (a la Persona 5)","75":"Ceiling Kat is watching you draw.","76":"Fluffy Winter coats! Flora and Trace and a sudden poof coat!","77":"Unique Keidran cultural practices or rituals","78":"Perception and reality: Lady Nora vs the Collar of Keidranification","79":"The Life-binder Alexstrasza gives blessing to pregnant Flora","80":"Keith consoling Zen. \"Well hey, at least it isn't a hole in the chest...\""},"ExpectedBallots":125,"CountedBallots":125,"Ballots":["PHD","MECBNLHDK","P","CFBONG","KEFLMNB","ILEK","ELH","MHKENFL","BMPKDL","BFNMGELOPCIDAHKJ","FLEMNHBDKOCGIAJP","MNCGD","","CHKGEA","EMKODLFHIN","GMIL","LFGBDEKHIPJNCAOM","E","EHKN","EHKNC","MEDKP","EDH","MCEBKLPJHNODIFAG","JMNDBCHI","EHMKLG","COBNIKGFMPEDL","ELIDMK","DMKLEBOIPN","DEPKFLH","FGKE","HKP","KL","EK","EKGMFOIPJNCBAHDL","EDLBGFP","MNK","DPONMLK","OHMF","HMKE","LEDINBM","LHBKNGD","FDKPHL","IJPEDBLKNHAOMFCG","JOAMFCLEGDHIKNPB","LHKDEBCNPIOJGMAF","KPLDEM","EKMPDBNJFGCLHAIO","EP","HPNDIL","PDJIEHCFL","IFDPCEBNLMGOHKJA","BNKDE","EPHNOGKFDCBILAMJ","CLPBE","KHMEBL","KD","BPCKH","EKFDIHCP","KCMN","HK","LEKFDG","HEMKNPDBCAGOIJ","MENPKLD","CDNBLE","HBLDJGIOFNMPA","OLHMEKCNFBDJIAPG","MNB","FBDLPHEMCANK","MNP","LFEHN","EFMNL","L","HEKFD","","KN","NMFBCDLIKHOAJPEG","H","NCM","K","H","H","FPEHKBN","IJ","LCNP","FBCKGMLNADEPHJIO","MHPDEJCOINBLAGFK","LPKBEHDO","KNE","ME","JNP","EICONBH","L","HKNDB","GPKMLI","NECLKBMHGIAJP","HKPMCDBGNOFJEILA","LNFEDBMKHCPIJAOG","L","EF","FECLHM","FJP","HEDCIPFBNG","KCEHLMDOFGPIBANJ","GOBNFC","","BNCE","MEKNF","LB","K","KMHP","LKHNEC","IDPNBMEHF","L","L","L","EBPNFHJMIKCDLAOG","EPJDI","FOEPNMDHCALIKJGB","DML","L","L","NDCLK","L","MLEFN",""],"Placements":[[{"Id":69,"V":20,"NV":20,"TB":0},{"Id":76,"V":20,"NV":20,"TB":0},{"Id":72,"V":13,"NV":13,"TB":0},{"Id":77,"V":13,"NV":13,"TB":0},{"Id":75,"V":12,"NV":12,"TB":0},{"Id":70,"V":9,"NV":9,"TB":0},{"Id":66,"V":5,"NV":5,"TB":0},{"Id":67,"V":5,"NV":5,"TB":0},{"Id":73,"V":5,"NV":5,"TB":0},{"Id":68,"V":4,"NV":4,"TB":0},{"Id":78,"V":4,"NV":4,"TB":0},{"Id":71,"V":3,"NV":3,"TB":0},{"Id":74,"V":3,"NV":3,"TB":0},{"Id":80,"V":3,"NV":3,"TB":0},{"Id":79,"V":2,"NV":2,"TB":0},{"Id":65,"V":0,"NV":0,"TB":0}],[{"Id":69,"V":20,"NV":0,"TB":0},{"Id":76,"V":20,"NV":0,"TB":0},{"Id":72,"V":13,"NV":0,"TB":0},{"Id":77,"V":13,"NV":0,"TB":0},{"Id":75,"V":12,"NV":0,"TB":0},{"Id":70,"V":9,"NV":0,"TB":0},{"Id":66,"V":5,"NV":0,"TB":0},{"Id":67,"V":5,"NV":0,"TB":0},{"Id":73,"V":5,"NV":0,"TB":0},{"Id":68,"V":4,"NV":0,"TB":0},{"Id":78,"V":4,"NV":0,"TB":0},{"Id":71,"V":3,"NV":0,"TB":0},{"Id":74,"V":3,"NV":0,"TB":0},{"Id":80,"V":3,"NV":0,"TB":0},{"Id":79,"V":2,"NV":0,"TB":0}],[{"Id":76,"V":21,"NV":1,"TB":0},{"Id":69,"V":20,"NV":0,"TB":0},{"Id":72,"V":14,"NV":1,"TB":0},{"Id":77,"V":13,"NV":0,"TB":0},{"Id":75,"V":12,"NV":0,"TB":0},{"Id":70,"V":9,"NV":0,"TB":0},{"Id":66,"V":5,"NV":0,"TB":0},{"Id":67,"V":5,"NV":0,"TB":0},{"Id":73,"V":5,"NV":0,"TB":0},{"Id":68,"V":4,"NV":0,"TB":0},{"Id":78,"V":4,"NV":0,"TB":0},{"Id":71,"V":3,"NV":0,"TB":0},{"Id":80,"V":3,"NV":0,"TB":0},{"Id":74,"V":3,"NV":0,"TB":2}],[{"Id":76,"V":21,"NV":0,"TB":0},{"Id":69,"V":20,"NV":0,"TB":0},{"Id":77,"V":15,"NV":2,"TB":0},{"Id":72,"V":14,"NV":0,"TB":0},{"Id":75,"V":12,"NV":0,"TB":0},{"Id":70,"V":9,"NV":0,"TB":0},{"Id":66,"V":5,"NV":0,"TB":0},{"Id":67,"V":5,"NV":0,"TB":0},{"Id":73,"V":5,"NV":0,"TB":0},{"Id":78,"V":5,"NV":1,"TB":0},{"Id":68,"V":4,"NV":0,"TB":0},{"Id":71,"V":3,"NV":0,"TB":0},{"Id":80,"V":3,"NV":0,"TB":1}],[{"Id":76,"V":21,"NV":0,"TB":0},{"Id":69,"V":20,"NV":0,"TB":0},{"Id":72,"V":15,"NV":1,"TB":0},{"Id":77,"V":15,"NV":0,"TB":0},{"Id":75,"V":12,"NV":0,"TB":0},{"Id":70,"V":9,"NV":0,"TB":0},{"Id":66,"V":5,"NV":0,"TB":0},{"Id":67,"V":5,"NV":0,"TB":0},{"Id":68,"V":5,"NV":1,"TB":0},{"Id":73,"V":5,"NV":0,"TB":0},{"Id":78,"V":5,"NV":0,"TB":0},{"Id":71,"V":3,"NV":0,"TB":0}],[{"Id":76,"V":21,"NV":0,"TB":0},{"Id":69,"V":20,"NV":0,"TB":0},{"Id":77,"V":16,"NV":1,"TB":0},{"Id":72,"V":15,"NV":0,"TB":0},{"Id":75,"V":13,"NV":1,"TB":0},{"Id":70,"V":9,"NV":0,"TB":0},{"Id":66,"V":6,"NV":1,"TB":0},{"Id":67,"V":5,"NV":0,"TB":0},{"Id":73,"V":5,"NV":0,"TB":0},{"Id":78,"V":5,"NV":0,"TB":0},{"Id":68,"V":5,"NV":0,"TB":3}],[{"Id":69,"V":21,"NV":1,"TB":0},{"Id":76,"V":21,"NV":0,"TB":0},{"Id":77,"V":18,"NV":2,"TB":0},{"Id":72,"V":15,"NV":0,"TB":0},{"Id":75,"V":13,"NV":0,"TB":0},{"Id":70,"V":9,"NV":0,"TB":0},{"Id":66,"V":6,"NV":0,"TB":0},{"Id":73,"V":6,"NV":1,"TB":0},{"Id":78,"V":6,"NV":1,"TB":0},{"Id":67,"V":5,"NV":0,"TB":0}],[{"Id":76,"V":22,"NV":1,"TB":0},{"Id":69,"V":21,"NV":0,"TB":0},{"Id":77,"V":18,"NV":0,"TB":0},{"Id":72,"V":16,"NV":1,"TB":0},{"Id":75,"V":13,"NV":0,"TB":0},{"Id":70,"V":10,"NV":1,"TB":0},{"Id":66,"V":7,"NV":1,"TB":0},{"Id":78,"V":7,"NV":1,"TB":0},{"Id":73,"V":6,"NV":0,"TB":0}],[{"Id":69,"V":23,"NV":2,"TB":0},{"Id":76,"V":23,"NV":1,"TB":0},{"Id":77,"V":18,"NV":0,"TB":0},{"Id":72,"V":16,"NV":0,"TB":0},{"Id":75,"V":13,"NV":0,"TB":0},{"Id":70,"V":11,"NV":1,"TB":0},{"Id":78,"V":8,"NV":1,"TB":0},{"Id":66,"V":7,"NV":0,"TB":0}],[{"Id":69,"V":23,"NV":0,"TB":0},{"Id":76,"V":23,"NV":0,"TB":0},{"Id":77,"V":19,"NV":1,"TB":0},{"Id":72,"V":16,"NV":0,"TB":0},{"Id":75,"V":14,"NV":1,"TB":0},{"Id":78,"V":12,"NV":4,"TB":0},{"Id":70,"V":12,"NV":1,"TB":2}],[{"Id":69,"V":27,"NV":4,"TB":0},{"Id":76,"V":25,"NV":2,"TB":0},{"Id":77,"V":19,"NV":0,"TB":0},{"Id":75,"V":17,"NV":3,"TB":0},{"Id":72,"V":16,"NV":0,"TB":0},{"Id":78,"V":14,"NV":2,"TB":0}],[{"Id":69,"V":29,"NV":2,"TB":0},{"Id":76,"V":27,"NV":2,"TB":0},{"Id":77,"V":24,"NV":5,"TB":0},{"Id":75,"V":19,"NV":2,"TB":0},{"Id":72,"V":16,"NV":0,"TB":0}],[{"Id":69,"V":32,"NV":3,"TB":0},{"Id":76,"V":29,"NV":2,"TB":0},{"Id":77,"V":26,"NV":2,"TB":0},{"Id":75,"V":24,"NV":5,"TB":0}],[{"Id":69,"V":38,"NV":6,"TB":0},{"Id":77,"V":33,"NV":7,"TB":0},{"Id":76,"V":32,"NV":3,"TB":0}],[{"Id":69,"V":52,"NV":14,"TB":0},{"Id":77,"V":35,"NV":2,"TB":0}],[{"Id":69,"V":72,"NV":20,"TB":0}]],"Expires":1510522293,"SecondsLeft":0}