{"Mtype":"results","Title":"Round (4/4) [FINAL ROUND]","PollStarted":"2017-06-25T23:01:33.089408584Z","PollDuration":300000000000,"Options":{"65":"Clovis meeting Mike - just as the latter is saying he's glad he didn't get stuck as a girl.","66":"Saria plays with little Flora and other farm children's.","67":"The Main Heroes dressed as Archie Characters ( Trace = Archie, Flora = Betty, Keith = Jughead, Natani = Reggie)","68":"Team B encounters a tree snare. (Someone is hanging upside down from a tree trap.)","69":"Young Flora looking up at the lights of the Legacy estate.","70":"Zen riding into the sunset on a horse with Sythe tied up and slung over the back.","71":"Lt Alice Reed trying to interrogate the captured wolf terrorist but being distracted by it's fluffy cuteness.","72":"Campfire song song, Trace, Flora and Keith sitting by a campfire and Flora sings the campfire song song","73":"Mike and Evals treasure hunters. One of them accidentally triggered the trap and they try to ecape.","74":"Duel of the Fates: Twokinds Edition!","75":"Tigress Trace as Wonder Woman being trained by \"Queen Hippolyta\" (Lady Nora)","76":"Princess Reni and Lady Nora fighting over Dragon Trace."},"ExpectedBallots":90,"CountedBallots":90,"Ballots":["FGL","DBFIA","EHA","LBJGD","ELAIDGKHFJBC","EIAFD","GBD","EH","FEAGLJIBDHKC","LEHGJKD","EBGDLAHCKJFI","FAKJ","GF","GJFBHDIELAK","AGBFJ","GJELB","A","GEDHBJ","BALEKDI","BEG","LKGHADIFE","","LJAEGI","IAC","EHLBAGDJ","ALD","AGCBLIJHEDFK","GC","LKA","HBJCEAK","JLHG","LEFB","KGCLAIDHBEFJ","LH","AKLEJ","BJDLGEKHCAIF","AFIEHKGDCLBJ","HJCLDE","KLBJHACFEIDG","LFDI","EGBLD","LEHJBGDACFIK","LBIE","G","FEIGHBD","ALCEGJBFKIDH","HJDAG","ALFGEIK","EH","E","JGBHFALKDIE","EGDABFILJKHC","LEBJH","B","AG","GAJ","LBEGKAHICFDJ","AFDGIJEB","LDHGJFAKBCEI","JEL","GLBEKFHA","GLK","AGJDC","JLAED","LHAD","GFADI","LDHE","","LHEIG","H","DA","HEABIGKJCFLD","AD","FGEDJLAHICKB","HGEBJLKIFADC","GEJALBKCHDIF","HDIAEG","GLKHAIDJ","GK","DA","LA","BLJHKAG","GLA","KGLEBHADJIFC","JBKGL","JAECGIBF","","","FEAK","LGHABKDIFEJC"],"Placements":[[{"Id":76,"V":18,"NV":18,"TB":0},{"Id":71,"V":15,"NV":15,"TB":0},{"Id":65,"V":12,"NV":12,"TB":0},{"Id":69,"V":10,"NV":10,"TB":0},{"Id":72,"V":7,"NV":7,"TB":0},{"Id":70,"V":6,"NV":6,"TB":0},{"Id":74,"V":6,"NV":6,"TB":0},{"Id":66,"V":5,"NV":5,"TB":0},{"Id":68,"V":3,"NV":3,"TB":0},{"Id":75,"V":3,"NV":3,"TB":0},{"Id":73,"V":1,"NV":1,"TB":0},{"Id":67,"V":0,"NV":0,"TB":0}],[{"Id":76,"V":18,"NV":0,"TB":0},{"Id":71,"V":15,"NV":0,"TB":0},{"Id":65,"V":12,"NV":0,"TB":0},{"Id":69,"V":10,"NV":0,"TB":0},{"Id":72,"V":7,"NV":0,"TB":0},{"Id":70,"V":6,"NV":0,"TB":0},{"Id":74,"V":6,"NV":0,"TB":0},{"Id":66,"V":5,"NV":0,"TB":0},{"Id":68,"V":3,"NV":0,"TB":0},{"Id":75,"V":3,"NV":0,"TB":0},{"Id":73,"V":1,"NV":0,"TB":0}],[{"Id":76,"V":18,"NV":0,"TB":0},{"Id":71,"V":15,"NV":0,"TB":0},{"Id":65,"V":13,"NV":1,"TB":0},{"Id":69,"V":10,"NV":0,"TB":0},{"Id":72,"V":7,"NV":0,"TB":0},{"Id":70,"V":6,"NV":0,"TB":0},{"Id":74,"V":6,"NV":0,"TB":0},{"Id":66,"V":5,"NV":0,"TB":0},{"Id":68,"V":3,"NV":0,"TB":0},{"Id":75,"V":3,"NV":0,"TB":1}],[{"Id":76,"V":19,"NV":1,"TB":0},{"Id":71,"V":17,"NV":2,"TB":0},{"Id":65,"V":13,"NV":0,"TB":0},{"Id":69,"V":10,"NV":0,"TB":0},{"Id":72,"V":7,"NV":0,"TB":0},{"Id":70,"V":6,"NV":0,"TB":0},{"Id":74,"V":6,"NV":0,"TB":0},{"Id":66,"V":5,"NV":0,"TB":0},{"Id":68,"V":3,"NV":0,"TB":0}],[{"Id":76,"V":19,"NV":0,"TB":0},{"Id":71,"V":17,"NV":0,"TB":0},{"Id":65,"V":15,"NV":2,"TB":0},{"Id":69,"V":10,"NV":0,"TB":0},{"Id":72,"V":7,"NV":0,"TB":0},{"Id":66,"V":6,"NV":1,"TB":0},{"Id":70,"V":6,"NV":0,"TB":0},{"Id":74,"V":6,"NV":0,"TB":1}],[{"Id":76,"V":21,"NV":2,"TB":0},{"Id":71,"V":18,"NV":1,"TB":0},{"Id":65,"V":16,"NV":1,"TB":0},{"Id":69,"V":11,"NV":1,"TB":0},{"Id":66,"V":7,"NV":1,"TB":0},{"Id":72,"V":7,"NV":0,"TB":0},{"Id":70,"V":6,"NV":0,"TB":0}],[{"Id":76,"V":21,"NV":0,"TB":0},{"Id":71,"V":20,"NV":2,"TB":0},{"Id":65,"V":17,"NV":1,"TB":0},{"Id":69,"V":14,"NV":3,"TB":0},{"Id":66,"V":7,"NV":0,"TB":0},{"Id":72,"V":7,"NV":0,"TB":1}],[{"Id":76,"V":22,"NV":1,"TB":0},{"Id":71,"V":21,"NV":1,"TB":0},{"Id":65,"V":19,"NV":2,"TB":0},{"Id":69,"V":15,"NV":1,"TB":0},{"Id":66,"V":8,"NV":1,"TB":0}],[{"Id":76,"V":24,"NV":2,"TB":0},{"Id":71,"V":22,"NV":1,"TB":0},{"Id":65,"V":21,"NV":2,"TB":0},{"Id":69,"V":17,"NV":2,"TB":0}],[{"Id":65,"V":27,"NV":6,"TB":0},{"Id":76,"V":27,"NV":3,"TB":0},{"Id":71,"V":27,"NV":5,"TB":2}],[{"Id":76,"V":41,"NV":14,"TB":0},{"Id":65,"V":32,"NV":5,"TB":0}],[{"Id":76,"V":53,"NV":12,"TB":0}]],"Expires":1498432296,"SecondsLeft":0}