{"Mtype":"results","Title":"Round Two","PollStarted":"2017-06-05T00:01:40.606949578Z","PollDuration":300000000000,"Options":{"65":"Mekkan Ghoul: Trace Legacy Carrying Injured Flora","66":"Flora as her original tuxedo cat design","67":"Flora and Natani throwing Eric off board for asking to \"draw\" them","68":"Ms. Nibbly sleeping on Karens face like a kitten","69":"Flora as a baby/young child, playing with a ball of string","70":"\"Keith's Assistant\" Trace turns into a Basitin","71":"Flora builds pillow fort/cave curled up in it, with demonic eyes staring at Trace","72":"Raine and Red clumsily tries to tell the other how they really feel about each other","73":"\"Building Alliances...Through Strip Poker!?\" Kei and Alelaide"},"ExpectedBallots":60,"CountedBallots":60,"Ballots":["GDIE","BCE","GACBE","IAHGBCFED","FBEH","HFBAEGIDC","FCEGBIHAD","BHEDGCAIF","CGHADEBFI","HCFIGA","BDEHC","I","C","EA","ICGBDEHAF","ICEBHDAFG","EBHAGC","IECFBGHDA","BAICHE","IHCGED","CFDG","CIFGDHEBA","BHECGDFAI","GFCIHBEAD","IDAHFCBGE","ICGBF","IH","CIHDFBEAG","DHIA","ICEHDFBAG","HACIED","FBEDH","EDBFH","FI","GCBH","HCGFAEBID","","DCBGAFHE","CIHDBFEG","IHAGFDCBE","CHEADB","G","","CIHDF","DBFEC","ICHFEDGBA","IH","FICHGAB","HIC","HI","D","HAD","","HCDEG","IBHCGDFAE","","AGECB","HI","FCI","DAEHI"],"Placements":[[{"Id":73,"V":14,"NV":14,"TB":0},{"Id":72,"V":9,"NV":9,"TB":0},{"Id":67,"V":8,"NV":8,"TB":0},{"Id":70,"V":6,"NV":6,"TB":0},{"Id":66,"V":5,"NV":5,"TB":0},{"Id":68,"V":5,"NV":5,"TB":0},{"Id":71,"V":5,"NV":5,"TB":0},{"Id":69,"V":3,"NV":3,"TB":0},{"Id":65,"V":1,"NV":1,"TB":0}],[{"Id":73,"V":14,"NV":0,"TB":0},{"Id":72,"V":9,"NV":0,"TB":0},{"Id":67,"V":8,"NV":0,"TB":0},{"Id":70,"V":6,"NV":0,"TB":0},{"Id":71,"V":6,"NV":1,"TB":0},{"Id":66,"V":5,"NV":0,"TB":0},{"Id":68,"V":5,"NV":0,"TB":0},{"Id":69,"V":3,"NV":0,"TB":0}],[{"Id":73,"V":14,"NV":0,"TB":0},{"Id":72,"V":9,"NV":0,"TB":0},{"Id":67,"V":8,"NV":0,"TB":0},{"Id":66,"V":6,"NV":1,"TB":0},{"Id":68,"V":6,"NV":1,"TB":0},{"Id":71,"V":6,"NV":0,"TB":0},{"Id":70,"V":6,"NV":0,"TB":2}],[{"Id":73,"V":16,"NV":2,"TB":0},{"Id":67,"V":10,"NV":2,"TB":0},{"Id":72,"V":9,"NV":0,"TB":0},{"Id":66,"V":8,"NV":2,"TB":0},{"Id":71,"V":6,"NV":0,"TB":0},{"Id":68,"V":6,"NV":0,"TB":2}],[{"Id":73,"V":16,"NV":0,"TB":0},{"Id":67,"V":11,"NV":1,"TB":0},{"Id":72,"V":11,"NV":2,"TB":0},{"Id":66,"V":10,"NV":2,"TB":0},{"Id":71,"V":6,"NV":0,"TB":0}],[{"Id":73,"V":17,"NV":1,"TB":0},{"Id":67,"V":15,"NV":4,"TB":0},{"Id":72,"V":11,"NV":0,"TB":0},{"Id":66,"V":10,"NV":0,"TB":0}],[{"Id":72,"V":18,"NV":7,"TB":0},{"Id":73,"V":18,"NV":1,"TB":0},{"Id":67,"V":17,"NV":2,"TB":0}],[{"Id":73,"V":25,"NV":7,"TB":0},{"Id":72,"V":22,"NV":4,"TB":0}],[{"Id":73,"V":37,"NV":12,"TB":0}]],"Expires":1496621502,"SecondsLeft":0}