{"Mtype":"results","Title":"ROUND THREE","PollStarted":"2017-04-09T23:33:42.407810162Z","PollDuration":300000000000,"Options":{"100":"Niko from OneShot in my artstyle","101":"Maddie and Maeve Easter Egg hunt","102":"Humanoid Nora dragging Adrakist trace to a party type situation","103":"Lieutenant Daniels being dragged to Shephard Square by his tiger friend","104":"Dragon Nibbly","105":"Twokinds cast as Mass Effect Andromeda cast","97":"keidranification: Maren the Kitty!","98":"Maeve dressed as Freya from Final Fantasy 9","99":"Raine and FemMike lending sympathetic ears to each others' transformation woes"},"ExpectedBallots":106,"CountedBallots":106,"Ballots":["efhg","ac","cfgheaidb","fehacgdbi","cgfhaebdi","ahfcgebdi","icahfgdeb","fgce","hfgb","gbhf","agcfhebdi","gcih","fgehcbaid","fgchbade","fhcigdba","hgfcieabd","acghefbdi","gcbahfeid","iacfghe","acgdfeh","dhgaec","hfagedcbi","echf","aghecf","fhaiecbdg","gafhicdeb","hafcg","agfh","bahgf","eaghifb","cgaefhdbi","aceighbfd","cagehbfdi","gace","hacgbfedi","","fhcga","ecagbfi","ihdagcfeb","ahfcg","hcgeibfad","agchebdfi","cfi","aeh","cfahigedb","ecg","ca","efbh","hcf","aifc","dhefgacbi","ahfcdiegb","cgahefi","hegacfibd","acfg","egafhc","gfh","cfhbeaidg","hfcba","hgce","hfac","e","gcfheiadb","gfceha","gfca","caigfhe","hgacefdbi","acfeibhdg","acfig","geah","hiacfebdg","caeg","caheibfgd","agfbceidh","gehaf","cg","hab","fgihebcad","hb","ghcfeaibd","cbg","cag","hafecgdbi","chg","bfic","bceagh","eacg","hefba","achgfiebd","hgcad","chbedfaig","hacf","cag","hg","g","gcfehadib","gfchiaebd","ehac","ahgf","bcg","fahecg","egbch","ac","hdgafcbie","cgfeha","gb"],"Placements":[[{"Id":104,"V":21,"NV":21,"TB":0},{"Id":97,"V":20,"NV":20,"TB":0},{"Id":99,"V":19,"NV":19,"TB":0},{"Id":103,"V":16,"NV":16,"TB":0},{"Id":101,"V":11,"NV":11,"TB":0},{"Id":102,"V":9,"NV":9,"TB":0},{"Id":98,"V":4,"NV":4,"TB":0},{"Id":105,"V":3,"NV":3,"TB":0},{"Id":100,"V":2,"NV":2,"TB":0}],[{"Id":104,"V":23,"NV":2,"TB":0},{"Id":97,"V":20,"NV":0,"TB":0},{"Id":99,"V":19,"NV":0,"TB":0},{"Id":103,"V":16,"NV":0,"TB":0},{"Id":101,"V":11,"NV":0,"TB":0},{"Id":102,"V":9,"NV":0,"TB":0},{"Id":98,"V":4,"NV":0,"TB":0},{"Id":105,"V":3,"NV":0,"TB":0}],[{"Id":104,"V":24,"NV":1,"TB":0},{"Id":97,"V":21,"NV":1,"TB":0},{"Id":99,"V":20,"NV":1,"TB":0},{"Id":103,"V":16,"NV":0,"TB":0},{"Id":101,"V":11,"NV":0,"TB":0},{"Id":102,"V":9,"NV":0,"TB":0},{"Id":98,"V":4,"NV":0,"TB":0}],[{"Id":104,"V":24,"NV":0,"TB":0},{"Id":97,"V":22,"NV":1,"TB":0},{"Id":99,"V":22,"NV":2,"TB":0},{"Id":103,"V":16,"NV":0,"TB":0},{"Id":101,"V":11,"NV":0,"TB":0},{"Id":102,"V":10,"NV":1,"TB":0}],[{"Id":104,"V":27,"NV":3,"TB":0},{"Id":97,"V":23,"NV":1,"TB":0},{"Id":99,"V":23,"NV":1,"TB":0},{"Id":103,"V":20,"NV":4,"TB":0},{"Id":101,"V":12,"NV":1,"TB":0}],[{"Id":104,"V":31,"NV":4,"TB":0},{"Id":99,"V":26,"NV":3,"TB":0},{"Id":97,"V":25,"NV":2,"TB":0},{"Id":103,"V":22,"NV":2,"TB":0}],[{"Id":104,"V":37,"NV":6,"TB":0},{"Id":99,"V":36,"NV":10,"TB":0},{"Id":97,"V":29,"NV":4,"TB":0}],[{"Id":99,"V":52,"NV":16,"TB":0},{"Id":104,"V":50,"NV":13,"TB":0}],[{"Id":99,"V":86,"NV":34,"TB":0}]],"Expires":1491781428,"SecondsLeft":0}