{"Mtype":"results","Title":"Round ","PollStarted":"2017-10-08T23:35:18.120786584Z","PollDuration":300000000000,"Options":{"65":"Keith looks on in horror as his father, Alaric, and Laura are zombies performing Michael Jackson's Thriller.","66":"Keith relaxing with his head in Natani's lap.","67":"Flora dressed as Emp or Ninjette From Addam Warren’s Empowered for Halloween ","68":"Eric convinces Iris and her friend to pose for a painting. (The tigresses from page 900)","69":"A half and half sketch of Trace, one side being him currently, the other being his evil counterpart from before the events of the comic.","70":"A sand cat (real cat kind)","71":"[Database error] trying to teach Raine magic. Considering he's a dropout, and Raine's magic is highly unstable, the possibility for disaster is endless!","72":"Keith continues to neglect his personal grooming and turns into a goat, as foretold on page 943","73":"A cooking contest show starring Kat, with a few members of Group A as contestants.","74":"Nibbly cosplaying American Dragon Jake Long","75":"Nora blowing Fire into a Jack-o-Lantern with a Trace image carved into it","76":"Hypothetical meeting between Natani and Keiths parents","77":"Renamon posing for a painting done by Eric.","78":"A human solider tries to romance a basitin but doesn't know there modest ways.","79":"Natani turning into a Werewolf!","80":"Natani Dakimakura (Body Pillow)","81":"collar of keidranification: Saria Legacy into a Lioness","82":"Kathrin Flora \u0026 Natani Hot spring time"},"ExpectedBallots":92,"CountedBallots":92,"Ballots":["AO","APNBQRO","KGOHNAMLIPBFCEQJDR","LNQEAKRMDBGCOFPIHJ","NIMLDKAOJG","KRGOBIQHDNFJEPALMC","DKNGJ","KH","EN","NLFHQE","NLDEROPB","A","QDFOH","RN","EGHNKBQR","KEARQDJCN","GMPQAKLIBO","QELRD","HRMABDQLO","DMBP","OGHELN","GMNEJ","PQ","AKROBM","OAMHNBLC","PBOHR","IDR","A","CQRGLOABHN","RQLM","RO","MO","HNQEKOC","POMEN","DRB","OPI","G","G","KGORQPJMD","HAIEKOF","KEBMDQJA","QHDGLOINKEBP","QDJIHNAORCBEPGKFLM","QD","KJQAMOEGHNLRD","EKQH","NGLA","RBL","KDE","QNOH","PBORL","KEAQL","DPQBFRN","RDNOHMBACILPEGKJQF","MDKQFGECHNIRABJLO","OQP","M","QPFBOGHD","RIBL","RIKCDGPLM","GAMO","BG","LIOBEHAPRNFGQDC","GBHOLRIDNAJ","HBAKO","AMDHELNFR","HKAEIMORB","POAHG","HGORAFEJIM","PBLOARINEKH","ROBNQGLF","LHOG","G","A","DNQ","RPGQHOBLDKNIEAMFCJ","IA","MRQPFOALB","RBMJDKGF","DNQ","PODHABR","MEKGO","GAQNO","G","PBQOLFNRGIJCKEDHMA","KOQGH","PCMEOR","BAOPHINQJFDREMKLCG","MKOAHQ","HQFNLE","MHD","GADLN"],"Placements":[[{"Id":71,"V":10,"NV":10,"TB":0},{"Id":75,"V":10,"NV":10,"TB":0},{"Id":82,"V":10,"NV":10,"TB":0},{"Id":80,"V":9,"NV":9,"TB":0},{"Id":65,"V":7,"NV":7,"TB":0},{"Id":72,"V":7,"NV":7,"TB":0},{"Id":77,"V":7,"NV":7,"TB":0},{"Id":81,"V":7,"NV":7,"TB":0},{"Id":68,"V":6,"NV":6,"TB":0},{"Id":78,"V":4,"NV":4,"TB":0},{"Id":79,"V":4,"NV":4,"TB":0},{"Id":69,"V":3,"NV":3,"TB":0},{"Id":76,"V":3,"NV":3,"TB":0},{"Id":66,"V":2,"NV":2,"TB":0},{"Id":73,"V":2,"NV":2,"TB":0},{"Id":67,"V":1,"NV":1,"TB":0},{"Id":70,"V":0,"NV":0,"TB":0},{"Id":74,"V":0,"NV":0,"TB":1}],[{"Id":71,"V":10,"NV":0,"TB":0},{"Id":75,"V":10,"NV":0,"TB":0},{"Id":82,"V":10,"NV":0,"TB":0},{"Id":80,"V":9,"NV":0,"TB":0},{"Id":65,"V":7,"NV":0,"TB":0},{"Id":72,"V":7,"NV":0,"TB":0},{"Id":77,"V":7,"NV":0,"TB":0},{"Id":81,"V":7,"NV":0,"TB":0},{"Id":68,"V":6,"NV":0,"TB":0},{"Id":78,"V":4,"NV":0,"TB":0},{"Id":79,"V":4,"NV":0,"TB":0},{"Id":69,"V":3,"NV":0,"TB":0},{"Id":76,"V":3,"NV":0,"TB":0},{"Id":66,"V":2,"NV":0,"TB":0},{"Id":73,"V":2,"NV":0,"TB":0},{"Id":67,"V":1,"NV":0,"TB":0},{"Id":70,"V":0,"NV":0,"TB":0}],[{"Id":71,"V":10,"NV":0,"TB":0},{"Id":75,"V":10,"NV":0,"TB":0},{"Id":82,"V":10,"NV":0,"TB":0},{"Id":80,"V":9,"NV":0,"TB":0},{"Id":65,"V":7,"NV":0,"TB":0},{"Id":72,"V":7,"NV":0,"TB":0},{"Id":77,"V":7,"NV":0,"TB":0},{"Id":81,"V":7,"NV":0,"TB":0},{"Id":68,"V":6,"NV":0,"TB":0},{"Id":78,"V":4,"NV":0,"TB":0},{"Id":79,"V":4,"NV":0,"TB":0},{"Id":69,"V":3,"NV":0,"TB":0},{"Id":76,"V":3,"NV":0,"TB":0},{"Id":66,"V":2,"NV":0,"TB":0},{"Id":73,"V":2,"NV":0,"TB":0},{"Id":67,"V":1,"NV":0,"TB":0}],[{"Id":71,"V":10,"NV":0,"TB":0},{"Id":75,"V":10,"NV":0,"TB":0},{"Id":82,"V":10,"NV":0,"TB":0},{"Id":80,"V":9,"NV":0,"TB":0},{"Id":81,"V":8,"NV":1,"TB":0},{"Id":65,"V":7,"NV":0,"TB":0},{"Id":72,"V":7,"NV":0,"TB":0},{"Id":77,"V":7,"NV":0,"TB":0},{"Id":68,"V":6,"NV":0,"TB":0},{"Id":78,"V":4,"NV":0,"TB":0},{"Id":79,"V":4,"NV":0,"TB":0},{"Id":69,"V":3,"NV":0,"TB":0},{"Id":76,"V":3,"NV":0,"TB":0},{"Id":66,"V":2,"NV":0,"TB":0},{"Id":73,"V":2,"NV":0,"TB":1}],[{"Id":71,"V":10,"NV":0,"TB":0},{"Id":75,"V":10,"NV":0,"TB":0},{"Id":82,"V":10,"NV":0,"TB":0},{"Id":80,"V":9,"NV":0,"TB":0},{"Id":65,"V":8,"NV":1,"TB":0},{"Id":81,"V":8,"NV":0,"TB":0},{"Id":68,"V":7,"NV":1,"TB":0},{"Id":72,"V":7,"NV":0,"TB":0},{"Id":77,"V":7,"NV":0,"TB":0},{"Id":78,"V":4,"NV":0,"TB":0},{"Id":79,"V":4,"NV":0,"TB":0},{"Id":69,"V":3,"NV":0,"TB":0},{"Id":76,"V":3,"NV":0,"TB":0},{"Id":66,"V":2,"NV":0,"TB":0}],[{"Id":71,"V":11,"NV":1,"TB":0},{"Id":75,"V":10,"NV":0,"TB":0},{"Id":82,"V":10,"NV":0,"TB":0},{"Id":65,"V":9,"NV":1,"TB":0},{"Id":80,"V":9,"NV":0,"TB":0},{"Id":81,"V":8,"NV":0,"TB":0},{"Id":68,"V":7,"NV":0,"TB":0},{"Id":72,"V":7,"NV":0,"TB":0},{"Id":77,"V":7,"NV":0,"TB":0},{"Id":78,"V":4,"NV":0,"TB":0},{"Id":79,"V":4,"NV":0,"TB":0},{"Id":76,"V":3,"NV":0,"TB":0},{"Id":69,"V":3,"NV":0,"TB":2}],[{"Id":71,"V":12,"NV":1,"TB":0},{"Id":75,"V":11,"NV":1,"TB":0},{"Id":82,"V":10,"NV":0,"TB":0},{"Id":65,"V":9,"NV":0,"TB":0},{"Id":80,"V":9,"NV":0,"TB":0},{"Id":81,"V":8,"NV":0,"TB":0},{"Id":68,"V":7,"NV":0,"TB":0},{"Id":72,"V":7,"NV":0,"TB":0},{"Id":77,"V":7,"NV":0,"TB":0},{"Id":78,"V":5,"NV":1,"TB":0},{"Id":79,"V":4,"NV":0,"TB":0},{"Id":76,"V":3,"NV":0,"TB":0}],[{"Id":71,"V":12,"NV":0,"TB":0},{"Id":75,"V":11,"NV":0,"TB":0},{"Id":82,"V":10,"NV":0,"TB":0},{"Id":65,"V":9,"NV":0,"TB":0},{"Id":80,"V":9,"NV":0,"TB":0},{"Id":72,"V":8,"NV":1,"TB":0},{"Id":81,"V":8,"NV":0,"TB":0},{"Id":68,"V":7,"NV":0,"TB":0},{"Id":77,"V":7,"NV":0,"TB":0},{"Id":78,"V":6,"NV":1,"TB":0},{"Id":79,"V":5,"NV":1,"TB":0}],[{"Id":71,"V":13,"NV":1,"TB":0},{"Id":75,"V":11,"NV":0,"TB":0},{"Id":65,"V":10,"NV":1,"TB":0},{"Id":80,"V":10,"NV":1,"TB":0},{"Id":82,"V":10,"NV":0,"TB":0},{"Id":72,"V":9,"NV":1,"TB":0},{"Id":81,"V":9,"NV":1,"TB":0},{"Id":68,"V":7,"NV":0,"TB":0},{"Id":77,"V":7,"NV":0,"TB":0},{"Id":78,"V":6,"NV":0,"TB":0}],[{"Id":71,"V":14,"NV":1,"TB":0},{"Id":75,"V":11,"NV":0,"TB":0},{"Id":65,"V":10,"NV":0,"TB":0},{"Id":72,"V":10,"NV":1,"TB":0},{"Id":80,"V":10,"NV":0,"TB":0},{"Id":81,"V":10,"NV":1,"TB":0},{"Id":82,"V":10,"NV":0,"TB":0},{"Id":77,"V":8,"NV":1,"TB":0},{"Id":68,"V":8,"NV":1,"TB":2}],[{"Id":71,"V":14,"NV":0,"TB":0},{"Id":82,"V":13,"NV":3,"TB":0},{"Id":75,"V":12,"NV":1,"TB":0},{"Id":81,"V":12,"NV":2,"TB":0},{"Id":80,"V":11,"NV":1,"TB":0},{"Id":65,"V":10,"NV":0,"TB":0},{"Id":72,"V":10,"NV":0,"TB":0},{"Id":77,"V":9,"NV":1,"TB":0}],[{"Id":75,"V":16,"NV":4,"TB":0},{"Id":71,"V":14,"NV":0,"TB":0},{"Id":82,"V":14,"NV":1,"TB":0},{"Id":80,"V":12,"NV":1,"TB":0},{"Id":81,"V":12,"NV":0,"TB":0},{"Id":72,"V":11,"NV":1,"TB":0},{"Id":65,"V":10,"NV":0,"TB":0}],[{"Id":75,"V":17,"NV":1,"TB":0},{"Id":71,"V":14,"NV":0,"TB":0},{"Id":80,"V":14,"NV":2,"TB":0},{"Id":82,"V":14,"NV":0,"TB":0},{"Id":72,"V":13,"NV":2,"TB":0},{"Id":81,"V":12,"NV":0,"TB":0}],[{"Id":75,"V":18,"NV":1,"TB":0},{"Id":72,"V":17,"NV":4,"TB":0},{"Id":80,"V":16,"NV":2,"TB":0},{"Id":82,"V":16,"NV":2,"TB":0},{"Id":71,"V":14,"NV":0,"TB":0}],[{"Id":72,"V":20,"NV":3,"TB":0},{"Id":75,"V":18,"NV":0,"TB":0},{"Id":80,"V":17,"NV":1,"TB":0},{"Id":82,"V":16,"NV":0,"TB":0}],[{"Id":72,"V":22,"NV":2,"TB":0},{"Id":75,"V":20,"NV":2,"TB":0},{"Id":80,"V":20,"NV":3,"TB":1}],[{"Id":72,"V":28,"NV":6,"TB":0},{"Id":75,"V":23,"NV":3,"TB":0}],[{"Id":72,"V":39,"NV":11,"TB":0}]],"Expires":1507506318,"SecondsLeft":0}