{"Mtype":"results","Title":"Round Final","PollStarted":"2017-08-14T00:29:55.044529405Z","PollDuration":300000000000,"Options":{"65":"A slightly older Madelyn and Keith enjoying a gentle, romantic dinner together in front of a fireplace.","66":"\"Twokinds Sleepover\" The main 4 have a sleepover together.","67":"Feral Raine","68":"Raine as Jekyll and Hyde (human form as Jekyll, savage beastly looking wolf form as Hyde)","69":"Drunken antics. Keith goes to Madame Reni's bedroom to fight with dragon for Natani's honor.","70":"Zen and Raine all bundled up in a blanket, watching the stars together. ","71":"Keith proposes to Laura on the beach where she first found him","72":"Keith accidentally seduces Kat with his amazing cooking.","73":"King Adelaide's Piano Performance","74":"Kat finds out what Eric really wants in a woman","75":"Team B playing beach volleyball.","76":"Eric gets a chance to draw Merie the mermaid","77":"Dragon Laura","78":"Crew as Monty Python and the Holy Grail, Clovis is killer rabbit. RUNAWAY!"},"ExpectedBallots":106,"CountedBallots":106,"Ballots":["C","F","NMLJHEBGAKCIFD","JENLHGA","JMCHL","LJMCD","B","NEHDCBLKIJFAGM","HA","FDE","BJHCE","CJHGEAFKIBLMDN","JEHLDAKFGBMINC","LHEMJBF","JGFHKNMLCEBID","NDGBFC","EB","HDNIJECABKGMFL","EFBHKJDCALGINM","N","BHFMJI","LMF","HILJF","NEHJLIBM","BIFKEN","KEDJBH","CHD","JHGNMLEDFCIBKA","KE","FEMLCHANG","JAM","FGHBKDELI","BJ","DBGIMKC","DC","GMFHJC","HCJEA","NKCIL","KHBMCJ","E","EKDCFN","GMLDN","F","JCHDBK","NBEFAKCIGDLHMJ","DJLEBKHCIFAMGN","HJCEGBAILNKDMF","EFMCB","NMCDE","C","EHJBFN","EKINBLJMD","EAMBJL","CMDNKFAEHIBJLG","AI","FHLMJIGBECDAKN","NEDHLJKCMIFGBA","BKHMCFGJ","MNJDCF","BEHFKJICGADNML","BJNIHKEMCLFDGA","BLIJ","EMAHNJ","N","MGDB","GJECBK","HNJK","NCDFKIMJG","HEBN","MGEBAHKFILJDCN","JGHIF","JEBNH","DJ","CJDFLEINBHGKMA","IELJN","FEMIJGBNKDAHCL","GB","KJHFC","IFBHDECNKMJGL","EHBJCNDLFAKMGI","KFCJ","GM","GNCIJLKFMEAHBD","IFAK","KJHFC","DF","FE","NGJ","EGHBNDCKIA","CJHN","BJDLNGEMKIFHAC","J","FJLEGICBHKA","MCGKFNJ","FCGBHJLEAKMIDN","BJCF","DMCL","NI","HGIF","DCLMJ","HNK","EGA","EFJABCNKLIMDHG","FBMA","ICLEM","JNDGH"],"Placements":[[{"Id":69,"V":13,"NV":13,"TB":0},{"Id":78,"V":13,"NV":13,"TB":0},{"Id":66,"V":11,"NV":11,"TB":0},{"Id":70,"V":11,"NV":11,"TB":0},{"Id":74,"V":11,"NV":11,"TB":0},{"Id":72,"V":9,"NV":9,"TB":0},{"Id":67,"V":7,"NV":7,"TB":0},{"Id":68,"V":7,"NV":7,"TB":0},{"Id":71,"V":6,"NV":6,"TB":0},{"Id":75,"V":6,"NV":6,"TB":0},{"Id":73,"V":4,"NV":4,"TB":0},{"Id":77,"V":4,"NV":4,"TB":0},{"Id":76,"V":3,"NV":3,"TB":0},{"Id":65,"V":1,"NV":1,"TB":0}],[{"Id":69,"V":13,"NV":0,"TB":0},{"Id":78,"V":13,"NV":0,"TB":0},{"Id":66,"V":11,"NV":0,"TB":0},{"Id":70,"V":11,"NV":0,"TB":0},{"Id":74,"V":11,"NV":0,"TB":0},{"Id":72,"V":9,"NV":0,"TB":0},{"Id":67,"V":7,"NV":0,"TB":0},{"Id":68,"V":7,"NV":0,"TB":0},{"Id":71,"V":6,"NV":0,"TB":0},{"Id":75,"V":6,"NV":0,"TB":0},{"Id":73,"V":5,"NV":1,"TB":0},{"Id":77,"V":4,"NV":0,"TB":0},{"Id":76,"V":3,"NV":0,"TB":0}],[{"Id":69,"V":13,"NV":0,"TB":0},{"Id":78,"V":13,"NV":0,"TB":0},{"Id":74,"V":12,"NV":1,"TB":0},{"Id":66,"V":11,"NV":0,"TB":0},{"Id":70,"V":11,"NV":0,"TB":0},{"Id":72,"V":10,"NV":1,"TB":0},{"Id":67,"V":7,"NV":0,"TB":0},{"Id":68,"V":7,"NV":0,"TB":0},{"Id":71,"V":6,"NV":0,"TB":0},{"Id":75,"V":6,"NV":0,"TB":0},{"Id":73,"V":5,"NV":0,"TB":0},{"Id":77,"V":5,"NV":1,"TB":1}],[{"Id":78,"V":14,"NV":1,"TB":0},{"Id":69,"V":13,"NV":0,"TB":0},{"Id":70,"V":12,"NV":1,"TB":0},{"Id":74,"V":12,"NV":0,"TB":0},{"Id":66,"V":11,"NV":0,"TB":0},{"Id":72,"V":10,"NV":0,"TB":0},{"Id":67,"V":8,"NV":1,"TB":0},{"Id":71,"V":8,"NV":2,"TB":0},{"Id":68,"V":7,"NV":0,"TB":0},{"Id":75,"V":6,"NV":0,"TB":0},{"Id":73,"V":5,"NV":0,"TB":0}],[{"Id":69,"V":14,"NV":1,"TB":0},{"Id":70,"V":14,"NV":2,"TB":0},{"Id":78,"V":14,"NV":0,"TB":0},{"Id":74,"V":12,"NV":0,"TB":0},{"Id":66,"V":11,"NV":0,"TB":0},{"Id":72,"V":10,"NV":0,"TB":0},{"Id":67,"V":9,"NV":1,"TB":0},{"Id":71,"V":8,"NV":0,"TB":0},{"Id":68,"V":7,"NV":0,"TB":0},{"Id":75,"V":6,"NV":0,"TB":0}],[{"Id":69,"V":16,"NV":2,"TB":0},{"Id":70,"V":15,"NV":1,"TB":0},{"Id":74,"V":14,"NV":2,"TB":0},{"Id":78,"V":14,"NV":0,"TB":0},{"Id":66,"V":11,"NV":0,"TB":0},{"Id":72,"V":11,"NV":1,"TB":0},{"Id":67,"V":9,"NV":0,"TB":0},{"Id":71,"V":8,"NV":0,"TB":0},{"Id":68,"V":7,"NV":0,"TB":0}],[{"Id":69,"V":16,"NV":0,"TB":0},{"Id":70,"V":16,"NV":1,"TB":0},{"Id":74,"V":16,"NV":2,"TB":0},{"Id":78,"V":14,"NV":0,"TB":0},{"Id":66,"V":12,"NV":1,"TB":0},{"Id":67,"V":12,"NV":3,"TB":0},{"Id":72,"V":11,"NV":0,"TB":0},{"Id":71,"V":8,"NV":0,"TB":0}],[{"Id":69,"V":17,"NV":1,"TB":0},{"Id":70,"V":17,"NV":1,"TB":0},{"Id":74,"V":17,"NV":1,"TB":0},{"Id":78,"V":16,"NV":2,"TB":0},{"Id":66,"V":14,"NV":2,"TB":0},{"Id":67,"V":12,"NV":0,"TB":0},{"Id":72,"V":11,"NV":0,"TB":0}],[{"Id":69,"V":19,"NV":2,"TB":0},{"Id":74,"V":19,"NV":2,"TB":0},{"Id":78,"V":19,"NV":3,"TB":0},{"Id":70,"V":18,"NV":1,"TB":0},{"Id":66,"V":15,"NV":1,"TB":0},{"Id":67,"V":13,"NV":1,"TB":0}],[{"Id":74,"V":24,"NV":5,"TB":0},{"Id":69,"V":20,"NV":1,"TB":0},{"Id":78,"V":20,"NV":1,"TB":0},{"Id":70,"V":19,"NV":1,"TB":0},{"Id":66,"V":15,"NV":0,"TB":0}],[{"Id":74,"V":31,"NV":7,"TB":0},{"Id":70,"V":22,"NV":3,"TB":0},{"Id":69,"V":21,"NV":1,"TB":0},{"Id":78,"V":20,"NV":0,"TB":0}],[{"Id":74,"V":37,"NV":6,"TB":0},{"Id":69,"V":26,"NV":5,"TB":0},{"Id":70,"V":25,"NV":3,"TB":0}],[{"Id":74,"V":46,"NV":9,"TB":0},{"Id":69,"V":34,"NV":8,"TB":0}],[{"Id":74,"V":65,"NV":19,"TB":0}]],"Expires":1502671195,"SecondsLeft":0}