{"Mtype":"results","Title":"Round 7","PollStarted":"2018-07-15T23:17:11.131952885Z","PollDuration":300000000000,"Options":{"65":"Flora softly humming a lullaby to her unborn child","66":"Kat dressed as Lara Croft","67":"Modern Trace and Flora on a date!","68":"Kat towel whipping Flora","69":"wholesome baby/young zen meets cocky adult zen","70":"Raine tries to catch her tail.","71":"Backside comparison, Sythe and zen with Nibbly as judge.","72":"(AU) Teen Zen nervously waiting for teen Raine at door for prom. Euchre staring with cold, judging eyes.","73":"[Database Error] having a nightmare about fem!Sythe hitting on him","74":"Twokinds’ Jazz Bar: Nibbly on Sax, Sythe on Trumpet, \u0026 Raine on Piano","75":"Natani in N7 outfit and equip. Female (Mass) and male (effect) versions.","76":"Kat pounces on Zen, Flora watching with a proud expression","77":"Therie, Nat and Flora sharing tips on a café terrace while Kat spies on them.","78":"Hatchling Reni playing with her first magical item","79":"Sexy Iris Dakimakura","80":"Mike and Kathrin posing for Eric's painting","81":"Ms. Potts uses a stepladder to pet Colin"},"ExpectedBallots":104,"CountedBallots":104,"Ballots":["AOMQEHGKCBJFPILDN","HEIG","OCAMNFKPQLHIGEDBJ","HFLOJCNIQPMDAGBKE","QPHFJDIBA","CKBIDNJ","IJC","A","QLPDFEGIOBJMC","PCNJFIQHAEKBGLOMD","EJBFHO","GIPDEHF","EF","KFHQAL","HG","HQFN","QCFIHKJBLE","OPHI","QPIG","DALM","LDOA","QMLJ","MQ","QIANFCEHMOBL","QDENMA","NBJF","JNFACGO","GLJC","FGPI","JMHLBIKOGCADFENQP","DJFKCPGBQOEIH","HFO","GAO","ODIGLPBM","GIQAK","HFIEJ","MCADNEOLFPKBIJHGQ","OGKEDPH","JQCDFPLOAGEHMINBK","CLIABDKEFHMPOGJQN","KHMDEFOAL","IC","NQK","KBDI","BEHQIO","ACMDBFHELI","GNHFIJ","NFOBI","JQCNAGH","PKHIFQN","OIGPFD","GI","OHDBLJGFIKPNQECMA","JQBCHGPOAFIEKNDML","G","DLMCPFGNIAQEHJBOK","QE","ACDMLFEHIBN","QGFC","O","CQHLBPKEOFIMJADGN","BPJFC","GIFEHNPKLBQJO","PBL","AQFNC","PCFHGDAMLENIBKJOQ","QMIFN","L","KBPFDI","KCMFODJNHAPBQGLIE","JFIN","GHQDF","LDCQIJGFOEA","","HNPAM","NIQJPDCF","FDBLOAGPHQJMNKICE","MDBOFCPLA","","QJIPACDMHGELFNOKB","PLOMJFD","KMEGPOF","PBHFLIJD","PBF","MCLQFP","KGBLAHMNOFCPQDEJI","J","FIL","EPFLG","ACEDLHIFN","DIO","JHFQPENIDOMCGKABL","FJPHCMABO","LEHJQ","JMCFN","DALM","AFICBOKMEPJDQNHLG","EQJA","INHC","GBDPOKMFLH","PBHFLIJD","OKAPHCFDMBINJEL","GE","NHFJIEQPMO"],"Placements":[[{"Id":71,"V":11,"NV":11,"TB":0},{"Id":81,"V":11,"NV":11,"TB":0},{"Id":74,"V":9,"NV":9,"TB":0},{"Id":79,"V":8,"NV":8,"TB":0},{"Id":80,"V":8,"NV":8,"TB":0},{"Id":65,"V":7,"NV":7,"TB":0},{"Id":72,"V":7,"NV":7,"TB":0},{"Id":75,"V":7,"NV":7,"TB":0},{"Id":68,"V":5,"NV":5,"TB":0},{"Id":78,"V":5,"NV":5,"TB":0},{"Id":69,"V":4,"NV":4,"TB":0},{"Id":70,"V":4,"NV":4,"TB":0},{"Id":76,"V":4,"NV":4,"TB":0},{"Id":77,"V":4,"NV":4,"TB":0},{"Id":67,"V":3,"NV":3,"TB":0},{"Id":73,"V":3,"NV":3,"TB":0},{"Id":66,"V":2,"NV":2,"TB":0}],[{"Id":71,"V":11,"NV":0,"TB":0},{"Id":81,"V":11,"NV":0,"TB":0},{"Id":74,"V":9,"NV":0,"TB":0},{"Id":80,"V":9,"NV":1,"TB":0},{"Id":79,"V":8,"NV":0,"TB":0},{"Id":65,"V":7,"NV":0,"TB":0},{"Id":72,"V":7,"NV":0,"TB":0},{"Id":75,"V":7,"NV":0,"TB":0},{"Id":68,"V":5,"NV":0,"TB":0},{"Id":69,"V":5,"NV":1,"TB":0},{"Id":78,"V":5,"NV":0,"TB":0},{"Id":70,"V":4,"NV":0,"TB":0},{"Id":76,"V":4,"NV":0,"TB":0},{"Id":77,"V":4,"NV":0,"TB":0},{"Id":67,"V":3,"NV":0,"TB":0},{"Id":73,"V":3,"NV":0,"TB":1}],[{"Id":71,"V":11,"NV":0,"TB":0},{"Id":81,"V":11,"NV":0,"TB":0},{"Id":74,"V":10,"NV":1,"TB":0},{"Id":80,"V":9,"NV":0,"TB":0},{"Id":79,"V":8,"NV":0,"TB":0},{"Id":65,"V":7,"NV":0,"TB":0},{"Id":72,"V":7,"NV":0,"TB":0},{"Id":75,"V":7,"NV":0,"TB":0},{"Id":78,"V":6,"NV":1,"TB":0},{"Id":68,"V":5,"NV":0,"TB":0},{"Id":69,"V":5,"NV":0,"TB":0},{"Id":70,"V":4,"NV":0,"TB":0},{"Id":76,"V":4,"NV":0,"TB":0},{"Id":77,"V":4,"NV":0,"TB":0},{"Id":67,"V":4,"NV":1,"TB":4}],[{"Id":81,"V":12,"NV":1,"TB":0},{"Id":71,"V":11,"NV":0,"TB":0},{"Id":74,"V":10,"NV":0,"TB":0},{"Id":80,"V":9,"NV":0,"TB":0},{"Id":75,"V":8,"NV":1,"TB":0},{"Id":79,"V":8,"NV":0,"TB":0},{"Id":65,"V":7,"NV":0,"TB":0},{"Id":72,"V":7,"NV":0,"TB":0},{"Id":78,"V":6,"NV":0,"TB":0},{"Id":68,"V":5,"NV":0,"TB":0},{"Id":69,"V":5,"NV":0,"TB":0},{"Id":76,"V":5,"NV":1,"TB":0},{"Id":70,"V":4,"NV":0,"TB":0},{"Id":77,"V":4,"NV":0,"TB":1}],[{"Id":81,"V":13,"NV":1,"TB":0},{"Id":71,"V":11,"NV":0,"TB":0},{"Id":74,"V":10,"NV":0,"TB":0},{"Id":80,"V":9,"NV":0,"TB":0},{"Id":65,"V":8,"NV":1,"TB":0},{"Id":75,"V":8,"NV":0,"TB":0},{"Id":79,"V":8,"NV":0,"TB":0},{"Id":72,"V":7,"NV":0,"TB":0},{"Id":68,"V":6,"NV":1,"TB":0},{"Id":76,"V":6,"NV":1,"TB":0},{"Id":78,"V":6,"NV":0,"TB":0},{"Id":69,"V":5,"NV":0,"TB":0},{"Id":70,"V":4,"NV":0,"TB":0}],[{"Id":81,"V":13,"NV":0,"TB":0},{"Id":71,"V":12,"NV":1,"TB":0},{"Id":74,"V":11,"NV":1,"TB":0},{"Id":80,"V":9,"NV":0,"TB":0},{"Id":65,"V":8,"NV":0,"TB":0},{"Id":75,"V":8,"NV":0,"TB":0},{"Id":79,"V":8,"NV":0,"TB":0},{"Id":68,"V":7,"NV":1,"TB":0},{"Id":72,"V":7,"NV":0,"TB":0},{"Id":76,"V":7,"NV":1,"TB":0},{"Id":78,"V":6,"NV":0,"TB":0},{"Id":69,"V":5,"NV":0,"TB":0}],[{"Id":81,"V":14,"NV":1,"TB":0},{"Id":71,"V":12,"NV":0,"TB":0},{"Id":74,"V":12,"NV":1,"TB":0},{"Id":80,"V":10,"NV":1,"TB":0},{"Id":65,"V":8,"NV":0,"TB":0},{"Id":72,"V":8,"NV":1,"TB":0},{"Id":75,"V":8,"NV":0,"TB":0},{"Id":79,"V":8,"NV":0,"TB":0},{"Id":68,"V":7,"NV":0,"TB":0},{"Id":76,"V":7,"NV":0,"TB":0},{"Id":78,"V":6,"NV":0,"TB":0}],[{"Id":81,"V":16,"NV":2,"TB":0},{"Id":74,"V":13,"NV":1,"TB":0},{"Id":71,"V":12,"NV":0,"TB":0},{"Id":72,"V":10,"NV":2,"TB":0},{"Id":80,"V":10,"NV":0,"TB":0},{"Id":79,"V":9,"NV":1,"TB":0},{"Id":65,"V":8,"NV":0,"TB":0},{"Id":75,"V":8,"NV":0,"TB":0},{"Id":76,"V":7,"NV":0,"TB":0},{"Id":68,"V":7,"NV":0,"TB":2}],[{"Id":81,"V":16,"NV":0,"TB":0},{"Id":74,"V":14,"NV":1,"TB":0},{"Id":71,"V":12,"NV":0,"TB":0},{"Id":79,"V":11,"NV":2,"TB":0},{"Id":65,"V":10,"NV":2,"TB":0},{"Id":72,"V":10,"NV":0,"TB":0},{"Id":80,"V":10,"NV":0,"TB":0},{"Id":76,"V":9,"NV":2,"TB":0},{"Id":75,"V":8,"NV":0,"TB":0}],[{"Id":81,"V":16,"NV":0,"TB":0},{"Id":74,"V":15,"NV":1,"TB":0},{"Id":71,"V":14,"NV":2,"TB":0},{"Id":72,"V":12,"NV":2,"TB":0},{"Id":79,"V":12,"NV":1,"TB":0},{"Id":80,"V":11,"NV":1,"TB":0},{"Id":65,"V":10,"NV":0,"TB":0},{"Id":76,"V":9,"NV":0,"TB":0}],[{"Id":81,"V":18,"NV":2,"TB":0},{"Id":74,"V":15,"NV":0,"TB":0},{"Id":71,"V":14,"NV":0,"TB":0},{"Id":79,"V":14,"NV":2,"TB":0},{"Id":72,"V":13,"NV":1,"TB":0},{"Id":80,"V":12,"NV":1,"TB":0},{"Id":65,"V":11,"NV":1,"TB":0}],[{"Id":81,"V":19,"NV":1,"TB":0},{"Id":72,"V":17,"NV":4,"TB":0},{"Id":79,"V":17,"NV":3,"TB":0},{"Id":74,"V":15,"NV":0,"TB":0},{"Id":71,"V":14,"NV":0,"TB":0},{"Id":80,"V":12,"NV":0,"TB":0}],[{"Id":72,"V":21,"NV":4,"TB":0},{"Id":81,"V":19,"NV":0,"TB":0},{"Id":79,"V":18,"NV":1,"TB":0},{"Id":74,"V":17,"NV":2,"TB":0},{"Id":71,"V":16,"NV":2,"TB":0}],[{"Id":72,"V":26,"NV":5,"TB":0},{"Id":79,"V":21,"NV":3,"TB":0},{"Id":81,"V":21,"NV":2,"TB":0},{"Id":74,"V":18,"NV":1,"TB":0}],[{"Id":72,"V":30,"NV":4,"TB":0},{"Id":81,"V":26,"NV":5,"TB":0},{"Id":79,"V":22,"NV":1,"TB":0}],[{"Id":72,"V":38,"NV":8,"TB":0},{"Id":81,"V":29,"NV":3,"TB":0}],[{"Id":72,"V":52,"NV":14,"TB":0}]],"Expires":1531697234,"SecondsLeft":0}