{"Mtype":"results","Title":"Round 5","PollStarted":"2018-07-15T22:41:07.774261574Z","PollDuration":300000000000,"Options":{"65":"Toms Birthday: Page 92 - Redrawn","66":"Maddie finds Zen \u0026 Kat together in bed.","67":"The ladies walking down a fashion runway (Flora, Adira, Kat, Laura)","68":"Alaric takes Keith on vacation...to a nude beach.","69":"Historical moment. Start of royal dragon family. Reni's grandfather meets human princess.","70":"Jim Carrey as The Mask meets the Two Kinds Masks","71":"Happy families AU: A proud Euchre and Mary play with their new daughter","72":"Raine/Rose AU: Cookie bake-off between Raine/Rose and Laura/Her Kids from the In Another Life sketch","73":"Boxing kangaroos","74":"Roselyn, maid of honor at Trace and Saria's wedding.","75":"Sam hid doggy treats in her room and locking herself with Colin. \"ITS A TRAP!\"","76":"Peeping Tom: the return of the pizza guy opens a door to discover Karen grabbing Maddie's ears","77":"Scarlet joins FemMike and Princess Clovis in the M2F Hot Springs, exceedingly nervous.","78":"Clovis tries another spell to return to a male form, but this one results in super-long girly hair.","79":"Keith as Connor from Detroit: Become Human","80":"Kathrin helping zen walk","81":"Plush Nora causes plush Transformation mayhem with the crew!"},"ExpectedBallots":145,"CountedBallots":145,"Ballots":["CMNJE","LBCQKDPGANJMEFOHI","MPGKNCBDEH","DAJO","BJDKPCLHIAEN","KINEM","DLQNA","OPKMDHAJQLEBCNGIF","OHAINQMGKPDJCELBF","LAIMQPJD","DCJOA","FELJQ","KBPDGELMA","F","FELGIAKJ","FPQLB","AFJHQCEGIBLKNPODM","CPNB","DB","DMKBN","","OH","DBLMENQHJ","ALQOIFHJKCPGBNMED","P","BP","FDAPNECK","GKQEL","AOJML","HJMCKE","JGCDIAKPNHEMO","EQ","IBPDALEJMGK","CPAL","JCNAHFQEGP","EPGJQDN","EQNMAOLFHJCDKBGIP","IEQD","BPKE","MQN","EKLQ","GIAD","HOBDCFPJGKMEAILNQ","EJDBA","NLGHKAMPEFOQCDBIJ","QFNBOL","PBCA","KFGQ","QNMKF","NMHLQEFP","JFGEHBCLQP","ED","A","DCBHEJGLMPIQKNOAF","BCHAPQ","CIKLH","ALHP","QODMLJABGCHIFKEPN","KOEDG","NQMJDPAHCGEOBKFLI","AFNLKQIDMBJCGEOHP","ABHPCGNLKODEFMQIJ","GJKHE","NFMALI","KL","NQBMC","L","JOQK","QNCM","FIELKPABOHQJDGMCN","QGHKEFIACLPJOD","DGFIJLQAEHCPKNOBM","QNMEL","FOQJL","QMDCFE","DLBG","QLIDGENOMJKPFCHBA","BDPMNKGA","DKIENCGJMAFQOHLPB","MKFPIN","KCEGFDLBQPIAO","","DC","BPQMDCJAKEGLNHIOF","JGEPL","PEGHJ","CBP","LEKFQ","KDMNEBL","NMHBF","ODH","AFLQ","DPB","KLBOEF","BPAQC","DNEH","MNQP","CBPKFIQHDGMJLENAO","GKB","N","EOKLCBDAPGJQINMHF","","BPAGEFNCDL","DMNPBKLQJF","GMNKHEABDQLF","JPKIFNHQM","BNFECLJ","LKB","E","BO","PCBMLI","EGJPKHM","HBNPJC","PJ","PNJAB","GPK","HBNPJC","C","LACJPBF","LAKDPC","BEACOGKNDHFPMIJLQ","QNLB","CM","QEBMN","ADNO","LQNP","PF","MEI","MDCNBPJHELGQKIAOF","CPAE","FBAEG","ALIK","IEKO","GHMLDCNAB","MAKJC","HGEDACILOFQJNMK","BLD","O","HQND","PBHOLKA","BKFGM","MQKNDA","LB","IDFKJHEBMNCPAG",""],"Placements":[[{"Id":68,"V":14,"NV":14,"TB":0},{"Id":66,"V":13,"NV":13,"TB":0},{"Id":65,"V":10,"NV":10,"TB":0},{"Id":81,"V":10,"NV":10,"TB":0},{"Id":67,"V":9,"NV":9,"TB":0},{"Id":69,"V":9,"NV":9,"TB":0},{"Id":76,"V":9,"NV":9,"TB":0},{"Id":70,"V":8,"NV":8,"TB":0},{"Id":75,"V":8,"NV":8,"TB":0},{"Id":77,"V":8,"NV":8,"TB":0},{"Id":80,"V":8,"NV":8,"TB":0},{"Id":71,"V":7,"NV":7,"TB":0},{"Id":78,"V":7,"NV":7,"TB":0},{"Id":72,"V":6,"NV":6,"TB":0},{"Id":74,"V":6,"NV":6,"TB":0},{"Id":79,"V":5,"NV":5,"TB":0},{"Id":73,"V":4,"NV":4,"TB":0}],[{"Id":68,"V":15,"NV":1,"TB":0},{"Id":66,"V":14,"NV":1,"TB":0},{"Id":69,"V":11,"NV":2,"TB":0},{"Id":65,"V":10,"NV":0,"TB":0},{"Id":81,"V":10,"NV":0,"TB":0},{"Id":67,"V":9,"NV":0,"TB":0},{"Id":76,"V":9,"NV":0,"TB":0},{"Id":70,"V":8,"NV":0,"TB":0},{"Id":75,"V":8,"NV":0,"TB":0},{"Id":77,"V":8,"NV":0,"TB":0},{"Id":80,"V":8,"NV":0,"TB":0},{"Id":71,"V":7,"NV":0,"TB":0},{"Id":78,"V":7,"NV":0,"TB":0},{"Id":72,"V":6,"NV":0,"TB":0},{"Id":74,"V":6,"NV":0,"TB":0},{"Id":79,"V":5,"NV":0,"TB":0}],[{"Id":68,"V":16,"NV":1,"TB":0},{"Id":66,"V":14,"NV":0,"TB":0},{"Id":69,"V":11,"NV":0,"TB":0},{"Id":65,"V":10,"NV":0,"TB":0},{"Id":81,"V":10,"NV":0,"TB":0},{"Id":67,"V":9,"NV":0,"TB":0},{"Id":76,"V":9,"NV":0,"TB":0},{"Id":80,"V":9,"NV":1,"TB":0},{"Id":70,"V":8,"NV":0,"TB":0},{"Id":72,"V":8,"NV":2,"TB":0},{"Id":75,"V":8,"NV":0,"TB":0},{"Id":77,"V":8,"NV":0,"TB":0},{"Id":71,"V":7,"NV":0,"TB":0},{"Id":78,"V":7,"NV":0,"TB":0},{"Id":74,"V":6,"NV":0,"TB":0}],[{"Id":68,"V":16,"NV":0,"TB":0},{"Id":66,"V":14,"NV":0,"TB":0},{"Id":69,"V":11,"NV":0,"TB":0},{"Id":81,"V":11,"NV":1,"TB":0},{"Id":65,"V":10,"NV":0,"TB":0},{"Id":67,"V":10,"NV":1,"TB":0},{"Id":80,"V":10,"NV":1,"TB":0},{"Id":70,"V":9,"NV":1,"TB":0},{"Id":71,"V":9,"NV":2,"TB":0},{"Id":76,"V":9,"NV":0,"TB":0},{"Id":72,"V":8,"NV":0,"TB":0},{"Id":75,"V":8,"NV":0,"TB":0},{"Id":77,"V":8,"NV":0,"TB":0},{"Id":78,"V":7,"NV":0,"TB":0}],[{"Id":68,"V":16,"NV":0,"TB":0},{"Id":66,"V":14,"NV":0,"TB":0},{"Id":81,"V":13,"NV":2,"TB":0},{"Id":69,"V":11,"NV":0,"TB":0},{"Id":65,"V":10,"NV":0,"TB":0},{"Id":67,"V":10,"NV":0,"TB":0},{"Id":70,"V":10,"NV":1,"TB":0},{"Id":76,"V":10,"NV":1,"TB":0},{"Id":77,"V":10,"NV":2,"TB":0},{"Id":80,"V":10,"NV":0,"TB":0},{"Id":71,"V":9,"NV":0,"TB":0},{"Id":75,"V":8,"NV":0,"TB":0},{"Id":72,"V":8,"NV":0,"TB":2}],[{"Id":66,"V":17,"NV":3,"TB":0},{"Id":68,"V":16,"NV":0,"TB":0},{"Id":81,"V":14,"NV":1,"TB":0},{"Id":65,"V":11,"NV":1,"TB":0},{"Id":69,"V":11,"NV":0,"TB":0},{"Id":77,"V":11,"NV":1,"TB":0},{"Id":67,"V":10,"NV":0,"TB":0},{"Id":70,"V":10,"NV":0,"TB":0},{"Id":71,"V":10,"NV":1,"TB":0},{"Id":76,"V":10,"NV":0,"TB":0},{"Id":80,"V":10,"NV":0,"TB":0},{"Id":75,"V":8,"NV":0,"TB":0}],[{"Id":66,"V":18,"NV":1,"TB":0},{"Id":68,"V":17,"NV":1,"TB":0},{"Id":81,"V":14,"NV":0,"TB":0},{"Id":69,"V":13,"NV":2,"TB":0},{"Id":76,"V":12,"NV":2,"TB":0},{"Id":65,"V":11,"NV":0,"TB":0},{"Id":67,"V":11,"NV":1,"TB":0},{"Id":70,"V":11,"NV":1,"TB":0},{"Id":77,"V":11,"NV":0,"TB":0},{"Id":80,"V":10,"NV":0,"TB":0},{"Id":71,"V":10,"NV":0,"TB":2}],[{"Id":66,"V":19,"NV":1,"TB":0},{"Id":68,"V":17,"NV":0,"TB":0},{"Id":69,"V":16,"NV":3,"TB":0},{"Id":81,"V":15,"NV":1,"TB":0},{"Id":77,"V":13,"NV":2,"TB":0},{"Id":65,"V":12,"NV":1,"TB":0},{"Id":67,"V":12,"NV":1,"TB":0},{"Id":76,"V":12,"NV":0,"TB":0},{"Id":80,"V":11,"NV":1,"TB":0},{"Id":70,"V":11,"NV":0,"TB":2}],[{"Id":66,"V":20,"NV":1,"TB":0},{"Id":69,"V":20,"NV":4,"TB":0},{"Id":68,"V":18,"NV":1,"TB":0},{"Id":81,"V":17,"NV":2,"TB":0},{"Id":77,"V":14,"NV":1,"TB":0},{"Id":65,"V":12,"NV":0,"TB":0},{"Id":67,"V":12,"NV":0,"TB":0},{"Id":76,"V":12,"NV":0,"TB":0},{"Id":80,"V":12,"NV":1,"TB":1}],[{"Id":66,"V":22,"NV":2,"TB":0},{"Id":69,"V":21,"NV":1,"TB":0},{"Id":81,"V":19,"NV":2,"TB":0},{"Id":68,"V":18,"NV":0,"TB":0},{"Id":77,"V":15,"NV":1,"TB":0},{"Id":65,"V":13,"NV":1,"TB":0},{"Id":67,"V":13,"NV":1,"TB":0},{"Id":76,"V":12,"NV":0,"TB":0}],[{"Id":66,"V":26,"NV":4,"TB":0},{"Id":69,"V":22,"NV":1,"TB":0},{"Id":81,"V":20,"NV":1,"TB":0},{"Id":68,"V":18,"NV":0,"TB":0},{"Id":65,"V":17,"NV":4,"TB":0},{"Id":77,"V":15,"NV":0,"TB":0},{"Id":67,"V":13,"NV":0,"TB":0}],[{"Id":66,"V":30,"NV":4,"TB":0},{"Id":69,"V":23,"NV":1,"TB":0},{"Id":65,"V":20,"NV":3,"TB":0},{"Id":81,"V":20,"NV":0,"TB":0},{"Id":68,"V":19,"NV":1,"TB":0},{"Id":77,"V":17,"NV":2,"TB":0}],[{"Id":66,"V":32,"NV":2,"TB":0},{"Id":69,"V":27,"NV":4,"TB":0},{"Id":81,"V":24,"NV":4,"TB":0},{"Id":65,"V":22,"NV":2,"TB":0},{"Id":68,"V":22,"NV":3,"TB":1}],[{"Id":66,"V":40,"NV":8,"TB":0},{"Id":69,"V":31,"NV":4,"TB":0},{"Id":65,"V":28,"NV":6,"TB":0},{"Id":81,"V":26,"NV":2,"TB":0}],[{"Id":66,"V":44,"NV":4,"TB":0},{"Id":69,"V":38,"NV":7,"TB":0},{"Id":65,"V":33,"NV":5,"TB":0}],[{"Id":66,"V":51,"NV":7,"TB":0},{"Id":69,"V":48,"NV":10,"TB":0}],[{"Id":66,"V":69,"NV":18,"TB":0}]],"Expires":1531695069,"SecondsLeft":0}