{"Mtype":"results","Title":"Round 3","PollStarted":"2018-09-09T21:26:08.3150537Z","PollDuration":300000000000,"Options":{"65":"Human Mike \u0026 Evals playing D\u0026D, Mike rolls a 1 \u0026 Tom explains he was turned into a girl by a powerful cat","66":"Twokinds/Kingdom Hearts meet each other. Sora travels to Mekkan \u0026 meets Trace \u0026 Flora.","67":"A fight between the main character \u0026 Hornet from Hollow Knight","68":"Older Maddie \u0026 Maeve adopt a very cute snow leopard cub","69":"Flora \u0026 Maddie doing a scavenger hunt around the town; the items they find belong to Trace.","70":"Spartan Raine-Human Raine as Halo UNSC Spartan 4.","71":"Sarah, Landen, Sealeen party time in a bar in a victory shindig","72":"Women's Bath 3 Maren takes Raine's towel off","73":"Kat \u0026 Eric swap bodies ","74":"Trace (controlled by ‘Mini Nora’) vs Flora (controlled by Nibbly) in a city of cardboard boxes.","75":"Sealeen Spikes Edinmire's Water with her transformation potions.","76":"Mike dreams of his imaginary vixen from page 481 again.","77":"Human Flora \u0026 Tiger Trace Magic mishap ","78":"Natani surprises Keith with a hot new teddy","79":"Male Raine? Both forms?","80":"Kathrin tries to impress Zen/Natani by dressing up as what she thinks a sexy assassin looks like."},"ExpectedBallots":93,"CountedBallots":93,"Ballots":["JEIHLKD","OAJHLDPKGNEIF","MK","NDPHJAIL","LPANIKHDEJ","KPGIMBLAFNJEOCDH","PDLAIHNMJEOGBKCF","BHJMPEDLN","BAI","K","APLKIG","PGDA","KI","POJLNHIED","MJBE","AIHFPMDLNOCGEKJB","HIALKMPON","PNKDILA","JKPMEHON","A","OAIP","LPNDHKF","NHPID","HOLNP","HKLIAGEPDNMJOFBC","NIOBLEDKMP","HKGNLDFAPIOEMBCJ","APHKNIDOGELMJCFB","NIEOLDHKGMAPJBFC","OCKDGFJEABMI","JPIKNE","JCABFIPKONHMLE","PKD","GDF","OLAED","ENLDMJB","KPEAINJDOLMHBGFC","L","HPN","MIOJHBAFLCDGKNEP","FE","AHILPNOMKFEBGDJC","PNHE","OBJMANLEDFPGH","INOF","BILEAHOPMKNDJFGC","HLENOKDGMC","HLIK","DNOA","LIMO","ILAO","OAIGJMK","IHDE","D","JPHMLIDONFAGECKB","FHMEJDAPCBLGKINO","DPI","FMHNIPD","FHIAOJPBDGMNLECK","LOMHAIGPENKDJ","MEI","GPKICHLB","NKHA","PIALEGM","LHIBCODK","HPNDOLAJBGMCIFKE","MJDFK","HDP","LKHOIF","ICBOPJKGAEMH","HMJPNIDLGE","HL","HL","OHI","LHNPOFAIDEKJM","AMONPDEGK","HNP","JMKFLDO","EAD","HMENPAIJOC","NMLPIOAJD","LNOFA","FMHNIPD","IP","B","LPFNA","PEKIADJONLHB","NHIAF","HNPLIEAJKGMODFCB","HDP","KI","PAM","HOFIPMN"],"Placements":[[{"Id":72,"V":17,"NV":17,"TB":0},{"Id":76,"V":10,"NV":10,"TB":0},{"Id":80,"V":9,"NV":9,"TB":0},{"Id":78,"V":7,"NV":7,"TB":0},{"Id":79,"V":7,"NV":7,"TB":0},{"Id":65,"V":6,"NV":6,"TB":0},{"Id":74,"V":6,"NV":6,"TB":0},{"Id":70,"V":5,"NV":5,"TB":0},{"Id":73,"V":5,"NV":5,"TB":0},{"Id":75,"V":5,"NV":5,"TB":0},{"Id":77,"V":5,"NV":5,"TB":0},{"Id":66,"V":4,"NV":4,"TB":0},{"Id":68,"V":3,"NV":3,"TB":0},{"Id":69,"V":2,"NV":2,"TB":0},{"Id":71,"V":2,"NV":2,"TB":0},{"Id":67,"V":0,"NV":0,"TB":0}],[{"Id":72,"V":17,"NV":0,"TB":0},{"Id":76,"V":10,"NV":0,"TB":0},{"Id":80,"V":9,"NV":0,"TB":0},{"Id":78,"V":7,"NV":0,"TB":0},{"Id":79,"V":7,"NV":0,"TB":0},{"Id":65,"V":6,"NV":0,"TB":0},{"Id":74,"V":6,"NV":0,"TB":0},{"Id":70,"V":5,"NV":0,"TB":0},{"Id":73,"V":5,"NV":0,"TB":0},{"Id":75,"V":5,"NV":0,"TB":0},{"Id":77,"V":5,"NV":0,"TB":0},{"Id":66,"V":4,"NV":0,"TB":0},{"Id":68,"V":3,"NV":0,"TB":0},{"Id":69,"V":2,"NV":0,"TB":0},{"Id":71,"V":2,"NV":0,"TB":1}],[{"Id":72,"V":17,"NV":0,"TB":0},{"Id":76,"V":10,"NV":0,"TB":0},{"Id":80,"V":10,"NV":1,"TB":0},{"Id":78,"V":7,"NV":0,"TB":0},{"Id":79,"V":7,"NV":0,"TB":0},{"Id":65,"V":6,"NV":0,"TB":0},{"Id":74,"V":6,"NV":0,"TB":0},{"Id":70,"V":5,"NV":0,"TB":0},{"Id":73,"V":5,"NV":0,"TB":0},{"Id":75,"V":5,"NV":0,"TB":0},{"Id":77,"V":5,"NV":0,"TB":0},{"Id":66,"V":4,"NV":0,"TB":0},{"Id":68,"V":4,"NV":1,"TB":0},{"Id":69,"V":2,"NV":0,"TB":0}],[{"Id":72,"V":17,"NV":0,"TB":0},{"Id":76,"V":10,"NV":0,"TB":0},{"Id":80,"V":10,"NV":0,"TB":0},{"Id":78,"V":8,"NV":1,"TB":0},{"Id":65,"V":7,"NV":1,"TB":0},{"Id":79,"V":7,"NV":0,"TB":0},{"Id":74,"V":6,"NV":0,"TB":0},{"Id":70,"V":5,"NV":0,"TB":0},{"Id":73,"V":5,"NV":0,"TB":0},{"Id":75,"V":5,"NV":0,"TB":0},{"Id":77,"V":5,"NV":0,"TB":0},{"Id":68,"V":4,"NV":0,"TB":0},{"Id":66,"V":4,"NV":0,"TB":2}],[{"Id":72,"V":18,"NV":1,"TB":0},{"Id":76,"V":10,"NV":0,"TB":0},{"Id":80,"V":10,"NV":0,"TB":0},{"Id":65,"V":8,"NV":1,"TB":0},{"Id":78,"V":8,"NV":0,"TB":0},{"Id":79,"V":7,"NV":0,"TB":0},{"Id":73,"V":6,"NV":1,"TB":0},{"Id":74,"V":6,"NV":0,"TB":0},{"Id":70,"V":5,"NV":0,"TB":0},{"Id":75,"V":5,"NV":0,"TB":0},{"Id":77,"V":5,"NV":0,"TB":0},{"Id":68,"V":4,"NV":0,"TB":0}],[{"Id":72,"V":18,"NV":0,"TB":0},{"Id":80,"V":11,"NV":1,"TB":0},{"Id":76,"V":10,"NV":0,"TB":0},{"Id":78,"V":9,"NV":1,"TB":0},{"Id":65,"V":8,"NV":0,"TB":0},{"Id":79,"V":7,"NV":0,"TB":0},{"Id":70,"V":6,"NV":1,"TB":0},{"Id":73,"V":6,"NV":0,"TB":0},{"Id":74,"V":6,"NV":0,"TB":0},{"Id":77,"V":5,"NV":0,"TB":0},{"Id":75,"V":5,"NV":0,"TB":2}],[{"Id":72,"V":18,"NV":0,"TB":0},{"Id":80,"V":13,"NV":2,"TB":0},{"Id":76,"V":10,"NV":0,"TB":0},{"Id":78,"V":9,"NV":0,"TB":0},{"Id":65,"V":8,"NV":0,"TB":0},{"Id":73,"V":8,"NV":2,"TB":0},{"Id":79,"V":7,"NV":0,"TB":0},{"Id":70,"V":6,"NV":0,"TB":0},{"Id":74,"V":6,"NV":0,"TB":0},{"Id":77,"V":5,"NV":0,"TB":0}],[{"Id":72,"V":18,"NV":0,"TB":0},{"Id":80,"V":13,"NV":0,"TB":0},{"Id":73,"V":10,"NV":2,"TB":0},{"Id":76,"V":10,"NV":0,"TB":0},{"Id":78,"V":9,"NV":0,"TB":0},{"Id":65,"V":8,"NV":0,"TB":0},{"Id":74,"V":8,"NV":2,"TB":0},{"Id":79,"V":7,"NV":0,"TB":0},{"Id":70,"V":6,"NV":0,"TB":0}],[{"Id":72,"V":22,"NV":4,"TB":0},{"Id":80,"V":13,"NV":0,"TB":0},{"Id":73,"V":10,"NV":0,"TB":0},{"Id":76,"V":10,"NV":0,"TB":0},{"Id":78,"V":9,"NV":0,"TB":0},{"Id":65,"V":8,"NV":0,"TB":0},{"Id":74,"V":8,"NV":0,"TB":0},{"Id":79,"V":7,"NV":0,"TB":0}],[{"Id":72,"V":23,"NV":1,"TB":0},{"Id":80,"V":13,"NV":0,"TB":0},{"Id":65,"V":11,"NV":3,"TB":0},{"Id":76,"V":11,"NV":1,"TB":0},{"Id":73,"V":10,"NV":0,"TB":0},{"Id":74,"V":10,"NV":2,"TB":0},{"Id":78,"V":9,"NV":0,"TB":0}],[{"Id":72,"V":26,"NV":3,"TB":0},{"Id":80,"V":14,"NV":1,"TB":0},{"Id":76,"V":13,"NV":2,"TB":0},{"Id":65,"V":12,"NV":1,"TB":0},{"Id":73,"V":12,"NV":2,"TB":0},{"Id":74,"V":10,"NV":0,"TB":0}],[{"Id":72,"V":26,"NV":0,"TB":0},{"Id":80,"V":17,"NV":3,"TB":0},{"Id":65,"V":15,"NV":3,"TB":0},{"Id":76,"V":14,"NV":1,"TB":0},{"Id":73,"V":13,"NV":1,"TB":0}],[{"Id":72,"V":29,"NV":3,"TB":0},{"Id":80,"V":19,"NV":2,"TB":0},{"Id":76,"V":18,"NV":4,"TB":0},{"Id":65,"V":15,"NV":0,"TB":0}],[{"Id":72,"V":32,"NV":3,"TB":0},{"Id":80,"V":24,"NV":5,"TB":0},{"Id":76,"V":19,"NV":1,"TB":0}],[{"Id":72,"V":38,"NV":6,"TB":0},{"Id":80,"V":30,"NV":6,"TB":0}],[{"Id":72,"V":54,"NV":16,"TB":0}]],"Expires":1536528967,"SecondsLeft":0}