{"Mtype":"results","Title":"Round 1","PollStarted":"2018-04-15T20:04:28.540722771Z","PollDuration":300000000000,"Options":{"65":"Wrinry flying for the first time after getting her wings back.","66":"mike walks in on trace having (accidentally?) turned into his fem-tiger form, and helps him adjust.","67":"Sealeen tries to use her potions to brew coffee for Landen, but it goes horribly wrong.","68":"Natani Dakimakura (Body Pillow)","69":"Zen trying to flirt with Kathrin who is completely oblivious to it.","70":"Zen says he was always the pretty one?  Prove it, pretty boy!","71":"Adira daki pillow design","72":"A Flora, Trace, and Kieth X-Men cross-over","73":"Adelaide dressed as a Westerner","74":"Curious about their relationship, LT. Reed attempts to spy on Trace and Flora","75":"Mike walks in on Evals chasing his tail","76":"group a and b as the losers club vs evil trace as pennywise from IT","77":"Reni's magic stuff collection room.","78":"Show us General Keiser’s body : Cornelius showing off for Cathleen. (Sequel to Western Attire)","79":"Flora and Kathrin wearing black tights","80":"Keith accidentally puts on one of those slave control collars, Flora makes him do embarrassing things.","81":"Maddie striving to cheer up (but confusing) Hades from Greek Mythology (or in story equivalent)","82":"Natani teaches Kathrin how to be an assassin."},"ExpectedBallots":153,"CountedBallots":153,"Ballots":["AJEOMQRKH","ODGERBKJPQNCIFHMAL","HFGKPBAM","DINF","MIJBKFRECP","DG","M","CLMHQNA","C","DG","PNEBIFK","ERPQDBNFJAIKHLMGOC","CPDGEFR","BPDKICFMOG","MACINF","BPKFE","EKRIPFONQMCLJBHGD","EHFBQIMKONRJGD","G","KR","KF","BPLMNEJOHADFRCIQKG","DEPBFGO","DI","ODEGNI","L","LR","NFGRIE","IRCF","IFODKPB","IQCLNAGD","BPINREODHCGKFQAJLM","JEIRFM","FRMPBL","JKOC","PEBDJCRG","IJ","OREPK","BOCIGNARJPMFKQHLDE","KFE","B","ICEPMKRN","MBPIEKRQJ","APCMJRNFBKIEG","MFOPKRICQJ","PBFR","DRFPOK","FCJGARNDEIBKQ","GI","DCROI","OJPFKMGQIDBNHRACLE","NIEHFRAPCLOKJQMBGD","OFCMJIREPKNAGDBLHQ","JOQBDKP","KFCEA","G","JACERDBOMHIKPLNGQF","FEMO","EADOP","DMCEBIKGONQAJLPRHF","RIFCENKBQDG","FPKJR","IMJLK","NRLIEHCFQKPOJDGBMA","K","IOJPQGDRBH","QB","LPBJKOND","CINFJPGK","E","R","GBI","OFEPKRIJBDGMCAHQ","PBCKFQ","BKEFOMQ","O","KJORBI","FKEMPR","EORAGBD","IDHNLGFBOKCQ","GDPOH","","PEBR","NERMIJC","IGMKC","DMIJNFHREPAKB","IERPMKOBJ","CDEPFO","G","BMRICOPHDNFEK","GDMRC","MNJCEROLPF","KEPQBMIN","MI","DEGJ","NIPQHDFALMBKJCROEG","EJCRKNM","OIMBJ","CA","MEJPQOIRDGBNHCFLKA","NIBAPREDGFJCKQH","","IMG","RPKEOBFIQCDMGAHNJL","INCEMRLKQ","RBDIA","EMRPOFDK","DGPEKIFBNJRMCHQALO","JICA","IHDOREFCMKNQJGAPLB","ERJPBIHO","JAK","RKEONPIQFGALBDMH","DMGI","KMPR","GDJMEIKAOFRCPNHBQL","K","RIMKEB","FIGMPCEKNDR","GIBC","EG","GDMBRPNEIFCOQLJKAH","RIONG","PMQIAHB","CFRJBK","MQKRBA","ERGO","IMKCJDLPHGQFRANB","ERGO","RDOMIFEPALKGNHCJBQ","GIBC","IDRGNMKEBF","PFGDNRQIEMKOJBCH","GIEO","","MNQ","BPERF","JOB","IQRJN","IOJPQDRGBF","PCRD","GIBC","GOERBI","EIOGH","IHAQMNL","PIMKCNQEFBA","MIOCJ","K","EOPQN","PB","MEIJR","IFKBPA","CKMB"],"Placements":[[{"Id":73,"V":19,"NV":19,"TB":0},{"Id":69,"V":14,"NV":14,"TB":0},{"Id":71,"V":14,"NV":14,"TB":0},{"Id":68,"V":12,"NV":12,"TB":0},{"Id":77,"V":12,"NV":12,"TB":0},{"Id":75,"V":10,"NV":10,"TB":0},{"Id":80,"V":10,"NV":10,"TB":0},{"Id":66,"V":9,"NV":9,"TB":0},{"Id":67,"V":8,"NV":8,"TB":0},{"Id":79,"V":8,"NV":8,"TB":0},{"Id":82,"V":8,"NV":8,"TB":0},{"Id":74,"V":7,"NV":7,"TB":0},{"Id":70,"V":6,"NV":6,"TB":0},{"Id":78,"V":6,"NV":6,"TB":0},{"Id":76,"V":3,"NV":3,"TB":0},{"Id":65,"V":2,"NV":2,"TB":0},{"Id":72,"V":1,"NV":1,"TB":0},{"Id":81,"V":1,"NV":1,"TB":1}],[{"Id":73,"V":19,"NV":0,"TB":0},{"Id":69,"V":14,"NV":0,"TB":0},{"Id":71,"V":14,"NV":0,"TB":0},{"Id":68,"V":12,"NV":0,"TB":0},{"Id":77,"V":12,"NV":0,"TB":0},{"Id":66,"V":10,"NV":1,"TB":0},{"Id":75,"V":10,"NV":0,"TB":0},{"Id":80,"V":10,"NV":0,"TB":0},{"Id":67,"V":8,"NV":0,"TB":0},{"Id":79,"V":8,"NV":0,"TB":0},{"Id":82,"V":8,"NV":0,"TB":0},{"Id":74,"V":7,"NV":0,"TB":0},{"Id":70,"V":6,"NV":0,"TB":0},{"Id":78,"V":6,"NV":0,"TB":0},{"Id":76,"V":3,"NV":0,"TB":0},{"Id":65,"V":2,"NV":0,"TB":0},{"Id":72,"V":1,"NV":0,"TB":0}],[{"Id":73,"V":19,"NV":0,"TB":0},{"Id":69,"V":14,"NV":0,"TB":0},{"Id":71,"V":14,"NV":0,"TB":0},{"Id":68,"V":12,"NV":0,"TB":0},{"Id":77,"V":12,"NV":0,"TB":0},{"Id":66,"V":10,"NV":0,"TB":0},{"Id":75,"V":10,"NV":0,"TB":0},{"Id":80,"V":10,"NV":0,"TB":0},{"Id":67,"V":8,"NV":0,"TB":0},{"Id":79,"V":8,"NV":0,"TB":0},{"Id":82,"V":8,"NV":0,"TB":0},{"Id":70,"V":7,"NV":1,"TB":0},{"Id":74,"V":7,"NV":0,"TB":0},{"Id":78,"V":6,"NV":0,"TB":0},{"Id":76,"V":3,"NV":0,"TB":0},{"Id":65,"V":2,"NV":0,"TB":0}],[{"Id":73,"V":19,"NV":0,"TB":0},{"Id":69,"V":14,"NV":0,"TB":0},{"Id":71,"V":14,"NV":0,"TB":0},{"Id":68,"V":12,"NV":0,"TB":0},{"Id":77,"V":12,"NV":0,"TB":0},{"Id":80,"V":11,"NV":1,"TB":0},{"Id":66,"V":10,"NV":0,"TB":0},{"Id":75,"V":10,"NV":0,"TB":0},{"Id":67,"V":8,"NV":0,"TB":0},{"Id":74,"V":8,"NV":1,"TB":0},{"Id":79,"V":8,"NV":0,"TB":0},{"Id":82,"V":8,"NV":0,"TB":0},{"Id":70,"V":7,"NV":0,"TB":0},{"Id":78,"V":6,"NV":0,"TB":0},{"Id":76,"V":3,"NV":0,"TB":0}],[{"Id":73,"V":19,"NV":0,"TB":0},{"Id":69,"V":14,"NV":0,"TB":0},{"Id":71,"V":14,"NV":0,"TB":0},{"Id":68,"V":12,"NV":0,"TB":0},{"Id":77,"V":12,"NV":0,"TB":0},{"Id":80,"V":12,"NV":1,"TB":0},{"Id":66,"V":10,"NV":0,"TB":0},{"Id":75,"V":10,"NV":0,"TB":0},{"Id":82,"V":9,"NV":1,"TB":0},{"Id":67,"V":8,"NV":0,"TB":0},{"Id":74,"V":8,"NV":0,"TB":0},{"Id":79,"V":8,"NV":0,"TB":0},{"Id":70,"V":7,"NV":0,"TB":0},{"Id":78,"V":6,"NV":0,"TB":0}],[{"Id":73,"V":22,"NV":3,"TB":0},{"Id":69,"V":15,"NV":1,"TB":0},{"Id":71,"V":14,"NV":0,"TB":0},{"Id":68,"V":12,"NV":0,"TB":0},{"Id":77,"V":12,"NV":0,"TB":0},{"Id":80,"V":12,"NV":0,"TB":0},{"Id":66,"V":10,"NV":0,"TB":0},{"Id":75,"V":10,"NV":0,"TB":0},{"Id":82,"V":10,"NV":1,"TB":0},{"Id":67,"V":8,"NV":0,"TB":0},{"Id":70,"V":8,"NV":1,"TB":0},{"Id":74,"V":8,"NV":0,"TB":0},{"Id":79,"V":8,"NV":0,"TB":1}],[{"Id":73,"V":23,"NV":1,"TB":0},{"Id":69,"V":15,"NV":0,"TB":0},{"Id":68,"V":14,"NV":2,"TB":0},{"Id":71,"V":14,"NV":0,"TB":0},{"Id":77,"V":12,"NV":0,"TB":0},{"Id":80,"V":12,"NV":0,"TB":0},{"Id":82,"V":11,"NV":1,"TB":0},{"Id":66,"V":10,"NV":0,"TB":0},{"Id":70,"V":10,"NV":2,"TB":0},{"Id":75,"V":10,"NV":0,"TB":0},{"Id":74,"V":9,"NV":1,"TB":0},{"Id":67,"V":8,"NV":0,"TB":0}],[{"Id":73,"V":24,"NV":1,"TB":0},{"Id":68,"V":15,"NV":1,"TB":0},{"Id":69,"V":15,"NV":0,"TB":0},{"Id":71,"V":14,"NV":0,"TB":0},{"Id":77,"V":13,"NV":1,"TB":0},{"Id":80,"V":13,"NV":1,"TB":0},{"Id":70,"V":11,"NV":1,"TB":0},{"Id":75,"V":11,"NV":1,"TB":0},{"Id":82,"V":11,"NV":0,"TB":0},{"Id":66,"V":10,"NV":0,"TB":0},{"Id":74,"V":9,"NV":0,"TB":0}],[{"Id":73,"V":25,"NV":1,"TB":0},{"Id":69,"V":18,"NV":3,"TB":0},{"Id":68,"V":15,"NV":0,"TB":0},{"Id":71,"V":14,"NV":0,"TB":0},{"Id":80,"V":14,"NV":1,"TB":0},{"Id":75,"V":13,"NV":2,"TB":0},{"Id":77,"V":13,"NV":0,"TB":0},{"Id":66,"V":12,"NV":2,"TB":0},{"Id":82,"V":11,"NV":0,"TB":0},{"Id":70,"V":11,"NV":0,"TB":2}],[{"Id":73,"V":26,"NV":1,"TB":0},{"Id":69,"V":20,"NV":2,"TB":0},{"Id":71,"V":17,"NV":3,"TB":0},{"Id":68,"V":15,"NV":0,"TB":0},{"Id":80,"V":15,"NV":1,"TB":0},{"Id":75,"V":14,"NV":1,"TB":0},{"Id":77,"V":14,"NV":1,"TB":0},{"Id":82,"V":13,"NV":2,"TB":0},{"Id":66,"V":12,"NV":0,"TB":0}],[{"Id":73,"V":27,"NV":1,"TB":0},{"Id":69,"V":20,"NV":0,"TB":0},{"Id":80,"V":20,"NV":5,"TB":0},{"Id":71,"V":17,"NV":0,"TB":0},{"Id":68,"V":16,"NV":1,"TB":0},{"Id":75,"V":15,"NV":1,"TB":0},{"Id":77,"V":15,"NV":1,"TB":0},{"Id":82,"V":13,"NV":0,"TB":0}],[{"Id":73,"V":31,"NV":4,"TB":0},{"Id":69,"V":21,"NV":1,"TB":0},{"Id":80,"V":21,"NV":1,"TB":0},{"Id":68,"V":18,"NV":2,"TB":0},{"Id":71,"V":17,"NV":0,"TB":0},{"Id":75,"V":17,"NV":2,"TB":0},{"Id":77,"V":16,"NV":1,"TB":0}],[{"Id":73,"V":37,"NV":6,"TB":0},{"Id":69,"V":24,"NV":3,"TB":0},{"Id":80,"V":24,"NV":3,"TB":0},{"Id":68,"V":18,"NV":0,"TB":0},{"Id":75,"V":18,"NV":1,"TB":0},{"Id":71,"V":17,"NV":0,"TB":0}],[{"Id":73,"V":44,"NV":7,"TB":0},{"Id":69,"V":25,"NV":1,"TB":0},{"Id":80,"V":24,"NV":0,"TB":0},{"Id":68,"V":23,"NV":5,"TB":0},{"Id":75,"V":19,"NV":1,"TB":0}],[{"Id":73,"V":45,"NV":1,"TB":0},{"Id":69,"V":31,"NV":6,"TB":0},{"Id":80,"V":26,"NV":2,"TB":0},{"Id":68,"V":23,"NV":0,"TB":0}],[{"Id":73,"V":52,"NV":7,"TB":0},{"Id":69,"V":39,"NV":8,"TB":0},{"Id":80,"V":31,"NV":5,"TB":0}],[{"Id":73,"V":61,"NV":9,"TB":0},{"Id":69,"V":49,"NV":10,"TB":0}],[{"Id":73,"V":85,"NV":24,"TB":0}]],"Expires":1523823270,"SecondsLeft":0}