{"Mtype":"results","Title":"Round 7","PollStarted":"2018-05-20T23:58:00.342770164Z","PollDuration":300000000000,"Options":{"65":"Eric convinces Iris and her friend to pose for a painting. (The tigresses from page 900)","66":"Maren in a pretty dress","67":"Trace and Saria are approached by a hungry-looking child Flora.","68":"Keith asks Zen to teach him some magic, Zen teaches him how to play Magic the Gathering.","69":"karaoke night at the estate. Who's the best singer, who's the worst, and who secretly loves death metal. ","70":"Kat outsmarting some basitins guards, just by using her naturel innocent.","71":"Kat's dolls of her friends actually control their actions (by accident of course)","72":"Morning cuddles (flora and trace)","73":"Raine \"hulks out\" of her sweater","74":"The cast as the wizard of oz","75":"Sexy Keith shower pin up.","76":"Basketball 5v5, team A v team B","77":"Zen, Raine, Natani, and Keith playing cards against Keidran.  Let the horrific jokes flow.","78":"A Wright Brothers type thing as a steam punk keith and maddie develop the first flying machine","79":"\"Duchess Flora Legacy at a formal gathering. But even in dress \u0026 jewellery Flora is still Flora.\t\"","80":"Therie, Natani and Flora sharing tips with Kathrin spying on them.","81":"Kathrin makes new clothes for Zen."},"ExpectedBallots":109,"CountedBallots":109,"Ballots":["AM","MDK","CBN","NFADPH","OHFEGCA","PQGCFAHMILEJDNOBK","EQDNPCHIMA","KAOIPBFMDHQ","KA","DEMFLOGHJNCKIAPQB","HOBC","M","CEOKDQGIHNLMFABPJ","ANEQFD","ADPCLEGH","IJKAF","DKLQ","NQCEPHBAO","PFEGNO","D","FCEAGOHD","KFDAMGENCHQPIBOJL","OPFEKCG","EOIBF","EQJ","AKNBHQL","FOHIPCB","LAHNGEMD","MK","MIAHK","QKEH","OACKQ","HQ","G","IHLEMNOQGDFCABKPJ","BKHNCFQOADIEPM","GDF","QFAPB","KPIAGB","PCQKNGAI","A","PQDAKOMBGNFCIHEJL","MAHG","AQP","BOHMCPAQLFGEDNKIJ","EMQPHNF","HCAOJEKQDFILGPBNM","COFLGQAMNPIEDKBJH","OHPANKGQCDMEFBIJL","HCNBJAFKDG","DGKBFNC","IGNJ","EMOBQIG","GPDNCOLBHMIAKJQFE","G","CAFNGQI","KMEFIDNCHQ","IGNJ","EFIBH","FAG","HDMCN","HOCPJG","IBE","MDKBE","MDQKOGBH","MLIQEFDPGCAHOK","DPA","DQNKMAG","FQ","KGNDM","FOBCA","NKM","E","CDIMK","MQJNG","PHCDNKQ","DMQI","QEBPDGOH","","DMIEP","FAPIG","GHNP","OCPDHBGQEMJFIANLK","BKI","FI","OFPAHD","GEFPOJHIACMDNKBLQ","OKNCPFAMQBHI","BQI","KMPNELDG","EOHFQKJBA","FLP","ODNMCEJQGFAPLIHBK","KMFD","NMFA","KGAI","HCGKMDILF","KDQMJEFO","DMLCFPIOQENHBGKAJ","OFPAHD","GMDKP","GEPAH","PEHMI","APKBFDJOEHLQNIGCM","CMBFQDO","AFBO","HOD","B","KCNHQFBGD"],"Placements":[[{"Id":75,"V":11,"NV":11,"TB":0},{"Id":68,"V":9,"NV":9,"TB":0},{"Id":77,"V":9,"NV":9,"TB":0},{"Id":79,"V":9,"NV":9,"TB":0},{"Id":65,"V":8,"NV":8,"TB":0},{"Id":69,"V":8,"NV":8,"TB":0},{"Id":70,"V":8,"NV":8,"TB":0},{"Id":71,"V":8,"NV":8,"TB":0},{"Id":72,"V":8,"NV":8,"TB":0},{"Id":67,"V":6,"NV":6,"TB":0},{"Id":80,"V":6,"NV":6,"TB":0},{"Id":66,"V":5,"NV":5,"TB":0},{"Id":73,"V":5,"NV":5,"TB":0},{"Id":78,"V":4,"NV":4,"TB":0},{"Id":81,"V":3,"NV":3,"TB":0},{"Id":76,"V":1,"NV":1,"TB":0},{"Id":74,"V":0,"NV":0,"TB":0}],[{"Id":75,"V":11,"NV":0,"TB":0},{"Id":68,"V":9,"NV":0,"TB":0},{"Id":77,"V":9,"NV":0,"TB":0},{"Id":79,"V":9,"NV":0,"TB":0},{"Id":65,"V":8,"NV":0,"TB":0},{"Id":69,"V":8,"NV":0,"TB":0},{"Id":70,"V":8,"NV":0,"TB":0},{"Id":71,"V":8,"NV":0,"TB":0},{"Id":72,"V":8,"NV":0,"TB":0},{"Id":67,"V":6,"NV":0,"TB":0},{"Id":80,"V":6,"NV":0,"TB":0},{"Id":66,"V":5,"NV":0,"TB":0},{"Id":73,"V":5,"NV":0,"TB":0},{"Id":78,"V":4,"NV":0,"TB":0},{"Id":81,"V":3,"NV":0,"TB":0},{"Id":76,"V":1,"NV":0,"TB":0}],[{"Id":75,"V":11,"NV":0,"TB":0},{"Id":65,"V":9,"NV":1,"TB":0},{"Id":68,"V":9,"NV":0,"TB":0},{"Id":77,"V":9,"NV":0,"TB":0},{"Id":79,"V":9,"NV":0,"TB":0},{"Id":69,"V":8,"NV":0,"TB":0},{"Id":70,"V":8,"NV":0,"TB":0},{"Id":71,"V":8,"NV":0,"TB":0},{"Id":72,"V":8,"NV":0,"TB":0},{"Id":67,"V":6,"NV":0,"TB":0},{"Id":80,"V":6,"NV":0,"TB":0},{"Id":66,"V":5,"NV":0,"TB":0},{"Id":73,"V":5,"NV":0,"TB":0},{"Id":78,"V":4,"NV":0,"TB":0},{"Id":81,"V":3,"NV":0,"TB":0}],[{"Id":75,"V":12,"NV":1,"TB":0},{"Id":65,"V":9,"NV":0,"TB":0},{"Id":68,"V":9,"NV":0,"TB":0},{"Id":69,"V":9,"NV":1,"TB":0},{"Id":70,"V":9,"NV":1,"TB":0},{"Id":77,"V":9,"NV":0,"TB":0},{"Id":79,"V":9,"NV":0,"TB":0},{"Id":71,"V":8,"NV":0,"TB":0},{"Id":72,"V":8,"NV":0,"TB":0},{"Id":67,"V":6,"NV":0,"TB":0},{"Id":80,"V":6,"NV":0,"TB":0},{"Id":66,"V":5,"NV":0,"TB":0},{"Id":73,"V":5,"NV":0,"TB":0},{"Id":78,"V":4,"NV":0,"TB":0}],[{"Id":75,"V":13,"NV":1,"TB":0},{"Id":70,"V":10,"NV":1,"TB":0},{"Id":77,"V":10,"NV":1,"TB":0},{"Id":65,"V":9,"NV":0,"TB":0},{"Id":68,"V":9,"NV":0,"TB":0},{"Id":69,"V":9,"NV":0,"TB":0},{"Id":79,"V":9,"NV":0,"TB":0},{"Id":71,"V":8,"NV":0,"TB":0},{"Id":72,"V":8,"NV":0,"TB":0},{"Id":67,"V":7,"NV":1,"TB":0},{"Id":80,"V":6,"NV":0,"TB":0},{"Id":73,"V":5,"NV":0,"TB":0},{"Id":66,"V":5,"NV":0,"TB":2}],[{"Id":75,"V":15,"NV":2,"TB":0},{"Id":70,"V":10,"NV":0,"TB":0},{"Id":77,"V":10,"NV":0,"TB":0},{"Id":79,"V":10,"NV":1,"TB":0},{"Id":65,"V":9,"NV":0,"TB":0},{"Id":68,"V":9,"NV":0,"TB":0},{"Id":69,"V":9,"NV":0,"TB":0},{"Id":71,"V":8,"NV":0,"TB":0},{"Id":72,"V":8,"NV":0,"TB":0},{"Id":67,"V":7,"NV":0,"TB":0},{"Id":80,"V":6,"NV":0,"TB":0},{"Id":73,"V":6,"NV":1,"TB":2}],[{"Id":75,"V":16,"NV":1,"TB":0},{"Id":69,"V":10,"NV":1,"TB":0},{"Id":70,"V":10,"NV":0,"TB":0},{"Id":71,"V":10,"NV":2,"TB":0},{"Id":77,"V":10,"NV":0,"TB":0},{"Id":79,"V":10,"NV":0,"TB":0},{"Id":65,"V":9,"NV":0,"TB":0},{"Id":68,"V":9,"NV":0,"TB":0},{"Id":72,"V":9,"NV":1,"TB":0},{"Id":67,"V":7,"NV":0,"TB":0},{"Id":80,"V":6,"NV":0,"TB":0}],[{"Id":75,"V":16,"NV":0,"TB":0},{"Id":69,"V":11,"NV":1,"TB":0},{"Id":70,"V":11,"NV":1,"TB":0},{"Id":71,"V":11,"NV":1,"TB":0},{"Id":68,"V":10,"NV":1,"TB":0},{"Id":72,"V":10,"NV":1,"TB":0},{"Id":77,"V":10,"NV":0,"TB":0},{"Id":79,"V":10,"NV":0,"TB":0},{"Id":65,"V":9,"NV":0,"TB":0},{"Id":67,"V":8,"NV":1,"TB":0}],[{"Id":75,"V":17,"NV":1,"TB":0},{"Id":69,"V":13,"NV":2,"TB":0},{"Id":68,"V":11,"NV":1,"TB":0},{"Id":70,"V":11,"NV":0,"TB":0},{"Id":71,"V":11,"NV":0,"TB":0},{"Id":77,"V":11,"NV":1,"TB":0},{"Id":79,"V":11,"NV":1,"TB":0},{"Id":65,"V":10,"NV":1,"TB":0},{"Id":72,"V":10,"NV":0,"TB":1}],[{"Id":75,"V":17,"NV":0,"TB":0},{"Id":69,"V":14,"NV":1,"TB":0},{"Id":79,"V":14,"NV":3,"TB":0},{"Id":68,"V":13,"NV":2,"TB":0},{"Id":65,"V":12,"NV":2,"TB":0},{"Id":71,"V":12,"NV":1,"TB":0},{"Id":77,"V":11,"NV":0,"TB":0},{"Id":70,"V":11,"NV":0,"TB":2}],[{"Id":75,"V":17,"NV":0,"TB":0},{"Id":65,"V":16,"NV":4,"TB":0},{"Id":69,"V":16,"NV":2,"TB":0},{"Id":79,"V":16,"NV":2,"TB":0},{"Id":68,"V":13,"NV":0,"TB":0},{"Id":71,"V":12,"NV":0,"TB":0},{"Id":77,"V":11,"NV":0,"TB":0}],[{"Id":65,"V":19,"NV":3,"TB":0},{"Id":75,"V":18,"NV":1,"TB":0},{"Id":68,"V":17,"NV":4,"TB":0},{"Id":69,"V":17,"NV":1,"TB":0},{"Id":79,"V":16,"NV":0,"TB":0},{"Id":71,"V":13,"NV":1,"TB":0}],[{"Id":65,"V":20,"NV":1,"TB":0},{"Id":68,"V":20,"NV":3,"TB":0},{"Id":69,"V":19,"NV":2,"TB":0},{"Id":75,"V":19,"NV":1,"TB":0},{"Id":79,"V":16,"NV":0,"TB":0}],[{"Id":65,"V":27,"NV":7,"TB":0},{"Id":68,"V":23,"NV":3,"TB":0},{"Id":69,"V":21,"NV":2,"TB":0},{"Id":75,"V":20,"NV":1,"TB":0}],[{"Id":65,"V":35,"NV":8,"TB":0},{"Id":68,"V":29,"NV":6,"TB":0},{"Id":69,"V":24,"NV":3,"TB":0}],[{"Id":65,"V":41,"NV":6,"TB":0},{"Id":68,"V":36,"NV":7,"TB":0}],[{"Id":65,"V":54,"NV":13,"TB":0}]],"Expires":1526861280,"SecondsLeft":0}