{"Mtype":"results","Title":"Round 1","PollStarted":"2018-03-11T20:02:31.818819144Z","PollDuration":300000000000,"Options":{"65":"While spending the day out by a lake, Raine hug tackles Zen into the water.","66":"Tracksuits the second. Squatting Taverndatter sisters/gopnitsas.","67":"Reni fetching the teleportation stick like a huge dog.","68":"Daniels \u0026 Therie Sah-Van run away to live together","69":"Eric steers the Na'Rella through stormy seas.","70":"Tavern Mixup: Adira accidentally serves Kat human booze. Drunk Kat ensues.","71":"Mage Flora","72":"Mike \u0026 Evals trying to relax in the mansion but unfamiliar \u0026 nervous about being guests.","73":"A guard tries to charm a female Basitin by flashing his Ankles, So lewd!","74":"Trace \u0026 Flora happen upon Daniels \u0026 Therie ","75":"Reni accidentally sets off some of her 'neat magic stuff' collection in front of Kei","76":"The Female Main Character from the Halfkind comic Returns!","77":"Raine as Elsa from frozen","78":"An alternate timeline where a younger Raine was raised by Rose"},"ExpectedBallots":97,"CountedBallots":97,"Ballots":["LFDIN","A","KI","G","IKHJA","","JDELNF","","MANBIGFKHCJLED","JFICH","JCKGNHF","HJAKDEFIGLNMCB","D","GIJK","DJKI","LMG","AIFDGL","","BGFN","DJHAINM","JMDGCAKF","GL","DKJ","GHFCKBNA","HNGE","FDJHE","FKLDJHNCIAEBGM","GBNF","BIFDJGANMLHEKC","JIFDAKNHCLB","KIC","","JIDNFHCKGL","CJIE","JFDKL","D","JANGCKDFHEBLIM","CKFGMADJELHNIB","LNJKCMA","DJ","MLCBDI","JDIHCKGEN","F","HFNLCJDIE","JIDNFHCKGL","CAHE","IKCFJ","HFDJAKCGN","JCGKI","","IFNHCGL","HKCBFLGN","JLG","G","I","CFNHIEKDAMG","E","LCKGJBINAEHMDF","NFHLDECJAKIG","EHCNAL","JDHLBFNI","G","NHM","FHKGIAECJND","ED","NHCIKDJ","MAF","B","C","","KJCDEF","FJHGE","JDFICHGN","HGCI","MAF","LAKDJCFGNHIEMB","MAF","JFDAGCINKHM","NACKDGHFJIB","GLJ","NCKJFHA","MA","GNJDLKFHE","I","AHIMNL","HDCG","MNGJFCKHAEDIBL","FG","JFH","NFCABEIGDKLHJM","F","G","HC","AJD","NFAG","C","FI"],"Placements":[[{"Id":74,"V":16,"NV":16,"TB":0},{"Id":71,"V":10,"NV":10,"TB":0},{"Id":70,"V":8,"NV":8,"TB":0},{"Id":72,"V":8,"NV":8,"TB":0},{"Id":77,"V":7,"NV":7,"TB":0},{"Id":78,"V":7,"NV":7,"TB":0},{"Id":67,"V":6,"NV":6,"TB":0},{"Id":68,"V":6,"NV":6,"TB":0},{"Id":73,"V":5,"NV":5,"TB":0},{"Id":76,"V":5,"NV":5,"TB":0},{"Id":65,"V":4,"NV":4,"TB":0},{"Id":66,"V":3,"NV":3,"TB":0},{"Id":75,"V":3,"NV":3,"TB":0},{"Id":69,"V":3,"NV":3,"TB":2}],[{"Id":74,"V":16,"NV":0,"TB":0},{"Id":71,"V":10,"NV":0,"TB":0},{"Id":72,"V":9,"NV":1,"TB":0},{"Id":70,"V":8,"NV":0,"TB":0},{"Id":68,"V":7,"NV":1,"TB":0},{"Id":77,"V":7,"NV":0,"TB":0},{"Id":78,"V":7,"NV":0,"TB":0},{"Id":67,"V":6,"NV":0,"TB":0},{"Id":73,"V":5,"NV":0,"TB":0},{"Id":76,"V":5,"NV":0,"TB":0},{"Id":65,"V":4,"NV":0,"TB":0},{"Id":75,"V":3,"NV":0,"TB":0},{"Id":66,"V":3,"NV":0,"TB":2}],[{"Id":74,"V":16,"NV":0,"TB":0},{"Id":71,"V":11,"NV":1,"TB":0},{"Id":72,"V":9,"NV":0,"TB":0},{"Id":70,"V":8,"NV":0,"TB":0},{"Id":68,"V":7,"NV":0,"TB":0},{"Id":77,"V":7,"NV":0,"TB":0},{"Id":78,"V":7,"NV":0,"TB":0},{"Id":67,"V":6,"NV":0,"TB":0},{"Id":73,"V":6,"NV":1,"TB":0},{"Id":76,"V":5,"NV":0,"TB":0},{"Id":65,"V":4,"NV":0,"TB":0},{"Id":75,"V":3,"NV":0,"TB":0}],[{"Id":74,"V":17,"NV":1,"TB":0},{"Id":71,"V":11,"NV":0,"TB":0},{"Id":72,"V":9,"NV":0,"TB":0},{"Id":70,"V":8,"NV":0,"TB":0},{"Id":73,"V":8,"NV":2,"TB":0},{"Id":68,"V":7,"NV":0,"TB":0},{"Id":77,"V":7,"NV":0,"TB":0},{"Id":78,"V":7,"NV":0,"TB":0},{"Id":67,"V":6,"NV":0,"TB":0},{"Id":76,"V":5,"NV":0,"TB":0},{"Id":65,"V":4,"NV":0,"TB":0}],[{"Id":74,"V":18,"NV":1,"TB":0},{"Id":71,"V":11,"NV":0,"TB":0},{"Id":72,"V":10,"NV":1,"TB":0},{"Id":73,"V":9,"NV":1,"TB":0},{"Id":70,"V":8,"NV":0,"TB":0},{"Id":68,"V":7,"NV":0,"TB":0},{"Id":77,"V":7,"NV":0,"TB":0},{"Id":78,"V":7,"NV":0,"TB":0},{"Id":67,"V":6,"NV":0,"TB":0},{"Id":76,"V":5,"NV":0,"TB":0}],[{"Id":74,"V":18,"NV":0,"TB":0},{"Id":71,"V":11,"NV":0,"TB":0},{"Id":72,"V":10,"NV":0,"TB":0},{"Id":70,"V":9,"NV":1,"TB":0},{"Id":73,"V":9,"NV":0,"TB":0},{"Id":68,"V":8,"NV":1,"TB":0},{"Id":77,"V":8,"NV":1,"TB":0},{"Id":78,"V":8,"NV":1,"TB":0},{"Id":67,"V":7,"NV":1,"TB":0}],[{"Id":74,"V":19,"NV":1,"TB":0},{"Id":71,"V":12,"NV":1,"TB":0},{"Id":70,"V":11,"NV":2,"TB":0},{"Id":72,"V":11,"NV":1,"TB":0},{"Id":73,"V":9,"NV":0,"TB":0},{"Id":77,"V":8,"NV":0,"TB":0},{"Id":78,"V":8,"NV":0,"TB":0},{"Id":68,"V":8,"NV":0,"TB":3}],[{"Id":74,"V":24,"NV":5,"TB":0},{"Id":71,"V":12,"NV":0,"TB":0},{"Id":70,"V":11,"NV":0,"TB":0},{"Id":72,"V":11,"NV":0,"TB":0},{"Id":73,"V":9,"NV":0,"TB":0},{"Id":78,"V":8,"NV":0,"TB":0},{"Id":77,"V":8,"NV":0,"TB":2}],[{"Id":74,"V":24,"NV":0,"TB":0},{"Id":70,"V":14,"NV":3,"TB":0},{"Id":71,"V":13,"NV":1,"TB":0},{"Id":72,"V":11,"NV":0,"TB":0},{"Id":73,"V":10,"NV":1,"TB":0},{"Id":78,"V":10,"NV":2,"TB":1}],[{"Id":74,"V":26,"NV":2,"TB":0},{"Id":70,"V":17,"NV":3,"TB":0},{"Id":71,"V":15,"NV":2,"TB":0},{"Id":72,"V":13,"NV":2,"TB":0},{"Id":73,"V":11,"NV":1,"TB":0}],[{"Id":74,"V":26,"NV":0,"TB":0},{"Id":70,"V":21,"NV":4,"TB":0},{"Id":71,"V":16,"NV":1,"TB":0},{"Id":72,"V":14,"NV":1,"TB":0}],[{"Id":74,"V":29,"NV":3,"TB":0},{"Id":70,"V":24,"NV":3,"TB":0},{"Id":71,"V":19,"NV":3,"TB":0}],[{"Id":74,"V":34,"NV":5,"TB":0},{"Id":70,"V":29,"NV":5,"TB":0}],[{"Id":74,"V":47,"NV":13,"TB":0}]],"Expires":1520799152,"SecondsLeft":0}