{"Mtype":"results","Title":"Round 5","PollStarted":"2018-08-19T23:29:28.163445356Z","PollDuration":300000000000,"Options":{"65":"Sealeen Spikes Edinmires Water with her transformation potions.","66":"Backside comparison, sythe and zen with Nibbly as judge.","67":"Older Maeve confesses to Madelyn","68":"Kat towel whipping Flora","69":"Goth Nora Dragon Girl.","70":"Frankenstein Monster with different body parts of Wolf, Tiger, Fox,Dragon,Basitin and etc","71":"Happy Families AU: A proud Mary and Euchre play with their new daughter.","72":"Dragon!Flora attempting to protect Dragon!Trace from Lady Nora's advances","73":"The fight between the main character and hornet from Hollow Knight","74":"Maeve dancing because of a magic music box that she found ","75":"Maddie and Karen invade Natani's dreamscape to torment her (with some help from YoungTani)","76":"Diplomatic Sleepover 2: Keith caught between Trace and Flora.","77":"A pic from Kathrin where she does the peace sign with her hand like the pic from the comic con","78":"Sneps leaving because of the loss of their village.","79":"Nibbly meets Scarlet (Sequential Art)","80":"Clovis \u0026 Natani in a Cabaret with Zen as the MC"},"ExpectedBallots":100,"CountedBallots":100,"Ballots":["FAJGCEIDBMOHKPLN","INFJ","JBKEA","IHDMKCEANLOFBGPJ","HDEKGOJ","OEPNCMAKBGD","AJEIO","LDKHBNPFAECOMIGJ","LFNB","BGCJLDK","AFNG","ADM","BOADHKL","D","OHEJ","HKJ","CEKBP","KGFCBJMPDOLANEHI","GJKCAHOEN","PCB","HMDC","NOGPELKH","D","D","EHDPBLJCKMFONAGI","ADEKJGLCOMBNFHPI","CKJEHLPD","ODBJCGHPKM","DGBL","BEGICANFH","HACEG","GAJBCDFNKMLOPE","JCHDE","GA","PABEH","AJFEDKHLI","NICJ","CJAOHELKBGMIDNPF","GHPL","IPHEKLAGCJMNOBDF","KLDE","HAOPL","PLC","DHLCJMFBGENIOPKA","BOAJGP","JNCA","O","KCAOL","A","BIALEHC","DPMA","ADFGNKHELMJOPBIC","AHPLF","NFEAOB","BMD","EMN","NMDCKLEBJOA","DLBAJO","DBMKJECHLPNOAGIF","KDCNH","GCPKLJEHMDBAF","KALHGDNJCEIFMPOB","COK","MJDK","CPMBADLEKHGJIOFN","BDG","","KCJ","FKHEPMIGNDJLOBCA","CJFE","DHANM","","PLH","LDKHBAMJCO","H","GHNF","CFEKDHOPJ","BCD","GCJBALDMKNHOIFPE","EB","LEKAPIOBJN","CJPLGHDIMOAEKFBN","DOJP","KMDLE","GBKCFJ","LHDK","NHDKGFCMAIJEBPOL","D","PABEG","OMKDBJ","DHNAM","BGJE","KHALDGJCNFEI","GAOKDPB","N","HKGAM","CGJDHK","B","JOHDGL","DMGKJHBLF"],"Placements":[[{"Id":68,"V":13,"NV":13,"TB":0},{"Id":66,"V":10,"NV":10,"TB":0},{"Id":67,"V":9,"NV":9,"TB":0},{"Id":71,"V":9,"NV":9,"TB":0},{"Id":65,"V":8,"NV":8,"TB":0},{"Id":75,"V":8,"NV":8,"TB":0},{"Id":72,"V":7,"NV":7,"TB":0},{"Id":78,"V":6,"NV":6,"TB":0},{"Id":76,"V":5,"NV":5,"TB":0},{"Id":79,"V":5,"NV":5,"TB":0},{"Id":80,"V":5,"NV":5,"TB":0},{"Id":74,"V":4,"NV":4,"TB":0},{"Id":69,"V":3,"NV":3,"TB":0},{"Id":73,"V":3,"NV":3,"TB":0},{"Id":70,"V":2,"NV":2,"TB":0},{"Id":77,"V":1,"NV":1,"TB":0}],[{"Id":68,"V":13,"NV":0,"TB":0},{"Id":66,"V":10,"NV":0,"TB":0},{"Id":67,"V":9,"NV":0,"TB":0},{"Id":71,"V":9,"NV":0,"TB":0},{"Id":65,"V":8,"NV":0,"TB":0},{"Id":75,"V":8,"NV":0,"TB":0},{"Id":72,"V":7,"NV":0,"TB":0},{"Id":78,"V":6,"NV":0,"TB":0},{"Id":74,"V":5,"NV":1,"TB":0},{"Id":76,"V":5,"NV":0,"TB":0},{"Id":79,"V":5,"NV":0,"TB":0},{"Id":80,"V":5,"NV":0,"TB":0},{"Id":69,"V":3,"NV":0,"TB":0},{"Id":73,"V":3,"NV":0,"TB":0},{"Id":70,"V":2,"NV":0,"TB":0}],[{"Id":68,"V":13,"NV":0,"TB":0},{"Id":66,"V":10,"NV":0,"TB":0},{"Id":65,"V":9,"NV":1,"TB":0},{"Id":67,"V":9,"NV":0,"TB":0},{"Id":71,"V":9,"NV":0,"TB":0},{"Id":75,"V":9,"NV":1,"TB":0},{"Id":72,"V":7,"NV":0,"TB":0},{"Id":78,"V":6,"NV":0,"TB":0},{"Id":74,"V":5,"NV":0,"TB":0},{"Id":76,"V":5,"NV":0,"TB":0},{"Id":79,"V":5,"NV":0,"TB":0},{"Id":80,"V":5,"NV":0,"TB":0},{"Id":73,"V":3,"NV":0,"TB":0},{"Id":69,"V":3,"NV":0,"TB":2}],[{"Id":68,"V":13,"NV":0,"TB":0},{"Id":66,"V":11,"NV":1,"TB":0},{"Id":65,"V":9,"NV":0,"TB":0},{"Id":67,"V":9,"NV":0,"TB":0},{"Id":71,"V":9,"NV":0,"TB":0},{"Id":75,"V":9,"NV":0,"TB":0},{"Id":72,"V":8,"NV":1,"TB":0},{"Id":78,"V":7,"NV":1,"TB":0},{"Id":74,"V":5,"NV":0,"TB":0},{"Id":76,"V":5,"NV":0,"TB":0},{"Id":79,"V":5,"NV":0,"TB":0},{"Id":80,"V":5,"NV":0,"TB":0},{"Id":73,"V":3,"NV":0,"TB":0}],[{"Id":68,"V":13,"NV":0,"TB":0},{"Id":66,"V":11,"NV":0,"TB":0},{"Id":65,"V":9,"NV":0,"TB":0},{"Id":67,"V":9,"NV":0,"TB":0},{"Id":71,"V":9,"NV":0,"TB":0},{"Id":72,"V":9,"NV":1,"TB":0},{"Id":75,"V":9,"NV":0,"TB":0},{"Id":78,"V":8,"NV":1,"TB":0},{"Id":80,"V":6,"NV":1,"TB":0},{"Id":74,"V":5,"NV":0,"TB":0},{"Id":76,"V":5,"NV":0,"TB":0},{"Id":79,"V":5,"NV":0,"TB":1}],[{"Id":68,"V":14,"NV":1,"TB":0},{"Id":66,"V":11,"NV":0,"TB":0},{"Id":72,"V":10,"NV":1,"TB":0},{"Id":75,"V":10,"NV":1,"TB":0},{"Id":65,"V":9,"NV":0,"TB":0},{"Id":67,"V":9,"NV":0,"TB":0},{"Id":71,"V":9,"NV":0,"TB":0},{"Id":78,"V":8,"NV":0,"TB":0},{"Id":80,"V":7,"NV":1,"TB":0},{"Id":74,"V":5,"NV":0,"TB":0},{"Id":76,"V":5,"NV":0,"TB":1}],[{"Id":68,"V":16,"NV":2,"TB":0},{"Id":66,"V":11,"NV":0,"TB":0},{"Id":72,"V":11,"NV":1,"TB":0},{"Id":75,"V":11,"NV":1,"TB":0},{"Id":65,"V":9,"NV":0,"TB":0},{"Id":67,"V":9,"NV":0,"TB":0},{"Id":71,"V":9,"NV":0,"TB":0},{"Id":78,"V":9,"NV":1,"TB":0},{"Id":80,"V":7,"NV":0,"TB":0},{"Id":74,"V":5,"NV":0,"TB":0}],[{"Id":68,"V":17,"NV":1,"TB":0},{"Id":66,"V":12,"NV":1,"TB":0},{"Id":72,"V":12,"NV":1,"TB":0},{"Id":75,"V":11,"NV":0,"TB":0},{"Id":67,"V":10,"NV":1,"TB":0},{"Id":78,"V":10,"NV":1,"TB":0},{"Id":65,"V":9,"NV":0,"TB":0},{"Id":71,"V":9,"NV":0,"TB":0},{"Id":80,"V":7,"NV":0,"TB":0}],[{"Id":68,"V":17,"NV":0,"TB":0},{"Id":72,"V":14,"NV":2,"TB":0},{"Id":66,"V":12,"NV":0,"TB":0},{"Id":67,"V":12,"NV":2,"TB":0},{"Id":65,"V":11,"NV":2,"TB":0},{"Id":75,"V":11,"NV":0,"TB":0},{"Id":78,"V":11,"NV":1,"TB":0},{"Id":71,"V":9,"NV":0,"TB":0}],[{"Id":68,"V":17,"NV":0,"TB":0},{"Id":72,"V":16,"NV":2,"TB":0},{"Id":65,"V":14,"NV":3,"TB":0},{"Id":67,"V":14,"NV":2,"TB":0},{"Id":66,"V":13,"NV":1,"TB":0},{"Id":75,"V":12,"NV":1,"TB":0},{"Id":78,"V":11,"NV":0,"TB":0}],[{"Id":68,"V":18,"NV":1,"TB":0},{"Id":67,"V":17,"NV":3,"TB":0},{"Id":72,"V":17,"NV":1,"TB":0},{"Id":65,"V":15,"NV":1,"TB":0},{"Id":66,"V":14,"NV":1,"TB":0},{"Id":75,"V":13,"NV":1,"TB":0}],[{"Id":68,"V":22,"NV":4,"TB":0},{"Id":67,"V":21,"NV":4,"TB":0},{"Id":72,"V":20,"NV":3,"TB":0},{"Id":65,"V":17,"NV":2,"TB":0},{"Id":66,"V":14,"NV":0,"TB":0}],[{"Id":67,"V":25,"NV":4,"TB":0},{"Id":68,"V":24,"NV":2,"TB":0},{"Id":65,"V":21,"NV":4,"TB":0},{"Id":72,"V":20,"NV":0,"TB":0}],[{"Id":68,"V":32,"NV":8,"TB":0},{"Id":65,"V":26,"NV":5,"TB":0},{"Id":67,"V":25,"NV":0,"TB":0}],[{"Id":68,"V":41,"NV":9,"TB":0},{"Id":65,"V":34,"NV":8,"TB":0}],[{"Id":68,"V":56,"NV":15,"TB":0}]],"Expires":1534721969,"SecondsLeft":0}