{"Mtype":"results","Title":"Round Finale (15 options)","PollStarted":"2018-01-14T23:57:11.336804041Z","PollDuration":300000000000,"Options":{"65":"Dakimakura of Adira","66":"Zen replaces Eric in Rowboat Romance","67":"Reni spotting Kei under the magic mistletoe during Traces New Year Mansion Party.","68":"Fem Keith, Fem Mike, and Fem Red are all smirking and looking at Trace.","69":"Keith training Basitin Trace.","70":"More Lady Nora humanoid form","71":"Laura and Natani both choose FemKeith over Keith.","72":"Tigress Trace Trying to shave off her winter coat.","73":"Natani turns into a Basitin, and Keith is just standing there blushing and confused.","74":"Adrakist Eric","75":"Natani gives Kat paws massage in return for the massage Kat gave Natani (a while ago)","76":"Keiren \u0026 Young Flora playing","77":"World building sketch: A fox keidran takes their young cub out fishing at sea.","78":"Group B find themselves changed by a prank pixie!","79":"Euchre beats the chess master Trace Legacy and becomes the master strategist."},"ExpectedBallots":101,"CountedBallots":101,"Ballots":["DE","C","L","MLCF","CKDMFNLA","GKIE","NDGMB","C","MGADONBC","DGFBHNAKE","MGDNOE","AKMOGL","BKCDGEFMA","MNIB","NIAGJKCOHFDEMBL","MLEI","CJNE","IKCODEA","CDENIKOFL","GKCOIFMLHDJABEN","HDEKGIANOMCBFLJ","H","H","IGEF","A","AM","M","ACDFHMKGNEOLBIJ","K","GDALCONKEMIHJFB","MKIHJCFL","HEGI","KICLMEGF","AN","MOGLKANCE","DNH","INJCKM","ADIGN","IEMCHOL","AI","NMCI","MJBOCG","FLEM","FJECI","A","KCOG","IEMHO","HDICNBEFAKMJGLO","MODGILN","MA","DJIKNEGAFH","KIGMHD","MLNIBJFE","OMB","IKNGDEBC","IGNKODCHLE","IEODNLBHM","AMEIH","BMCOJF","IEMFANHL","CIK","KN","CJAMG","DEGHBIKFCOJAMNL","NMHGEKID","IDKGCHFB","IJEAHK","IGEDH","IJDCFNMOEBAL","OICFLJD","OMNLH","","GEIOMLHKDBJN","MC","FCGDIK","MA","B","CNBIM","ALKH","FCGDIK","GIEOMDJ","GM","A","CIGDKALHJENBFOM","CIJ","MNGLODB","A","DCIHE","DJFM","N","DIM","DGENH","MIGD","DENF","DHN","AGKMI","DEMOH","DME","DGCI","HM","NM"],"Placements":[[{"Id":77,"V":16,"NV":16,"TB":0},{"Id":68,"V":14,"NV":14,"TB":0},{"Id":65,"V":13,"NV":13,"TB":0},{"Id":73,"V":13,"NV":13,"TB":0},{"Id":67,"V":10,"NV":10,"TB":0},{"Id":71,"V":6,"NV":6,"TB":0},{"Id":72,"V":6,"NV":6,"TB":0},{"Id":78,"V":6,"NV":6,"TB":0},{"Id":75,"V":5,"NV":5,"TB":0},{"Id":70,"V":4,"NV":4,"TB":0},{"Id":66,"V":3,"NV":3,"TB":0},{"Id":79,"V":3,"NV":3,"TB":0},{"Id":76,"V":1,"NV":1,"TB":0},{"Id":69,"V":0,"NV":0,"TB":0},{"Id":74,"V":0,"NV":0,"TB":1}],[{"Id":77,"V":16,"NV":0,"TB":0},{"Id":68,"V":14,"NV":0,"TB":0},{"Id":65,"V":13,"NV":0,"TB":0},{"Id":73,"V":13,"NV":0,"TB":0},{"Id":67,"V":10,"NV":0,"TB":0},{"Id":71,"V":6,"NV":0,"TB":0},{"Id":72,"V":6,"NV":0,"TB":0},{"Id":78,"V":6,"NV":0,"TB":0},{"Id":75,"V":5,"NV":0,"TB":0},{"Id":70,"V":4,"NV":0,"TB":0},{"Id":66,"V":3,"NV":0,"TB":0},{"Id":79,"V":3,"NV":0,"TB":0},{"Id":76,"V":1,"NV":0,"TB":0},{"Id":69,"V":0,"NV":0,"TB":0}],[{"Id":77,"V":16,"NV":0,"TB":0},{"Id":68,"V":14,"NV":0,"TB":0},{"Id":65,"V":13,"NV":0,"TB":0},{"Id":73,"V":13,"NV":0,"TB":0},{"Id":67,"V":10,"NV":0,"TB":0},{"Id":71,"V":6,"NV":0,"TB":0},{"Id":72,"V":6,"NV":0,"TB":0},{"Id":78,"V":6,"NV":0,"TB":0},{"Id":75,"V":5,"NV":0,"TB":0},{"Id":70,"V":4,"NV":0,"TB":0},{"Id":66,"V":3,"NV":0,"TB":0},{"Id":79,"V":3,"NV":0,"TB":0},{"Id":76,"V":1,"NV":0,"TB":0}],[{"Id":77,"V":16,"NV":0,"TB":0},{"Id":68,"V":14,"NV":0,"TB":0},{"Id":65,"V":13,"NV":0,"TB":0},{"Id":73,"V":13,"NV":0,"TB":0},{"Id":67,"V":10,"NV":0,"TB":0},{"Id":71,"V":6,"NV":0,"TB":0},{"Id":72,"V":6,"NV":0,"TB":0},{"Id":78,"V":6,"NV":0,"TB":0},{"Id":75,"V":5,"NV":0,"TB":0},{"Id":70,"V":4,"NV":0,"TB":0},{"Id":79,"V":3,"NV":0,"TB":0},{"Id":66,"V":3,"NV":0,"TB":2}],[{"Id":77,"V":17,"NV":1,"TB":0},{"Id":68,"V":14,"NV":0,"TB":0},{"Id":65,"V":13,"NV":0,"TB":0},{"Id":73,"V":13,"NV":0,"TB":0},{"Id":67,"V":10,"NV":0,"TB":0},{"Id":71,"V":6,"NV":0,"TB":0},{"Id":72,"V":6,"NV":0,"TB":0},{"Id":75,"V":6,"NV":1,"TB":0},{"Id":78,"V":6,"NV":0,"TB":0},{"Id":70,"V":4,"NV":0,"TB":0},{"Id":79,"V":3,"NV":0,"TB":0}],[{"Id":77,"V":19,"NV":2,"TB":0},{"Id":68,"V":14,"NV":0,"TB":0},{"Id":73,"V":14,"NV":1,"TB":0},{"Id":65,"V":13,"NV":0,"TB":0},{"Id":67,"V":10,"NV":0,"TB":0},{"Id":71,"V":6,"NV":0,"TB":0},{"Id":72,"V":6,"NV":0,"TB":0},{"Id":75,"V":6,"NV":0,"TB":0},{"Id":78,"V":6,"NV":0,"TB":0},{"Id":70,"V":4,"NV":0,"TB":0}],[{"Id":77,"V":20,"NV":1,"TB":0},{"Id":68,"V":14,"NV":0,"TB":0},{"Id":73,"V":14,"NV":0,"TB":0},{"Id":65,"V":13,"NV":0,"TB":0},{"Id":67,"V":13,"NV":3,"TB":0},{"Id":72,"V":6,"NV":0,"TB":0},{"Id":75,"V":6,"NV":0,"TB":0},{"Id":78,"V":6,"NV":0,"TB":0},{"Id":71,"V":6,"NV":0,"TB":4}],[{"Id":77,"V":21,"NV":1,"TB":0},{"Id":73,"V":16,"NV":2,"TB":0},{"Id":68,"V":15,"NV":1,"TB":0},{"Id":65,"V":13,"NV":0,"TB":0},{"Id":67,"V":13,"NV":0,"TB":0},{"Id":75,"V":8,"NV":2,"TB":0},{"Id":78,"V":6,"NV":0,"TB":0},{"Id":72,"V":6,"NV":0,"TB":2}],[{"Id":77,"V":22,"NV":1,"TB":0},{"Id":68,"V":17,"NV":2,"TB":0},{"Id":73,"V":17,"NV":1,"TB":0},{"Id":65,"V":13,"NV":0,"TB":0},{"Id":67,"V":13,"NV":0,"TB":0},{"Id":75,"V":8,"NV":0,"TB":0},{"Id":78,"V":6,"NV":0,"TB":0}],[{"Id":77,"V":25,"NV":3,"TB":0},{"Id":68,"V":18,"NV":1,"TB":0},{"Id":73,"V":18,"NV":1,"TB":0},{"Id":65,"V":13,"NV":0,"TB":0},{"Id":67,"V":13,"NV":0,"TB":0},{"Id":75,"V":8,"NV":0,"TB":0}],[{"Id":77,"V":25,"NV":0,"TB":0},{"Id":73,"V":21,"NV":3,"TB":0},{"Id":68,"V":18,"NV":0,"TB":0},{"Id":67,"V":16,"NV":3,"TB":0},{"Id":65,"V":13,"NV":0,"TB":0}],[{"Id":77,"V":29,"NV":4,"TB":0},{"Id":73,"V":22,"NV":1,"TB":0},{"Id":68,"V":19,"NV":1,"TB":0},{"Id":67,"V":17,"NV":1,"TB":0}],[{"Id":77,"V":30,"NV":1,"TB":0},{"Id":73,"V":28,"NV":6,"TB":0},{"Id":68,"V":25,"NV":6,"TB":0}],[{"Id":73,"V":39,"NV":11,"TB":0},{"Id":77,"V":38,"NV":8,"TB":0}],[{"Id":73,"V":51,"NV":12,"TB":0}]],"Expires":1515974832,"SecondsLeft":0}