{"Mtype":"results","Title":"Round 7","PollStarted":"2018-10-14T23:56:12.470600422Z","PollDuration":300000000000,"Options":{"65":"Halloween Party. KatAssassin along w/ cross dress Mike \u0026 Evals, Flora in a homemade adrakist outfit \u0026 Trace painted like a white tiger","66":"Nibbly as th Grim Reaper w/ her Sythe","67":"Scarlet \u0026 FemMike get slumber party makeovers from Maddie \u0026 Maeve","68":"Sythe \u0026 Red get into a fight \u0026 the manner's defense mechanism turns Sythe into a human woman \u0026 Red into a white female wolf","69":"Halfkind Returns: the main character of HK updated looks","70":"Trace asks flora to do him a favour if he becomes his evil self again","71":"Sealeen \u0026 Lynn discuss the art of diplomacy over dinner.","72":"Keith gets turned into a female \u0026 Natani to a male. Comments of Natani’s plans for some late nights in bed are made. Keith’s blushing reaches new levels.","73":"Flora pounces Trace, Tigger-style!","74":"Smug Nibbles","75":"Maddie \u0026 Maeve making Jack o'Lanterns","76":"Historical moment. Start of royal dragon family. Reni's grandfather meets human princess.","77":"Mrs Nibbs unleashing some SQUIRRLY WRATH!!!","78":"After an alchemical mishap, Sealeen ends up w/ Lynn's ears!","79":"Kingdom Hearts meets Twokinds. Sora \u0026 his friends travel to Mekkan \u0026 meet Trace \u0026 Flora.","80":"Jedi Trace vs Sith Trace-Darkness rise, \u0026 Light to Meet it. (Human Mask as Palpatine)","81":"Mike \u0026 Evals meets Tigress Trace “You too?”","82":"Adira \u0026 Kathrin bathe in a natural hot spring.","83":"Laura daki"},"ExpectedBallots":78,"CountedBallots":78,"Ballots":["JKBME","CHQASKINRGJEDLBOMPF","EHCIB","QHMRCDGKB","RMFHKQSBD","LG","SEGN","H","KAOM","HFIRA","GFPN","SLAJ","BJMFSKQIHAGRCNLDEPO","FHPLQIABRS","MQ","ESRCJMIAGLFQNDKHBPO","GRCKLS","IFHOQE","FLPDKQRAH","MBJIAHLFRDQC","HDNQMLROBJAFKCSGEIP","BLKPJNM","ISR","BSGRKJMENHQCDPLAOFI","DCHQ","IGSBNE","RD","GLAR","QNDGES","FJMBOKLINA","BMLQK","LGHBFEKANPRJ","PQAHDEFNLJGBKMOCIRS","CAQRHE","","R","QIDPFHOSJCBGEKNAMLR","MBPAKIQOHNSDFEGJCRL","MBJN","KSPQR","FSNGQ","LAFIOGQP","SE","IQJNGBKC","DQHCFASLNIEK","LR","DCHAQRISNBJELGMKPOF","DCQHALN","JRLBK","DHRGACLBOSFMEQKPNJI","NMGBDJ","RKGB","QDCA","PKIGF","KC","HQCR","S","BS","RKFANDHQGL","HDMBAERQ","RQCN","BJKLGMQDHECFI","QBMKIPD","RD","QCRMEI","ACIJQGOFNRMLHD","KQSRMHLAG","GRND","HRIQCSKMJGAFLN","","HBLQ","QIHL","QIHL","BDEPG","BS","DMJBSHAE","HKSIDAQJRFCLB","IFLPAO"],"Placements":[[{"Id":66,"V":8,"NV":8,"TB":0},{"Id":72,"V":8,"NV":8,"TB":0},{"Id":81,"V":8,"NV":8,"TB":0},{"Id":82,"V":7,"NV":7,"TB":0},{"Id":68,"V":6,"NV":6,"TB":0},{"Id":73,"V":5,"NV":5,"TB":0},{"Id":70,"V":4,"NV":4,"TB":0},{"Id":71,"V":4,"NV":4,"TB":0},{"Id":75,"V":4,"NV":4,"TB":0},{"Id":76,"V":4,"NV":4,"TB":0},{"Id":77,"V":4,"NV":4,"TB":0},{"Id":83,"V":4,"NV":4,"TB":0},{"Id":67,"V":2,"NV":2,"TB":0},{"Id":69,"V":2,"NV":2,"TB":0},{"Id":74,"V":2,"NV":2,"TB":0},{"Id":80,"V":2,"NV":2,"TB":0},{"Id":65,"V":1,"NV":1,"TB":0},{"Id":78,"V":1,"NV":1,"TB":0},{"Id":79,"V":0,"NV":0,"TB":0}],[{"Id":66,"V":8,"NV":0,"TB":0},{"Id":72,"V":8,"NV":0,"TB":0},{"Id":81,"V":8,"NV":0,"TB":0},{"Id":82,"V":7,"NV":0,"TB":0},{"Id":68,"V":6,"NV":0,"TB":0},{"Id":73,"V":5,"NV":0,"TB":0},{"Id":70,"V":4,"NV":0,"TB":0},{"Id":71,"V":4,"NV":0,"TB":0},{"Id":75,"V":4,"NV":0,"TB":0},{"Id":76,"V":4,"NV":0,"TB":0},{"Id":77,"V":4,"NV":0,"TB":0},{"Id":83,"V":4,"NV":0,"TB":0},{"Id":67,"V":2,"NV":0,"TB":0},{"Id":69,"V":2,"NV":0,"TB":0},{"Id":74,"V":2,"NV":0,"TB":0},{"Id":80,"V":2,"NV":0,"TB":0},{"Id":78,"V":1,"NV":0,"TB":0},{"Id":65,"V":1,"NV":0,"TB":2}],[{"Id":66,"V":8,"NV":0,"TB":0},{"Id":72,"V":8,"NV":0,"TB":0},{"Id":81,"V":8,"NV":0,"TB":0},{"Id":82,"V":7,"NV":0,"TB":0},{"Id":68,"V":6,"NV":0,"TB":0},{"Id":73,"V":5,"NV":0,"TB":0},{"Id":70,"V":4,"NV":0,"TB":0},{"Id":71,"V":4,"NV":0,"TB":0},{"Id":75,"V":4,"NV":0,"TB":0},{"Id":76,"V":4,"NV":0,"TB":0},{"Id":77,"V":4,"NV":0,"TB":0},{"Id":83,"V":4,"NV":0,"TB":0},{"Id":67,"V":3,"NV":1,"TB":0},{"Id":69,"V":2,"NV":0,"TB":0},{"Id":74,"V":2,"NV":0,"TB":0},{"Id":80,"V":2,"NV":0,"TB":0},{"Id":78,"V":1,"NV":0,"TB":0}],[{"Id":66,"V":8,"NV":0,"TB":0},{"Id":72,"V":8,"NV":0,"TB":0},{"Id":81,"V":8,"NV":0,"TB":0},{"Id":82,"V":7,"NV":0,"TB":0},{"Id":68,"V":6,"NV":0,"TB":0},{"Id":73,"V":5,"NV":0,"TB":0},{"Id":77,"V":5,"NV":1,"TB":0},{"Id":70,"V":4,"NV":0,"TB":0},{"Id":71,"V":4,"NV":0,"TB":0},{"Id":75,"V":4,"NV":0,"TB":0},{"Id":76,"V":4,"NV":0,"TB":0},{"Id":83,"V":4,"NV":0,"TB":0},{"Id":67,"V":3,"NV":0,"TB":0},{"Id":69,"V":2,"NV":0,"TB":0},{"Id":80,"V":2,"NV":0,"TB":0},{"Id":74,"V":2,"NV":0,"TB":2}],[{"Id":66,"V":8,"NV":0,"TB":0},{"Id":72,"V":8,"NV":0,"TB":0},{"Id":81,"V":8,"NV":0,"TB":0},{"Id":82,"V":8,"NV":1,"TB":0},{"Id":68,"V":6,"NV":0,"TB":0},{"Id":73,"V":5,"NV":0,"TB":0},{"Id":75,"V":5,"NV":1,"TB":0},{"Id":77,"V":5,"NV":0,"TB":0},{"Id":70,"V":4,"NV":0,"TB":0},{"Id":71,"V":4,"NV":0,"TB":0},{"Id":76,"V":4,"NV":0,"TB":0},{"Id":83,"V":4,"NV":0,"TB":0},{"Id":67,"V":3,"NV":0,"TB":0},{"Id":69,"V":2,"NV":0,"TB":0},{"Id":80,"V":2,"NV":0,"TB":1}],[{"Id":81,"V":9,"NV":1,"TB":0},{"Id":66,"V":8,"NV":0,"TB":0},{"Id":72,"V":8,"NV":0,"TB":0},{"Id":82,"V":8,"NV":0,"TB":0},{"Id":68,"V":6,"NV":0,"TB":0},{"Id":75,"V":6,"NV":1,"TB":0},{"Id":73,"V":5,"NV":0,"TB":0},{"Id":77,"V":5,"NV":0,"TB":0},{"Id":70,"V":4,"NV":0,"TB":0},{"Id":71,"V":4,"NV":0,"TB":0},{"Id":76,"V":4,"NV":0,"TB":0},{"Id":83,"V":4,"NV":0,"TB":0},{"Id":67,"V":3,"NV":0,"TB":0},{"Id":69,"V":2,"NV":0,"TB":0}],[{"Id":72,"V":9,"NV":1,"TB":0},{"Id":81,"V":9,"NV":0,"TB":0},{"Id":66,"V":8,"NV":0,"TB":0},{"Id":82,"V":8,"NV":0,"TB":0},{"Id":68,"V":6,"NV":0,"TB":0},{"Id":75,"V":6,"NV":0,"TB":0},{"Id":73,"V":5,"NV":0,"TB":0},{"Id":77,"V":5,"NV":0,"TB":0},{"Id":83,"V":5,"NV":1,"TB":0},{"Id":70,"V":4,"NV":0,"TB":0},{"Id":71,"V":4,"NV":0,"TB":0},{"Id":76,"V":4,"NV":0,"TB":0},{"Id":67,"V":3,"NV":0,"TB":0}],[{"Id":72,"V":10,"NV":1,"TB":0},{"Id":81,"V":10,"NV":1,"TB":0},{"Id":66,"V":8,"NV":0,"TB":0},{"Id":82,"V":8,"NV":0,"TB":0},{"Id":68,"V":6,"NV":0,"TB":0},{"Id":73,"V":6,"NV":1,"TB":0},{"Id":75,"V":6,"NV":0,"TB":0},{"Id":77,"V":5,"NV":0,"TB":0},{"Id":83,"V":5,"NV":0,"TB":0},{"Id":70,"V":4,"NV":0,"TB":0},{"Id":71,"V":4,"NV":0,"TB":0},{"Id":76,"V":4,"NV":0,"TB":1}],[{"Id":72,"V":10,"NV":0,"TB":0},{"Id":81,"V":10,"NV":0,"TB":0},{"Id":82,"V":9,"NV":1,"TB":0},{"Id":66,"V":8,"NV":0,"TB":0},{"Id":68,"V":6,"NV":0,"TB":0},{"Id":71,"V":6,"NV":2,"TB":0},{"Id":73,"V":6,"NV":0,"TB":0},{"Id":75,"V":6,"NV":0,"TB":0},{"Id":70,"V":5,"NV":1,"TB":0},{"Id":83,"V":5,"NV":0,"TB":0},{"Id":77,"V":5,"NV":0,"TB":2}],[{"Id":66,"V":11,"NV":3,"TB":0},{"Id":81,"V":11,"NV":1,"TB":0},{"Id":72,"V":10,"NV":0,"TB":0},{"Id":82,"V":9,"NV":0,"TB":0},{"Id":71,"V":7,"NV":1,"TB":0},{"Id":68,"V":6,"NV":0,"TB":0},{"Id":73,"V":6,"NV":0,"TB":0},{"Id":75,"V":6,"NV":0,"TB":0},{"Id":70,"V":5,"NV":0,"TB":0},{"Id":83,"V":5,"NV":0,"TB":1}],[{"Id":66,"V":11,"NV":0,"TB":0},{"Id":81,"V":11,"NV":0,"TB":0},{"Id":72,"V":10,"NV":0,"TB":0},{"Id":82,"V":10,"NV":1,"TB":0},{"Id":71,"V":8,"NV":1,"TB":0},{"Id":68,"V":6,"NV":0,"TB":0},{"Id":73,"V":6,"NV":0,"TB":0},{"Id":75,"V":6,"NV":0,"TB":0},{"Id":70,"V":5,"NV":0,"TB":0}],[{"Id":66,"V":12,"NV":1,"TB":0},{"Id":72,"V":11,"NV":1,"TB":0},{"Id":81,"V":11,"NV":0,"TB":0},{"Id":82,"V":10,"NV":0,"TB":0},{"Id":71,"V":9,"NV":1,"TB":0},{"Id":68,"V":7,"NV":1,"TB":0},{"Id":73,"V":7,"NV":1,"TB":0},{"Id":75,"V":6,"NV":0,"TB":0}],[{"Id":66,"V":13,"NV":1,"TB":0},{"Id":81,"V":13,"NV":2,"TB":0},{"Id":72,"V":11,"NV":0,"TB":0},{"Id":82,"V":10,"NV":0,"TB":0},{"Id":71,"V":9,"NV":0,"TB":0},{"Id":73,"V":8,"NV":1,"TB":0},{"Id":68,"V":7,"NV":0,"TB":0}],[{"Id":81,"V":16,"NV":3,"TB":0},{"Id":66,"V":14,"NV":1,"TB":0},{"Id":72,"V":14,"NV":3,"TB":0},{"Id":82,"V":10,"NV":0,"TB":0},{"Id":71,"V":9,"NV":0,"TB":0},{"Id":73,"V":8,"NV":0,"TB":0}],[{"Id":81,"V":18,"NV":2,"TB":0},{"Id":72,"V":15,"NV":1,"TB":0},{"Id":66,"V":14,"NV":0,"TB":0},{"Id":71,"V":12,"NV":3,"TB":0},{"Id":82,"V":11,"NV":1,"TB":0}],[{"Id":81,"V":19,"NV":1,"TB":0},{"Id":72,"V":17,"NV":2,"TB":0},{"Id":66,"V":15,"NV":1,"TB":0},{"Id":71,"V":14,"NV":2,"TB":0}],[{"Id":81,"V":22,"NV":3,"TB":0},{"Id":72,"V":18,"NV":1,"TB":0},{"Id":66,"V":18,"NV":3,"TB":2}],[{"Id":81,"V":26,"NV":4,"TB":0},{"Id":72,"V":21,"NV":3,"TB":0}],[{"Id":81,"V":42,"NV":16,"TB":0}]],"Expires":1539561972,"SecondsLeft":0}