{"Mtype":"results","Title":"Round 1 [15 options]","PollStarted":"2018-01-14T21:04:37.546618818Z","PollDuration":300000000000,"Options":{"65":"Nora teaches baby dragon Trace how to “mess” with people","66":"Flora get's an ultrasound and it gets real for Trace (freaks out).","67":"Mrs. Nibbly trying to solve a rubik's cube.","68":"Natani gets credited for killing the musclehead general and becomes the first keidran basitin general","69":"Raine screams puppy power and accidentally shrinks while shifting","70":"Flora as an Adrakist","71":"Hatchling Reni meeting a human for the first time, and mentally blurting out something inappropriate","72":"Young Laura and Young Rose discussing their future selves","73":"Saria's ghost returns to gossip with Flora about Trace","74":"Keith suddenly wakes up next to a sleeping Laura and realizes the whole adventure was just a dream!","75":"Wrinry as a baby getting into some mischief.","76":"Cup 'o Kat 2: Kat Lounging in a Martini Glass","77":"Xenoblade Chronicles 2 theme with Keith dressed as \"Rex\" and Natani dressed as \"Pyra\"","78":"After Trace wake up from a nightmare, Flora comfort Trace and soothed him back to sleep.","79":"Trace finds his old Templar armor, and tries it on."},"ExpectedBallots":136,"CountedBallots":135,"Ballots":["L","ON","CHG","GCOBLKFD","NO","CBGEAKLONIHMFJD","DOJI","BNDLFHCOGJIM","GCMKOAEJHNDIBLF","IJCNE","AIGFO","EDHLB","I","INBOJHFCL","NFJ","CAJFKO","NDFLBGI","DCN","DFBGAOECILHMJNK","NELBFIA","BNIFAO","JI","JNDOIGAHKFCBELM","FD","LCKGBIADJF","BOJDELCGKANFHIM","LFJKOHC","O","KFAGDONLCJBEI","FAEGJIDOBMNLKCH","OJLDIECHGAFBMK","FGAKELCBDMOJ","DLB","FONACJE","GIBOCN","DL","EOJLC","","JNGL","L","BF","DAGBEFJKINOHCML","E","IBG","LHBCFK","CLODG","NB","MOEI","GCDB","M","LFIOHC","AIGHD","LC","DEBCJGL","CGOFJDI","LFCH","CI","BFOGJDNA","J","ELHBCGOIND","MC","","OJDLIMAHEKGNCBF","","FCG","CFB","JHMDFIOC","LECFJABGIMNOKDH","ACNGBO","GCEL","BFAODHCKGNEILMJ","ILHNODJGB","CDE","LBJEHNFICOADMKG","AGFDCEL","HFJAELKGOINDCMB","DCGJ","EHL","DONLCKGJAHEBMFI","DMJGBOF","BGCAO","IHKDOFLM","GFKABOICEDNL","KGAFEL","LCE","OIDAGFBJHKNLE","LCE","DJMEHILOCFBGNAK","MJD","CFDGOK","JG","M","DFCKHGEBLNOJIA","LHJEDINCFO","HBACLFJKNDEIMOG","LCE","ICFANDOGJHEKBML","EANGDLFIHOJBMKC","FO","FOGJAICKHBNDELM","JNHFMILBOC","IHCFAL","J","ENMGLDKJFI","NBDOC","BNFLCAOIGKMHJED","DAGCONJFBMIHKLE","JNHFMILB","JECGNFDL","LCEJA","JDLNAHECOBKM","J","HJIN","KFAIOH","HJ","J","JI","EJC","EOCMGJL","OIMEA","CJ","NADHLBCOJFEIMKG","JN","CDAOJN","BI","LFAINGJMHDECBKO","","E","J","J","LHJAIGKOBDNCFME","MN","GFDLCIBOA","","JNDOIGAHKL"],"Placements":[[{"Id":74,"V":18,"NV":18,"TB":0},{"Id":76,"V":17,"NV":17,"TB":0},{"Id":68,"V":13,"NV":13,"TB":0},{"Id":67,"V":11,"NV":11,"TB":0},{"Id":69,"V":10,"NV":10,"TB":0},{"Id":66,"V":9,"NV":9,"TB":0},{"Id":73,"V":8,"NV":8,"TB":0},{"Id":70,"V":7,"NV":7,"TB":0},{"Id":71,"V":7,"NV":7,"TB":0},{"Id":78,"V":7,"NV":7,"TB":0},{"Id":77,"V":6,"NV":6,"TB":0},{"Id":79,"V":6,"NV":6,"TB":0},{"Id":65,"V":4,"NV":4,"TB":0},{"Id":72,"V":4,"NV":4,"TB":0},{"Id":75,"V":3,"NV":3,"TB":0}],[{"Id":74,"V":18,"NV":0,"TB":0},{"Id":76,"V":17,"NV":0,"TB":0},{"Id":68,"V":13,"NV":0,"TB":0},{"Id":67,"V":11,"NV":0,"TB":0},{"Id":69,"V":10,"NV":0,"TB":0},{"Id":66,"V":9,"NV":0,"TB":0},{"Id":70,"V":9,"NV":2,"TB":0},{"Id":71,"V":8,"NV":1,"TB":0},{"Id":73,"V":8,"NV":0,"TB":0},{"Id":78,"V":7,"NV":0,"TB":0},{"Id":77,"V":6,"NV":0,"TB":0},{"Id":79,"V":6,"NV":0,"TB":0},{"Id":65,"V":4,"NV":0,"TB":0},{"Id":72,"V":4,"NV":0,"TB":1}],[{"Id":74,"V":20,"NV":2,"TB":0},{"Id":76,"V":17,"NV":0,"TB":0},{"Id":68,"V":13,"NV":0,"TB":0},{"Id":67,"V":11,"NV":0,"TB":0},{"Id":66,"V":10,"NV":1,"TB":0},{"Id":69,"V":10,"NV":0,"TB":0},{"Id":70,"V":10,"NV":1,"TB":0},{"Id":71,"V":8,"NV":0,"TB":0},{"Id":73,"V":8,"NV":0,"TB":0},{"Id":78,"V":7,"NV":0,"TB":0},{"Id":77,"V":6,"NV":0,"TB":0},{"Id":79,"V":6,"NV":0,"TB":0},{"Id":65,"V":4,"NV":0,"TB":0}],[{"Id":74,"V":20,"NV":0,"TB":0},{"Id":76,"V":17,"NV":0,"TB":0},{"Id":68,"V":13,"NV":0,"TB":0},{"Id":67,"V":12,"NV":1,"TB":0},{"Id":66,"V":10,"NV":0,"TB":0},{"Id":69,"V":10,"NV":0,"TB":0},{"Id":70,"V":10,"NV":0,"TB":0},{"Id":73,"V":10,"NV":2,"TB":0},{"Id":71,"V":9,"NV":1,"TB":0},{"Id":78,"V":7,"NV":0,"TB":0},{"Id":79,"V":6,"NV":0,"TB":0},{"Id":77,"V":6,"NV":0,"TB":2}],[{"Id":74,"V":21,"NV":1,"TB":0},{"Id":76,"V":17,"NV":0,"TB":0},{"Id":67,"V":13,"NV":1,"TB":0},{"Id":68,"V":13,"NV":0,"TB":0},{"Id":66,"V":10,"NV":0,"TB":0},{"Id":69,"V":10,"NV":0,"TB":0},{"Id":70,"V":10,"NV":0,"TB":0},{"Id":73,"V":10,"NV":0,"TB":0},{"Id":71,"V":9,"NV":0,"TB":0},{"Id":78,"V":8,"NV":1,"TB":0},{"Id":79,"V":7,"NV":1,"TB":0}],[{"Id":74,"V":23,"NV":2,"TB":0},{"Id":76,"V":17,"NV":0,"TB":0},{"Id":67,"V":13,"NV":0,"TB":0},{"Id":68,"V":13,"NV":0,"TB":0},{"Id":73,"V":12,"NV":2,"TB":0},{"Id":69,"V":11,"NV":1,"TB":0},{"Id":66,"V":10,"NV":0,"TB":0},{"Id":70,"V":10,"NV":0,"TB":0},{"Id":71,"V":9,"NV":0,"TB":0},{"Id":78,"V":9,"NV":1,"TB":1}],[{"Id":74,"V":23,"NV":0,"TB":0},{"Id":76,"V":17,"NV":0,"TB":0},{"Id":68,"V":15,"NV":2,"TB":0},{"Id":67,"V":13,"NV":0,"TB":0},{"Id":66,"V":12,"NV":2,"TB":0},{"Id":69,"V":12,"NV":1,"TB":0},{"Id":73,"V":12,"NV":0,"TB":0},{"Id":70,"V":11,"NV":1,"TB":0},{"Id":71,"V":9,"NV":0,"TB":0}],[{"Id":74,"V":23,"NV":0,"TB":0},{"Id":67,"V":17,"NV":4,"TB":0},{"Id":76,"V":17,"NV":0,"TB":0},{"Id":68,"V":15,"NV":0,"TB":0},{"Id":70,"V":15,"NV":4,"TB":0},{"Id":73,"V":13,"NV":1,"TB":0},{"Id":66,"V":12,"NV":0,"TB":0},{"Id":69,"V":12,"NV":0,"TB":1}],[{"Id":74,"V":25,"NV":2,"TB":0},{"Id":76,"V":21,"NV":4,"TB":0},{"Id":67,"V":18,"NV":1,"TB":0},{"Id":68,"V":17,"NV":2,"TB":0},{"Id":70,"V":15,"NV":0,"TB":0},{"Id":73,"V":14,"NV":1,"TB":0},{"Id":66,"V":12,"NV":0,"TB":0}],[{"Id":74,"V":26,"NV":1,"TB":0},{"Id":76,"V":21,"NV":0,"TB":0},{"Id":67,"V":20,"NV":2,"TB":0},{"Id":68,"V":19,"NV":2,"TB":0},{"Id":70,"V":19,"NV":4,"TB":0},{"Id":73,"V":16,"NV":2,"TB":0}],[{"Id":74,"V":28,"NV":2,"TB":0},{"Id":67,"V":23,"NV":3,"TB":0},{"Id":68,"V":22,"NV":3,"TB":0},{"Id":76,"V":22,"NV":1,"TB":0},{"Id":70,"V":21,"NV":2,"TB":0}],[{"Id":74,"V":33,"NV":5,"TB":0},{"Id":68,"V":27,"NV":5,"TB":0},{"Id":67,"V":26,"NV":3,"TB":0},{"Id":76,"V":25,"NV":3,"TB":0}],[{"Id":67,"V":39,"NV":13,"TB":0},{"Id":74,"V":38,"NV":5,"TB":0},{"Id":68,"V":29,"NV":2,"TB":0}],[{"Id":67,"V":53,"NV":14,"TB":0},{"Id":74,"V":46,"NV":8,"TB":0}],[{"Id":67,"V":76,"NV":23,"TB":0}]],"Expires":1515964486,"SecondsLeft":0}