{"Mtype":"results","Title":"Round 1","PollStarted":"2018-03-12T20:56:01.244141939Z","PollDuration":300000000000,"Options":{"65":"Flora giving Trace Keidran culture lessons","66":"Seraphina finally becomes a dragon! Unfortunately for her she's lizard sized.","67":"Maddie, the Last Airbender","68":"Dust: An Elysian Tail, Dust accidentally turned into a Nimbat by Fidget.","69":"Keith cosplaying as Pip from Paladins, \u0026 Natani loves his newfound confidence!","70":"\"Nora turned Keiren into dragon. Reni conflicted. She doesn't approve but dragon Keiren is cute.","71":"Mary, Euchre \u0026 young Raine having a happy family moment.","72":"Kat reading Maeve \u0026 Maddie a bedtime story","73":"Alaric possesses Zen to hit on Keith. Natani is less than happy with it","74":"Flora listening to King Adelaide \u0026 Adira talk of the horrors of child birth.","75":"Kathrin gets a hold of some japan kimonos \u0026 gets Flora \u0026 Natani to try them on with her.","76":"Sealeen tries to use her potions to brew coffee for Landen, but it goes horribly wrong.","77":"Flora as Rey from star wars","78":"Alaric \u0026 Madelyn are fencing/sparring, Madelyn is impossible to land a hit."},"ExpectedBallots":55,"CountedBallots":55,"Ballots":["FAJHILBKN","IKAJNGHECLDMFB","N","IKDBFJ","","BG","KHJA","KBM","H","AIH","KBFAJHNGIC","KA","BM","B","B","N","GHAD","JADGHKB","EIBJCNMHDGL","LFBGJ","MCDEIKFBLNHGAJ","LBHNIJ","LCBFGKMNHIJAED","AHKMCNGFJB","DJFK","BFL","GEB","GBLIFJMEHDCKN","I","B","GKABN","DGCEFHKNLBMAJI","LDBNGHM","","IHAEKJ","FDHAJBGIENKCLM","GJLNHKI","K","KH","GH","HAKN","GH","DGJANFBHL","GEKHIDFMLJCANB","HK","JA","DI","DAF","I","NJDFACKBLHGIE","JFNB","","DFEKMCHGJANLBI","IAB","GH"],"Placements":[[{"Id":71,"V":9,"NV":9,"TB":0},{"Id":66,"V":6,"NV":6,"TB":0},{"Id":68,"V":6,"NV":6,"TB":0},{"Id":73,"V":6,"NV":6,"TB":0},{"Id":75,"V":6,"NV":6,"TB":0},{"Id":76,"V":4,"NV":4,"TB":0},{"Id":72,"V":3,"NV":3,"TB":0},{"Id":74,"V":3,"NV":3,"TB":0},{"Id":78,"V":3,"NV":3,"TB":0},{"Id":65,"V":2,"NV":2,"TB":0},{"Id":70,"V":2,"NV":2,"TB":0},{"Id":69,"V":1,"NV":1,"TB":0},{"Id":77,"V":1,"NV":1,"TB":0},{"Id":67,"V":0,"NV":0,"TB":0}],[{"Id":71,"V":9,"NV":0,"TB":0},{"Id":66,"V":6,"NV":0,"TB":0},{"Id":68,"V":6,"NV":0,"TB":0},{"Id":73,"V":6,"NV":0,"TB":0},{"Id":75,"V":6,"NV":0,"TB":0},{"Id":76,"V":4,"NV":0,"TB":0},{"Id":72,"V":3,"NV":0,"TB":0},{"Id":74,"V":3,"NV":0,"TB":0},{"Id":78,"V":3,"NV":0,"TB":0},{"Id":65,"V":2,"NV":0,"TB":0},{"Id":70,"V":2,"NV":0,"TB":0},{"Id":69,"V":1,"NV":0,"TB":0},{"Id":77,"V":1,"NV":0,"TB":1}],[{"Id":71,"V":9,"NV":0,"TB":0},{"Id":68,"V":7,"NV":1,"TB":0},{"Id":66,"V":6,"NV":0,"TB":0},{"Id":73,"V":6,"NV":0,"TB":0},{"Id":75,"V":6,"NV":0,"TB":0},{"Id":76,"V":4,"NV":0,"TB":0},{"Id":72,"V":3,"NV":0,"TB":0},{"Id":74,"V":3,"NV":0,"TB":0},{"Id":78,"V":3,"NV":0,"TB":0},{"Id":65,"V":2,"NV":0,"TB":0},{"Id":70,"V":2,"NV":0,"TB":0},{"Id":69,"V":1,"NV":0,"TB":0}],[{"Id":71,"V":9,"NV":0,"TB":0},{"Id":68,"V":7,"NV":0,"TB":0},{"Id":73,"V":7,"NV":1,"TB":0},{"Id":66,"V":6,"NV":0,"TB":0},{"Id":75,"V":6,"NV":0,"TB":0},{"Id":76,"V":4,"NV":0,"TB":0},{"Id":72,"V":3,"NV":0,"TB":0},{"Id":74,"V":3,"NV":0,"TB":0},{"Id":78,"V":3,"NV":0,"TB":0},{"Id":70,"V":2,"NV":0,"TB":0},{"Id":65,"V":2,"NV":0,"TB":2}],[{"Id":71,"V":9,"NV":0,"TB":0},{"Id":73,"V":8,"NV":1,"TB":0},{"Id":68,"V":7,"NV":0,"TB":0},{"Id":66,"V":6,"NV":0,"TB":0},{"Id":75,"V":6,"NV":0,"TB":0},{"Id":72,"V":4,"NV":1,"TB":0},{"Id":76,"V":4,"NV":0,"TB":0},{"Id":74,"V":3,"NV":0,"TB":0},{"Id":78,"V":3,"NV":0,"TB":0},{"Id":70,"V":2,"NV":0,"TB":0}],[{"Id":71,"V":9,"NV":0,"TB":0},{"Id":68,"V":8,"NV":1,"TB":0},{"Id":73,"V":8,"NV":0,"TB":0},{"Id":66,"V":6,"NV":0,"TB":0},{"Id":75,"V":6,"NV":0,"TB":0},{"Id":72,"V":4,"NV":0,"TB":0},{"Id":74,"V":4,"NV":1,"TB":0},{"Id":76,"V":4,"NV":0,"TB":0},{"Id":78,"V":3,"NV":0,"TB":0}],[{"Id":71,"V":9,"NV":0,"TB":0},{"Id":68,"V":8,"NV":0,"TB":0},{"Id":73,"V":8,"NV":0,"TB":0},{"Id":66,"V":6,"NV":0,"TB":0},{"Id":75,"V":6,"NV":0,"TB":0},{"Id":74,"V":5,"NV":1,"TB":0},{"Id":72,"V":4,"NV":0,"TB":0},{"Id":76,"V":4,"NV":0,"TB":1}],[{"Id":66,"V":9,"NV":3,"TB":0},{"Id":68,"V":9,"NV":1,"TB":0},{"Id":71,"V":9,"NV":0,"TB":0},{"Id":73,"V":8,"NV":0,"TB":0},{"Id":75,"V":6,"NV":0,"TB":0},{"Id":74,"V":5,"NV":0,"TB":0},{"Id":72,"V":4,"NV":0,"TB":0}],[{"Id":66,"V":9,"NV":0,"TB":0},{"Id":68,"V":9,"NV":0,"TB":0},{"Id":71,"V":9,"NV":0,"TB":0},{"Id":75,"V":9,"NV":3,"TB":0},{"Id":73,"V":8,"NV":0,"TB":0},{"Id":74,"V":5,"NV":0,"TB":0}],[{"Id":68,"V":11,"NV":2,"TB":0},{"Id":66,"V":10,"NV":1,"TB":0},{"Id":71,"V":9,"NV":0,"TB":0},{"Id":73,"V":9,"NV":1,"TB":0},{"Id":75,"V":9,"NV":0,"TB":1}],[{"Id":66,"V":12,"NV":2,"TB":0},{"Id":68,"V":11,"NV":0,"TB":0},{"Id":71,"V":10,"NV":1,"TB":0},{"Id":73,"V":9,"NV":0,"TB":0}],[{"Id":66,"V":15,"NV":3,"TB":0},{"Id":68,"V":12,"NV":1,"TB":0},{"Id":71,"V":11,"NV":1,"TB":0}],[{"Id":66,"V":19,"NV":4,"TB":0},{"Id":68,"V":15,"NV":3,"TB":0}],[{"Id":66,"V":30,"NV":11,"TB":0}]],"Expires":1520888763,"SecondsLeft":0}