{"Mtype":"results","Title":"Round 5","PollStarted":"2018-10-28T23:28:42.825447599Z","PollDuration":300000000000,"Options":{"65":"Trace gets attacked by a “Tiger” shark at the beach ","66":"Male Mike and female mikes judging each other’s appearance ","67":"Mike kisses Evals, who is reluctant at first but then gets more into it (both male)","68":"WereSquirrel 2! Maddie \u0026 Mrs. Nibbly infect (or try to infect) Karen with WereSquirrel-ness.","69":"Reni becomes an entrant (or victor) in the Great Basitin Royal Steed tournament.","70":"Keith and Natani carving pumpkins that are SUPPOSED to look like each other","71":"The Oasis Room, with a splash of Black Magic.","72":"For the Halloween party a rabbit Keidran gets Mike to dress as a sly fox con-mammal to her bunny cop.","73":"Alternative version Nora's Fantasy with Nora in human form.","74":"the girls run a maid café","75":"Flora Flora costume","76":"Natani in N7 outfit and equip. Female (Mass) and male (effect) versions.","77":"The snow leopard elders ensure the adventurer wont betray them by appealing to \"Merciful Nora\" to give her a fluffy tail of her own!","78":"Evals and Mike dressed as Yuri and Viktor from Yuri on Ice!!! Ice skating with one another","79":"Roselyn dressed as Professor McGonagall from Harry Potter for Halloween.","80":"Flora, Kat, and Therie dressed as the hex girls from scooby doo"},"ExpectedBallots":101,"CountedBallots":101,"Ballots":["CGBH","FJ","IH","COGJEBMHFIKAP","BFAIEHK","IAJEMKOFGP","FL","IDKOPCJM","HBFJMAGDEO","HAKDPCIGFJMLEBNO","HJFMP","AHFKGIMECBOPNLDJ","FNBAMJDO","NCHAJBMFKODGIPEL","LBAPFKGEMOHICDJN","BHCIGMAOPL","PFCOJ","B","OA","OHPBMEAG","JHFBAMGDPOKELNIC","DEFCGLAMJO","JKGABHFMDIPOLNEC","KAJMIPGL","HG","MGI","LFD","MOFABPDGLICHJ","CFLPOABMKHNGI","MA","BCNHMPG","CHFBDAIGEOK","IDMB","A","OABLG","CEIFGMHOAKJ","GBMLJANKFIDCEPHO","PCIMKH","KAOFMI","JHFD","JLFBE","MGB","GMHB","MPJAKHGIOLFE","A","AMIKH","AFPH","L","OPDFHGJLBMEIKANC","KAIBHPDN","FB","KGAPFOHJDBECNLIM","OABFCEK","IDB","BCHNMDP","DGOAPCFIKMHJLEBN","AKPFJHGC","FEOGJDPIM","COAP","HPME","LFIOG","OBCL","","CMOHG","EMHOD","MJB","CBJDPOGIAMFKHN","GEJBFI","MPJKH","MFBO","OC","CNBPD","FD","GBAFDKJ","OMEHB","GJ","JGFMAKBHOL","","DMAOPG","FGM","AKPDOJ","OAKJIDPG","MGEO","CMAE","MADPKBHLOJNIFEGC","FAJ","AMI","BG","COF","GBKFCIA","PDJKAI","OGACFP","LCFB","IFEAJMHOKLNGPBC","FIHBM","MGEO","GBMK","PLCOHBFNMGA","CFBHMIGEDO","LDBMIPKAO","GB"],"Placements":[[{"Id":67,"V":12,"NV":12,"TB":0},{"Id":77,"V":11,"NV":11,"TB":0},{"Id":79,"V":10,"NV":10,"TB":0},{"Id":70,"V":9,"NV":9,"TB":0},{"Id":65,"V":8,"NV":8,"TB":0},{"Id":71,"V":8,"NV":8,"TB":0},{"Id":66,"V":6,"NV":6,"TB":0},{"Id":73,"V":6,"NV":6,"TB":0},{"Id":76,"V":6,"NV":6,"TB":0},{"Id":72,"V":5,"NV":5,"TB":0},{"Id":74,"V":5,"NV":5,"TB":0},{"Id":75,"V":4,"NV":4,"TB":0},{"Id":80,"V":4,"NV":4,"TB":0},{"Id":68,"V":3,"NV":3,"TB":0},{"Id":78,"V":1,"NV":1,"TB":0},{"Id":69,"V":1,"NV":1,"TB":2}],[{"Id":67,"V":12,"NV":0,"TB":0},{"Id":77,"V":12,"NV":1,"TB":0},{"Id":79,"V":10,"NV":0,"TB":0},{"Id":70,"V":9,"NV":0,"TB":0},{"Id":65,"V":8,"NV":0,"TB":0},{"Id":71,"V":8,"NV":0,"TB":0},{"Id":66,"V":6,"NV":0,"TB":0},{"Id":73,"V":6,"NV":0,"TB":0},{"Id":76,"V":6,"NV":0,"TB":0},{"Id":72,"V":5,"NV":0,"TB":0},{"Id":74,"V":5,"NV":0,"TB":0},{"Id":75,"V":4,"NV":0,"TB":0},{"Id":80,"V":4,"NV":0,"TB":0},{"Id":68,"V":3,"NV":0,"TB":0},{"Id":78,"V":1,"NV":0,"TB":0}],[{"Id":67,"V":13,"NV":1,"TB":0},{"Id":77,"V":12,"NV":0,"TB":0},{"Id":79,"V":10,"NV":0,"TB":0},{"Id":70,"V":9,"NV":0,"TB":0},{"Id":65,"V":8,"NV":0,"TB":0},{"Id":71,"V":8,"NV":0,"TB":0},{"Id":66,"V":6,"NV":0,"TB":0},{"Id":73,"V":6,"NV":0,"TB":0},{"Id":76,"V":6,"NV":0,"TB":0},{"Id":72,"V":5,"NV":0,"TB":0},{"Id":74,"V":5,"NV":0,"TB":0},{"Id":75,"V":4,"NV":0,"TB":0},{"Id":80,"V":4,"NV":0,"TB":0},{"Id":68,"V":3,"NV":0,"TB":0}],[{"Id":67,"V":13,"NV":0,"TB":0},{"Id":77,"V":13,"NV":1,"TB":0},{"Id":70,"V":10,"NV":1,"TB":0},{"Id":79,"V":10,"NV":0,"TB":0},{"Id":71,"V":9,"NV":1,"TB":0},{"Id":65,"V":8,"NV":0,"TB":0},{"Id":66,"V":6,"NV":0,"TB":0},{"Id":73,"V":6,"NV":0,"TB":0},{"Id":76,"V":6,"NV":0,"TB":0},{"Id":72,"V":5,"NV":0,"TB":0},{"Id":74,"V":5,"NV":0,"TB":0},{"Id":80,"V":4,"NV":0,"TB":0},{"Id":75,"V":4,"NV":0,"TB":2}],[{"Id":67,"V":13,"NV":0,"TB":0},{"Id":77,"V":13,"NV":0,"TB":0},{"Id":65,"V":11,"NV":3,"TB":0},{"Id":70,"V":10,"NV":0,"TB":0},{"Id":71,"V":10,"NV":1,"TB":0},{"Id":79,"V":10,"NV":0,"TB":0},{"Id":66,"V":6,"NV":0,"TB":0},{"Id":73,"V":6,"NV":0,"TB":0},{"Id":76,"V":6,"NV":0,"TB":0},{"Id":72,"V":5,"NV":0,"TB":0},{"Id":74,"V":5,"NV":0,"TB":0},{"Id":80,"V":4,"NV":0,"TB":0}],[{"Id":67,"V":14,"NV":1,"TB":0},{"Id":77,"V":13,"NV":0,"TB":0},{"Id":65,"V":11,"NV":0,"TB":0},{"Id":70,"V":11,"NV":1,"TB":0},{"Id":71,"V":10,"NV":0,"TB":0},{"Id":79,"V":10,"NV":0,"TB":0},{"Id":76,"V":7,"NV":1,"TB":0},{"Id":66,"V":6,"NV":0,"TB":0},{"Id":73,"V":6,"NV":0,"TB":0},{"Id":74,"V":6,"NV":1,"TB":0},{"Id":72,"V":5,"NV":0,"TB":0}],[{"Id":67,"V":14,"NV":0,"TB":0},{"Id":77,"V":14,"NV":1,"TB":0},{"Id":65,"V":12,"NV":1,"TB":0},{"Id":70,"V":11,"NV":0,"TB":0},{"Id":71,"V":11,"NV":1,"TB":0},{"Id":79,"V":10,"NV":0,"TB":0},{"Id":66,"V":7,"NV":1,"TB":0},{"Id":74,"V":7,"NV":1,"TB":0},{"Id":76,"V":7,"NV":0,"TB":0},{"Id":73,"V":6,"NV":0,"TB":0}],[{"Id":77,"V":15,"NV":1,"TB":0},{"Id":67,"V":14,"NV":0,"TB":0},{"Id":65,"V":13,"NV":1,"TB":0},{"Id":70,"V":12,"NV":1,"TB":0},{"Id":71,"V":11,"NV":0,"TB":0},{"Id":79,"V":11,"NV":1,"TB":0},{"Id":66,"V":8,"NV":1,"TB":0},{"Id":74,"V":7,"NV":0,"TB":0},{"Id":76,"V":7,"NV":0,"TB":1}],[{"Id":67,"V":16,"NV":2,"TB":0},{"Id":77,"V":15,"NV":0,"TB":0},{"Id":70,"V":14,"NV":2,"TB":0},{"Id":65,"V":13,"NV":0,"TB":0},{"Id":71,"V":11,"NV":0,"TB":0},{"Id":79,"V":11,"NV":0,"TB":0},{"Id":66,"V":10,"NV":2,"TB":0},{"Id":74,"V":7,"NV":0,"TB":0}],[{"Id":70,"V":18,"NV":4,"TB":0},{"Id":67,"V":16,"NV":0,"TB":0},{"Id":77,"V":15,"NV":0,"TB":0},{"Id":65,"V":14,"NV":1,"TB":0},{"Id":71,"V":13,"NV":2,"TB":0},{"Id":79,"V":11,"NV":0,"TB":0},{"Id":66,"V":10,"NV":0,"TB":0}],[{"Id":70,"V":20,"NV":2,"TB":0},{"Id":67,"V":19,"NV":3,"TB":0},{"Id":77,"V":16,"NV":1,"TB":0},{"Id":65,"V":15,"NV":1,"TB":0},{"Id":71,"V":14,"NV":1,"TB":0},{"Id":79,"V":11,"NV":0,"TB":0}],[{"Id":67,"V":22,"NV":3,"TB":0},{"Id":70,"V":21,"NV":1,"TB":0},{"Id":65,"V":19,"NV":4,"TB":0},{"Id":77,"V":18,"NV":2,"TB":0},{"Id":71,"V":15,"NV":1,"TB":0}],[{"Id":65,"V":24,"NV":5,"TB":0},{"Id":70,"V":24,"NV":3,"TB":0},{"Id":67,"V":22,"NV":0,"TB":0},{"Id":77,"V":21,"NV":3,"TB":0}],[{"Id":65,"V":31,"NV":7,"TB":0},{"Id":70,"V":26,"NV":2,"TB":0},{"Id":67,"V":22,"NV":0,"TB":0}],[{"Id":65,"V":36,"NV":5,"TB":0},{"Id":70,"V":34,"NV":8,"TB":0}],[{"Id":65,"V":52,"NV":16,"TB":0}]],"Expires":1540769924,"SecondsLeft":0}