{"Mtype":"results","Title":"Round 3","PollStarted":"2018-02-04T22:21:09.452717121Z","PollDuration":300000000000,"Options":{"65":"A discombobulated Ms. Nibs as a half dragon mistaking Reni for \"Momma\"","66":"\"Xenokinds 2\" Keith (\"Rex\") and Natani (\"Pyra\")","67":"Auditions to TwoKinds: the Movie","68":"Keidran Nibbly beckons Sythe into bed","69":"flora gets freaked out by a surprise cucumber","70":"Flora sees a cardboard box, and do as all cats do.","71":"Raine screws up Carver's teleport spell so hard he ends up in our world.","72":"Alaric \u0026 Laura on a date","73":"Hatchling Reni excited to meet her first human","74":"Ms. Potts uses a stepladder to pet Colin","75":"Nurse Kat tends to Zen's leg","76":"Natani crying over Keith's lifeless body ","77":"Keith as Yoda","78":"Ms. Nibbly sleeping on Karens face like a kitten","79":"Flora as a Khajiit, running a traveling shop \u0026 saying \"Flora has wares if you have coin\"","80":"Keith and Trace in the booth calling the big game"},"ExpectedBallots":124,"CountedBallots":124,"Ballots":["EG","HNPME","FOCDG","LHJG","ACIMGP","","O","CPJIAM","JKDH","DG","EMGON","CGIDALPOE","IJFDKNCGOAM","FKECPGNIO","KFPJNIAGH","EFC","KCJOFGPHENABDIML","GLJHFDMKE","OCB","HDEIO","DKEPM","HODKGN","EDFKGPM","DE","OPJCMFGD","AMFONIDEGJKPHBCL","OBANDCKH","IGNCJFE","FOGDAEMNHBIJKCLP","JCNIPOHBKDFM","IAOFGJEPCNHBM","DLGIO","PM","LCINP","AFIO","FCIBGOAJKMDPENL","DJGEF","MPCBDKHL","FCIBOGAJKMN","ICGK","CG","EMDAOIFHLCNKBGJP","MBPDOGFLHE","L","JKHEDFGAINLC","DOPINFEKCHA","MDHFEC","IAJNGO","CGOPMIKLDEHBJFAN","FCO","MKAEFNOCHDBGIJLP","K","JEFIDAGCKHONMPBL","D","KEIFODGAPNJCBMH","HGCKNFI","NHJCEI","ICMJA","KEHOFCMIPGALDJBN","KF","JGEOHNFM","IGOF","BFJODE","ODG","KGJLDCOBHANIFMP","COHPL","KCOJNEG","HLPICFKJGMN","DIBLFOCHJKNPA","IKEFNOCH","FN","JDLMG","IOCLG","JIDNAMGKEOF","LIAEKCOH","GCFKBMPAIOLJEDHN","DKG","CAGD","AEIDNF","LOGIADBFNCEJMPKH","JIAGNH","HLPBMGOCJFEKNIAD","JCGAIDOFE","DK","DK","GDKIFEAOBH","OANEDIK","MJDNIF","CKFLMI","JGDCFEN","OEGDMFICKPBLAJNH","AJDIFNGKLEHOCPBM","DFE","DJIG","PCKLM","MCOKJ","NIDOJFGAE","MHKGJNABIPEFLODC","HJO","DKFO","KGCIEF","N","GJFM","EG","EFCO","LB","","FKEMADNCLIHP","LGDKFME","HLPFJICKOGMN","GDNEIPAFHLCO","DBEA","ACGFJN","GDA","H","NA","FNO","AEF","A","IAKDFE","A","E","ANJDI","OHLMPB"],"Placements":[[{"Id":68,"V":15,"NV":15,"TB":0},{"Id":65,"V":10,"NV":10,"TB":0},{"Id":73,"V":10,"NV":10,"TB":0},{"Id":74,"V":10,"NV":10,"TB":0},{"Id":70,"V":9,"NV":9,"TB":0},{"Id":72,"V":9,"NV":9,"TB":0},{"Id":75,"V":9,"NV":9,"TB":0},{"Id":69,"V":8,"NV":8,"TB":0},{"Id":79,"V":8,"NV":8,"TB":0},{"Id":67,"V":7,"NV":7,"TB":0},{"Id":76,"V":7,"NV":7,"TB":0},{"Id":77,"V":7,"NV":7,"TB":0},{"Id":71,"V":6,"NV":6,"TB":0},{"Id":78,"V":4,"NV":4,"TB":0},{"Id":80,"V":2,"NV":2,"TB":0},{"Id":66,"V":1,"NV":1,"TB":0}],[{"Id":68,"V":15,"NV":0,"TB":0},{"Id":65,"V":10,"NV":0,"TB":0},{"Id":70,"V":10,"NV":1,"TB":0},{"Id":73,"V":10,"NV":0,"TB":0},{"Id":74,"V":10,"NV":0,"TB":0},{"Id":72,"V":9,"NV":0,"TB":0},{"Id":75,"V":9,"NV":0,"TB":0},{"Id":69,"V":8,"NV":0,"TB":0},{"Id":79,"V":8,"NV":0,"TB":0},{"Id":67,"V":7,"NV":0,"TB":0},{"Id":76,"V":7,"NV":0,"TB":0},{"Id":77,"V":7,"NV":0,"TB":0},{"Id":71,"V":6,"NV":0,"TB":0},{"Id":78,"V":4,"NV":0,"TB":0},{"Id":80,"V":2,"NV":0,"TB":0}],[{"Id":68,"V":15,"NV":0,"TB":0},{"Id":65,"V":10,"NV":0,"TB":0},{"Id":70,"V":10,"NV":0,"TB":0},{"Id":73,"V":10,"NV":0,"TB":0},{"Id":74,"V":10,"NV":0,"TB":0},{"Id":72,"V":9,"NV":0,"TB":0},{"Id":75,"V":9,"NV":0,"TB":0},{"Id":67,"V":8,"NV":1,"TB":0},{"Id":69,"V":8,"NV":0,"TB":0},{"Id":77,"V":8,"NV":1,"TB":0},{"Id":79,"V":8,"NV":0,"TB":0},{"Id":76,"V":7,"NV":0,"TB":0},{"Id":71,"V":6,"NV":0,"TB":0},{"Id":78,"V":4,"NV":0,"TB":0}],[{"Id":68,"V":15,"NV":0,"TB":0},{"Id":65,"V":11,"NV":1,"TB":0},{"Id":73,"V":11,"NV":1,"TB":0},{"Id":70,"V":10,"NV":0,"TB":0},{"Id":72,"V":10,"NV":1,"TB":0},{"Id":74,"V":10,"NV":0,"TB":0},{"Id":75,"V":9,"NV":0,"TB":0},{"Id":67,"V":8,"NV":0,"TB":0},{"Id":69,"V":8,"NV":0,"TB":0},{"Id":77,"V":8,"NV":0,"TB":0},{"Id":79,"V":8,"NV":0,"TB":0},{"Id":76,"V":7,"NV":0,"TB":0},{"Id":71,"V":6,"NV":0,"TB":0}],[{"Id":68,"V":18,"NV":3,"TB":0},{"Id":65,"V":11,"NV":0,"TB":0},{"Id":73,"V":11,"NV":0,"TB":0},{"Id":74,"V":11,"NV":1,"TB":0},{"Id":70,"V":10,"NV":0,"TB":0},{"Id":72,"V":10,"NV":0,"TB":0},{"Id":67,"V":9,"NV":1,"TB":0},{"Id":75,"V":9,"NV":0,"TB":0},{"Id":69,"V":8,"NV":0,"TB":0},{"Id":76,"V":8,"NV":1,"TB":0},{"Id":79,"V":8,"NV":0,"TB":0},{"Id":77,"V":8,"NV":0,"TB":2}],[{"Id":68,"V":20,"NV":2,"TB":0},{"Id":74,"V":12,"NV":1,"TB":0},{"Id":65,"V":11,"NV":0,"TB":0},{"Id":67,"V":11,"NV":2,"TB":0},{"Id":72,"V":11,"NV":1,"TB":0},{"Id":73,"V":11,"NV":0,"TB":0},{"Id":70,"V":10,"NV":0,"TB":0},{"Id":75,"V":10,"NV":1,"TB":0},{"Id":76,"V":8,"NV":0,"TB":0},{"Id":79,"V":8,"NV":0,"TB":0},{"Id":69,"V":8,"NV":0,"TB":3}],[{"Id":68,"V":22,"NV":2,"TB":0},{"Id":70,"V":12,"NV":2,"TB":0},{"Id":74,"V":12,"NV":0,"TB":0},{"Id":65,"V":11,"NV":0,"TB":0},{"Id":67,"V":11,"NV":0,"TB":0},{"Id":72,"V":11,"NV":0,"TB":0},{"Id":73,"V":11,"NV":0,"TB":0},{"Id":75,"V":10,"NV":0,"TB":0},{"Id":79,"V":9,"NV":1,"TB":0},{"Id":76,"V":8,"NV":0,"TB":0}],[{"Id":68,"V":23,"NV":1,"TB":0},{"Id":74,"V":13,"NV":1,"TB":0},{"Id":67,"V":12,"NV":1,"TB":0},{"Id":70,"V":12,"NV":0,"TB":0},{"Id":72,"V":12,"NV":1,"TB":0},{"Id":73,"V":12,"NV":1,"TB":0},{"Id":65,"V":11,"NV":0,"TB":0},{"Id":79,"V":10,"NV":1,"TB":0},{"Id":75,"V":10,"NV":0,"TB":2}],[{"Id":68,"V":23,"NV":0,"TB":0},{"Id":67,"V":15,"NV":3,"TB":0},{"Id":70,"V":14,"NV":2,"TB":0},{"Id":74,"V":14,"NV":1,"TB":0},{"Id":72,"V":13,"NV":1,"TB":0},{"Id":73,"V":13,"NV":1,"TB":0},{"Id":65,"V":12,"NV":1,"TB":0},{"Id":79,"V":10,"NV":0,"TB":0}],[{"Id":68,"V":25,"NV":2,"TB":0},{"Id":67,"V":16,"NV":1,"TB":0},{"Id":74,"V":15,"NV":1,"TB":0},{"Id":70,"V":14,"NV":0,"TB":0},{"Id":72,"V":14,"NV":1,"TB":0},{"Id":73,"V":14,"NV":1,"TB":0},{"Id":65,"V":14,"NV":2,"TB":4}],[{"Id":68,"V":27,"NV":2,"TB":0},{"Id":67,"V":18,"NV":2,"TB":0},{"Id":70,"V":18,"NV":4,"TB":0},{"Id":74,"V":17,"NV":2,"TB":0},{"Id":73,"V":15,"NV":1,"TB":0},{"Id":72,"V":14,"NV":0,"TB":0}],[{"Id":68,"V":29,"NV":2,"TB":0},{"Id":74,"V":21,"NV":4,"TB":0},{"Id":67,"V":20,"NV":2,"TB":0},{"Id":70,"V":20,"NV":2,"TB":0},{"Id":73,"V":16,"NV":1,"TB":0}],[{"Id":68,"V":33,"NV":4,"TB":0},{"Id":67,"V":26,"NV":6,"TB":0},{"Id":70,"V":24,"NV":4,"TB":0},{"Id":74,"V":23,"NV":2,"TB":0}],[{"Id":68,"V":42,"NV":9,"TB":0},{"Id":70,"V":30,"NV":6,"TB":0},{"Id":67,"V":30,"NV":4,"TB":2}],[{"Id":68,"V":48,"NV":6,"TB":0},{"Id":70,"V":40,"NV":10,"TB":0}],[{"Id":68,"V":65,"NV":17,"TB":0}]],"Expires":1517783473,"SecondsLeft":0}