{"Mtype":"results","Title":"Round 5","PollStarted":"2018-09-17T00:49:23.527949848Z","PollDuration":300000000000,"Options":{"65":"Sealeen Spikes Edinmire's Water with her transformation potions.","66":"Frankenstein Monster with different body parts of Wolf, Tiger, Fox, Dragon, Basitin etc","67":"Raine and mrs. Nibbler, fighting over scythe. Literal sense (love quarrel)","68":"Flora pouncing Trace, Tigger style","69":"Clovis forces Natani to choose between Keith and Zen. Kill one to save the other. ","70":"How did Maddie's Parents meet?","71":"Basitins' Muscle Head general riding on Reni, busting thru Edinmire barrack to advertise Basitin Spice.","72":"Flora, Trace, Natani, and Keith, but at an early 1900s Burlesque","73":"Flora tells Maeve and Maddie a spoopy autumn night campfire story","74":"Raine locked in a pillory to raise money for Zen's leg.","75":"Natani showing Zen that Keith's kinda hot in a dress","76":"Happy Families AU: Euchre and Mary happily play with their new daughter","77":"Nat and Kat at a fancy tea party","78":"Flora confronting Flora-disguised Nora","79":"Adira and Kathrin bathe in a natural hot spring.","80":"Keith \u0026 Natani on dinner date, in outfits from sketch with keith in dress and natani in tuxedo","81":"kat cosplaying as a cat girl","82":"Epic moment on Basitin Island: lady Nora grabbing Trace repelled by explosion","83":"All of Tom’s reincarnations band together to make a revolution.","84":"It's a Twokinds ball! Trace is hosting in his home for everyone he has ever met.","85":"Tigresses reunion (The tigresses discuss about humans)"},"ExpectedBallots":102,"CountedBallots":102,"Ballots":["IO","JELKNCORMQFTGHAD","NQMCIUBPAG","R","AFBDNQITP","SLERPJHOUKITQMBFADGNC","DFKQI","DQOTUJ","T","KUOPIAQFDCNMT","KJFRLMGPQOA","KCIRTEMAPNO","TCFNRLSJBOGAPIQDUEKHM","NSGURB","KIF","KPIOMQT","KDOG","DRUSIQNHFT","KIPFSLRTC","FLRES","ANQBI","ORMPLQFHN","KMQC","NTSKDQAF","TNRFLCBU","OUIJF","ELNF","LAP","TUOCFER","SLGTMNQBPOCERJFUHIADK","NDOQIHFUS","GSHTAROK","EILRKBSFOG","DO","GONPQUFK","GSANOFRLQDHKIPUTMCBJE","JBSI","RJKAOFBGIL","GSRLETFAPMJKIOCHUQBDN","SL","APBEK","ALNJ","LIAROGKHTMNUBEFP","PKHFLROANU","PKCUEBJDQNALOSMRHIFGT","QRNDHCEPSJI","NDQUFIH","BECDHQOGSFUNAJRTMLIKP","GRSHTFNP","CALEBTJSQ","LBRNGK","UNLQIEGDFPTSMCHJABRKO","NOA","PIDKLAHMR","UFNDQOTHCSLG","SFETNDAOIQGJRULKPHCMB","IHAR","UFNDQOTHCSLG","FLABU","NKMG","GFMKOQRC","KI","CS","","OUA","INFQDMRPTU","KLAICR","EB","LDF","JIB","GLOKC","ER","UD","GOR","RBMHE","JKCLB","OFU","OUF","JOMF","ABNRDUS","JOC","ANLQMTFBHCOPRS","MU","QO","BRFMUNCAQ","UD","SLEKNFTRM","EFRASNJULGTKP","K","INKJ","SRTNIDALOMCPEUQ","IBLH","OUA","UFIPHQCOERTLNKMBDGJSA","SLAUI","OUQAC","ERI","DMEKAFCOP","ERSANLJFQGIPKUT","RTUF","R","R"],"Placements":[[{"Id":75,"V":11,"NV":11,"TB":0},{"Id":71,"V":8,"NV":8,"TB":0},{"Id":69,"V":7,"NV":7,"TB":0},{"Id":78,"V":7,"NV":7,"TB":0},{"Id":79,"V":7,"NV":7,"TB":0},{"Id":83,"V":7,"NV":7,"TB":0},{"Id":65,"V":6,"NV":6,"TB":0},{"Id":74,"V":6,"NV":6,"TB":0},{"Id":82,"V":6,"NV":6,"TB":0},{"Id":85,"V":6,"NV":6,"TB":0},{"Id":68,"V":5,"NV":5,"TB":0},{"Id":73,"V":5,"NV":5,"TB":0},{"Id":76,"V":4,"NV":4,"TB":0},{"Id":84,"V":4,"NV":4,"TB":0},{"Id":80,"V":3,"NV":3,"TB":0},{"Id":66,"V":2,"NV":2,"TB":0},{"Id":67,"V":2,"NV":2,"TB":0},{"Id":70,"V":2,"NV":2,"TB":0},{"Id":81,"V":2,"NV":2,"TB":0},{"Id":77,"V":1,"NV":1,"TB":0},{"Id":72,"V":0,"NV":0,"TB":0}],[{"Id":75,"V":11,"NV":0,"TB":0},{"Id":71,"V":8,"NV":0,"TB":0},{"Id":69,"V":7,"NV":0,"TB":0},{"Id":78,"V":7,"NV":0,"TB":0},{"Id":79,"V":7,"NV":0,"TB":0},{"Id":83,"V":7,"NV":0,"TB":0},{"Id":65,"V":6,"NV":0,"TB":0},{"Id":74,"V":6,"NV":0,"TB":0},{"Id":82,"V":6,"NV":0,"TB":0},{"Id":85,"V":6,"NV":0,"TB":0},{"Id":68,"V":5,"NV":0,"TB":0},{"Id":73,"V":5,"NV":0,"TB":0},{"Id":76,"V":4,"NV":0,"TB":0},{"Id":84,"V":4,"NV":0,"TB":0},{"Id":80,"V":3,"NV":0,"TB":0},{"Id":66,"V":2,"NV":0,"TB":0},{"Id":67,"V":2,"NV":0,"TB":0},{"Id":70,"V":2,"NV":0,"TB":0},{"Id":81,"V":2,"NV":0,"TB":0},{"Id":77,"V":1,"NV":0,"TB":0}],[{"Id":75,"V":11,"NV":0,"TB":0},{"Id":71,"V":8,"NV":0,"TB":0},{"Id":69,"V":7,"NV":0,"TB":0},{"Id":78,"V":7,"NV":0,"TB":0},{"Id":79,"V":7,"NV":0,"TB":0},{"Id":83,"V":7,"NV":0,"TB":0},{"Id":85,"V":7,"NV":1,"TB":0},{"Id":65,"V":6,"NV":0,"TB":0},{"Id":74,"V":6,"NV":0,"TB":0},{"Id":82,"V":6,"NV":0,"TB":0},{"Id":68,"V":5,"NV":0,"TB":0},{"Id":73,"V":5,"NV":0,"TB":0},{"Id":76,"V":4,"NV":0,"TB":0},{"Id":84,"V":4,"NV":0,"TB":0},{"Id":80,"V":3,"NV":0,"TB":0},{"Id":66,"V":2,"NV":0,"TB":0},{"Id":67,"V":2,"NV":0,"TB":0},{"Id":70,"V":2,"NV":0,"TB":0},{"Id":81,"V":2,"NV":0,"TB":1}],[{"Id":75,"V":11,"NV":0,"TB":0},{"Id":71,"V":8,"NV":0,"TB":0},{"Id":79,"V":8,"NV":1,"TB":0},{"Id":69,"V":7,"NV":0,"TB":0},{"Id":78,"V":7,"NV":0,"TB":0},{"Id":82,"V":7,"NV":1,"TB":0},{"Id":83,"V":7,"NV":0,"TB":0},{"Id":85,"V":7,"NV":0,"TB":0},{"Id":65,"V":6,"NV":0,"TB":0},{"Id":74,"V":6,"NV":0,"TB":0},{"Id":68,"V":5,"NV":0,"TB":0},{"Id":73,"V":5,"NV":0,"TB":0},{"Id":76,"V":4,"NV":0,"TB":0},{"Id":84,"V":4,"NV":0,"TB":0},{"Id":80,"V":3,"NV":0,"TB":0},{"Id":67,"V":2,"NV":0,"TB":0},{"Id":70,"V":2,"NV":0,"TB":0},{"Id":66,"V":2,"NV":0,"TB":3}],[{"Id":75,"V":11,"NV":0,"TB":0},{"Id":69,"V":8,"NV":1,"TB":0},{"Id":71,"V":8,"NV":0,"TB":0},{"Id":79,"V":8,"NV":0,"TB":0},{"Id":82,"V":8,"NV":1,"TB":0},{"Id":78,"V":7,"NV":0,"TB":0},{"Id":83,"V":7,"NV":0,"TB":0},{"Id":85,"V":7,"NV":0,"TB":0},{"Id":65,"V":6,"NV":0,"TB":0},{"Id":74,"V":6,"NV":0,"TB":0},{"Id":68,"V":5,"NV":0,"TB":0},{"Id":73,"V":5,"NV":0,"TB":0},{"Id":76,"V":4,"NV":0,"TB":0},{"Id":84,"V":4,"NV":0,"TB":0},{"Id":80,"V":3,"NV":0,"TB":0},{"Id":70,"V":2,"NV":0,"TB":0},{"Id":67,"V":2,"NV":0,"TB":2}],[{"Id":75,"V":11,"NV":0,"TB":0},{"Id":69,"V":8,"NV":0,"TB":0},{"Id":71,"V":8,"NV":0,"TB":0},{"Id":79,"V":8,"NV":0,"TB":0},{"Id":82,"V":8,"NV":0,"TB":0},{"Id":83,"V":8,"NV":1,"TB":0},{"Id":65,"V":7,"NV":1,"TB":0},{"Id":78,"V":7,"NV":0,"TB":0},{"Id":85,"V":7,"NV":0,"TB":0},{"Id":74,"V":6,"NV":0,"TB":0},{"Id":68,"V":5,"NV":0,"TB":0},{"Id":73,"V":5,"NV":0,"TB":0},{"Id":76,"V":4,"NV":0,"TB":0},{"Id":84,"V":4,"NV":0,"TB":0},{"Id":80,"V":3,"NV":0,"TB":0},{"Id":70,"V":2,"NV":0,"TB":0}],[{"Id":75,"V":11,"NV":0,"TB":0},{"Id":69,"V":8,"NV":0,"TB":0},{"Id":71,"V":8,"NV":0,"TB":0},{"Id":79,"V":8,"NV":0,"TB":0},{"Id":82,"V":8,"NV":0,"TB":0},{"Id":83,"V":8,"NV":0,"TB":0},{"Id":65,"V":7,"NV":0,"TB":0},{"Id":78,"V":7,"NV":0,"TB":0},{"Id":85,"V":7,"NV":0,"TB":0},{"Id":74,"V":6,"NV":0,"TB":0},{"Id":76,"V":6,"NV":2,"TB":0},{"Id":68,"V":5,"NV":0,"TB":0},{"Id":73,"V":5,"NV":0,"TB":0},{"Id":84,"V":4,"NV":0,"TB":0},{"Id":80,"V":3,"NV":0,"TB":0}],[{"Id":75,"V":13,"NV":2,"TB":0},{"Id":69,"V":8,"NV":0,"TB":0},{"Id":71,"V":8,"NV":0,"TB":0},{"Id":79,"V":8,"NV":0,"TB":0},{"Id":82,"V":8,"NV":0,"TB":0},{"Id":83,"V":8,"NV":0,"TB":0},{"Id":65,"V":7,"NV":0,"TB":0},{"Id":78,"V":7,"NV":0,"TB":0},{"Id":85,"V":7,"NV":0,"TB":0},{"Id":73,"V":6,"NV":1,"TB":0},{"Id":74,"V":6,"NV":0,"TB":0},{"Id":76,"V":6,"NV":0,"TB":0},{"Id":68,"V":5,"NV":0,"TB":0},{"Id":84,"V":4,"NV":0,"TB":0}],[{"Id":75,"V":13,"NV":0,"TB":0},{"Id":78,"V":9,"NV":2,"TB":0},{"Id":69,"V":8,"NV":0,"TB":0},{"Id":71,"V":8,"NV":0,"TB":0},{"Id":79,"V":8,"NV":0,"TB":0},{"Id":82,"V":8,"NV":0,"TB":0},{"Id":83,"V":8,"NV":0,"TB":0},{"Id":85,"V":8,"NV":1,"TB":0},{"Id":65,"V":7,"NV":0,"TB":0},{"Id":73,"V":6,"NV":0,"TB":0},{"Id":74,"V":6,"NV":0,"TB":0},{"Id":76,"V":6,"NV":0,"TB":0},{"Id":68,"V":5,"NV":0,"TB":0}],[{"Id":75,"V":14,"NV":1,"TB":0},{"Id":79,"V":10,"NV":2,"TB":0},{"Id":69,"V":9,"NV":1,"TB":0},{"Id":78,"V":9,"NV":0,"TB":0},{"Id":82,"V":9,"NV":1,"TB":0},{"Id":71,"V":8,"NV":0,"TB":0},{"Id":83,"V":8,"NV":0,"TB":0},{"Id":85,"V":8,"NV":0,"TB":0},{"Id":65,"V":7,"NV":0,"TB":0},{"Id":73,"V":6,"NV":0,"TB":0},{"Id":76,"V":6,"NV":0,"TB":0},{"Id":74,"V":6,"NV":0,"TB":2}],[{"Id":75,"V":15,"NV":1,"TB":0},{"Id":79,"V":12,"NV":2,"TB":0},{"Id":69,"V":10,"NV":1,"TB":0},{"Id":78,"V":9,"NV":0,"TB":0},{"Id":82,"V":9,"NV":0,"TB":0},{"Id":83,"V":9,"NV":1,"TB":0},{"Id":71,"V":8,"NV":0,"TB":0},{"Id":85,"V":8,"NV":0,"TB":0},{"Id":65,"V":7,"NV":0,"TB":0},{"Id":73,"V":7,"NV":1,"TB":0},{"Id":76,"V":6,"NV":0,"TB":0}],[{"Id":75,"V":15,"NV":0,"TB":0},{"Id":79,"V":12,"NV":0,"TB":0},{"Id":82,"V":11,"NV":2,"TB":0},{"Id":69,"V":10,"NV":0,"TB":0},{"Id":65,"V":9,"NV":2,"TB":0},{"Id":78,"V":9,"NV":0,"TB":0},{"Id":83,"V":9,"NV":0,"TB":0},{"Id":71,"V":8,"NV":0,"TB":0},{"Id":73,"V":8,"NV":1,"TB":0},{"Id":85,"V":8,"NV":0,"TB":1}],[{"Id":75,"V":15,"NV":0,"TB":0},{"Id":79,"V":13,"NV":1,"TB":0},{"Id":78,"V":12,"NV":3,"TB":0},{"Id":82,"V":11,"NV":0,"TB":0},{"Id":69,"V":10,"NV":0,"TB":0},{"Id":65,"V":9,"NV":0,"TB":0},{"Id":73,"V":9,"NV":1,"TB":0},{"Id":83,"V":9,"NV":0,"TB":0},{"Id":71,"V":8,"NV":0,"TB":0}],[{"Id":75,"V":16,"NV":1,"TB":0},{"Id":79,"V":16,"NV":3,"TB":0},{"Id":78,"V":12,"NV":0,"TB":0},{"Id":82,"V":12,"NV":1,"TB":0},{"Id":83,"V":12,"NV":3,"TB":0},{"Id":69,"V":10,"NV":0,"TB":0},{"Id":73,"V":9,"NV":0,"TB":0},{"Id":65,"V":9,"NV":0,"TB":2}],[{"Id":78,"V":17,"NV":5,"TB":0},{"Id":75,"V":16,"NV":0,"TB":0},{"Id":79,"V":16,"NV":0,"TB":0},{"Id":69,"V":12,"NV":2,"TB":0},{"Id":82,"V":12,"NV":0,"TB":0},{"Id":83,"V":12,"NV":0,"TB":0},{"Id":73,"V":9,"NV":0,"TB":0}],[{"Id":78,"V":19,"NV":2,"TB":0},{"Id":79,"V":18,"NV":2,"TB":0},{"Id":75,"V":17,"NV":1,"TB":0},{"Id":82,"V":14,"NV":2,"TB":0},{"Id":83,"V":12,"NV":0,"TB":0},{"Id":69,"V":12,"NV":0,"TB":2}],[{"Id":75,"V":20,"NV":3,"TB":0},{"Id":78,"V":20,"NV":1,"TB":0},{"Id":79,"V":19,"NV":1,"TB":0},{"Id":82,"V":19,"NV":5,"TB":0},{"Id":83,"V":13,"NV":1,"TB":0}],[{"Id":78,"V":23,"NV":3,"TB":0},{"Id":82,"V":23,"NV":4,"TB":0},{"Id":75,"V":21,"NV":1,"TB":0},{"Id":79,"V":19,"NV":0,"TB":0}],[{"Id":82,"V":27,"NV":4,"TB":0},{"Id":78,"V":25,"NV":2,"TB":0},{"Id":75,"V":22,"NV":1,"TB":0}],[{"Id":82,"V":34,"NV":7,"TB":0},{"Id":78,"V":29,"NV":4,"TB":0}],[{"Id":82,"V":48,"NV":14,"TB":0}]],"Expires":1537145963,"SecondsLeft":0}