{"Mtype":"results","Title":"Round Final","PollStarted":"2018-08-06T01:56:26.910131754Z","PollDuration":300000000000,"Options":{"65":"Flora mistakes, \u0026 tries to use, a bra for underpants ","66":"Remake of Modern Flora \u0026 Trace","67":"Natani's Shower: Expectation vs Reality. Reality featuring her being fully clothed the one time she shouldnt be.","68":"Keith sitting naked, heels on the floor \u0026 tail between his legs to block the sight to his privates.","69":"Frankenstein Monster w/ different body parts oft all Wolf,Tiger,Fox,dragon,Basitin \u0026 etc","70":"Raine Mad prequel: human Raine shouts \"Shazam!\"","71":"Clovis trying to resist the urge to buy dresses \u0026 jewelry while she's passing through town market w/ her body guard.","72":"Clovis vs Natani; Jedi duel.","73":"In an AU, Sythe \u0026 Flora fall in love \u0026 start a family. They have three children","74":"Flora \u0026 Kathrin in a minecraft world, in the process of finding diamonds.","75":"Reni rolls on herself a Keiran","76":"Come on down to Alaric's (sexy) car-wash","77":"Greaser Natani!","78":"A pair of kangaroos fighting (Keidran)","79":"How Reni \u0026 Nora hatched. (Reni was more of an oops, while Nora hatched like a perfect dragon-baby)","80":"Goth Keith being judged by Madelyn","81":"Keith dressed as Peach, getting rescued by a manly \u0026 mustached Mario-tani!"},"ExpectedBallots":79,"CountedBallots":79,"Ballots":["LAHGFQ","GHFLIKQCMJ","KNOGEBACJMFPHLQID","PKCQAE","AMD","KLPAGDON","L","IPC","NKL","LDCAMNBPGQHOFEKIJ","BAIOHDCQMEJ","JM","IBCHAOQMKJ","LMPIQ","AC","GNIL","A","FBQHGMEIACDKLNJPO","A","FHCDLMNIGEPAB","DPCILBQ","KDOLNQJIEBHPFA","BOAJKGDIMPCLNFQEH","GCA","QPEB","NGHMI","LPCMDEAG","AODBHM","QHGP","CHEGO","HGP","KCOMAJEB","CBQA","HGO","DHGKOA","CAJGPBIFOKHMELQND","JILMADOEGQBKPHFNC","BMOL","G","KO","BAJGLQFONHDCIPKEM","GFJB","QCMHE","CQOG","KGA","JA","IHFPJM","","LMPEO","CQHAMNGBEKOILFP","HPBDJ","CGALPJD","HGFJEB","IBD","BCDGO","LFJAD","","EQFOHBLJKCNGAMDIP","EGQHAFMB","LEIQ","BJIE","GOHD","DLCPEHM","CQDHIMG","CLAJ","GH","CGKOQMJBNF","OLCIPQADMB","GDH","LCIKD","DLIOAJGCFNHQMBPKE","GHLMCQIPONABJDKFE","","NELI","EJODKPMCFLAIQNHGB","AELOH","IHNDCGMOFPE","HOCGIKAEFMLQPNDJB","FDBLQNPAHKICOJEMG"],"Placements":[[{"Id":67,"V":9,"NV":9,"TB":0},{"Id":71,"V":9,"NV":9,"TB":0},{"Id":76,"V":9,"NV":9,"TB":0},{"Id":65,"V":6,"NV":6,"TB":0},{"Id":66,"V":6,"NV":6,"TB":0},{"Id":75,"V":6,"NV":6,"TB":0},{"Id":72,"V":5,"NV":5,"TB":0},{"Id":73,"V":5,"NV":5,"TB":0},{"Id":68,"V":4,"NV":4,"TB":0},{"Id":69,"V":3,"NV":3,"TB":0},{"Id":70,"V":3,"NV":3,"TB":0},{"Id":74,"V":3,"NV":3,"TB":0},{"Id":78,"V":3,"NV":3,"TB":0},{"Id":81,"V":3,"NV":3,"TB":0},{"Id":79,"V":1,"NV":1,"TB":0},{"Id":80,"V":1,"NV":1,"TB":0},{"Id":77,"V":0,"NV":0,"TB":0}],[{"Id":67,"V":9,"NV":0,"TB":0},{"Id":71,"V":9,"NV":0,"TB":0},{"Id":76,"V":9,"NV":0,"TB":0},{"Id":65,"V":6,"NV":0,"TB":0},{"Id":66,"V":6,"NV":0,"TB":0},{"Id":75,"V":6,"NV":0,"TB":0},{"Id":72,"V":5,"NV":0,"TB":0},{"Id":73,"V":5,"NV":0,"TB":0},{"Id":68,"V":4,"NV":0,"TB":0},{"Id":69,"V":3,"NV":0,"TB":0},{"Id":70,"V":3,"NV":0,"TB":0},{"Id":74,"V":3,"NV":0,"TB":0},{"Id":78,"V":3,"NV":0,"TB":0},{"Id":81,"V":3,"NV":0,"TB":0},{"Id":80,"V":1,"NV":0,"TB":0},{"Id":79,"V":1,"NV":0,"TB":2}],[{"Id":76,"V":10,"NV":1,"TB":0},{"Id":67,"V":9,"NV":0,"TB":0},{"Id":71,"V":9,"NV":0,"TB":0},{"Id":65,"V":6,"NV":0,"TB":0},{"Id":66,"V":6,"NV":0,"TB":0},{"Id":75,"V":6,"NV":0,"TB":0},{"Id":72,"V":5,"NV":0,"TB":0},{"Id":73,"V":5,"NV":0,"TB":0},{"Id":68,"V":4,"NV":0,"TB":0},{"Id":69,"V":3,"NV":0,"TB":0},{"Id":70,"V":3,"NV":0,"TB":0},{"Id":74,"V":3,"NV":0,"TB":0},{"Id":78,"V":3,"NV":0,"TB":0},{"Id":81,"V":3,"NV":0,"TB":0},{"Id":80,"V":1,"NV":0,"TB":0}],[{"Id":76,"V":10,"NV":0,"TB":0},{"Id":67,"V":9,"NV":0,"TB":0},{"Id":71,"V":9,"NV":0,"TB":0},{"Id":75,"V":7,"NV":1,"TB":0},{"Id":65,"V":6,"NV":0,"TB":0},{"Id":66,"V":6,"NV":0,"TB":0},{"Id":72,"V":5,"NV":0,"TB":0},{"Id":73,"V":5,"NV":0,"TB":0},{"Id":68,"V":4,"NV":0,"TB":0},{"Id":69,"V":3,"NV":0,"TB":0},{"Id":70,"V":3,"NV":0,"TB":0},{"Id":74,"V":3,"NV":0,"TB":0},{"Id":78,"V":3,"NV":0,"TB":0},{"Id":81,"V":3,"NV":0,"TB":1}],[{"Id":67,"V":10,"NV":1,"TB":0},{"Id":76,"V":10,"NV":0,"TB":0},{"Id":71,"V":9,"NV":0,"TB":0},{"Id":75,"V":7,"NV":0,"TB":0},{"Id":65,"V":6,"NV":0,"TB":0},{"Id":66,"V":6,"NV":0,"TB":0},{"Id":72,"V":6,"NV":1,"TB":0},{"Id":73,"V":5,"NV":0,"TB":0},{"Id":68,"V":4,"NV":0,"TB":0},{"Id":69,"V":4,"NV":1,"TB":0},{"Id":70,"V":3,"NV":0,"TB":0},{"Id":78,"V":3,"NV":0,"TB":0},{"Id":74,"V":3,"NV":0,"TB":2}],[{"Id":67,"V":10,"NV":0,"TB":0},{"Id":76,"V":10,"NV":0,"TB":0},{"Id":71,"V":9,"NV":0,"TB":0},{"Id":65,"V":7,"NV":1,"TB":0},{"Id":75,"V":7,"NV":0,"TB":0},{"Id":66,"V":6,"NV":0,"TB":0},{"Id":72,"V":6,"NV":0,"TB":0},{"Id":73,"V":6,"NV":1,"TB":0},{"Id":68,"V":4,"NV":0,"TB":0},{"Id":69,"V":4,"NV":0,"TB":0},{"Id":70,"V":3,"NV":0,"TB":0},{"Id":78,"V":3,"NV":0,"TB":1}],[{"Id":67,"V":10,"NV":0,"TB":0},{"Id":71,"V":10,"NV":1,"TB":0},{"Id":76,"V":10,"NV":0,"TB":0},{"Id":75,"V":8,"NV":1,"TB":0},{"Id":65,"V":7,"NV":0,"TB":0},{"Id":66,"V":6,"NV":0,"TB":0},{"Id":72,"V":6,"NV":0,"TB":0},{"Id":73,"V":6,"NV":0,"TB":0},{"Id":69,"V":5,"NV":1,"TB":0},{"Id":68,"V":4,"NV":0,"TB":0},{"Id":70,"V":3,"NV":0,"TB":0}],[{"Id":67,"V":10,"NV":0,"TB":0},{"Id":71,"V":10,"NV":0,"TB":0},{"Id":76,"V":10,"NV":0,"TB":0},{"Id":75,"V":8,"NV":0,"TB":0},{"Id":65,"V":7,"NV":0,"TB":0},{"Id":66,"V":7,"NV":1,"TB":0},{"Id":72,"V":7,"NV":1,"TB":0},{"Id":73,"V":6,"NV":0,"TB":0},{"Id":68,"V":5,"NV":1,"TB":0},{"Id":69,"V":5,"NV":0,"TB":1}],[{"Id":71,"V":11,"NV":1,"TB":0},{"Id":76,"V":11,"NV":1,"TB":0},{"Id":67,"V":10,"NV":0,"TB":0},{"Id":66,"V":8,"NV":1,"TB":0},{"Id":72,"V":8,"NV":1,"TB":0},{"Id":75,"V":8,"NV":0,"TB":0},{"Id":65,"V":7,"NV":0,"TB":0},{"Id":73,"V":6,"NV":0,"TB":0},{"Id":68,"V":6,"NV":1,"TB":2}],[{"Id":76,"V":13,"NV":2,"TB":0},{"Id":67,"V":11,"NV":1,"TB":0},{"Id":71,"V":11,"NV":0,"TB":0},{"Id":66,"V":9,"NV":1,"TB":0},{"Id":72,"V":9,"NV":1,"TB":0},{"Id":75,"V":9,"NV":1,"TB":0},{"Id":65,"V":7,"NV":0,"TB":0},{"Id":73,"V":6,"NV":0,"TB":0}],[{"Id":76,"V":14,"NV":1,"TB":0},{"Id":67,"V":12,"NV":1,"TB":0},{"Id":66,"V":11,"NV":2,"TB":0},{"Id":71,"V":11,"NV":0,"TB":0},{"Id":72,"V":11,"NV":2,"TB":0},{"Id":75,"V":9,"NV":0,"TB":0},{"Id":65,"V":7,"NV":0,"TB":0}],[{"Id":76,"V":15,"NV":1,"TB":0},{"Id":67,"V":13,"NV":1,"TB":0},{"Id":66,"V":12,"NV":1,"TB":0},{"Id":71,"V":11,"NV":0,"TB":0},{"Id":72,"V":11,"NV":0,"TB":0},{"Id":75,"V":9,"NV":0,"TB":0}],[{"Id":76,"V":18,"NV":3,"TB":0},{"Id":67,"V":16,"NV":3,"TB":0},{"Id":71,"V":13,"NV":2,"TB":0},{"Id":66,"V":12,"NV":0,"TB":0},{"Id":72,"V":11,"NV":0,"TB":0}],[{"Id":67,"V":19,"NV":3,"TB":0},{"Id":71,"V":18,"NV":5,"TB":0},{"Id":76,"V":18,"NV":0,"TB":0},{"Id":66,"V":14,"NV":2,"TB":0}],[{"Id":67,"V":22,"NV":3,"TB":0},{"Id":76,"V":21,"NV":3,"TB":0},{"Id":71,"V":21,"NV":3,"TB":2}],[{"Id":67,"V":26,"NV":4,"TB":0},{"Id":76,"V":25,"NV":4,"TB":0}],[{"Id":67,"V":38,"NV":12,"TB":0}]],"Expires":1533521188,"SecondsLeft":0}