{"Mtype":"results","Title":"Round 7","PollStarted":"2018-05-07T00:28:51.088087362Z","PollDuration":300000000000,"Options":{"65":"Maeve grows up to become Maddie's badass bodyguard","66":"Keith giving Natani a subtleseed crystal to mark them as a couple.","67":"Mrs Nibbly's late night activities as a masked superhero fighting evil chipmunks that want all the nuts","68":"Some of the main cast dressed as characters from My Hero Academia","69":"Zen and Natani get to see their parents again","70":"A Keidran/bastion skeleton","71":"Zen playing 20 questions with Youngtani","72":"Natani catches Keith with a homemade body pillow of her","73":"Duchess Flora Legacy at a formal gathering. But even in dress and jewellery Flora still acts like Flora.","74":"Toned Keith coming back from strength \u0026 endurance training.","75":"Wet Natani shakes herself dry, much to Keith’s displeasure","76":"Sealeen and Seraphina attempt to rouse Landen, who has run out of coffee.","77":"Flora or Kathrin calling \"Red\" Database error","78":"Karen eating watermelon, wearing a watermelon shirt","79":"Cornelius holding Keith for the first time.","80":"Roberto the happy crab meets the collar of Keidranification","81":"Seraphina and Princess Reni having a tender moment together.","82":"Saria teaching a Young Rose to paint"},"ExpectedBallots":93,"CountedBallots":93,"Ballots":["MR","PEDG","KHLCRQGEB","HOBJK","HPBEGC","C","BAHKCJRQEIGLODPFMN","ILF","HKGEBRLAJI","DIL","","IKMDFH","OHKBJCNMFIPAELRGQD","GHKPC","K","CP","PI","RBGAIKJNEH","HA","CH","HBDGCRK","EBADJFOP","ABD","HBPQNIKAOJ","DLCAI","LERIOAKQCHDBGJM","D","BHGPE","HKBA","EHI","PQGCHKIAEFLBJRMDON","JH","AQKLCNGJEIBMORDFHP","FPBNJORGIALEHK","EBMAC","CFORELAKI","IARHBNO","","IGRKH","LAQO","HIKLRAMEBCJONPQGFD","I","ICBP","IKFHB","IFDBC","PEGKI","KBJHIELR","KBI","","IL","FREPH","AKGR","PMHDQ","GAOBQMIFKNDERL","","NJGPAHRCKMDFLQOIBE","DONC","A","GMDFPHCE","RAN","CAHKQ","QMLI","ABEFH","","JBHKOAFGEQD","BAMIHKQJOL","KBGHJANCEIQRMLPOFD","","PRBHOLECFI","MKHN","QI","PCQDIKNO","IPBCK","JBH","RA","QLMI","EHBGI","BHK","QI","HBKPAOFN","ABHINGLJEO","JLCPANIBK","BOAER","IBEPCJAOKQ","CPK","OFQBMAE","PQNDILRGOKHBFEMCA","AHFCE","GCPIJDB","PFABG","RALKIB","RF","H"],"Placements":[[{"Id":73,"V":11,"NV":11,"TB":0},{"Id":72,"V":10,"NV":10,"TB":0},{"Id":80,"V":9,"NV":9,"TB":0},{"Id":65,"V":7,"NV":7,"TB":0},{"Id":67,"V":6,"NV":6,"TB":0},{"Id":66,"V":5,"NV":5,"TB":0},{"Id":75,"V":5,"NV":5,"TB":0},{"Id":82,"V":5,"NV":5,"TB":0},{"Id":68,"V":4,"NV":4,"TB":0},{"Id":69,"V":4,"NV":4,"TB":0},{"Id":71,"V":4,"NV":4,"TB":0},{"Id":74,"V":4,"NV":4,"TB":0},{"Id":81,"V":4,"NV":4,"TB":0},{"Id":70,"V":2,"NV":2,"TB":0},{"Id":76,"V":2,"NV":2,"TB":0},{"Id":77,"V":2,"NV":2,"TB":0},{"Id":79,"V":2,"NV":2,"TB":0},{"Id":78,"V":1,"NV":1,"TB":0}],[{"Id":73,"V":11,"NV":0,"TB":0},{"Id":72,"V":10,"NV":0,"TB":0},{"Id":80,"V":9,"NV":0,"TB":0},{"Id":65,"V":7,"NV":0,"TB":0},{"Id":67,"V":6,"NV":0,"TB":0},{"Id":66,"V":5,"NV":0,"TB":0},{"Id":74,"V":5,"NV":1,"TB":0},{"Id":75,"V":5,"NV":0,"TB":0},{"Id":82,"V":5,"NV":0,"TB":0},{"Id":68,"V":4,"NV":0,"TB":0},{"Id":69,"V":4,"NV":0,"TB":0},{"Id":71,"V":4,"NV":0,"TB":0},{"Id":81,"V":4,"NV":0,"TB":0},{"Id":70,"V":2,"NV":0,"TB":0},{"Id":76,"V":2,"NV":0,"TB":0},{"Id":79,"V":2,"NV":0,"TB":0},{"Id":77,"V":2,"NV":0,"TB":2}],[{"Id":73,"V":11,"NV":0,"TB":0},{"Id":72,"V":10,"NV":0,"TB":0},{"Id":80,"V":9,"NV":0,"TB":0},{"Id":65,"V":7,"NV":0,"TB":0},{"Id":67,"V":6,"NV":0,"TB":0},{"Id":75,"V":6,"NV":1,"TB":0},{"Id":82,"V":6,"NV":1,"TB":0},{"Id":66,"V":5,"NV":0,"TB":0},{"Id":74,"V":5,"NV":0,"TB":0},{"Id":68,"V":4,"NV":0,"TB":0},{"Id":69,"V":4,"NV":0,"TB":0},{"Id":71,"V":4,"NV":0,"TB":0},{"Id":81,"V":4,"NV":0,"TB":0},{"Id":70,"V":2,"NV":0,"TB":0},{"Id":76,"V":2,"NV":0,"TB":0},{"Id":79,"V":2,"NV":0,"TB":1}],[{"Id":72,"V":11,"NV":1,"TB":0},{"Id":73,"V":11,"NV":0,"TB":0},{"Id":80,"V":9,"NV":0,"TB":0},{"Id":65,"V":7,"NV":0,"TB":0},{"Id":67,"V":6,"NV":0,"TB":0},{"Id":75,"V":6,"NV":0,"TB":0},{"Id":82,"V":6,"NV":0,"TB":0},{"Id":66,"V":5,"NV":0,"TB":0},{"Id":74,"V":5,"NV":0,"TB":0},{"Id":68,"V":4,"NV":0,"TB":0},{"Id":69,"V":4,"NV":0,"TB":0},{"Id":71,"V":4,"NV":0,"TB":0},{"Id":81,"V":4,"NV":0,"TB":0},{"Id":70,"V":3,"NV":1,"TB":0},{"Id":76,"V":2,"NV":0,"TB":0}],[{"Id":72,"V":11,"NV":0,"TB":0},{"Id":73,"V":11,"NV":0,"TB":0},{"Id":80,"V":9,"NV":0,"TB":0},{"Id":65,"V":8,"NV":1,"TB":0},{"Id":67,"V":6,"NV":0,"TB":0},{"Id":75,"V":6,"NV":0,"TB":0},{"Id":82,"V":6,"NV":0,"TB":0},{"Id":66,"V":5,"NV":0,"TB":0},{"Id":69,"V":5,"NV":1,"TB":0},{"Id":74,"V":5,"NV":0,"TB":0},{"Id":68,"V":4,"NV":0,"TB":0},{"Id":71,"V":4,"NV":0,"TB":0},{"Id":81,"V":4,"NV":0,"TB":0},{"Id":70,"V":3,"NV":0,"TB":0}],[{"Id":72,"V":11,"NV":0,"TB":0},{"Id":73,"V":11,"NV":0,"TB":0},{"Id":80,"V":10,"NV":1,"TB":0},{"Id":65,"V":8,"NV":0,"TB":0},{"Id":82,"V":7,"NV":1,"TB":0},{"Id":67,"V":6,"NV":0,"TB":0},{"Id":75,"V":6,"NV":0,"TB":0},{"Id":66,"V":5,"NV":0,"TB":0},{"Id":69,"V":5,"NV":0,"TB":0},{"Id":74,"V":5,"NV":0,"TB":0},{"Id":81,"V":5,"NV":1,"TB":0},{"Id":71,"V":4,"NV":0,"TB":0},{"Id":68,"V":4,"NV":0,"TB":2}],[{"Id":73,"V":12,"NV":1,"TB":0},{"Id":72,"V":11,"NV":0,"TB":0},{"Id":80,"V":10,"NV":0,"TB":0},{"Id":65,"V":8,"NV":0,"TB":0},{"Id":67,"V":8,"NV":2,"TB":0},{"Id":82,"V":7,"NV":0,"TB":0},{"Id":75,"V":6,"NV":0,"TB":0},{"Id":66,"V":5,"NV":0,"TB":0},{"Id":69,"V":5,"NV":0,"TB":0},{"Id":74,"V":5,"NV":0,"TB":0},{"Id":81,"V":5,"NV":0,"TB":0},{"Id":71,"V":4,"NV":0,"TB":0}],[{"Id":72,"V":12,"NV":1,"TB":0},{"Id":73,"V":12,"NV":0,"TB":0},{"Id":80,"V":11,"NV":1,"TB":0},{"Id":65,"V":9,"NV":1,"TB":0},{"Id":67,"V":9,"NV":1,"TB":0},{"Id":82,"V":7,"NV":0,"TB":0},{"Id":75,"V":6,"NV":0,"TB":0},{"Id":66,"V":5,"NV":0,"TB":0},{"Id":69,"V":5,"NV":0,"TB":0},{"Id":74,"V":5,"NV":0,"TB":0},{"Id":81,"V":5,"NV":0,"TB":1}],[{"Id":73,"V":16,"NV":4,"TB":0},{"Id":72,"V":12,"NV":0,"TB":0},{"Id":80,"V":11,"NV":0,"TB":0},{"Id":65,"V":9,"NV":0,"TB":0},{"Id":67,"V":9,"NV":0,"TB":0},{"Id":82,"V":7,"NV":0,"TB":0},{"Id":66,"V":6,"NV":1,"TB":0},{"Id":75,"V":6,"NV":0,"TB":0},{"Id":74,"V":5,"NV":0,"TB":0},{"Id":69,"V":5,"NV":0,"TB":2}],[{"Id":73,"V":16,"NV":0,"TB":0},{"Id":72,"V":14,"NV":2,"TB":0},{"Id":80,"V":11,"NV":0,"TB":0},{"Id":65,"V":9,"NV":0,"TB":0},{"Id":67,"V":9,"NV":0,"TB":0},{"Id":66,"V":8,"NV":2,"TB":0},{"Id":82,"V":8,"NV":1,"TB":0},{"Id":75,"V":6,"NV":0,"TB":0},{"Id":74,"V":5,"NV":0,"TB":0}],[{"Id":73,"V":16,"NV":0,"TB":0},{"Id":72,"V":15,"NV":1,"TB":0},{"Id":80,"V":12,"NV":1,"TB":0},{"Id":66,"V":10,"NV":2,"TB":0},{"Id":67,"V":10,"NV":1,"TB":0},{"Id":65,"V":9,"NV":0,"TB":0},{"Id":82,"V":8,"NV":0,"TB":0},{"Id":75,"V":6,"NV":0,"TB":0}],[{"Id":72,"V":17,"NV":2,"TB":0},{"Id":73,"V":16,"NV":0,"TB":0},{"Id":66,"V":13,"NV":3,"TB":0},{"Id":80,"V":12,"NV":0,"TB":0},{"Id":67,"V":10,"NV":0,"TB":0},{"Id":65,"V":9,"NV":0,"TB":0},{"Id":82,"V":8,"NV":0,"TB":0}],[{"Id":72,"V":17,"NV":0,"TB":0},{"Id":73,"V":17,"NV":1,"TB":0},{"Id":66,"V":14,"NV":1,"TB":0},{"Id":80,"V":13,"NV":1,"TB":0},{"Id":65,"V":12,"NV":3,"TB":0},{"Id":67,"V":10,"NV":0,"TB":0}],[{"Id":72,"V":18,"NV":1,"TB":0},{"Id":73,"V":17,"NV":0,"TB":0},{"Id":80,"V":17,"NV":4,"TB":0},{"Id":65,"V":15,"NV":3,"TB":0},{"Id":66,"V":14,"NV":0,"TB":0}],[{"Id":72,"V":24,"NV":6,"TB":0},{"Id":65,"V":22,"NV":7,"TB":0},{"Id":73,"V":18,"NV":1,"TB":0},{"Id":80,"V":17,"NV":0,"TB":0}],[{"Id":72,"V":29,"NV":5,"TB":0},{"Id":65,"V":25,"NV":3,"TB":0},{"Id":73,"V":24,"NV":6,"TB":0}],[{"Id":72,"V":33,"NV":4,"TB":0},{"Id":65,"V":29,"NV":4,"TB":0}],[{"Id":72,"V":45,"NV":12,"TB":0}]],"Expires":1525653534,"SecondsLeft":0}