{"Mtype":"results","Title":"Round 1 I guess?","PollStarted":"2018-04-02T02:58:12.201658479Z","PollDuration":300000000000,"Options":{"65":"Raine and Maren relaxing in hot spring","66":"Natani as Great Grey Wolf Sif from Dark Souls","67":"Natani \u0026 Florence Ambrose (Freefall) get body swapped","68":"Force-Ghost Euchre gives Raine some advice.","69":"Modern-day style Keith \u0026 Natani sharing an umbrella in the rain, holding hands.","70":"Keith as the Easter Bunny","71":"Keith finds himself comfortably in bed between sleeping Flora and tiger Trace.","72":"Alaric's Inauguration as Master General","73":"raine turns into an easter bunny keidran....... april fools!","74":"Trace, Flora, and Keith as Aang, Katara, and Sokka respectively from Avatar the Last Airbender","75":"A redux of the moment when Flora gets possessed by Ephemural.","76":"Natani and Zen inside a Jager piloting it.","77":"Maddie and Maeve making Easter Baskets (and stuffing their faces with candy)","78":"Twokinds’ Jazz Bar: Nibbly on Sax, Sythe on Trumpet, and Raine on Piano.","79":"Natani eyeing Keith, brandishing a Basitin-grade Q-tip","80":"Curious about their relationship, LT. Reed attempts to spy on Trace and Flora"},"ExpectedBallots":49,"CountedBallots":49,"Ballots":["BCLAH","CNMHBEOJKIGAPDFL","CIFPGMOALNED","LON","GPB","JKHPNIDCBLEOFMAG","PHMN","CGIAJ","IFMN","IKAFE","EFNMB","BAKELGDOPJFCMNHI","GPAK","IAMPH","DKCEBNOJGMPAILFH","EBMLA","APK","CMLEB","NAPEFICHKOMLDJBG","LGPJFIBOMHENCDKA","AOBCIJ","CLE","FNGAPKE","NGELBC","CIADJB","FJEOGHLM","ALGNO","DHEPLF","GIFHCLJKMD","EHODGMFKAIJCBNLP","GCIF","HNEMKACF","AMFHKNIPCE","APHLJKECDFGN","PHDKON","HMIPEF","","A","A","A","A","KEGCFMNPLBA","MPJAKDBHG","NKM","EKBH","BGONPL","CGIF","IFACNPGEMDOKHJLB","HENKOADGLC"],"Placements":[[{"Id":65,"V":9,"NV":9,"TB":0},{"Id":67,"V":7,"NV":7,"TB":0},{"Id":69,"V":4,"NV":4,"TB":0},{"Id":71,"V":4,"NV":4,"TB":0},{"Id":73,"V":4,"NV":4,"TB":0},{"Id":66,"V":3,"NV":3,"TB":0},{"Id":72,"V":3,"NV":3,"TB":0},{"Id":78,"V":3,"NV":3,"TB":0},{"Id":68,"V":2,"NV":2,"TB":0},{"Id":70,"V":2,"NV":2,"TB":0},{"Id":76,"V":2,"NV":2,"TB":0},{"Id":80,"V":2,"NV":2,"TB":0},{"Id":74,"V":1,"NV":1,"TB":0},{"Id":75,"V":1,"NV":1,"TB":0},{"Id":77,"V":1,"NV":1,"TB":0},{"Id":79,"V":0,"NV":0,"TB":0}],[{"Id":65,"V":9,"NV":0,"TB":0},{"Id":67,"V":7,"NV":0,"TB":0},{"Id":69,"V":4,"NV":0,"TB":0},{"Id":71,"V":4,"NV":0,"TB":0},{"Id":73,"V":4,"NV":0,"TB":0},{"Id":66,"V":3,"NV":0,"TB":0},{"Id":72,"V":3,"NV":0,"TB":0},{"Id":78,"V":3,"NV":0,"TB":0},{"Id":68,"V":2,"NV":0,"TB":0},{"Id":70,"V":2,"NV":0,"TB":0},{"Id":76,"V":2,"NV":0,"TB":0},{"Id":80,"V":2,"NV":0,"TB":0},{"Id":75,"V":1,"NV":0,"TB":0},{"Id":77,"V":1,"NV":0,"TB":0},{"Id":74,"V":1,"NV":0,"TB":3}],[{"Id":65,"V":9,"NV":0,"TB":0},{"Id":67,"V":7,"NV":0,"TB":0},{"Id":69,"V":4,"NV":0,"TB":0},{"Id":71,"V":4,"NV":0,"TB":0},{"Id":73,"V":4,"NV":0,"TB":0},{"Id":66,"V":3,"NV":0,"TB":0},{"Id":72,"V":3,"NV":0,"TB":0},{"Id":78,"V":3,"NV":0,"TB":0},{"Id":68,"V":2,"NV":0,"TB":0},{"Id":70,"V":2,"NV":0,"TB":0},{"Id":75,"V":2,"NV":1,"TB":0},{"Id":76,"V":2,"NV":0,"TB":0},{"Id":80,"V":2,"NV":0,"TB":0},{"Id":77,"V":1,"NV":0,"TB":0}],[{"Id":65,"V":9,"NV":0,"TB":0},{"Id":67,"V":7,"NV":0,"TB":0},{"Id":69,"V":4,"NV":0,"TB":0},{"Id":71,"V":4,"NV":0,"TB":0},{"Id":73,"V":4,"NV":0,"TB":0},{"Id":66,"V":3,"NV":0,"TB":0},{"Id":72,"V":3,"NV":0,"TB":0},{"Id":78,"V":3,"NV":0,"TB":0},{"Id":80,"V":3,"NV":1,"TB":0},{"Id":68,"V":2,"NV":0,"TB":0},{"Id":70,"V":2,"NV":0,"TB":0},{"Id":76,"V":2,"NV":0,"TB":0},{"Id":75,"V":2,"NV":0,"TB":2}],[{"Id":65,"V":9,"NV":0,"TB":0},{"Id":67,"V":7,"NV":0,"TB":0},{"Id":69,"V":5,"NV":1,"TB":0},{"Id":71,"V":4,"NV":0,"TB":0},{"Id":72,"V":4,"NV":1,"TB":0},{"Id":73,"V":4,"NV":0,"TB":0},{"Id":66,"V":3,"NV":0,"TB":0},{"Id":78,"V":3,"NV":0,"TB":0},{"Id":80,"V":3,"NV":0,"TB":0},{"Id":70,"V":2,"NV":0,"TB":0},{"Id":76,"V":2,"NV":0,"TB":0},{"Id":68,"V":2,"NV":0,"TB":3}],[{"Id":65,"V":9,"NV":0,"TB":0},{"Id":67,"V":8,"NV":1,"TB":0},{"Id":69,"V":5,"NV":0,"TB":0},{"Id":72,"V":5,"NV":1,"TB":0},{"Id":71,"V":4,"NV":0,"TB":0},{"Id":73,"V":4,"NV":0,"TB":0},{"Id":66,"V":3,"NV":0,"TB":0},{"Id":78,"V":3,"NV":0,"TB":0},{"Id":80,"V":3,"NV":0,"TB":0},{"Id":70,"V":2,"NV":0,"TB":0},{"Id":76,"V":2,"NV":0,"TB":1}],[{"Id":65,"V":9,"NV":0,"TB":0},{"Id":67,"V":8,"NV":0,"TB":0},{"Id":69,"V":5,"NV":0,"TB":0},{"Id":71,"V":5,"NV":1,"TB":0},{"Id":72,"V":5,"NV":0,"TB":0},{"Id":73,"V":4,"NV":0,"TB":0},{"Id":78,"V":4,"NV":1,"TB":0},{"Id":66,"V":3,"NV":0,"TB":0},{"Id":80,"V":3,"NV":0,"TB":0},{"Id":70,"V":2,"NV":0,"TB":0}],[{"Id":65,"V":9,"NV":0,"TB":0},{"Id":67,"V":8,"NV":0,"TB":0},{"Id":69,"V":6,"NV":1,"TB":0},{"Id":71,"V":5,"NV":0,"TB":0},{"Id":72,"V":5,"NV":0,"TB":0},{"Id":78,"V":5,"NV":1,"TB":0},{"Id":73,"V":4,"NV":0,"TB":0},{"Id":80,"V":3,"NV":0,"TB":0},{"Id":66,"V":3,"NV":0,"TB":2}],[{"Id":65,"V":10,"NV":1,"TB":0},{"Id":67,"V":9,"NV":1,"TB":0},{"Id":69,"V":6,"NV":0,"TB":0},{"Id":71,"V":6,"NV":1,"TB":0},{"Id":72,"V":5,"NV":0,"TB":0},{"Id":78,"V":5,"NV":0,"TB":0},{"Id":73,"V":4,"NV":0,"TB":0},{"Id":80,"V":3,"NV":0,"TB":0}],[{"Id":65,"V":11,"NV":1,"TB":0},{"Id":67,"V":9,"NV":0,"TB":0},{"Id":72,"V":7,"NV":2,"TB":0},{"Id":69,"V":6,"NV":0,"TB":0},{"Id":71,"V":6,"NV":0,"TB":0},{"Id":78,"V":5,"NV":0,"TB":0},{"Id":73,"V":4,"NV":0,"TB":0}],[{"Id":65,"V":14,"NV":3,"TB":0},{"Id":67,"V":9,"NV":0,"TB":0},{"Id":72,"V":7,"NV":0,"TB":0},{"Id":69,"V":6,"NV":0,"TB":0},{"Id":78,"V":6,"NV":1,"TB":0},{"Id":71,"V":6,"NV":0,"TB":2}],[{"Id":65,"V":15,"NV":1,"TB":0},{"Id":67,"V":10,"NV":1,"TB":0},{"Id":72,"V":9,"NV":2,"TB":0},{"Id":78,"V":7,"NV":1,"TB":0},{"Id":69,"V":6,"NV":0,"TB":0}],[{"Id":65,"V":16,"NV":1,"TB":0},{"Id":72,"V":12,"NV":3,"TB":0},{"Id":67,"V":11,"NV":1,"TB":0},{"Id":78,"V":8,"NV":1,"TB":0}],[{"Id":65,"V":18,"NV":2,"TB":0},{"Id":67,"V":12,"NV":1,"TB":0},{"Id":72,"V":12,"NV":0,"TB":1}],[{"Id":65,"V":21,"NV":3,"TB":0},{"Id":67,"V":15,"NV":3,"TB":0}],[{"Id":65,"V":30,"NV":9,"TB":0}]],"Expires":1522638492,"SecondsLeft":0}