{"Mtype":"results","Title":"Round 5","PollStarted":"2018-12-09T23:49:58.401174387Z","PollDuration":300000000000,"Options":{"65":"The TwoKinds gang as members of Fairy Tale!","66":"Euchre, Mary, Raine, \u0026 Rose celebrate the Christmas holiday season together.","67":"Clovis is Rita Repulsa, \u0026 it's time to conquer Mekkan!","68":"A chilly night, but the only warm clothes Natani could find was Trace's white templar turtleneck.","69":"Evil Trace forced to relive memories of enchanted Mistletoe 2012","70":"Sam \u0026 Colin exchanging gifts by the fire","71":"Natani \u0026 Adelaide kissing under the magical mistletoe while Flora \u0026 Keith look on \u0026 get sword tailed","72":"Kat in sexy Christmas clothes","73":"Confused fennec fox dressed up as Keith (bucket helmet, cape etc.)","74":"Reni, Nora \u0026 Saraphina on a dragon gals night out to an onsen, enjoying hot sake \u0026 watching the snowfall.","75":"Laura shares Keith's private kinks w/ Natani","76":"Kat taking a space suit off in zero gravity","77":"Sam is sitting on Colin's shoulders happily decorating the top parts of the Christmas tree","78":"Raine accidentally transforms into a Basitin w/ no ankle wraps, Natani is not happy where Keith's attention has gone.","79":"Rose laying out gifts for Maddie \u0026 Maeve at night","80":"Dark Archmage Maren","81":"Raine breaks away from the Christmas party to check on injured Zen, \u0026 give him a small Christmas gift.  ","82":"Design a cute moth \"keidran\" girl! Maximize on cute factor. Thigh-highs pref"},"ExpectedBallots":100,"CountedBallots":100,"Ballots":["QMR","BOMIFP","JOMBKQFPH","RHDONJQFMKLBPEG","EMFGQON","M","HLN","NHKAQELPID","HIQBNK","GHLK","LQOEPH","NOGRBKDH","NEKIPA","IGKN","NLJIRD","P","QDFHRINGK","M","QNGJKABEIMRHODLCFP","QNEFMBLDK","OJQD","HLGKEIPN","RJNHPFM","GEPHMFQOBLJNKDIRCA","OFIGJ","BEPCNI","BOFQD","IOMFKBJNLQ","EA","QBIOFDM","GFMQHLC","IFNDMBKOQRGJEALPHC","RLGIAQF","BFMOIQEPADNJHGL","FMKEOCGQ","JNCP","IMFR","GNMJRKFACQHLIEODBP","CMIOFBEAD","H","HBGJKRMDQEALONIFCP","NKH","KECNDBJIGHOQLFMRPA","HNELG","EK","EBPCFDIRLA","RQGIHNPDJEMKOFLBCA","ILERBDNJOQPKMCHGFA","KHFIMDQC","LQEGDK","GKL","JMKENDIOF","HJLKODGEBNFQP","ONLPF","A","EIJQOHFB","RHIMF","PQHIO","JHIPARQ","EPKHDAOF","EROKJQ","KLRFIJNCDQBMPEAOGH","DBCKIJEP","RGFHEIMONLDPK","CJMNQE","KBIE","GIKCHJAFNDMQORB","QFGJM","BOFHQGNKMAL","R","RGFMC","INKHLRD","GBJELIQOKHNFAPCDMR","AQGDNKHOBFMJLRICEP","KNDI","HGKQRLOBCEPMANIJFD","KHLRN","PQHNL","K","GMHCNOFDB","PQH","GKLHRO","QGKIAOPBCFDMEHLNRJ","BOQE","QKN","GKHMFLNDPOJQIC","PREK","JGL","KPEDFHCM","OLDF","PQHNL","LHRQMFEOJGNI","PBENLRQC","NBQRD","NKBQODIHFMLGE","KHNDQOIJRMFGEPLBCA","QBFMH","JHRE","BOQM","HLRGPNQB"],"Placements":[[{"Id":71,"V":10,"NV":10,"TB":0},{"Id":72,"V":9,"NV":9,"TB":0},{"Id":75,"V":9,"NV":9,"TB":0},{"Id":81,"V":9,"NV":9,"TB":0},{"Id":82,"V":8,"NV":8,"TB":0},{"Id":66,"V":7,"NV":7,"TB":0},{"Id":69,"V":7,"NV":7,"TB":0},{"Id":78,"V":7,"NV":7,"TB":0},{"Id":80,"V":7,"NV":7,"TB":0},{"Id":73,"V":6,"NV":6,"TB":0},{"Id":74,"V":6,"NV":6,"TB":0},{"Id":79,"V":4,"NV":4,"TB":0},{"Id":76,"V":3,"NV":3,"TB":0},{"Id":65,"V":2,"NV":2,"TB":0},{"Id":67,"V":2,"NV":2,"TB":0},{"Id":77,"V":2,"NV":2,"TB":0},{"Id":70,"V":1,"NV":1,"TB":0},{"Id":68,"V":1,"NV":1,"TB":2}],[{"Id":71,"V":10,"NV":0,"TB":0},{"Id":72,"V":9,"NV":0,"TB":0},{"Id":75,"V":9,"NV":0,"TB":0},{"Id":81,"V":9,"NV":0,"TB":0},{"Id":66,"V":8,"NV":1,"TB":0},{"Id":82,"V":8,"NV":0,"TB":0},{"Id":69,"V":7,"NV":0,"TB":0},{"Id":78,"V":7,"NV":0,"TB":0},{"Id":80,"V":7,"NV":0,"TB":0},{"Id":73,"V":6,"NV":0,"TB":0},{"Id":74,"V":6,"NV":0,"TB":0},{"Id":79,"V":4,"NV":0,"TB":0},{"Id":76,"V":3,"NV":0,"TB":0},{"Id":65,"V":2,"NV":0,"TB":0},{"Id":67,"V":2,"NV":0,"TB":0},{"Id":77,"V":2,"NV":0,"TB":0},{"Id":70,"V":1,"NV":0,"TB":0}],[{"Id":71,"V":10,"NV":0,"TB":0},{"Id":72,"V":9,"NV":0,"TB":0},{"Id":75,"V":9,"NV":0,"TB":0},{"Id":81,"V":9,"NV":0,"TB":0},{"Id":66,"V":8,"NV":0,"TB":0},{"Id":82,"V":8,"NV":0,"TB":0},{"Id":69,"V":7,"NV":0,"TB":0},{"Id":78,"V":7,"NV":0,"TB":0},{"Id":80,"V":7,"NV":0,"TB":0},{"Id":73,"V":6,"NV":0,"TB":0},{"Id":74,"V":6,"NV":0,"TB":0},{"Id":79,"V":4,"NV":0,"TB":0},{"Id":76,"V":3,"NV":0,"TB":0},{"Id":77,"V":3,"NV":1,"TB":0},{"Id":67,"V":2,"NV":0,"TB":0},{"Id":65,"V":2,"NV":0,"TB":2}],[{"Id":71,"V":10,"NV":0,"TB":0},{"Id":81,"V":10,"NV":1,"TB":0},{"Id":72,"V":9,"NV":0,"TB":0},{"Id":75,"V":9,"NV":0,"TB":0},{"Id":66,"V":8,"NV":0,"TB":0},{"Id":82,"V":8,"NV":0,"TB":0},{"Id":69,"V":7,"NV":0,"TB":0},{"Id":78,"V":7,"NV":0,"TB":0},{"Id":80,"V":7,"NV":0,"TB":0},{"Id":73,"V":6,"NV":0,"TB":0},{"Id":74,"V":6,"NV":0,"TB":0},{"Id":79,"V":4,"NV":0,"TB":0},{"Id":76,"V":3,"NV":0,"TB":0},{"Id":77,"V":3,"NV":0,"TB":0},{"Id":67,"V":2,"NV":0,"TB":0}],[{"Id":71,"V":10,"NV":0,"TB":0},{"Id":81,"V":10,"NV":0,"TB":0},{"Id":72,"V":9,"NV":0,"TB":0},{"Id":75,"V":9,"NV":0,"TB":0},{"Id":66,"V":8,"NV":0,"TB":0},{"Id":82,"V":8,"NV":0,"TB":0},{"Id":69,"V":7,"NV":0,"TB":0},{"Id":74,"V":7,"NV":1,"TB":0},{"Id":78,"V":7,"NV":0,"TB":0},{"Id":80,"V":7,"NV":0,"TB":0},{"Id":73,"V":6,"NV":0,"TB":0},{"Id":77,"V":4,"NV":1,"TB":0},{"Id":79,"V":4,"NV":0,"TB":0},{"Id":76,"V":3,"NV":0,"TB":0}],[{"Id":81,"V":12,"NV":2,"TB":0},{"Id":71,"V":10,"NV":0,"TB":0},{"Id":72,"V":10,"NV":1,"TB":0},{"Id":75,"V":9,"NV":0,"TB":0},{"Id":66,"V":8,"NV":0,"TB":0},{"Id":82,"V":8,"NV":0,"TB":0},{"Id":69,"V":7,"NV":0,"TB":0},{"Id":74,"V":7,"NV":0,"TB":0},{"Id":78,"V":7,"NV":0,"TB":0},{"Id":80,"V":7,"NV":0,"TB":0},{"Id":73,"V":6,"NV":0,"TB":0},{"Id":79,"V":4,"NV":0,"TB":0},{"Id":77,"V":4,"NV":0,"TB":2}],[{"Id":81,"V":12,"NV":0,"TB":0},{"Id":71,"V":10,"NV":0,"TB":0},{"Id":72,"V":10,"NV":0,"TB":0},{"Id":75,"V":10,"NV":1,"TB":0},{"Id":66,"V":8,"NV":0,"TB":0},{"Id":82,"V":8,"NV":0,"TB":0},{"Id":69,"V":7,"NV":0,"TB":0},{"Id":73,"V":7,"NV":1,"TB":0},{"Id":74,"V":7,"NV":0,"TB":0},{"Id":78,"V":7,"NV":0,"TB":0},{"Id":80,"V":7,"NV":0,"TB":0},{"Id":79,"V":4,"NV":0,"TB":0}],[{"Id":81,"V":12,"NV":0,"TB":0},{"Id":71,"V":10,"NV":0,"TB":0},{"Id":72,"V":10,"NV":0,"TB":0},{"Id":75,"V":10,"NV":0,"TB":0},{"Id":66,"V":8,"NV":0,"TB":0},{"Id":73,"V":8,"NV":1,"TB":0},{"Id":74,"V":8,"NV":1,"TB":0},{"Id":78,"V":8,"NV":1,"TB":0},{"Id":82,"V":8,"NV":0,"TB":0},{"Id":69,"V":7,"NV":0,"TB":0},{"Id":80,"V":7,"NV":0,"TB":1}],[{"Id":81,"V":16,"NV":4,"TB":0},{"Id":71,"V":10,"NV":0,"TB":0},{"Id":72,"V":10,"NV":0,"TB":0},{"Id":75,"V":10,"NV":0,"TB":0},{"Id":66,"V":9,"NV":1,"TB":0},{"Id":82,"V":9,"NV":1,"TB":0},{"Id":73,"V":8,"NV":0,"TB":0},{"Id":74,"V":8,"NV":0,"TB":0},{"Id":78,"V":8,"NV":0,"TB":0},{"Id":69,"V":7,"NV":0,"TB":0}],[{"Id":81,"V":16,"NV":0,"TB":0},{"Id":75,"V":12,"NV":2,"TB":0},{"Id":71,"V":11,"NV":1,"TB":0},{"Id":66,"V":10,"NV":1,"TB":0},{"Id":72,"V":10,"NV":0,"TB":0},{"Id":82,"V":10,"NV":1,"TB":0},{"Id":73,"V":9,"NV":1,"TB":0},{"Id":74,"V":8,"NV":0,"TB":0},{"Id":78,"V":8,"NV":0,"TB":1}],[{"Id":81,"V":16,"NV":0,"TB":0},{"Id":75,"V":15,"NV":3,"TB":0},{"Id":71,"V":12,"NV":1,"TB":0},{"Id":66,"V":11,"NV":1,"TB":0},{"Id":72,"V":11,"NV":1,"TB":0},{"Id":82,"V":10,"NV":0,"TB":0},{"Id":73,"V":9,"NV":0,"TB":0},{"Id":74,"V":9,"NV":1,"TB":1}],[{"Id":81,"V":18,"NV":2,"TB":0},{"Id":75,"V":16,"NV":1,"TB":0},{"Id":71,"V":13,"NV":1,"TB":0},{"Id":72,"V":13,"NV":2,"TB":0},{"Id":66,"V":12,"NV":1,"TB":0},{"Id":73,"V":10,"NV":1,"TB":0},{"Id":82,"V":10,"NV":0,"TB":1}],[{"Id":81,"V":19,"NV":1,"TB":0},{"Id":75,"V":18,"NV":2,"TB":0},{"Id":71,"V":16,"NV":3,"TB":0},{"Id":72,"V":16,"NV":3,"TB":0},{"Id":66,"V":12,"NV":0,"TB":0},{"Id":73,"V":10,"NV":0,"TB":0}],[{"Id":75,"V":20,"NV":2,"TB":0},{"Id":81,"V":20,"NV":1,"TB":0},{"Id":71,"V":18,"NV":2,"TB":0},{"Id":72,"V":16,"NV":0,"TB":0},{"Id":66,"V":15,"NV":3,"TB":0}],[{"Id":81,"V":27,"NV":7,"TB":0},{"Id":75,"V":23,"NV":3,"TB":0},{"Id":71,"V":18,"NV":0,"TB":0},{"Id":72,"V":17,"NV":1,"TB":0}],[{"Id":81,"V":32,"NV":5,"TB":0},{"Id":75,"V":25,"NV":2,"TB":0},{"Id":71,"V":23,"NV":5,"TB":0}],[{"Id":81,"V":38,"NV":6,"TB":0},{"Id":75,"V":37,"NV":12,"TB":0}],[{"Id":81,"V":55,"NV":17,"TB":0}]],"Expires":1544399998,"SecondsLeft":0}