{"Mtype":"results","Title":"Round 1","PollStarted":"2018-02-18T21:02:14.482272429Z","PollDuration":300000000000,"Options":{"65":"Raine on The Dating Game with Red, Zen, \u0026 a third bachelor","66":"Mike \u0026 Evals at the mansion, nervous about being guests.","67":"King Madness makes good \u0026 gives Landen all the coffee they can drink","68":"Nora’s gender pranks game show. Contestants: Mike Keith \u0026 Evals","69":"Pregnant Flora getting sonographie","70":"The Female Main Character from the Halfkind comic Returns!","71":"Panel redraw of the basitin fight, Alaric jumping at keith (page 496)","72":"Flora sleeping, Trace reading from a book. On the cover, in large friendly letters, \"DON'T PANIC\"","73":"Saria's ghost visiting a grieving Rose shortly after her death","74":"Adira teaches Maeve to count using the spots on her tail.","75":"Masks playing poker, Neutral gets a joker (Clovis)","76":"Keith's imitation of Natani in response to her impression of him ","77":"Flora \u0026 Kat as stewardess w/ Reni talking benefits of \"Dragon Airlines\"","78":"Keith \u0026 Natani having a \"romantic\" date, with pizza \u0026 beer","79":"Maddie as circus performer, holding a flaming hoop as Flora jumps"},"ExpectedBallots":121,"CountedBallots":121,"Ballots":["FJLEHCMND","DLN","FLHJNDCA","O","GHDMLNAEJOIKFBC","IJGKN","LDAKB","CGALENIDH","OMHLN","BMLADHJCNOI","DLBAF","COMLANG","LENAMKI","EHN","LNG","GCF","FD","GJDIF","JNH","IBGCKNJFHO","FLJNKAIOCGBMEHD","CFNLMJEOBAHKIGD","DFJ","OLAEBHMJN","MJBO","MD","GFCKBD","FHAEJIKLMDOCNGB","KAIGBFEJC","DBLMAJ","GILKBHDCAFONJME","DB","OCNLIKA","LNJHO","CGAK","FLCANBEDJGHOKIM","DLNKAOCMJBHFEGI","F","KHFEC","EHOCMFLNJAD","L","K","FE","FDHEANILCOMGKBJ","LD","FHALIMB","MOKCHDNBJGELFAI","MDF","JB","HE","GHLKD","DJMCA","IDA","DBKGLA","G","J","BOACKL","NGHA","KGLCOBM","JDNEL","IBGMJENLKDCHO","EHFID","JCMDA","LNGOCJBIFDK","HDFM","GNMBLHDA","","DLFCBHAIOGKENJM","BCIKFM","NLHMBJAK","J","MNOFDCBLJK","ABFGIJDN","HOM","LGKNB","I","MNHOC","GDLNCOFEMJBKIHA","LGNC","ICBKAL","D","IAKGF","BMOJH","NLIJDAFOBG","CJOFH","DHJEG","N","NL","EFJCI","JFLBKNAIODECMHG","ADJ","AD","AEKCMHJIL","EJKMGCO","BJDI","LGNBCHA","ADJ","IBKD","LNIBHCFJMG","LNKFICGMEAJOBDH","MACJLEGHD","NMLC","JGMADHBK","ALMNGJIDCBHOEK","EFHDILOGAJKCMNB","HMOKG","JNMA","KDBAH","DFABNL","MBDFHO","J","JBLM","BM","JEHMNIFOKGADBLC","ELHNOIJM","EHOCMFLNJAD","MHOENL","J","H","FLHK",""],"Placements":[[{"Id":74,"V":13,"NV":13,"TB":0},{"Id":68,"V":12,"NV":12,"TB":0},{"Id":76,"V":12,"NV":12,"TB":0},{"Id":70,"V":11,"NV":11,"TB":0},{"Id":71,"V":9,"NV":9,"TB":0},{"Id":77,"V":9,"NV":9,"TB":0},{"Id":69,"V":8,"NV":8,"TB":0},{"Id":73,"V":8,"NV":8,"TB":0},{"Id":65,"V":6,"NV":6,"TB":0},{"Id":66,"V":6,"NV":6,"TB":0},{"Id":78,"V":6,"NV":6,"TB":0},{"Id":67,"V":5,"NV":5,"TB":0},{"Id":72,"V":5,"NV":5,"TB":0},{"Id":75,"V":5,"NV":5,"TB":0},{"Id":79,"V":4,"NV":4,"TB":0}],[{"Id":74,"V":13,"NV":0,"TB":0},{"Id":76,"V":13,"NV":1,"TB":0},{"Id":68,"V":12,"NV":0,"TB":0},{"Id":70,"V":11,"NV":0,"TB":0},{"Id":77,"V":10,"NV":1,"TB":0},{"Id":71,"V":9,"NV":0,"TB":0},{"Id":69,"V":8,"NV":0,"TB":0},{"Id":73,"V":8,"NV":0,"TB":0},{"Id":65,"V":6,"NV":0,"TB":0},{"Id":66,"V":6,"NV":0,"TB":0},{"Id":67,"V":6,"NV":1,"TB":0},{"Id":78,"V":6,"NV":0,"TB":0},{"Id":75,"V":5,"NV":0,"TB":0},{"Id":72,"V":5,"NV":0,"TB":2}],[{"Id":68,"V":13,"NV":1,"TB":0},{"Id":74,"V":13,"NV":0,"TB":0},{"Id":76,"V":13,"NV":0,"TB":0},{"Id":77,"V":12,"NV":2,"TB":0},{"Id":70,"V":11,"NV":0,"TB":0},{"Id":69,"V":9,"NV":1,"TB":0},{"Id":71,"V":9,"NV":0,"TB":0},{"Id":73,"V":8,"NV":0,"TB":0},{"Id":65,"V":6,"NV":0,"TB":0},{"Id":66,"V":6,"NV":0,"TB":0},{"Id":67,"V":6,"NV":0,"TB":0},{"Id":78,"V":6,"NV":0,"TB":0},{"Id":75,"V":5,"NV":0,"TB":0}],[{"Id":68,"V":14,"NV":1,"TB":0},{"Id":74,"V":13,"NV":0,"TB":0},{"Id":76,"V":13,"NV":0,"TB":0},{"Id":70,"V":12,"NV":1,"TB":0},{"Id":77,"V":12,"NV":0,"TB":0},{"Id":71,"V":10,"NV":1,"TB":0},{"Id":69,"V":9,"NV":0,"TB":0},{"Id":73,"V":8,"NV":0,"TB":0},{"Id":65,"V":7,"NV":1,"TB":0},{"Id":66,"V":6,"NV":0,"TB":0},{"Id":67,"V":6,"NV":0,"TB":0},{"Id":78,"V":6,"NV":0,"TB":1}],[{"Id":76,"V":16,"NV":3,"TB":0},{"Id":68,"V":14,"NV":0,"TB":0},{"Id":74,"V":13,"NV":0,"TB":0},{"Id":77,"V":13,"NV":1,"TB":0},{"Id":70,"V":12,"NV":0,"TB":0},{"Id":71,"V":11,"NV":1,"TB":0},{"Id":69,"V":9,"NV":0,"TB":0},{"Id":73,"V":8,"NV":0,"TB":0},{"Id":65,"V":7,"NV":0,"TB":0},{"Id":67,"V":6,"NV":0,"TB":0},{"Id":66,"V":6,"NV":0,"TB":2}],[{"Id":76,"V":16,"NV":0,"TB":0},{"Id":77,"V":16,"NV":3,"TB":0},{"Id":68,"V":14,"NV":0,"TB":0},{"Id":74,"V":14,"NV":1,"TB":0},{"Id":70,"V":12,"NV":0,"TB":0},{"Id":71,"V":11,"NV":0,"TB":0},{"Id":69,"V":9,"NV":0,"TB":0},{"Id":65,"V":8,"NV":1,"TB":0},{"Id":73,"V":8,"NV":0,"TB":0},{"Id":67,"V":7,"NV":1,"TB":0}],[{"Id":76,"V":17,"NV":1,"TB":0},{"Id":77,"V":17,"NV":1,"TB":0},{"Id":74,"V":15,"NV":1,"TB":0},{"Id":68,"V":14,"NV":0,"TB":0},{"Id":70,"V":13,"NV":1,"TB":0},{"Id":71,"V":13,"NV":2,"TB":0},{"Id":69,"V":9,"NV":0,"TB":0},{"Id":73,"V":9,"NV":1,"TB":0},{"Id":65,"V":8,"NV":0,"TB":0}],[{"Id":76,"V":19,"NV":2,"TB":0},{"Id":68,"V":17,"NV":3,"TB":0},{"Id":77,"V":17,"NV":0,"TB":0},{"Id":74,"V":15,"NV":0,"TB":0},{"Id":70,"V":14,"NV":1,"TB":0},{"Id":71,"V":13,"NV":0,"TB":0},{"Id":73,"V":10,"NV":1,"TB":0},{"Id":69,"V":10,"NV":1,"TB":2}],[{"Id":76,"V":20,"NV":1,"TB":0},{"Id":77,"V":20,"NV":3,"TB":0},{"Id":68,"V":17,"NV":0,"TB":0},{"Id":70,"V":17,"NV":3,"TB":0},{"Id":74,"V":16,"NV":1,"TB":0},{"Id":71,"V":13,"NV":0,"TB":0},{"Id":73,"V":10,"NV":0,"TB":0}],[{"Id":76,"V":21,"NV":1,"TB":0},{"Id":77,"V":20,"NV":0,"TB":0},{"Id":68,"V":19,"NV":2,"TB":0},{"Id":70,"V":18,"NV":1,"TB":0},{"Id":74,"V":17,"NV":1,"TB":0},{"Id":71,"V":17,"NV":4,"TB":2}],[{"Id":76,"V":25,"NV":4,"TB":0},{"Id":70,"V":22,"NV":4,"TB":0},{"Id":77,"V":22,"NV":2,"TB":0},{"Id":68,"V":21,"NV":2,"TB":0},{"Id":74,"V":19,"NV":2,"TB":0}],[{"Id":77,"V":27,"NV":5,"TB":0},{"Id":76,"V":26,"NV":1,"TB":0},{"Id":70,"V":25,"NV":3,"TB":0},{"Id":68,"V":24,"NV":3,"TB":0}],[{"Id":76,"V":34,"NV":8,"TB":0},{"Id":77,"V":29,"NV":2,"TB":0},{"Id":70,"V":29,"NV":4,"TB":2}],[{"Id":76,"V":46,"NV":12,"TB":0},{"Id":77,"V":31,"NV":2,"TB":0}],[{"Id":76,"V":61,"NV":15,"TB":0}]],"Expires":1518988334,"SecondsLeft":0}