{"Mtype":"results","Title":"Round 3","PollStarted":"2018-12-09T22:36:28.719014969Z","PollDuration":300000000000,"Options":{"65":"Hiccup Zen \u0026 Toothless Nora (How To Train Your Dragon) Zen, w/ Hiccups leg on, does the “Trust” thing","66":"Flora takes matters in her own hands \u0026 steals Tom's pencil to fix her bust size.","67":"Maeve \u0026 Adira add some festive cheer to the Riftwall Tavern.","68":"Natani \u0026 Kieth decide to bed together while body swapped w/ out being awkward. P.s they failed","69":"Maddie \u0026 Maeve decorate the Trace Estate Christmas tree, but have a little trouble reaching the top","70":"Flora w/ Trace \u0026 Kieth w/ Natani having a sledding race down a snowing hill","71":"Natani gets Keith tied up w/ ribbons as a Christmas present. ","72":"FemKeith as a gift wearing nothing but a sexy Christmas ribbon for maleKeith","73":"Tiger Trace (sporting hi-vis armbands), Adrakeist Flora, Keith \u0026 Natani around the fireplace w/ hot cocoa","74":"Adelaide actually comes from an island of Amazon Basitins who are looking for their lost offspring","75":"Flora bedroom eyes Trace in her bed","76":"a VERY cute maeve... i want to die from cuteness","77":"Avi, the Bat from NixieSeal's Debunkers, is found by Rose sleeping in Trace's closet.","78":"Youngtani cleaning/defragmenting/fixing Natani's mind in the early days of The Link™.","79":"Keith \u0026 Natani watching this year's mistletoe shenanigans together. This time it's Mike \u0026 Evals' turn.","80":"Kat sees a miles-long line outside her massage parlor, \u0026 considers retiring","81":"The Wolves of winter, do not enter their woods alone after dark. . .t","82":"The human explorer attempts to gift the snow leopard keidran a new tail."},"ExpectedBallots":110,"CountedBallots":110,"Ballots":["NLB","LC","","IADKRFGNBE","RFJQOPGKNLDHB","OP","BLCNEGFOQ","OHDGB","ADNRBKI","","N","JHIRGCFBNMDKOPEAQL","RLBGC","HCELFPB","BDKNHAFLGIOJRPMQ","OGB","BQJPNGR","RFEGO","DHGK","OBDQGH","QFLRN","GK","NQIHDBGMPAJKLFR","MIBDARQKEONCJPFLHG","LRQAJIONBP","LCBD","QJFKNB","GEC","LAR","GHLBJAP","JIKBRQEFC","QAOFN","IHFPCRBDANKOQMJLEG","QN","JBGDKOFIPRHQLNCEMA","MOIRDPBJLNEGHAKFQC","BH","DBRIQH","HNK","LBCGOFDN","FGHO","LHBJOP","ROHGNDKJQ","BFIMGAK","PQNIOH","HADOGNMPCQ","GFOHIDJEN","BIHLPJFKC","DNRGQ","DBOQNFKGRLCIJPEMAH","DJLOF","HKNFBGREMPICQOLAD","FGI","K","K","K","N","QNGP","GRJL","GQO","L","DNOGHKPB","BNDKHJ","HGQNBFECJLOPIKADRM","FBOGCEIPD","IBFHK","GDLH","K","OGKDQPRJHCMBLENIAF","HODQKP","LEPC","QDR","P","FDIOQRPBH","H","LEPC","K","GDRNHFOL","BIL","O","HGRDOJCNPFLKEIQB","K","AINGR","K","K","LOFBK","RLM","","KBLAOPCRIMNHDEGJFQ","K","LBHK","ANBFHDIPJQROMKCGLE","","KBI","NFHPGDO","K","AIGQ","OBQMK","IGHNADCRFJK","K","K","GHCDLEFQJOKIBRNP","K","K","K","KICBR","K","DK","FBDLKGPO","K"],"Placements":[[{"Id":75,"V":20,"NV":20,"TB":0},{"Id":76,"V":11,"NV":11,"TB":0},{"Id":71,"V":9,"NV":9,"TB":0},{"Id":66,"V":8,"NV":8,"TB":0},{"Id":72,"V":8,"NV":8,"TB":0},{"Id":68,"V":7,"NV":7,"TB":0},{"Id":79,"V":7,"NV":7,"TB":0},{"Id":81,"V":6,"NV":6,"TB":0},{"Id":70,"V":5,"NV":5,"TB":0},{"Id":78,"V":5,"NV":5,"TB":0},{"Id":82,"V":5,"NV":5,"TB":0},{"Id":65,"V":4,"NV":4,"TB":0},{"Id":73,"V":4,"NV":4,"TB":0},{"Id":74,"V":3,"NV":3,"TB":0},{"Id":77,"V":2,"NV":2,"TB":0},{"Id":80,"V":2,"NV":2,"TB":0},{"Id":67,"V":0,"NV":0,"TB":0},{"Id":69,"V":0,"NV":0,"TB":1}],[{"Id":75,"V":20,"NV":0,"TB":0},{"Id":76,"V":11,"NV":0,"TB":0},{"Id":71,"V":9,"NV":0,"TB":0},{"Id":66,"V":8,"NV":0,"TB":0},{"Id":72,"V":8,"NV":0,"TB":0},{"Id":68,"V":7,"NV":0,"TB":0},{"Id":79,"V":7,"NV":0,"TB":0},{"Id":81,"V":6,"NV":0,"TB":0},{"Id":70,"V":5,"NV":0,"TB":0},{"Id":78,"V":5,"NV":0,"TB":0},{"Id":82,"V":5,"NV":0,"TB":0},{"Id":65,"V":4,"NV":0,"TB":0},{"Id":73,"V":4,"NV":0,"TB":0},{"Id":74,"V":3,"NV":0,"TB":0},{"Id":77,"V":2,"NV":0,"TB":0},{"Id":80,"V":2,"NV":0,"TB":0},{"Id":67,"V":0,"NV":0,"TB":0}],[{"Id":75,"V":20,"NV":0,"TB":0},{"Id":76,"V":11,"NV":0,"TB":0},{"Id":71,"V":9,"NV":0,"TB":0},{"Id":66,"V":8,"NV":0,"TB":0},{"Id":72,"V":8,"NV":0,"TB":0},{"Id":68,"V":7,"NV":0,"TB":0},{"Id":79,"V":7,"NV":0,"TB":0},{"Id":81,"V":6,"NV":0,"TB":0},{"Id":70,"V":5,"NV":0,"TB":0},{"Id":78,"V":5,"NV":0,"TB":0},{"Id":82,"V":5,"NV":0,"TB":0},{"Id":65,"V":4,"NV":0,"TB":0},{"Id":73,"V":4,"NV":0,"TB":0},{"Id":74,"V":3,"NV":0,"TB":0},{"Id":77,"V":2,"NV":0,"TB":0},{"Id":80,"V":2,"NV":0,"TB":1}],[{"Id":75,"V":20,"NV":0,"TB":0},{"Id":76,"V":11,"NV":0,"TB":0},{"Id":71,"V":9,"NV":0,"TB":0},{"Id":66,"V":8,"NV":0,"TB":0},{"Id":72,"V":8,"NV":0,"TB":0},{"Id":68,"V":7,"NV":0,"TB":0},{"Id":79,"V":7,"NV":0,"TB":0},{"Id":81,"V":7,"NV":1,"TB":0},{"Id":70,"V":5,"NV":0,"TB":0},{"Id":78,"V":5,"NV":0,"TB":0},{"Id":82,"V":5,"NV":0,"TB":0},{"Id":65,"V":4,"NV":0,"TB":0},{"Id":73,"V":4,"NV":0,"TB":0},{"Id":74,"V":3,"NV":0,"TB":0},{"Id":77,"V":2,"NV":0,"TB":0}],[{"Id":75,"V":20,"NV":0,"TB":0},{"Id":76,"V":11,"NV":0,"TB":0},{"Id":71,"V":9,"NV":0,"TB":0},{"Id":66,"V":8,"NV":0,"TB":0},{"Id":72,"V":8,"NV":0,"TB":0},{"Id":79,"V":8,"NV":1,"TB":0},{"Id":68,"V":7,"NV":0,"TB":0},{"Id":81,"V":7,"NV":0,"TB":0},{"Id":70,"V":5,"NV":0,"TB":0},{"Id":73,"V":5,"NV":1,"TB":0},{"Id":78,"V":5,"NV":0,"TB":0},{"Id":82,"V":5,"NV":0,"TB":0},{"Id":65,"V":4,"NV":0,"TB":0},{"Id":74,"V":3,"NV":0,"TB":0}],[{"Id":75,"V":20,"NV":0,"TB":0},{"Id":76,"V":11,"NV":0,"TB":0},{"Id":66,"V":9,"NV":1,"TB":0},{"Id":71,"V":9,"NV":0,"TB":0},{"Id":72,"V":9,"NV":1,"TB":0},{"Id":79,"V":8,"NV":0,"TB":0},{"Id":68,"V":7,"NV":0,"TB":0},{"Id":81,"V":7,"NV":0,"TB":0},{"Id":73,"V":6,"NV":1,"TB":0},{"Id":70,"V":5,"NV":0,"TB":0},{"Id":78,"V":5,"NV":0,"TB":0},{"Id":82,"V":5,"NV":0,"TB":0},{"Id":65,"V":4,"NV":0,"TB":0}],[{"Id":75,"V":20,"NV":0,"TB":0},{"Id":76,"V":11,"NV":0,"TB":0},{"Id":66,"V":9,"NV":0,"TB":0},{"Id":71,"V":9,"NV":0,"TB":0},{"Id":72,"V":9,"NV":0,"TB":0},{"Id":68,"V":8,"NV":1,"TB":0},{"Id":73,"V":8,"NV":2,"TB":0},{"Id":79,"V":8,"NV":0,"TB":0},{"Id":81,"V":7,"NV":0,"TB":0},{"Id":78,"V":6,"NV":1,"TB":0},{"Id":70,"V":5,"NV":0,"TB":0},{"Id":82,"V":5,"NV":0,"TB":1}],[{"Id":75,"V":20,"NV":0,"TB":0},{"Id":76,"V":13,"NV":2,"TB":0},{"Id":66,"V":9,"NV":0,"TB":0},{"Id":71,"V":9,"NV":0,"TB":0},{"Id":72,"V":9,"NV":0,"TB":0},{"Id":79,"V":9,"NV":1,"TB":0},{"Id":68,"V":8,"NV":0,"TB":0},{"Id":73,"V":8,"NV":0,"TB":0},{"Id":70,"V":7,"NV":2,"TB":0},{"Id":81,"V":7,"NV":0,"TB":0},{"Id":78,"V":6,"NV":0,"TB":0}],[{"Id":75,"V":20,"NV":0,"TB":0},{"Id":76,"V":14,"NV":1,"TB":0},{"Id":66,"V":10,"NV":1,"TB":0},{"Id":71,"V":9,"NV":0,"TB":0},{"Id":72,"V":9,"NV":0,"TB":0},{"Id":79,"V":9,"NV":0,"TB":0},{"Id":68,"V":8,"NV":0,"TB":0},{"Id":70,"V":8,"NV":1,"TB":0},{"Id":73,"V":8,"NV":0,"TB":0},{"Id":81,"V":8,"NV":1,"TB":1}],[{"Id":75,"V":20,"NV":0,"TB":0},{"Id":76,"V":14,"NV":0,"TB":0},{"Id":66,"V":10,"NV":0,"TB":0},{"Id":70,"V":10,"NV":2,"TB":0},{"Id":71,"V":10,"NV":1,"TB":0},{"Id":73,"V":10,"NV":2,"TB":0},{"Id":79,"V":10,"NV":1,"TB":0},{"Id":68,"V":9,"NV":1,"TB":0},{"Id":72,"V":9,"NV":0,"TB":1}],[{"Id":75,"V":22,"NV":2,"TB":0},{"Id":76,"V":15,"NV":1,"TB":0},{"Id":71,"V":12,"NV":2,"TB":0},{"Id":73,"V":11,"NV":1,"TB":0},{"Id":79,"V":11,"NV":1,"TB":0},{"Id":66,"V":10,"NV":0,"TB":0},{"Id":68,"V":10,"NV":1,"TB":0},{"Id":70,"V":10,"NV":0,"TB":1}],[{"Id":75,"V":23,"NV":1,"TB":0},{"Id":71,"V":16,"NV":4,"TB":0},{"Id":76,"V":16,"NV":1,"TB":0},{"Id":66,"V":12,"NV":2,"TB":0},{"Id":79,"V":12,"NV":1,"TB":0},{"Id":68,"V":11,"NV":1,"TB":0},{"Id":73,"V":11,"NV":0,"TB":1}],[{"Id":75,"V":24,"NV":1,"TB":0},{"Id":71,"V":20,"NV":4,"TB":0},{"Id":76,"V":16,"NV":0,"TB":0},{"Id":66,"V":15,"NV":3,"TB":0},{"Id":79,"V":13,"NV":1,"TB":0},{"Id":68,"V":13,"NV":2,"TB":2}],[{"Id":75,"V":26,"NV":2,"TB":0},{"Id":71,"V":22,"NV":2,"TB":0},{"Id":66,"V":19,"NV":4,"TB":0},{"Id":76,"V":17,"NV":1,"TB":0},{"Id":79,"V":16,"NV":3,"TB":0}],[{"Id":71,"V":29,"NV":7,"TB":0},{"Id":75,"V":27,"NV":1,"TB":0},{"Id":66,"V":23,"NV":4,"TB":0},{"Id":76,"V":17,"NV":0,"TB":0}],[{"Id":66,"V":32,"NV":9,"TB":0},{"Id":71,"V":29,"NV":0,"TB":0},{"Id":75,"V":27,"NV":0,"TB":0}],[{"Id":66,"V":38,"NV":6,"TB":0},{"Id":71,"V":30,"NV":1,"TB":0}],[{"Id":66,"V":49,"NV":11,"TB":0}]],"Expires":1544395589,"SecondsLeft":0}