{"Mtype":"results","Title":"Round 5","PollStarted":"2018-02-04T23:29:05.258333886Z","PollDuration":300000000000,"Options":{"65":"Nibbly brings Sythe a heart-shaped leaf ","66":"Duel between “Pegleg” Zen and diplomat Sythe.","67":"Reni spots Kei under the magic Mistletoe during Trace's Chri- Valentine's Day Party!","68":"Mike and Evals relaxed but nervous in the mansion, unaccustomed to being guests.","69":"Daniels and Therie Sah-van, dinner for two at the Riftwall Tavern East.","70":"Mrs. Nibbly in a wingsuit flying alongside Princess Reni.","71":"Princess Reni meets Prince Winter of the Icewings from Wings of Fire","72":"Wrinry being chased by sivil because she is in trouble.","73":"Flora peeping on FemMike as he talks to himself in mirror like a stereotypical girl","74":"Baby Raine being held by Euchre","75":"Young Natani and Young Rose discussing their future selves","76":"Flora, in a modern alternate universe, flies her biplane with dragon nose art.","77":"Nibbly vs small kirara ( inuyasha)who is cuter contest","78":"Baby/Feral Maeve playing in a garden with her mother ","79":"Red takes human Raine to dance at a village festival","80":"Anklet of Humanification: The Return of Vehra"},"ExpectedBallots":107,"CountedBallots":107,"Ballots":["FJBAMI","DOENIBLPJKCMHFAG","P","C","DCBINAEFOJHK","IDPG","EJDKAL","HCGPOEJN","KHBIFDAJLGPCONEM","NFK","EJ","HGAJE","JEB","IBAHNP","IKCAOPFMDLG","NFHAMID","ENCOJG","J","NJBDKAHP","IKON","OFIAHBG","E","NICFAJ","GBKE","KNIOCDJAMF","FICOGJLNEBKMADPH","JEPNGD","JDNBAM","BONEJLDPAH","","LDJFEOINBKPAGHMC","MHNDBEGK","ICDOLJNGKFEHBAMP","EOJK","KIFLA","IEJDB","CLINJ","NIJBDAKELGFO","IDAGHLJMFP","IACLD","NLE","NE","LBIDKAOMHEGFPCJN","AIOFPJLN","I","BIKJ","ECLB","CKIDABJ","OIDBLFCPKAN","EOI","BOF","JD","IECH","IGCDP","HFACKNP","DNFKILAC","C","ENBJCLD","IEKABDFL","I","ONKB","PKBJIND","ICD","MBOEID","GCNAEBPI","KENCH","HNJK","JPOIGFL","BDIKC","JDAB","","NGJME","OJABE","","NHI","PEKJAMNOIDHBFCLG","MJDFLGKBANIPEOCH","CENAFB","OJKN","IAFKJNBPMLHCEDOG","FCA","DENFAOLKB","JNDMEIKCHOLAFPBG","NDCEKHIAL","KCIFBLDJ","JLDNIB","LEBHKFICDNPM","E","K","LNMBAJEC","LABCFOMINJDEPGKH","CFOIKENABLJDHMGP","DLCFAO","OJHGNECP","DIPKBAFGMOLJECHN","KOACJINLDHBFGPE","N","LO","OCLKI","JBOENACLDFIMP","N","EOD","LJNGI","ELCFP","N","ODENLAJICFK","LJNGI"],"Placements":[[{"Id":73,"V":15,"NV":15,"TB":0},{"Id":78,"V":13,"NV":13,"TB":0},{"Id":69,"V":11,"NV":11,"TB":0},{"Id":74,"V":10,"NV":10,"TB":0},{"Id":76,"V":8,"NV":8,"TB":0},{"Id":79,"V":8,"NV":8,"TB":0},{"Id":75,"V":7,"NV":7,"TB":0},{"Id":67,"V":6,"NV":6,"TB":0},{"Id":68,"V":6,"NV":6,"TB":0},{"Id":66,"V":4,"NV":4,"TB":0},{"Id":72,"V":4,"NV":4,"TB":0},{"Id":70,"V":3,"NV":3,"TB":0},{"Id":77,"V":3,"NV":3,"TB":0},{"Id":80,"V":3,"NV":3,"TB":0},{"Id":71,"V":2,"NV":2,"TB":0},{"Id":65,"V":1,"NV":1,"TB":0}],[{"Id":73,"V":16,"NV":1,"TB":0},{"Id":78,"V":13,"NV":0,"TB":0},{"Id":69,"V":11,"NV":0,"TB":0},{"Id":74,"V":10,"NV":0,"TB":0},{"Id":76,"V":8,"NV":0,"TB":0},{"Id":79,"V":8,"NV":0,"TB":0},{"Id":75,"V":7,"NV":0,"TB":0},{"Id":67,"V":6,"NV":0,"TB":0},{"Id":68,"V":6,"NV":0,"TB":0},{"Id":66,"V":4,"NV":0,"TB":0},{"Id":72,"V":4,"NV":0,"TB":0},{"Id":70,"V":3,"NV":0,"TB":0},{"Id":77,"V":3,"NV":0,"TB":0},{"Id":80,"V":3,"NV":0,"TB":0},{"Id":71,"V":2,"NV":0,"TB":0}],[{"Id":73,"V":16,"NV":0,"TB":0},{"Id":78,"V":13,"NV":0,"TB":0},{"Id":69,"V":11,"NV":0,"TB":0},{"Id":74,"V":10,"NV":0,"TB":0},{"Id":76,"V":8,"NV":0,"TB":0},{"Id":79,"V":8,"NV":0,"TB":0},{"Id":67,"V":7,"NV":1,"TB":0},{"Id":75,"V":7,"NV":0,"TB":0},{"Id":68,"V":6,"NV":0,"TB":0},{"Id":66,"V":5,"NV":1,"TB":0},{"Id":72,"V":4,"NV":0,"TB":0},{"Id":70,"V":3,"NV":0,"TB":0},{"Id":80,"V":3,"NV":0,"TB":0},{"Id":77,"V":3,"NV":0,"TB":2}],[{"Id":73,"V":16,"NV":0,"TB":0},{"Id":78,"V":13,"NV":0,"TB":0},{"Id":69,"V":11,"NV":0,"TB":0},{"Id":74,"V":11,"NV":1,"TB":0},{"Id":76,"V":8,"NV":0,"TB":0},{"Id":79,"V":8,"NV":0,"TB":0},{"Id":67,"V":7,"NV":0,"TB":0},{"Id":75,"V":7,"NV":0,"TB":0},{"Id":66,"V":6,"NV":1,"TB":0},{"Id":68,"V":6,"NV":0,"TB":0},{"Id":72,"V":5,"NV":1,"TB":0},{"Id":80,"V":3,"NV":0,"TB":0},{"Id":70,"V":3,"NV":0,"TB":2}],[{"Id":73,"V":17,"NV":1,"TB":0},{"Id":78,"V":13,"NV":0,"TB":0},{"Id":74,"V":12,"NV":1,"TB":0},{"Id":69,"V":11,"NV":0,"TB":0},{"Id":67,"V":8,"NV":1,"TB":0},{"Id":76,"V":8,"NV":0,"TB":0},{"Id":79,"V":8,"NV":0,"TB":0},{"Id":75,"V":7,"NV":0,"TB":0},{"Id":66,"V":6,"NV":0,"TB":0},{"Id":68,"V":6,"NV":0,"TB":0},{"Id":72,"V":5,"NV":0,"TB":0},{"Id":80,"V":3,"NV":0,"TB":0}],[{"Id":73,"V":17,"NV":0,"TB":0},{"Id":78,"V":13,"NV":0,"TB":0},{"Id":69,"V":12,"NV":1,"TB":0},{"Id":74,"V":12,"NV":0,"TB":0},{"Id":67,"V":8,"NV":0,"TB":0},{"Id":75,"V":8,"NV":1,"TB":0},{"Id":76,"V":8,"NV":0,"TB":0},{"Id":79,"V":8,"NV":0,"TB":0},{"Id":66,"V":6,"NV":0,"TB":0},{"Id":68,"V":6,"NV":0,"TB":0},{"Id":72,"V":5,"NV":0,"TB":0}],[{"Id":73,"V":17,"NV":0,"TB":0},{"Id":78,"V":15,"NV":2,"TB":0},{"Id":74,"V":13,"NV":1,"TB":0},{"Id":69,"V":12,"NV":0,"TB":0},{"Id":67,"V":10,"NV":2,"TB":0},{"Id":75,"V":8,"NV":0,"TB":0},{"Id":76,"V":8,"NV":0,"TB":0},{"Id":79,"V":8,"NV":0,"TB":0},{"Id":68,"V":6,"NV":0,"TB":0},{"Id":66,"V":6,"NV":0,"TB":2}],[{"Id":73,"V":18,"NV":1,"TB":0},{"Id":78,"V":15,"NV":0,"TB":0},{"Id":74,"V":13,"NV":0,"TB":0},{"Id":69,"V":12,"NV":0,"TB":0},{"Id":79,"V":11,"NV":3,"TB":0},{"Id":67,"V":10,"NV":0,"TB":0},{"Id":75,"V":9,"NV":1,"TB":0},{"Id":76,"V":8,"NV":0,"TB":0},{"Id":68,"V":7,"NV":1,"TB":0}],[{"Id":73,"V":20,"NV":2,"TB":0},{"Id":78,"V":16,"NV":1,"TB":0},{"Id":69,"V":13,"NV":1,"TB":0},{"Id":74,"V":13,"NV":0,"TB":0},{"Id":79,"V":12,"NV":1,"TB":0},{"Id":67,"V":11,"NV":1,"TB":0},{"Id":76,"V":9,"NV":1,"TB":0},{"Id":75,"V":9,"NV":0,"TB":2}],[{"Id":73,"V":22,"NV":2,"TB":0},{"Id":78,"V":17,"NV":1,"TB":0},{"Id":69,"V":15,"NV":2,"TB":0},{"Id":74,"V":14,"NV":1,"TB":0},{"Id":79,"V":13,"NV":1,"TB":0},{"Id":67,"V":12,"NV":1,"TB":0},{"Id":76,"V":9,"NV":0,"TB":0}],[{"Id":73,"V":23,"NV":1,"TB":0},{"Id":78,"V":18,"NV":1,"TB":0},{"Id":74,"V":17,"NV":3,"TB":0},{"Id":69,"V":16,"NV":1,"TB":0},{"Id":67,"V":14,"NV":2,"TB":0},{"Id":79,"V":14,"NV":1,"TB":1}],[{"Id":73,"V":25,"NV":2,"TB":0},{"Id":74,"V":20,"NV":3,"TB":0},{"Id":78,"V":20,"NV":2,"TB":0},{"Id":69,"V":19,"NV":3,"TB":0},{"Id":67,"V":16,"NV":2,"TB":0}],[{"Id":73,"V":32,"NV":7,"TB":0},{"Id":78,"V":22,"NV":2,"TB":0},{"Id":74,"V":21,"NV":1,"TB":0},{"Id":69,"V":21,"NV":2,"TB":2}],[{"Id":73,"V":35,"NV":3,"TB":0},{"Id":78,"V":29,"NV":7,"TB":0},{"Id":74,"V":26,"NV":5,"TB":0}],[{"Id":78,"V":41,"NV":12,"TB":0},{"Id":73,"V":40,"NV":5,"TB":0}],[{"Id":78,"V":59,"NV":18,"TB":0}]],"Expires":1517787545,"SecondsLeft":0}