{"Mtype":"results","Title":"Round 1","PollStarted":"2018-07-15T20:05:08.221195054Z","PollDuration":300000000000,"Options":{"65":"Lady Nora turning a house 15° just to mess with someone.","66":"Madelyn sparring with Undyne","67":"Half-Kind Main Characters meet Trace and Flora","68":"Kat shows Maddie and Maeve how to sew (Maddie may need a little help...)","69":"What If: Euchre saved Rose in Chapter 16","70":"Frankenstein monster with different body parts of all wolf, tiger, dragon,Basitin and etc","71":"Trace and Nora as Hiccup and Toothless","72":"Eurobeat Intensifies, Natani and Zen as street racers","73":"Twokinds playing card redux: Flora","74":"Clovis dreams he's a happy mother married to Brutus, and wakes up in a cold sweat","75":"The Master Chief from Halo receives and unusual new Artificial intelligence to aid him - a Flora AI","76":"What if when Natani gets drunk his clothes tend to come off and Kieth has to swoop in to save him","77":"Adira bikini pinup","78":"The main cast fighting/sparring with a single Templar","79":"Kat’s dolls of everyone are cursed by Nora and become voodoo dolls","80":"Kingdom Hearts Crossover: Sora fight Twokinds-inspired heartless with Trace and crew.","81":"Rose gets frustrated that she has nothing to do, as the manor does everything for her.","82":"Red and Sythe perform the DBZ fusion technique giving Raine the perfect guy."},"ExpectedBallots":140,"CountedBallots":140,"Ballots":["DHKQ","LCQAM","AMLDQJ","FEAOCJIGRKNHLMPQBD","HDAOILMJPFEKGBRNCQ","RJKPA","EHMLCDJKQ","M","LBJ","KMIGJPALBFCHQONRDE","G","GPINRBCHLODQKFJ","JBDQR","MERCGAKOJ","CRIJEHMGFPKLBDQONA","HMAIK","IOADJK","KBGCLAPMORJIDFNEQH","JQDRE","EJMRC","JGQ","LM","RQ","KAMQIRGJLDBONPFCHE","EJOAH","JAQEK","KQCIPLOGDB","KGNHECODBRFJAPQLIM","LJ","GAJCKRQFOLDN","FAQJG","JROEMBGQ","KJGQRELH","PCLJREKGFNDIHOAMBQ","JM","AGBCMJFDQOELKRHPIN","QEJG","PKAEQCDINGM","HMIAPL","HKCAGDORMJIQLEPFNB","IMBOLPRDGNHCFA","QAHRINLMGBCJOKEDPF","JMADLFGBKQRHNCOIEP","JGMK","KEGBQJOHMRACDPFILN","GMRBLKCOQFDEJIPNHA","RHMEBOLCGQFINKDJAP","LMJICKQAEONRPDFGBH","DJBAQEL","HJLR","OGKNAJILQDEFCHRMBP","JPMC","MQJBRKD","DKH","HLRKNAIMQFDOBCGJPE","","PEJKQLCOIDRMHAFGBN","HACLOIRBEQMGFJKNDP","KLGPOMEQCDH","QGFRDBKMIJENCOLHPA","DBPG","DJL","RLJDA","AOHQKR","MQ","OPGLQCFNERHKIJADBM","QJARHBFKIG","","LA","HRJNQMC","JHDOR","DJRFQ","AMHLQREBJ","ECDJ","ADHJG","KCDGE","RCQGBJFKDOMA","ILMGQK","GCJHFDLKERA","GLAJR","","MOHDKBCLQPJENIARFG","JQRELONMDABIHGFPCK","DRJQA","MBR","CIP","RAFJ","GAKH","EIRJQFA","HFMJEQKOA","DLJEFNKMCOIQAGPRHB","FDAOMRQLE","MFKQ","KMLAGJD","CKIMARDJHLQPGNFB","MKFGD","ACJ","RJFOQ","MDOJQ","QFC","DCELOAGJMQFIBNRHPK","AJOEQDLP","MJD","DGRBF","MDOJQ","IDOAJK","JREGMBPF","PO","REQ","MBED","GCKDI","ORJDB","JDE","MGLJRNEQBIDA","MLDH","PKIH","QDL","DQA","MDAINGEORPLJQCKFHB","LRO","MDQO","OQLM","LOGAMFNICRBJPEHKQD","DOGQRLAJHIFNPEKCBM","DMI","LCJOBQIE","MOGJIHANDCFREB","ADQO","ERCPAFQG","LRKQMDEIOJBPG","ARQGELKNBMJHODPICF","LF","JMKE","MEK","GKLINQ","J","MDGCAJI","M","JM","CFOKERLJ"],"Placements":[[{"Id":77,"V":20,"NV":20,"TB":0},{"Id":74,"V":16,"NV":16,"TB":0},{"Id":68,"V":13,"NV":13,"TB":0},{"Id":76,"V":11,"NV":11,"TB":0},{"Id":75,"V":10,"NV":10,"TB":0},{"Id":65,"V":9,"NV":9,"TB":0},{"Id":71,"V":9,"NV":9,"TB":0},{"Id":72,"V":9,"NV":9,"TB":0},{"Id":82,"V":8,"NV":8,"TB":0},{"Id":69,"V":6,"NV":6,"TB":0},{"Id":81,"V":6,"NV":6,"TB":0},{"Id":80,"V":5,"NV":5,"TB":0},{"Id":67,"V":4,"NV":4,"TB":0},{"Id":73,"V":4,"NV":4,"TB":0},{"Id":79,"V":4,"NV":4,"TB":0},{"Id":70,"V":3,"NV":3,"TB":0},{"Id":66,"V":0,"NV":0,"TB":0},{"Id":78,"V":0,"NV":0,"TB":1}],[{"Id":77,"V":20,"NV":0,"TB":0},{"Id":74,"V":16,"NV":0,"TB":0},{"Id":68,"V":13,"NV":0,"TB":0},{"Id":76,"V":11,"NV":0,"TB":0},{"Id":75,"V":10,"NV":0,"TB":0},{"Id":65,"V":9,"NV":0,"TB":0},{"Id":71,"V":9,"NV":0,"TB":0},{"Id":72,"V":9,"NV":0,"TB":0},{"Id":82,"V":8,"NV":0,"TB":0},{"Id":69,"V":6,"NV":0,"TB":0},{"Id":81,"V":6,"NV":0,"TB":0},{"Id":80,"V":5,"NV":0,"TB":0},{"Id":67,"V":4,"NV":0,"TB":0},{"Id":73,"V":4,"NV":0,"TB":0},{"Id":79,"V":4,"NV":0,"TB":0},{"Id":70,"V":3,"NV":0,"TB":0},{"Id":66,"V":0,"NV":0,"TB":0}],[{"Id":77,"V":20,"NV":0,"TB":0},{"Id":74,"V":16,"NV":0,"TB":0},{"Id":68,"V":13,"NV":0,"TB":0},{"Id":76,"V":11,"NV":0,"TB":0},{"Id":75,"V":10,"NV":0,"TB":0},{"Id":65,"V":9,"NV":0,"TB":0},{"Id":71,"V":9,"NV":0,"TB":0},{"Id":72,"V":9,"NV":0,"TB":0},{"Id":82,"V":8,"NV":0,"TB":0},{"Id":69,"V":6,"NV":0,"TB":0},{"Id":81,"V":6,"NV":0,"TB":0},{"Id":80,"V":5,"NV":0,"TB":0},{"Id":67,"V":4,"NV":0,"TB":0},{"Id":73,"V":4,"NV":0,"TB":0},{"Id":79,"V":4,"NV":0,"TB":0},{"Id":70,"V":3,"NV":0,"TB":0}],[{"Id":77,"V":20,"NV":0,"TB":0},{"Id":74,"V":16,"NV":0,"TB":0},{"Id":68,"V":14,"NV":1,"TB":0},{"Id":76,"V":11,"NV":0,"TB":0},{"Id":65,"V":10,"NV":1,"TB":0},{"Id":75,"V":10,"NV":0,"TB":0},{"Id":71,"V":9,"NV":0,"TB":0},{"Id":72,"V":9,"NV":0,"TB":0},{"Id":82,"V":8,"NV":0,"TB":0},{"Id":69,"V":7,"NV":1,"TB":0},{"Id":81,"V":6,"NV":0,"TB":0},{"Id":80,"V":5,"NV":0,"TB":0},{"Id":67,"V":4,"NV":0,"TB":0},{"Id":79,"V":4,"NV":0,"TB":0},{"Id":73,"V":4,"NV":0,"TB":2}],[{"Id":77,"V":21,"NV":1,"TB":0},{"Id":74,"V":16,"NV":0,"TB":0},{"Id":68,"V":15,"NV":1,"TB":0},{"Id":76,"V":12,"NV":1,"TB":0},{"Id":65,"V":10,"NV":0,"TB":0},{"Id":75,"V":10,"NV":0,"TB":0},{"Id":71,"V":9,"NV":0,"TB":0},{"Id":72,"V":9,"NV":0,"TB":0},{"Id":82,"V":8,"NV":0,"TB":0},{"Id":69,"V":7,"NV":0,"TB":0},{"Id":81,"V":6,"NV":0,"TB":0},{"Id":79,"V":5,"NV":1,"TB":0},{"Id":80,"V":5,"NV":0,"TB":0},{"Id":67,"V":4,"NV":0,"TB":0}],[{"Id":77,"V":21,"NV":0,"TB":0},{"Id":74,"V":16,"NV":0,"TB":0},{"Id":68,"V":15,"NV":0,"TB":0},{"Id":76,"V":12,"NV":0,"TB":0},{"Id":75,"V":11,"NV":1,"TB":0},{"Id":65,"V":10,"NV":0,"TB":0},{"Id":71,"V":9,"NV":0,"TB":0},{"Id":72,"V":9,"NV":0,"TB":0},{"Id":82,"V":9,"NV":1,"TB":0},{"Id":69,"V":7,"NV":0,"TB":0},{"Id":80,"V":6,"NV":1,"TB":0},{"Id":81,"V":6,"NV":0,"TB":0},{"Id":79,"V":6,"NV":1,"TB":3}],[{"Id":77,"V":21,"NV":0,"TB":0},{"Id":74,"V":16,"NV":0,"TB":0},{"Id":68,"V":15,"NV":0,"TB":0},{"Id":75,"V":12,"NV":1,"TB":0},{"Id":76,"V":12,"NV":0,"TB":0},{"Id":65,"V":11,"NV":1,"TB":0},{"Id":71,"V":10,"NV":1,"TB":0},{"Id":82,"V":10,"NV":1,"TB":0},{"Id":72,"V":9,"NV":0,"TB":0},{"Id":69,"V":7,"NV":0,"TB":0},{"Id":81,"V":7,"NV":1,"TB":0},{"Id":80,"V":7,"NV":1,"TB":2}],[{"Id":77,"V":21,"NV":0,"TB":0},{"Id":74,"V":16,"NV":0,"TB":0},{"Id":68,"V":15,"NV":0,"TB":0},{"Id":75,"V":14,"NV":2,"TB":0},{"Id":76,"V":13,"NV":1,"TB":0},{"Id":65,"V":11,"NV":0,"TB":0},{"Id":71,"V":11,"NV":1,"TB":0},{"Id":82,"V":10,"NV":0,"TB":0},{"Id":72,"V":9,"NV":0,"TB":0},{"Id":69,"V":8,"NV":1,"TB":0},{"Id":81,"V":7,"NV":0,"TB":0}],[{"Id":77,"V":21,"NV":0,"TB":0},{"Id":74,"V":17,"NV":1,"TB":0},{"Id":68,"V":16,"NV":1,"TB":0},{"Id":75,"V":14,"NV":0,"TB":0},{"Id":76,"V":14,"NV":1,"TB":0},{"Id":65,"V":12,"NV":1,"TB":0},{"Id":71,"V":12,"NV":1,"TB":0},{"Id":82,"V":10,"NV":0,"TB":0},{"Id":72,"V":9,"NV":0,"TB":0},{"Id":69,"V":9,"NV":1,"TB":2}],[{"Id":74,"V":21,"NV":4,"TB":0},{"Id":77,"V":21,"NV":0,"TB":0},{"Id":68,"V":17,"NV":1,"TB":0},{"Id":75,"V":14,"NV":0,"TB":0},{"Id":76,"V":14,"NV":0,"TB":0},{"Id":65,"V":13,"NV":1,"TB":0},{"Id":71,"V":12,"NV":0,"TB":0},{"Id":82,"V":12,"NV":2,"TB":0},{"Id":72,"V":10,"NV":1,"TB":0}],[{"Id":77,"V":25,"NV":4,"TB":0},{"Id":74,"V":22,"NV":1,"TB":0},{"Id":68,"V":18,"NV":1,"TB":0},{"Id":75,"V":15,"NV":1,"TB":0},{"Id":76,"V":15,"NV":1,"TB":0},{"Id":65,"V":14,"NV":1,"TB":0},{"Id":82,"V":13,"NV":1,"TB":0},{"Id":71,"V":12,"NV":0,"TB":0}],[{"Id":77,"V":26,"NV":1,"TB":0},{"Id":74,"V":23,"NV":1,"TB":0},{"Id":68,"V":18,"NV":0,"TB":0},{"Id":75,"V":18,"NV":3,"TB":0},{"Id":76,"V":17,"NV":2,"TB":0},{"Id":65,"V":16,"NV":2,"TB":0},{"Id":82,"V":15,"NV":2,"TB":0}],[{"Id":74,"V":30,"NV":7,"TB":0},{"Id":77,"V":27,"NV":1,"TB":0},{"Id":68,"V":19,"NV":1,"TB":0},{"Id":76,"V":19,"NV":2,"TB":0},{"Id":65,"V":18,"NV":2,"TB":0},{"Id":75,"V":18,"NV":0,"TB":1}],[{"Id":74,"V":32,"NV":2,"TB":0},{"Id":77,"V":30,"NV":3,"TB":0},{"Id":76,"V":24,"NV":5,"TB":0},{"Id":65,"V":22,"NV":4,"TB":0},{"Id":68,"V":22,"NV":3,"TB":1}],[{"Id":74,"V":38,"NV":6,"TB":0},{"Id":77,"V":32,"NV":2,"TB":0},{"Id":76,"V":28,"NV":4,"TB":0},{"Id":65,"V":26,"NV":4,"TB":0}],[{"Id":74,"V":48,"NV":10,"TB":0},{"Id":77,"V":39,"NV":7,"TB":0},{"Id":76,"V":32,"NV":4,"TB":0}],[{"Id":74,"V":60,"NV":12,"TB":0},{"Id":77,"V":53,"NV":14,"TB":0}],[{"Id":74,"V":92,"NV":32,"TB":0}]],"Expires":1531685708,"SecondsLeft":0}