{"Mtype":"results","Title":"Round 5","PollStarted":"2018-08-12T23:20:38.185857563Z","PollDuration":300000000000,"Options":{"65":"Flora tells Trace about her short lifespan \u0026 asks Trace to forgive her for dying before him.","66":"AU, Sythe \u0026 Flora fall in love \u0026 start a family.","67":"Scarlet \u0026 the other Sequential Art squirrel girls","68":"Kat pounces on Zen, Natani laughing \u0026 Flora watching w/ a proud look ","69":"Trace as Andrew Detmer from the final battle scene in Chronicle","70":"A human explorer hugs one of the snow leopard's fluffy tails, causing a minor diplomatic incident","71":"An older Maddie \u0026 Maeve going on their first date.","72":"Natani \u0026 Keith trying to cook something together.","73":"Flora, Nat, \u0026 Raine at a hot spring, Eric trying to peak into the women’s section, to Nat’s disapproval","74":"Tailor Kathrin taking Zens \"measurements\", enjoying herself a little too much.","75":"Natani + Flora put a control collar on Keith \u0026 make him do embarrassing things.","76":"Kat \u0026 Maeve bake a cake","77":"Suddenly Tails 2! Trace, Eric, Daniels \u0026 Keiren grow tails!","78":"Reni \u0026 Kei go out for a romantic dinner, but her dragon-ness gets makes things a little awkward","79":"Connect the Spots 2: Maddie \u0026 Maeve connecting Adria's spots","80":"sexy Laura dakimakura","81":"What If: Euchre saved Rose in Chapter 16?"},"ExpectedBallots":106,"CountedBallots":106,"Ballots":["NILPB","NQOHL","CKILQBDJ","FOL","HKD","IOAPDMLGF","GOINP","CNJFPHILD","E","DJHB","IDJ","JFDPKGIHNOQ","KFMNB","KCJM","HLIDP","NHJD","GHMIPLOQKAFBDNJEC","QDHJLBOIFN","FJOPGB","N","JFDNA","QKOIMHGFABDJENCPL","NFB","QBH","HIJQDBPMOAKGFECNL","PGBQJHIFNLMCEKD","DMJFKINOGHPLBQACE","ODJL","LMC","MGCNDPBI","DJ","FMLOP","LGFIONPBQ","HAPL","NDJIA","HKDJFBMELCAPGOINQ","DKMIAHLBGFQEJNCPO","C","LN","FJICDG","HDJKPQFLCINEGOMBA","GA","HJCBKDAQOLG","LNDJ","C","QAKBIGNDPOM","DIGPJMOHLBAFNKECQ","PIANODMKJHCFBQLGE","LHQGPNOIBMFACKE","","GJANQ","HKLJ","OJIPGLEMQHFKCDNBA","BGICFOD","CMQBH","JDFM","MQBLD","GFO","HQ","HPIBAQMO","IJDPKHOQNGLBMFA","FIGNJBOACDKL","LPOMCEQD","NCI","LPGDO","HJDLOKFGIMPQNCBAE","GNO","M","GJQM","GFDJILPHA","FJNIM","IJFQM","JDIFBOGCNLM","FJH","IJMOFPGDN","FLDHIMOBAGNPEKCJQ","P","BFNH","QF","GJOPBQHDCNFLEKAIM","C","AQKGNBDOHP","PLIJ","K","HIJDFMOQ","LGHPIKNF","IJ","OILJGD","NFKHPIJDQCLOMBEGA","BKDHMF","LOFBQHNGA","AFQKHGO","IKAPDJGBQH","HGQ","OHLP","PBMOCGNLQJDEFHIAK","HDNMQ","","NMFJDQHLOIBK","IFMJN","LOPBDJG","LPOG","HAGDFIJB","DNLOCQIF","KAQBINJ","HMKI"],"Placements":[[{"Id":72,"V":16,"NV":16,"TB":0},{"Id":76,"V":11,"NV":11,"TB":0},{"Id":71,"V":9,"NV":9,"TB":0},{"Id":78,"V":9,"NV":9,"TB":0},{"Id":70,"V":8,"NV":8,"TB":0},{"Id":73,"V":8,"NV":8,"TB":0},{"Id":67,"V":6,"NV":6,"TB":0},{"Id":68,"V":6,"NV":6,"TB":0},{"Id":80,"V":5,"NV":5,"TB":0},{"Id":81,"V":5,"NV":5,"TB":0},{"Id":74,"V":4,"NV":4,"TB":0},{"Id":75,"V":4,"NV":4,"TB":0},{"Id":79,"V":4,"NV":4,"TB":0},{"Id":66,"V":3,"NV":3,"TB":0},{"Id":77,"V":3,"NV":3,"TB":0},{"Id":65,"V":2,"NV":2,"TB":0},{"Id":69,"V":1,"NV":1,"TB":0}],[{"Id":72,"V":16,"NV":0,"TB":0},{"Id":76,"V":11,"NV":0,"TB":0},{"Id":71,"V":9,"NV":0,"TB":0},{"Id":78,"V":9,"NV":0,"TB":0},{"Id":70,"V":8,"NV":0,"TB":0},{"Id":73,"V":8,"NV":0,"TB":0},{"Id":67,"V":6,"NV":0,"TB":0},{"Id":68,"V":6,"NV":0,"TB":0},{"Id":80,"V":5,"NV":0,"TB":0},{"Id":81,"V":5,"NV":0,"TB":0},{"Id":74,"V":4,"NV":0,"TB":0},{"Id":75,"V":4,"NV":0,"TB":0},{"Id":79,"V":4,"NV":0,"TB":0},{"Id":66,"V":3,"NV":0,"TB":0},{"Id":77,"V":3,"NV":0,"TB":0},{"Id":65,"V":2,"NV":0,"TB":0}],[{"Id":72,"V":16,"NV":0,"TB":0},{"Id":76,"V":11,"NV":0,"TB":0},{"Id":70,"V":9,"NV":1,"TB":0},{"Id":71,"V":9,"NV":0,"TB":0},{"Id":78,"V":9,"NV":0,"TB":0},{"Id":73,"V":8,"NV":0,"TB":0},{"Id":67,"V":6,"NV":0,"TB":0},{"Id":68,"V":6,"NV":0,"TB":0},{"Id":81,"V":6,"NV":1,"TB":0},{"Id":80,"V":5,"NV":0,"TB":0},{"Id":74,"V":4,"NV":0,"TB":0},{"Id":75,"V":4,"NV":0,"TB":0},{"Id":79,"V":4,"NV":0,"TB":0},{"Id":77,"V":3,"NV":0,"TB":0},{"Id":66,"V":3,"NV":0,"TB":2}],[{"Id":72,"V":16,"NV":0,"TB":0},{"Id":76,"V":11,"NV":0,"TB":0},{"Id":70,"V":10,"NV":1,"TB":0},{"Id":71,"V":10,"NV":1,"TB":0},{"Id":78,"V":9,"NV":0,"TB":0},{"Id":73,"V":8,"NV":0,"TB":0},{"Id":67,"V":6,"NV":0,"TB":0},{"Id":68,"V":6,"NV":0,"TB":0},{"Id":81,"V":6,"NV":0,"TB":0},{"Id":75,"V":5,"NV":1,"TB":0},{"Id":80,"V":5,"NV":0,"TB":0},{"Id":74,"V":4,"NV":0,"TB":0},{"Id":79,"V":4,"NV":0,"TB":0},{"Id":77,"V":3,"NV":0,"TB":0}],[{"Id":72,"V":16,"NV":0,"TB":0},{"Id":71,"V":11,"NV":1,"TB":0},{"Id":76,"V":11,"NV":0,"TB":0},{"Id":70,"V":10,"NV":0,"TB":0},{"Id":78,"V":9,"NV":0,"TB":0},{"Id":73,"V":8,"NV":0,"TB":0},{"Id":81,"V":7,"NV":1,"TB":0},{"Id":67,"V":6,"NV":0,"TB":0},{"Id":68,"V":6,"NV":0,"TB":0},{"Id":75,"V":5,"NV":0,"TB":0},{"Id":80,"V":5,"NV":0,"TB":0},{"Id":79,"V":4,"NV":0,"TB":0},{"Id":74,"V":4,"NV":0,"TB":2}],[{"Id":72,"V":16,"NV":0,"TB":0},{"Id":70,"V":12,"NV":2,"TB":0},{"Id":71,"V":11,"NV":0,"TB":0},{"Id":76,"V":11,"NV":0,"TB":0},{"Id":78,"V":9,"NV":0,"TB":0},{"Id":68,"V":8,"NV":2,"TB":0},{"Id":73,"V":8,"NV":0,"TB":0},{"Id":81,"V":7,"NV":0,"TB":0},{"Id":67,"V":6,"NV":0,"TB":0},{"Id":75,"V":5,"NV":0,"TB":0},{"Id":80,"V":5,"NV":0,"TB":0},{"Id":79,"V":4,"NV":0,"TB":0}],[{"Id":72,"V":17,"NV":1,"TB":0},{"Id":70,"V":12,"NV":0,"TB":0},{"Id":71,"V":11,"NV":0,"TB":0},{"Id":76,"V":11,"NV":0,"TB":0},{"Id":73,"V":10,"NV":2,"TB":0},{"Id":68,"V":9,"NV":1,"TB":0},{"Id":78,"V":9,"NV":0,"TB":0},{"Id":81,"V":7,"NV":0,"TB":0},{"Id":67,"V":6,"NV":0,"TB":0},{"Id":80,"V":5,"NV":0,"TB":0},{"Id":75,"V":5,"NV":0,"TB":2}],[{"Id":72,"V":17,"NV":0,"TB":0},{"Id":70,"V":13,"NV":1,"TB":0},{"Id":71,"V":11,"NV":0,"TB":0},{"Id":76,"V":11,"NV":0,"TB":0},{"Id":68,"V":10,"NV":1,"TB":0},{"Id":73,"V":10,"NV":0,"TB":0},{"Id":78,"V":9,"NV":0,"TB":0},{"Id":81,"V":8,"NV":1,"TB":0},{"Id":67,"V":7,"NV":1,"TB":0},{"Id":80,"V":5,"NV":0,"TB":0}],[{"Id":72,"V":17,"NV":0,"TB":0},{"Id":70,"V":13,"NV":0,"TB":0},{"Id":71,"V":12,"NV":1,"TB":0},{"Id":76,"V":12,"NV":1,"TB":0},{"Id":73,"V":11,"NV":1,"TB":0},{"Id":68,"V":10,"NV":0,"TB":0},{"Id":78,"V":9,"NV":0,"TB":0},{"Id":81,"V":8,"NV":0,"TB":0},{"Id":67,"V":8,"NV":1,"TB":2}],[{"Id":72,"V":17,"NV":0,"TB":0},{"Id":70,"V":13,"NV":0,"TB":0},{"Id":71,"V":13,"NV":1,"TB":0},{"Id":73,"V":12,"NV":1,"TB":0},{"Id":76,"V":12,"NV":0,"TB":0},{"Id":68,"V":10,"NV":0,"TB":0},{"Id":78,"V":10,"NV":1,"TB":0},{"Id":81,"V":9,"NV":1,"TB":0}],[{"Id":72,"V":19,"NV":2,"TB":0},{"Id":73,"V":15,"NV":3,"TB":0},{"Id":70,"V":14,"NV":1,"TB":0},{"Id":71,"V":14,"NV":1,"TB":0},{"Id":76,"V":13,"NV":1,"TB":0},{"Id":68,"V":11,"NV":1,"TB":0},{"Id":78,"V":10,"NV":0,"TB":0}],[{"Id":72,"V":21,"NV":2,"TB":0},{"Id":70,"V":18,"NV":4,"TB":0},{"Id":73,"V":17,"NV":2,"TB":0},{"Id":71,"V":14,"NV":0,"TB":0},{"Id":76,"V":13,"NV":0,"TB":0},{"Id":68,"V":12,"NV":1,"TB":0}],[{"Id":72,"V":24,"NV":3,"TB":0},{"Id":73,"V":21,"NV":4,"TB":0},{"Id":70,"V":20,"NV":2,"TB":0},{"Id":76,"V":15,"NV":2,"TB":0},{"Id":71,"V":14,"NV":0,"TB":0}],[{"Id":72,"V":28,"NV":4,"TB":0},{"Id":73,"V":24,"NV":3,"TB":0},{"Id":70,"V":22,"NV":2,"TB":0},{"Id":76,"V":16,"NV":1,"TB":0}],[{"Id":72,"V":30,"NV":2,"TB":0},{"Id":73,"V":26,"NV":2,"TB":0},{"Id":70,"V":25,"NV":3,"TB":0}],[{"Id":72,"V":39,"NV":9,"TB":0},{"Id":73,"V":33,"NV":7,"TB":0}],[{"Id":72,"V":49,"NV":10,"TB":0}]],"Expires":1534116638,"SecondsLeft":0}