{"Mtype":"results","Title":"Round 5","PollStarted":"2018-06-10T23:19:09.267466863Z","PollDuration":300000000000,"Options":{"65":"Sealeen tries out a potion or keidranificaton she concocted, but it doesn't work quite right","66":"An older Maddie \u0026 Maeve on their first date.","67":"Carver ends up in service of King Adelaide, w/ some lowly task like binding ankle wrappings or something","68":"Teentani \u0026 teenkeith on a date","69":"Natani \u0026 Keith in Skyrim-styled armour","70":"While at Comic-Con Zen cosplays as Kratos, \u0026 some how gets Keith to be Atreus. ","71":"Maeve \u0026 Maddie go to a theme park","72":"Maddie \u0026 Maeve find a bag of catnip, chaos insues","73":"Sythe in diplomatic regalia riding a super sized Nibbly doing the Akira power slide.","74":"Trace \u0026 Flora going on a double date w/ Rhea \u0026 Buwaro from the webcomic Slightly Damned","75":"King Adelaide \u0026 Keith make a diplomatic trip to visit Western Basitin leaders, in proper attire","76":"Mean Girls tempt Keith in the bath.","77":"Dragon Flora protecting Dragon Trace from Lady Nora's advances","78":"Adrakist Flora discovering she can fly","79":"A tiger tribe witch doctor","80":"TwoKinds basketball team! The heroes get lineup for a group picture","81":"NORAZON! The place to buy all your mischievous Dragon needs! Today’s offer! Kedrian Collar!","82":"Karen takes Fem Fur Red shopping for some new clothes. Zen catcalls w/ jealous Nibbly","83":"Nora’s \u0026 Trace’s relationship before he lost his memory(or just them hanging out)"},"ExpectedBallots":111,"CountedBallots":111,"Ballots":["FGIB","NMSDBOKQRA","SDL","GHPFE","NQPOAIBGSJ","SJ","ESF","IKFS","IDKAB","QJOGBSKC","QMSDJRHNAEKBLCOFIGP","NDELJ","DLEKPICFSNOHJMB","NRAQCMSHGBFJDIP","ALCR","GPAMSIOJQNB","DJKGHANMCSL","DLOIBJEA","BRAODK","OCLKJIA","F","GLHMOJA","FEBDKL","LDKCS","QA","RQACLSGBDKOMHINPEJF","CAOLK","RQILCAMKO","AMQNPRFCSBJEGDKLOIH","MSLHIJDA","AKCB","ADBJRQKFPSONMCHGLEI","LOHISBQ","O","DLSRKM","SKMNBGQACRIO","R","SJOFIKRAQGBHE","PDEGBS","IAEFDS","HLDKS","GBHDK","BDS","SMHJ","OACIQSGKJBDFLNRH","AGLHSBKDIQRCNOMFPEJ","DMQEBHGS","JSDFKIECRABNGMQHLPO","MJKHGBSFOCQ","KPLJEDCG","AJCRQ","BFIDL","HSA","EGL","JHOMNKGCIAPSE","QLRHD","QARSNHM","LKRDOCEAINHBQPGMJFS","AI","AR","LK","ABHMD","BKA","OBE","ORANKLMEDI","JFDNRESQI","ROANS","BHLD","OGHJPLM","LBDGKOH","IGQOBER","BH","QOASRI","KGRESPDCHMBLNAQOIF","SIGO","AQ","MDBHGKC","DGKECQHL","BHDI","M","MLNOH","ORANSMIQ","BKLEHOI","JNMQASIHGFBC","SDMLHGAQNCRBPFIJEKO","HFP","OAMILQHSJ","MANRHE","HJIKDMSCERONQAGLFPB","","RC","KBHGO","LOIDCPJNRHSQGKEMABF","IFDAQEPCR","KDBLGOCISAMHRNPJQFE","","IOC","PDILGEBRASKHQNMJOFC","IDJQM","LAR","IHBD","FPSB","OK","LQROKSDEAMNJFIPHGB","OQKGRLCPA","KBSOICAHGD","AHRSBKMCQGLONDEIJPF","RACHJKMF","JMSHRKPONEBDC","EJANDHSFMC","EKLNOCIDJGB"],"Placements":[[{"Id":65,"V":11,"NV":11,"TB":0},{"Id":79,"V":10,"NV":10,"TB":0},{"Id":66,"V":8,"NV":8,"TB":0},{"Id":73,"V":8,"NV":8,"TB":0},{"Id":76,"V":8,"NV":8,"TB":0},{"Id":83,"V":7,"NV":7,"TB":0},{"Id":68,"V":6,"NV":6,"TB":0},{"Id":77,"V":6,"NV":6,"TB":0},{"Id":81,"V":6,"NV":6,"TB":0},{"Id":82,"V":6,"NV":6,"TB":0},{"Id":74,"V":5,"NV":5,"TB":0},{"Id":75,"V":5,"NV":5,"TB":0},{"Id":69,"V":4,"NV":4,"TB":0},{"Id":70,"V":4,"NV":4,"TB":0},{"Id":71,"V":4,"NV":4,"TB":0},{"Id":72,"V":4,"NV":4,"TB":0},{"Id":78,"V":4,"NV":4,"TB":0},{"Id":80,"V":2,"NV":2,"TB":0},{"Id":67,"V":1,"NV":1,"TB":0}],[{"Id":65,"V":12,"NV":1,"TB":0},{"Id":79,"V":10,"NV":0,"TB":0},{"Id":66,"V":8,"NV":0,"TB":0},{"Id":73,"V":8,"NV":0,"TB":0},{"Id":76,"V":8,"NV":0,"TB":0},{"Id":83,"V":7,"NV":0,"TB":0},{"Id":68,"V":6,"NV":0,"TB":0},{"Id":77,"V":6,"NV":0,"TB":0},{"Id":81,"V":6,"NV":0,"TB":0},{"Id":82,"V":6,"NV":0,"TB":0},{"Id":74,"V":5,"NV":0,"TB":0},{"Id":75,"V":5,"NV":0,"TB":0},{"Id":69,"V":4,"NV":0,"TB":0},{"Id":70,"V":4,"NV":0,"TB":0},{"Id":71,"V":4,"NV":0,"TB":0},{"Id":72,"V":4,"NV":0,"TB":0},{"Id":78,"V":4,"NV":0,"TB":0},{"Id":80,"V":2,"NV":0,"TB":0}],[{"Id":65,"V":12,"NV":0,"TB":0},{"Id":79,"V":10,"NV":0,"TB":0},{"Id":66,"V":8,"NV":0,"TB":0},{"Id":68,"V":8,"NV":2,"TB":0},{"Id":73,"V":8,"NV":0,"TB":0},{"Id":76,"V":8,"NV":0,"TB":0},{"Id":83,"V":7,"NV":0,"TB":0},{"Id":77,"V":6,"NV":0,"TB":0},{"Id":81,"V":6,"NV":0,"TB":0},{"Id":82,"V":6,"NV":0,"TB":0},{"Id":74,"V":5,"NV":0,"TB":0},{"Id":75,"V":5,"NV":0,"TB":0},{"Id":69,"V":4,"NV":0,"TB":0},{"Id":70,"V":4,"NV":0,"TB":0},{"Id":72,"V":4,"NV":0,"TB":0},{"Id":78,"V":4,"NV":0,"TB":0},{"Id":71,"V":4,"NV":0,"TB":3}],[{"Id":65,"V":13,"NV":1,"TB":0},{"Id":79,"V":10,"NV":0,"TB":0},{"Id":66,"V":9,"NV":1,"TB":0},{"Id":76,"V":9,"NV":1,"TB":0},{"Id":68,"V":8,"NV":0,"TB":0},{"Id":73,"V":8,"NV":0,"TB":0},{"Id":83,"V":7,"NV":0,"TB":0},{"Id":77,"V":6,"NV":0,"TB":0},{"Id":81,"V":6,"NV":0,"TB":0},{"Id":82,"V":6,"NV":0,"TB":0},{"Id":72,"V":5,"NV":1,"TB":0},{"Id":74,"V":5,"NV":0,"TB":0},{"Id":75,"V":5,"NV":0,"TB":0},{"Id":69,"V":4,"NV":0,"TB":0},{"Id":78,"V":4,"NV":0,"TB":0},{"Id":70,"V":4,"NV":0,"TB":2}],[{"Id":65,"V":13,"NV":0,"TB":0},{"Id":79,"V":10,"NV":0,"TB":0},{"Id":66,"V":9,"NV":0,"TB":0},{"Id":73,"V":9,"NV":1,"TB":0},{"Id":76,"V":9,"NV":0,"TB":0},{"Id":68,"V":8,"NV":0,"TB":0},{"Id":83,"V":8,"NV":1,"TB":0},{"Id":77,"V":6,"NV":0,"TB":0},{"Id":81,"V":6,"NV":0,"TB":0},{"Id":82,"V":6,"NV":0,"TB":0},{"Id":69,"V":5,"NV":1,"TB":0},{"Id":72,"V":5,"NV":0,"TB":0},{"Id":74,"V":5,"NV":0,"TB":0},{"Id":75,"V":5,"NV":0,"TB":0},{"Id":78,"V":4,"NV":0,"TB":0}],[{"Id":65,"V":13,"NV":0,"TB":0},{"Id":79,"V":10,"NV":0,"TB":0},{"Id":66,"V":9,"NV":0,"TB":0},{"Id":68,"V":9,"NV":1,"TB":0},{"Id":73,"V":9,"NV":0,"TB":0},{"Id":76,"V":9,"NV":0,"TB":0},{"Id":83,"V":8,"NV":0,"TB":0},{"Id":77,"V":7,"NV":1,"TB":0},{"Id":81,"V":7,"NV":1,"TB":0},{"Id":82,"V":7,"NV":1,"TB":0},{"Id":69,"V":5,"NV":0,"TB":0},{"Id":72,"V":5,"NV":0,"TB":0},{"Id":75,"V":5,"NV":0,"TB":0},{"Id":74,"V":5,"NV":0,"TB":2}],[{"Id":65,"V":13,"NV":0,"TB":0},{"Id":68,"V":10,"NV":1,"TB":0},{"Id":79,"V":10,"NV":0,"TB":0},{"Id":66,"V":9,"NV":0,"TB":0},{"Id":73,"V":9,"NV":0,"TB":0},{"Id":76,"V":9,"NV":0,"TB":0},{"Id":77,"V":9,"NV":2,"TB":0},{"Id":83,"V":9,"NV":1,"TB":0},{"Id":81,"V":7,"NV":0,"TB":0},{"Id":82,"V":7,"NV":0,"TB":0},{"Id":72,"V":6,"NV":1,"TB":0},{"Id":75,"V":5,"NV":0,"TB":0},{"Id":69,"V":5,"NV":0,"TB":2}],[{"Id":65,"V":14,"NV":1,"TB":0},{"Id":66,"V":10,"NV":1,"TB":0},{"Id":68,"V":10,"NV":0,"TB":0},{"Id":76,"V":10,"NV":1,"TB":0},{"Id":79,"V":10,"NV":0,"TB":0},{"Id":83,"V":10,"NV":1,"TB":0},{"Id":73,"V":9,"NV":0,"TB":0},{"Id":77,"V":9,"NV":0,"TB":0},{"Id":81,"V":7,"NV":0,"TB":0},{"Id":82,"V":7,"NV":0,"TB":0},{"Id":75,"V":6,"NV":1,"TB":0},{"Id":72,"V":6,"NV":0,"TB":2}],[{"Id":65,"V":14,"NV":0,"TB":0},{"Id":76,"V":11,"NV":1,"TB":0},{"Id":79,"V":11,"NV":1,"TB":0},{"Id":83,"V":11,"NV":1,"TB":0},{"Id":66,"V":10,"NV":0,"TB":0},{"Id":68,"V":10,"NV":0,"TB":0},{"Id":73,"V":10,"NV":1,"TB":0},{"Id":77,"V":9,"NV":0,"TB":0},{"Id":81,"V":7,"NV":0,"TB":0},{"Id":82,"V":7,"NV":0,"TB":0},{"Id":75,"V":6,"NV":0,"TB":0}],[{"Id":65,"V":14,"NV":0,"TB":0},{"Id":76,"V":13,"NV":2,"TB":0},{"Id":66,"V":12,"NV":2,"TB":0},{"Id":68,"V":11,"NV":1,"TB":0},{"Id":79,"V":11,"NV":0,"TB":0},{"Id":83,"V":11,"NV":0,"TB":0},{"Id":73,"V":10,"NV":0,"TB":0},{"Id":77,"V":9,"NV":0,"TB":0},{"Id":82,"V":8,"NV":1,"TB":0},{"Id":81,"V":7,"NV":0,"TB":0}],[{"Id":65,"V":16,"NV":2,"TB":0},{"Id":76,"V":14,"NV":1,"TB":0},{"Id":79,"V":14,"NV":3,"TB":0},{"Id":66,"V":12,"NV":0,"TB":0},{"Id":68,"V":11,"NV":0,"TB":0},{"Id":83,"V":11,"NV":0,"TB":0},{"Id":73,"V":10,"NV":0,"TB":0},{"Id":77,"V":10,"NV":1,"TB":0},{"Id":82,"V":8,"NV":0,"TB":0}],[{"Id":65,"V":19,"NV":3,"TB":0},{"Id":79,"V":15,"NV":1,"TB":0},{"Id":76,"V":14,"NV":0,"TB":0},{"Id":66,"V":12,"NV":0,"TB":0},{"Id":83,"V":12,"NV":1,"TB":0},{"Id":68,"V":11,"NV":0,"TB":0},{"Id":73,"V":11,"NV":1,"TB":0},{"Id":77,"V":10,"NV":0,"TB":0}],[{"Id":65,"V":21,"NV":2,"TB":0},{"Id":83,"V":16,"NV":4,"TB":0},{"Id":76,"V":15,"NV":1,"TB":0},{"Id":79,"V":15,"NV":0,"TB":0},{"Id":66,"V":13,"NV":1,"TB":0},{"Id":68,"V":12,"NV":1,"TB":0},{"Id":73,"V":11,"NV":0,"TB":0}],[{"Id":65,"V":22,"NV":1,"TB":0},{"Id":79,"V":17,"NV":2,"TB":0},{"Id":83,"V":17,"NV":1,"TB":0},{"Id":68,"V":16,"NV":4,"TB":0},{"Id":76,"V":16,"NV":1,"TB":0},{"Id":66,"V":15,"NV":2,"TB":0}],[{"Id":65,"V":24,"NV":2,"TB":0},{"Id":68,"V":22,"NV":6,"TB":0},{"Id":83,"V":19,"NV":2,"TB":0},{"Id":76,"V":18,"NV":2,"TB":0},{"Id":79,"V":18,"NV":1,"TB":1}],[{"Id":65,"V":32,"NV":8,"TB":0},{"Id":68,"V":22,"NV":0,"TB":0},{"Id":76,"V":21,"NV":3,"TB":0},{"Id":83,"V":20,"NV":1,"TB":0}],[{"Id":65,"V":36,"NV":4,"TB":0},{"Id":68,"V":29,"NV":7,"TB":0},{"Id":76,"V":22,"NV":1,"TB":0}],[{"Id":65,"V":41,"NV":5,"TB":0},{"Id":68,"V":40,"NV":11,"TB":0}],[{"Id":65,"V":57,"NV":16,"TB":0}]],"Expires":1528673356,"SecondsLeft":0}