{"Mtype":"results","Title":"Round 1","PollStarted":"2018-01-21T21:38:10.578852645Z","PollDuration":300000000000,"Options":{"65":"Iris and her friend quiz Therie about what she has learned about the humans (Daniels).","66":"Tigress Trace in her winter coat, snuggling around Flora in the snow.","67":"Mike and Evals relax (with a little nervousness) having a drink and enjoying being a guest in the manor.","68":"A romantic candlelit double date dinner with Zen x Raine and Sythe x Maren","69":"Natani crying over Keith's lifeless body ","70":"Nibbly rocking out to some metal. \\m/","71":"Demi human Flora","72":"After Trace wake up from a nightmare, Flora comfort Trace and soothed him back to sleep.","73":"Keith reverts to the anthropomorphized animal he's based on.","74":"Clovis struts around in public after Nora makes him believe the femininity curse has worn off.","75":"Trace feels the baby kicking","76":"Young Laura and Young Rose discussing their future selves","77":"Kathrin accidentally uses Natani's spare bindings as a dish rag.","78":"Kathrin dressed up in lucina's \"fire emblem awakening\" outfit and yells the quote \"I challenge my fate!\")","79":"Same-name cop crossover. Alice from Caribbean Blue and Lt. Alice Reed!","80":"Human Natani making human Keith help her with her bindings (as one of his “boyfriend responsibilities\")"},"ExpectedBallots":113,"CountedBallots":113,"Ballots":["DF","KPNGCLFM","ICJM","FBJOLIPECGANKHDM","HKGF","FC","NPGIDO","F","PDMAC","AOKN","IFJ","PJC","KADJHL","PGHNKOJBM","JAIP","HPGIACL","EP","FCMOJBN","M","JMBGPK","ECK","JA","DPNMI","CDBPO","BKP","OCLDFNJAKMGIP","FPJMGBC","PDMAC","CIF","EBMA","EFMPHK","JAIM","CAKMOINFBD","MIPLCJGAFBHKDNOE","PKHGMILNA","JC","DLPMJNGCOBA","M","KAJ","H","NJPI","MJELCPN","KBHAMJDC","HME","DAJIMP","CJAODBMN","FNL","JHCPKDAGMFLNIOBE","MJNA","IMCKJLD","HELJICMDPNK","IHLBD","KAHDP","GMIJPA","JA","P","JMALFKC","JFALCKMHNGB","CBPGJKF","LHDAFKCP","MKIJ","BMEHPLCFJGDIKN","IMPLHJBCAEK","MCJFDNG","KHA","G","LCAJ","MPEDHFBJLNIOGKAC","ICPMHKDF","LJMKINH","AOCD","CMLFHDAIBPGJNKOE","DM","CIEFL","L","OALC","OMJCA","MFAEI","ACPJKBFLI","JADB","FGAMPCIJB","LC","JMNGBEPI","FJCI","ICJM","NCALD","ACJM","BKPFLMDEJAGIHNCO","EPIDLMJHBGKCO","KPIMLCDBEFNOJGA","MN","FMLAC","PFBNGKJIMCDLAHEO","EP","JADB","MNJA","F","AJB","JCDILP","AJBKENHDL","M","FJC","PKHGMILNA","EIPF","ALMDCPJB","NM","HMLIJDPFECGAOKBN","CDJPMIHEF","MF","F","AIPOJ","CFJK","HEIPLJMGCK"],"Placements":[[{"Id":74,"V":13,"NV":13,"TB":0},{"Id":77,"V":13,"NV":13,"TB":0},{"Id":70,"V":12,"NV":12,"TB":0},{"Id":67,"V":9,"NV":9,"TB":0},{"Id":65,"V":8,"NV":8,"TB":0},{"Id":80,"V":8,"NV":8,"TB":0},{"Id":69,"V":7,"NV":7,"TB":0},{"Id":72,"V":7,"NV":7,"TB":0},{"Id":73,"V":7,"NV":7,"TB":0},{"Id":75,"V":7,"NV":7,"TB":0},{"Id":68,"V":5,"NV":5,"TB":0},{"Id":76,"V":5,"NV":5,"TB":0},{"Id":78,"V":4,"NV":4,"TB":0},{"Id":66,"V":3,"NV":3,"TB":0},{"Id":79,"V":3,"NV":3,"TB":0},{"Id":71,"V":2,"NV":2,"TB":0}],[{"Id":77,"V":14,"NV":1,"TB":0},{"Id":74,"V":13,"NV":0,"TB":0},{"Id":70,"V":12,"NV":0,"TB":0},{"Id":67,"V":9,"NV":0,"TB":0},{"Id":65,"V":8,"NV":0,"TB":0},{"Id":80,"V":8,"NV":0,"TB":0},{"Id":69,"V":7,"NV":0,"TB":0},{"Id":72,"V":7,"NV":0,"TB":0},{"Id":73,"V":7,"NV":0,"TB":0},{"Id":75,"V":7,"NV":0,"TB":0},{"Id":68,"V":5,"NV":0,"TB":0},{"Id":76,"V":5,"NV":0,"TB":0},{"Id":78,"V":4,"NV":0,"TB":0},{"Id":79,"V":3,"NV":0,"TB":0},{"Id":66,"V":3,"NV":0,"TB":2}],[{"Id":77,"V":15,"NV":1,"TB":0},{"Id":74,"V":13,"NV":0,"TB":0},{"Id":70,"V":12,"NV":0,"TB":0},{"Id":67,"V":9,"NV":0,"TB":0},{"Id":75,"V":9,"NV":2,"TB":0},{"Id":65,"V":8,"NV":0,"TB":0},{"Id":80,"V":8,"NV":0,"TB":0},{"Id":69,"V":7,"NV":0,"TB":0},{"Id":72,"V":7,"NV":0,"TB":0},{"Id":73,"V":7,"NV":0,"TB":0},{"Id":68,"V":5,"NV":0,"TB":0},{"Id":76,"V":5,"NV":0,"TB":0},{"Id":78,"V":4,"NV":0,"TB":0},{"Id":79,"V":3,"NV":0,"TB":0}],[{"Id":77,"V":16,"NV":1,"TB":0},{"Id":74,"V":13,"NV":0,"TB":0},{"Id":70,"V":12,"NV":0,"TB":0},{"Id":67,"V":10,"NV":1,"TB":0},{"Id":65,"V":9,"NV":1,"TB":0},{"Id":75,"V":9,"NV":0,"TB":0},{"Id":80,"V":8,"NV":0,"TB":0},{"Id":69,"V":7,"NV":0,"TB":0},{"Id":72,"V":7,"NV":0,"TB":0},{"Id":73,"V":7,"NV":0,"TB":0},{"Id":68,"V":5,"NV":0,"TB":0},{"Id":76,"V":5,"NV":0,"TB":0},{"Id":78,"V":4,"NV":0,"TB":0}],[{"Id":77,"V":17,"NV":1,"TB":0},{"Id":74,"V":14,"NV":1,"TB":0},{"Id":70,"V":12,"NV":0,"TB":0},{"Id":67,"V":11,"NV":1,"TB":0},{"Id":65,"V":9,"NV":0,"TB":0},{"Id":75,"V":9,"NV":0,"TB":0},{"Id":80,"V":9,"NV":1,"TB":0},{"Id":69,"V":7,"NV":0,"TB":0},{"Id":72,"V":7,"NV":0,"TB":0},{"Id":73,"V":7,"NV":0,"TB":0},{"Id":76,"V":5,"NV":0,"TB":0},{"Id":68,"V":5,"NV":0,"TB":2}],[{"Id":77,"V":18,"NV":1,"TB":0},{"Id":74,"V":14,"NV":0,"TB":0},{"Id":70,"V":13,"NV":1,"TB":0},{"Id":67,"V":11,"NV":0,"TB":0},{"Id":65,"V":10,"NV":1,"TB":0},{"Id":80,"V":10,"NV":1,"TB":0},{"Id":75,"V":9,"NV":0,"TB":0},{"Id":69,"V":7,"NV":0,"TB":0},{"Id":72,"V":7,"NV":0,"TB":0},{"Id":73,"V":7,"NV":0,"TB":0},{"Id":76,"V":6,"NV":1,"TB":0}],[{"Id":77,"V":18,"NV":0,"TB":0},{"Id":74,"V":15,"NV":1,"TB":0},{"Id":67,"V":13,"NV":2,"TB":0},{"Id":70,"V":13,"NV":0,"TB":0},{"Id":80,"V":11,"NV":1,"TB":0},{"Id":65,"V":10,"NV":0,"TB":0},{"Id":75,"V":9,"NV":0,"TB":0},{"Id":72,"V":8,"NV":1,"TB":0},{"Id":69,"V":7,"NV":0,"TB":0},{"Id":73,"V":7,"NV":0,"TB":1}],[{"Id":77,"V":20,"NV":2,"TB":0},{"Id":67,"V":16,"NV":3,"TB":0},{"Id":74,"V":15,"NV":0,"TB":0},{"Id":70,"V":14,"NV":1,"TB":0},{"Id":80,"V":11,"NV":0,"TB":0},{"Id":65,"V":10,"NV":0,"TB":0},{"Id":72,"V":9,"NV":1,"TB":0},{"Id":75,"V":9,"NV":0,"TB":0},{"Id":69,"V":7,"NV":0,"TB":0}],[{"Id":77,"V":21,"NV":1,"TB":0},{"Id":67,"V":17,"NV":1,"TB":0},{"Id":70,"V":15,"NV":1,"TB":0},{"Id":74,"V":15,"NV":0,"TB":0},{"Id":80,"V":15,"NV":4,"TB":0},{"Id":65,"V":10,"NV":0,"TB":0},{"Id":72,"V":9,"NV":0,"TB":0},{"Id":75,"V":9,"NV":0,"TB":1}],[{"Id":77,"V":21,"NV":0,"TB":0},{"Id":80,"V":19,"NV":4,"TB":0},{"Id":67,"V":17,"NV":0,"TB":0},{"Id":70,"V":15,"NV":0,"TB":0},{"Id":74,"V":15,"NV":0,"TB":0},{"Id":65,"V":13,"NV":3,"TB":0},{"Id":72,"V":11,"NV":2,"TB":0}],[{"Id":77,"V":23,"NV":2,"TB":0},{"Id":80,"V":21,"NV":2,"TB":0},{"Id":67,"V":17,"NV":0,"TB":0},{"Id":65,"V":16,"NV":3,"TB":0},{"Id":70,"V":16,"NV":1,"TB":0},{"Id":74,"V":16,"NV":1,"TB":1}],[{"Id":77,"V":27,"NV":4,"TB":0},{"Id":65,"V":22,"NV":6,"TB":0},{"Id":80,"V":22,"NV":1,"TB":0},{"Id":67,"V":21,"NV":4,"TB":0},{"Id":70,"V":17,"NV":1,"TB":0}],[{"Id":77,"V":29,"NV":2,"TB":0},{"Id":67,"V":25,"NV":4,"TB":0},{"Id":65,"V":24,"NV":2,"TB":0},{"Id":80,"V":24,"NV":2,"TB":1}],[{"Id":77,"V":42,"NV":13,"TB":0},{"Id":67,"V":28,"NV":3,"TB":0},{"Id":65,"V":25,"NV":1,"TB":0}],[{"Id":77,"V":47,"NV":5,"TB":0},{"Id":67,"V":35,"NV":7,"TB":0}],[{"Id":77,"V":62,"NV":15,"TB":0}]],"Expires":1516571293,"SecondsLeft":0}