{"Mtype":"results","Title":"Round 5","PollStarted":"2018-12-16T23:40:15.49167143Z","PollDuration":300000000000,"Options":{"65":"Albion Alabaster as Scrooge or The Grinch","66":"Snowballfight: Nat and Zen vs snowwolves.","67":"Flora all wrapped up as a present for Trace","68":"Keith and Natani drinking cocoa and watching a snowfall","69":"Reni receives a magical artifact as a Christmas gift from Kei but it turns out to be a dud. ","70":"Trace, Flora, Keith, and Natani passed out on the couch after holiday festivities","71":"Karen likes what she sees in Magpie's shop. Maren doesn't approve.","72":"More Colin and Ms. Potts sketches!","73":"Natani tries to \"fix\" her own chest area the same way Flora did","74":"Keiren give the dream gift to Reni making her suprised, blush and blessed by his care and thought","75":"Frankenstein monster escapes her Creator and meets Raine","76":"Madelyn, Maeve, and Karen all having a girls night out.","77":"Clovis as a tasteful German officer pinup!","78":"Trace and Flora Vegas-syle Magic Show","79":"Maddie tries to throw snowball at Raine, but instead hits nibbly sitting on Raines shoulder","80":"The pizza guy (from chapter 1 or 2) returns to deliver a pizza to the estate, only to be slain again.","81":"\"Good Guy\" Guy: Guy helps a wasted keidran Red to the inn, while refusing her drunken curious advances.","82":"More of Eric's Twokinds: Alaric's back, and has his eyes on gender bent Keith"},"ExpectedBallots":124,"CountedBallots":124,"Ballots":["BEJO","BKOPHFERLADGCQNJI","BDI","ONABHP","QDNAEFO","HMBPECIRLKGAFQNOJD","J","RQMI","MLFBGRIC","EOPGLFCQDBNJ","RQIM","RIQCMKEJP","IFACPLNRGJEOMBDKQH","DF","MDHGO","CQFILOREBJPKNMGHDA","MIDCPQFBOJANLGHKER","GHILOCPBDE","CBJNOI","J","KIEN","LGOKHQCN","QIGBFRCNJLEODMHPAK","CIOGPQLHJEDKFNRAMB","OPQLJIHER","NC","C","Q","PQRNAFIOHLDCKBMJEG","BQDHLOI","PIDAM","","QRMIPE","IEQPCFKJ","QRIO","PDFMOIQJEHNALKBGRC","DC","GMOL","IFBMR","MCOI","BOAHFE","C","MCODI","IRJGL","NQBLOFG","CFNPRI","M","GQDCBAOPHI","LIGRDBOACJFENKQHPM","EJQBMIH","MODH","FDCBLJRMAIQOKPNEGH","QAPNEK","FBNI","FDIB","QOICDJHM","NFIGLOB","PAMI","CRFN","QMOKBD","CHIDLQEJ","RGIAECOFPJNMQL","CPENRMGHDAILBFOJQK","OPMIL","GROBLFQDCM","","EJQIA","C","LM","OJCFBL","CPHGEB","MIEGAFL","HEOLJIG","IDPOCRBG","OIH","MLQHIFBG","ML","AOEFCPIM","KBMOIPECNHRGFDQJLA","AQBICOFRJHNPLGEKDM","JQBOGHLFP","LPKBIGJCQDOFER","HBMQOJ","EPGQ","D","C","CONMP","C","C","","OM","ILKMNGABR","GIOPCRDLF","C","OPNLFHCGIB","C","C","RHQGLBDOPCM","LM","GMOFQ","QIHM","C","QMRPIE","C","FBAPEJ","KQRJGMCLIPDNOHBEAF","MKOPQB","JECQGBRLHOKIAFPN","HQPBGJR","CN","FBMCNLIHGDOQRK","OPBG","QMN","C","C","C","C","C","PJIKB","C","POFCINGMLD","C","RGIOCAFNB","LM"],"Placements":[[{"Id":67,"V":28,"NV":28,"TB":0},{"Id":77,"V":11,"NV":11,"TB":0},{"Id":81,"V":11,"NV":11,"TB":0},{"Id":79,"V":8,"NV":8,"TB":0},{"Id":71,"V":6,"NV":6,"TB":0},{"Id":73,"V":6,"NV":6,"TB":0},{"Id":76,"V":6,"NV":6,"TB":0},{"Id":80,"V":6,"NV":6,"TB":0},{"Id":82,"V":6,"NV":6,"TB":0},{"Id":66,"V":5,"NV":5,"TB":0},{"Id":70,"V":5,"NV":5,"TB":0},{"Id":69,"V":4,"NV":4,"TB":0},{"Id":72,"V":4,"NV":4,"TB":0},{"Id":74,"V":4,"NV":4,"TB":0},{"Id":68,"V":3,"NV":3,"TB":0},{"Id":75,"V":3,"NV":3,"TB":0},{"Id":78,"V":3,"NV":3,"TB":0},{"Id":65,"V":2,"NV":2,"TB":0}],[{"Id":67,"V":28,"NV":0,"TB":0},{"Id":81,"V":12,"NV":1,"TB":0},{"Id":77,"V":11,"NV":0,"TB":0},{"Id":79,"V":9,"NV":1,"TB":0},{"Id":71,"V":6,"NV":0,"TB":0},{"Id":73,"V":6,"NV":0,"TB":0},{"Id":76,"V":6,"NV":0,"TB":0},{"Id":80,"V":6,"NV":0,"TB":0},{"Id":82,"V":6,"NV":0,"TB":0},{"Id":66,"V":5,"NV":0,"TB":0},{"Id":70,"V":5,"NV":0,"TB":0},{"Id":69,"V":4,"NV":0,"TB":0},{"Id":72,"V":4,"NV":0,"TB":0},{"Id":74,"V":4,"NV":0,"TB":0},{"Id":68,"V":3,"NV":0,"TB":0},{"Id":78,"V":3,"NV":0,"TB":0},{"Id":75,"V":3,"NV":0,"TB":2}],[{"Id":67,"V":28,"NV":0,"TB":0},{"Id":81,"V":13,"NV":1,"TB":0},{"Id":77,"V":11,"NV":0,"TB":0},{"Id":79,"V":9,"NV":0,"TB":0},{"Id":73,"V":7,"NV":1,"TB":0},{"Id":66,"V":6,"NV":1,"TB":0},{"Id":71,"V":6,"NV":0,"TB":0},{"Id":76,"V":6,"NV":0,"TB":0},{"Id":80,"V":6,"NV":0,"TB":0},{"Id":82,"V":6,"NV":0,"TB":0},{"Id":70,"V":5,"NV":0,"TB":0},{"Id":69,"V":4,"NV":0,"TB":0},{"Id":72,"V":4,"NV":0,"TB":0},{"Id":74,"V":4,"NV":0,"TB":0},{"Id":68,"V":3,"NV":0,"TB":0},{"Id":78,"V":3,"NV":0,"TB":1}],[{"Id":67,"V":29,"NV":1,"TB":0},{"Id":81,"V":14,"NV":1,"TB":0},{"Id":77,"V":11,"NV":0,"TB":0},{"Id":79,"V":9,"NV":0,"TB":0},{"Id":73,"V":7,"NV":0,"TB":0},{"Id":66,"V":6,"NV":0,"TB":0},{"Id":70,"V":6,"NV":1,"TB":0},{"Id":71,"V":6,"NV":0,"TB":0},{"Id":76,"V":6,"NV":0,"TB":0},{"Id":80,"V":6,"NV":0,"TB":0},{"Id":82,"V":6,"NV":0,"TB":0},{"Id":69,"V":4,"NV":0,"TB":0},{"Id":72,"V":4,"NV":0,"TB":0},{"Id":74,"V":4,"NV":0,"TB":0},{"Id":68,"V":3,"NV":0,"TB":0}],[{"Id":67,"V":30,"NV":1,"TB":0},{"Id":81,"V":14,"NV":0,"TB":0},{"Id":77,"V":11,"NV":0,"TB":0},{"Id":79,"V":9,"NV":0,"TB":0},{"Id":70,"V":7,"NV":1,"TB":0},{"Id":73,"V":7,"NV":0,"TB":0},{"Id":66,"V":6,"NV":0,"TB":0},{"Id":71,"V":6,"NV":0,"TB":0},{"Id":76,"V":6,"NV":0,"TB":0},{"Id":80,"V":6,"NV":0,"TB":0},{"Id":82,"V":6,"NV":0,"TB":0},{"Id":69,"V":4,"NV":0,"TB":0},{"Id":72,"V":4,"NV":0,"TB":0},{"Id":74,"V":4,"NV":0,"TB":1}],[{"Id":67,"V":30,"NV":0,"TB":0},{"Id":81,"V":15,"NV":1,"TB":0},{"Id":77,"V":11,"NV":0,"TB":0},{"Id":79,"V":9,"NV":0,"TB":0},{"Id":70,"V":7,"NV":0,"TB":0},{"Id":73,"V":7,"NV":0,"TB":0},{"Id":66,"V":6,"NV":0,"TB":0},{"Id":71,"V":6,"NV":0,"TB":0},{"Id":76,"V":6,"NV":0,"TB":0},{"Id":80,"V":6,"NV":0,"TB":0},{"Id":82,"V":6,"NV":0,"TB":0},{"Id":69,"V":5,"NV":1,"TB":0},{"Id":72,"V":4,"NV":0,"TB":0}],[{"Id":67,"V":30,"NV":0,"TB":0},{"Id":81,"V":16,"NV":1,"TB":0},{"Id":77,"V":12,"NV":1,"TB":0},{"Id":79,"V":9,"NV":0,"TB":0},{"Id":66,"V":7,"NV":1,"TB":0},{"Id":70,"V":7,"NV":0,"TB":0},{"Id":73,"V":7,"NV":0,"TB":0},{"Id":69,"V":6,"NV":1,"TB":0},{"Id":71,"V":6,"NV":0,"TB":0},{"Id":80,"V":6,"NV":0,"TB":0},{"Id":82,"V":6,"NV":0,"TB":0},{"Id":76,"V":6,"NV":0,"TB":3}],[{"Id":67,"V":30,"NV":0,"TB":0},{"Id":81,"V":16,"NV":0,"TB":0},{"Id":77,"V":15,"NV":3,"TB":0},{"Id":79,"V":9,"NV":0,"TB":0},{"Id":73,"V":8,"NV":1,"TB":0},{"Id":66,"V":7,"NV":0,"TB":0},{"Id":70,"V":7,"NV":0,"TB":0},{"Id":71,"V":7,"NV":1,"TB":0},{"Id":80,"V":7,"NV":1,"TB":0},{"Id":82,"V":6,"NV":0,"TB":0},{"Id":69,"V":6,"NV":0,"TB":2}],[{"Id":67,"V":31,"NV":1,"TB":0},{"Id":81,"V":18,"NV":2,"TB":0},{"Id":77,"V":15,"NV":0,"TB":0},{"Id":79,"V":11,"NV":2,"TB":0},{"Id":73,"V":8,"NV":0,"TB":0},{"Id":80,"V":8,"NV":1,"TB":0},{"Id":66,"V":7,"NV":0,"TB":0},{"Id":70,"V":7,"NV":0,"TB":0},{"Id":71,"V":7,"NV":0,"TB":0},{"Id":82,"V":6,"NV":0,"TB":0}],[{"Id":67,"V":31,"NV":0,"TB":0},{"Id":81,"V":21,"NV":3,"TB":0},{"Id":77,"V":15,"NV":0,"TB":0},{"Id":79,"V":11,"NV":0,"TB":0},{"Id":71,"V":9,"NV":2,"TB":0},{"Id":73,"V":9,"NV":1,"TB":0},{"Id":80,"V":8,"NV":0,"TB":0},{"Id":66,"V":7,"NV":0,"TB":0},{"Id":70,"V":7,"NV":0,"TB":1}],[{"Id":67,"V":32,"NV":1,"TB":0},{"Id":81,"V":21,"NV":0,"TB":0},{"Id":77,"V":15,"NV":0,"TB":0},{"Id":73,"V":11,"NV":2,"TB":0},{"Id":79,"V":11,"NV":0,"TB":0},{"Id":66,"V":10,"NV":3,"TB":0},{"Id":71,"V":9,"NV":0,"TB":0},{"Id":80,"V":8,"NV":0,"TB":0}],[{"Id":67,"V":32,"NV":0,"TB":0},{"Id":81,"V":22,"NV":1,"TB":0},{"Id":77,"V":17,"NV":2,"TB":0},{"Id":73,"V":13,"NV":2,"TB":0},{"Id":79,"V":12,"NV":1,"TB":0},{"Id":66,"V":11,"NV":1,"TB":0},{"Id":71,"V":10,"NV":1,"TB":0}],[{"Id":67,"V":32,"NV":0,"TB":0},{"Id":81,"V":24,"NV":2,"TB":0},{"Id":77,"V":19,"NV":2,"TB":0},{"Id":73,"V":17,"NV":4,"TB":0},{"Id":79,"V":14,"NV":2,"TB":0},{"Id":66,"V":11,"NV":0,"TB":0}],[{"Id":67,"V":32,"NV":0,"TB":0},{"Id":81,"V":25,"NV":1,"TB":0},{"Id":77,"V":22,"NV":3,"TB":0},{"Id":73,"V":20,"NV":3,"TB":0},{"Id":79,"V":17,"NV":3,"TB":0}],[{"Id":67,"V":38,"NV":6,"TB":0},{"Id":81,"V":28,"NV":3,"TB":0},{"Id":77,"V":24,"NV":2,"TB":0},{"Id":73,"V":22,"NV":2,"TB":0}],[{"Id":67,"V":46,"NV":8,"TB":0},{"Id":81,"V":30,"NV":2,"TB":0},{"Id":77,"V":27,"NV":3,"TB":0}],[{"Id":67,"V":53,"NV":7,"TB":0},{"Id":81,"V":35,"NV":5,"TB":0}],[{"Id":67,"V":65,"NV":12,"TB":0}]],"Expires":1545004216,"SecondsLeft":0}