{"Mtype":"results","Title":"Round ","PollStarted":"2018-08-19T20:04:45.704316132Z","PollDuration":420000000000,"Options":{"65":"Clovis finds a way to change Nora's curse. It changes his species to human, but not his gender.","66":"Kat in the Monster Hunter World cat's kitchen, being taught cooking techniques by the buff-cat.","67":"Flora, with Trace, announcing her pregnancy to her parents, and their reaction","68":"Muscle Head general riding on Reni, busting thru Edinmire barrack to advertise Basitin Spice.","69":"Pre-proposal: Keith chasing Laura through an open field. (Young Love)","70":"Reni and Kei go out for a romantic dinner date, but her being a dragon makes things... awkward","71":"Everyone at a pool party!","72":"Spartan Raine-Raine (Human) as a UNSC Spartan from Halo","73":"Raine teasing Scarlet in the makeup section of the mall with Lady Nora as the saleswoman","74":"Natani bursts through the tablet screen, \u0026 shouts \"UNBOOB ME HUMAN!\"","75":"Natani wearing the Kirin armor","76":"Kat and Rose Clothing Swap","77":"Sam, Ember, and Raine gossip over a book club meeting brunch about their favorite novels.","78":"Clovis coming upon and wearing the evil Majora's Mask!","79":"Tiger Keidran Theater Troupe ","80":"In an AU, Flora and Sythe fall in love and start a family.","81":"Mike points out to Evals that his name spelled backward is ‘slave’"},"ExpectedBallots":144,"CountedBallots":144,"Ballots":["GBJIFCADOH","JMQF","CAGQEJNBFDIMHOKPL","QFOMIANPCHEKLGDB","OG","MFBN","OIJMFDLCQKA","IAF","BCEL","FGOKJQCILAM","QG","OGLPQC","ELBJFQCP","M","GJQO","ECQMFDGLAIOJNPKBH","AQNCPJ","FBQOJIHCNDLAPMKGE","OBJEKDQFINHCPLGMA","JLFMNC","KNOABJDFHQCGIPLEM","MBJCQANKHOILPEGFD","CLJOQI","H","GBFLK","PECOA","AFLIG","CG","","ACQFMHJG","OCKLNGAEPJ","JEFBODCQ","BAKIOJ","QCJ","PMHKLDQBNAIGFEOCJ","QGFELAIOPMCNDJ","HMAPIQN","LJA","M","JFBNHKQCOEM","DAFLKJQ","LNAFMGEBOIJKCPHDQ","CQBGKOLEHMFNAPIDJ","JCGADFLPIMEQNBHOK","HLOKBFJEPICQGMAND","COHPDFAKNMQJGELBI","CJEALBINHKQDPMOGF","AKGFQO","GLKJCBAQNFIDPMEOH","JKHGD","IBOPLF","KLFJABN","ACFMOIELJQDNKHBPG","EPCHA","OQ","CEPIJHQOGF","LBCF","MGQLFAI","MQAKBIC","GNE","EPGDCL","GBH","OQALFINM","GBMOQF","EQCP","ALJGEFDNOKIBPMCHQ","BJMLP","EJQGCBPFHKNAMLDIO","QKJIGELOC","BKQLGO","QHNKIF","JLQDFMKCHGEIABOPN","Q","JHIKG","JBD","F","HMF","GACOJL","CGJHQ","OQENBA","QJFIGLHC","FBDQ","","OGC","KBGHEDFACJQNOMLPI","CAG","BQCAHJDKLNOIFGPEM","EBLQ","CJHKOGLNQBIPDMFAE","QMDGIAOCFL","JCKGELQD","CAHOKI","FLG","JQGLBFEIO","COPNHEADF","EGQJ","EGDKQH","CHJ","GIHM","JKBHAGOFECQLMNIPD","","BAGNIOQF","KLBAPJM","KGCIAJL","EGPLQ","IFGQMEDAKJLCONHBP","DAQCPJK","BHEGOLKQFICPMDANJ","KJAOGBNMPHQLDIFCE","JFIK","LIQ","LIB","PM","FGE","EC","CDHFP","QIAEBML","PQAF","EFJQA","MBLFQ","PHCKGELQOM","CFOQ","GEQ","KJGBLF","CGAQJEPODLNKFIMBH","QHMP","GCQEFAMOL","CFEJOBGLQDKPMINHA","JLGCKPEFQOB","GDCAQNIPMB","GCQJOAB","FGJ","QMHGBDENLAIOC","","CPJGL","JFMQH","DAF","CIDF","AQFINBC","JDP","EDGO","CAHOKI","MHOCGFELQINPBJDKA","K"],"Placements":[[{"Id":67,"V":20,"NV":20,"TB":0},{"Id":74,"V":16,"NV":16,"TB":0},{"Id":69,"V":13,"NV":13,"TB":0},{"Id":71,"V":13,"NV":13,"TB":0},{"Id":81,"V":12,"NV":12,"TB":0},{"Id":79,"V":9,"NV":9,"TB":0},{"Id":75,"V":8,"NV":8,"TB":0},{"Id":77,"V":8,"NV":8,"TB":0},{"Id":65,"V":7,"NV":7,"TB":0},{"Id":66,"V":7,"NV":7,"TB":0},{"Id":70,"V":7,"NV":7,"TB":0},{"Id":76,"V":5,"NV":5,"TB":0},{"Id":80,"V":5,"NV":5,"TB":0},{"Id":72,"V":4,"NV":4,"TB":0},{"Id":68,"V":3,"NV":3,"TB":0},{"Id":73,"V":3,"NV":3,"TB":0},{"Id":78,"V":0,"NV":0,"TB":0}],[{"Id":67,"V":20,"NV":0,"TB":0},{"Id":74,"V":16,"NV":0,"TB":0},{"Id":69,"V":13,"NV":0,"TB":0},{"Id":71,"V":13,"NV":0,"TB":0},{"Id":81,"V":12,"NV":0,"TB":0},{"Id":79,"V":9,"NV":0,"TB":0},{"Id":75,"V":8,"NV":0,"TB":0},{"Id":77,"V":8,"NV":0,"TB":0},{"Id":65,"V":7,"NV":0,"TB":0},{"Id":66,"V":7,"NV":0,"TB":0},{"Id":70,"V":7,"NV":0,"TB":0},{"Id":76,"V":5,"NV":0,"TB":0},{"Id":80,"V":5,"NV":0,"TB":0},{"Id":72,"V":4,"NV":0,"TB":0},{"Id":73,"V":3,"NV":0,"TB":0},{"Id":68,"V":3,"NV":0,"TB":2}],[{"Id":67,"V":20,"NV":0,"TB":0},{"Id":74,"V":16,"NV":0,"TB":0},{"Id":69,"V":13,"NV":0,"TB":0},{"Id":71,"V":13,"NV":0,"TB":0},{"Id":81,"V":12,"NV":0,"TB":0},{"Id":65,"V":10,"NV":3,"TB":0},{"Id":79,"V":9,"NV":0,"TB":0},{"Id":75,"V":8,"NV":0,"TB":0},{"Id":77,"V":8,"NV":0,"TB":0},{"Id":66,"V":7,"NV":0,"TB":0},{"Id":70,"V":7,"NV":0,"TB":0},{"Id":76,"V":5,"NV":0,"TB":0},{"Id":80,"V":5,"NV":0,"TB":0},{"Id":72,"V":4,"NV":0,"TB":0},{"Id":73,"V":3,"NV":0,"TB":0}],[{"Id":67,"V":20,"NV":0,"TB":0},{"Id":74,"V":16,"NV":0,"TB":0},{"Id":69,"V":13,"NV":0,"TB":0},{"Id":71,"V":13,"NV":0,"TB":0},{"Id":81,"V":12,"NV":0,"TB":0},{"Id":65,"V":11,"NV":1,"TB":0},{"Id":79,"V":9,"NV":0,"TB":0},{"Id":66,"V":8,"NV":1,"TB":0},{"Id":70,"V":8,"NV":1,"TB":0},{"Id":75,"V":8,"NV":0,"TB":0},{"Id":77,"V":8,"NV":0,"TB":0},{"Id":76,"V":5,"NV":0,"TB":0},{"Id":80,"V":5,"NV":0,"TB":0},{"Id":72,"V":4,"NV":0,"TB":0}],[{"Id":67,"V":20,"NV":0,"TB":0},{"Id":74,"V":16,"NV":0,"TB":0},{"Id":69,"V":13,"NV":0,"TB":0},{"Id":71,"V":13,"NV":0,"TB":0},{"Id":81,"V":12,"NV":0,"TB":0},{"Id":65,"V":11,"NV":0,"TB":0},{"Id":77,"V":10,"NV":2,"TB":0},{"Id":79,"V":9,"NV":0,"TB":0},{"Id":66,"V":8,"NV":0,"TB":0},{"Id":70,"V":8,"NV":0,"TB":0},{"Id":75,"V":8,"NV":0,"TB":0},{"Id":76,"V":6,"NV":1,"TB":0},{"Id":80,"V":5,"NV":0,"TB":0}],[{"Id":67,"V":21,"NV":1,"TB":0},{"Id":74,"V":16,"NV":0,"TB":0},{"Id":69,"V":14,"NV":1,"TB":0},{"Id":71,"V":13,"NV":0,"TB":0},{"Id":81,"V":13,"NV":1,"TB":0},{"Id":77,"V":12,"NV":2,"TB":0},{"Id":65,"V":11,"NV":0,"TB":0},{"Id":79,"V":9,"NV":0,"TB":0},{"Id":66,"V":8,"NV":0,"TB":0},{"Id":70,"V":8,"NV":0,"TB":0},{"Id":75,"V":8,"NV":0,"TB":0},{"Id":76,"V":6,"NV":0,"TB":0}],[{"Id":67,"V":21,"NV":0,"TB":0},{"Id":74,"V":17,"NV":1,"TB":0},{"Id":69,"V":14,"NV":0,"TB":0},{"Id":81,"V":14,"NV":1,"TB":0},{"Id":71,"V":13,"NV":0,"TB":0},{"Id":65,"V":12,"NV":1,"TB":0},{"Id":77,"V":12,"NV":0,"TB":0},{"Id":66,"V":10,"NV":2,"TB":0},{"Id":79,"V":10,"NV":1,"TB":0},{"Id":75,"V":8,"NV":0,"TB":0},{"Id":70,"V":8,"NV":0,"TB":2}],[{"Id":67,"V":21,"NV":0,"TB":0},{"Id":71,"V":18,"NV":5,"TB":0},{"Id":74,"V":17,"NV":0,"TB":0},{"Id":69,"V":14,"NV":0,"TB":0},{"Id":81,"V":14,"NV":0,"TB":0},{"Id":65,"V":12,"NV":0,"TB":0},{"Id":66,"V":12,"NV":2,"TB":0},{"Id":77,"V":12,"NV":0,"TB":0},{"Id":79,"V":10,"NV":0,"TB":0},{"Id":75,"V":8,"NV":0,"TB":0}],[{"Id":67,"V":21,"NV":0,"TB":0},{"Id":74,"V":20,"NV":3,"TB":0},{"Id":71,"V":19,"NV":1,"TB":0},{"Id":66,"V":14,"NV":2,"TB":0},{"Id":69,"V":14,"NV":0,"TB":0},{"Id":81,"V":14,"NV":0,"TB":0},{"Id":65,"V":12,"NV":0,"TB":0},{"Id":77,"V":12,"NV":0,"TB":0},{"Id":79,"V":11,"NV":1,"TB":0}],[{"Id":67,"V":22,"NV":1,"TB":0},{"Id":71,"V":22,"NV":3,"TB":0},{"Id":74,"V":21,"NV":1,"TB":0},{"Id":81,"V":17,"NV":3,"TB":0},{"Id":66,"V":16,"NV":2,"TB":0},{"Id":69,"V":14,"NV":0,"TB":0},{"Id":65,"V":13,"NV":1,"TB":0},{"Id":77,"V":12,"NV":0,"TB":0}],[{"Id":67,"V":23,"NV":1,"TB":0},{"Id":71,"V":23,"NV":1,"TB":0},{"Id":74,"V":21,"NV":0,"TB":0},{"Id":66,"V":19,"NV":3,"TB":0},{"Id":81,"V":19,"NV":2,"TB":0},{"Id":69,"V":14,"NV":0,"TB":0},{"Id":65,"V":14,"NV":1,"TB":2}],[{"Id":71,"V":26,"NV":3,"TB":0},{"Id":67,"V":25,"NV":2,"TB":0},{"Id":74,"V":23,"NV":2,"TB":0},{"Id":81,"V":23,"NV":4,"TB":0},{"Id":66,"V":20,"NV":1,"TB":0},{"Id":69,"V":14,"NV":0,"TB":0}],[{"Id":71,"V":31,"NV":5,"TB":0},{"Id":67,"V":29,"NV":4,"TB":0},{"Id":74,"V":25,"NV":2,"TB":0},{"Id":81,"V":24,"NV":1,"TB":0},{"Id":66,"V":22,"NV":2,"TB":0}],[{"Id":71,"V":34,"NV":3,"TB":0},{"Id":74,"V":33,"NV":8,"TB":0},{"Id":67,"V":31,"NV":2,"TB":0},{"Id":81,"V":30,"NV":6,"TB":0}],[{"Id":71,"V":40,"NV":6,"TB":0},{"Id":67,"V":39,"NV":8,"TB":0},{"Id":74,"V":36,"NV":3,"TB":0}],[{"Id":67,"V":52,"NV":13,"TB":0},{"Id":71,"V":51,"NV":11,"TB":0}],[{"Id":67,"V":78,"NV":26,"TB":0}]],"Expires":1534709925,"SecondsLeft":0}