{"Mtype":"results","Title":"Round 3","PollStarted":"2018-05-06T22:05:01.943006749Z","PollDuration":300000000000,"Options":{"65":"Non-genderbent Mike and Evals trying on dresses together.","66":"Nicol Bolas (MTG dragon) standing tall over a fearful Trace and Flora, his hands outstretched","67":"More kitty pants i.e. human from the waist up and anthro from the waist down.","68":"Maddie used the gate key to check on her own home.","69":"Laura tells her parents about the engagement","70":"Muscle head General as Gunny Sgt. Hartman in \"Full Metal Jacket\" the Basitin version","71":"Colin trying to be smooth in an attempt to charm the viewer, but fails to think of a decent line","72":"Kat \u0026 Raine excitedly dictating scenes from their \"friend-fictions\" for Eric to paint.","73":"Sun Wukong, the monkey king","74":"Seraphina in Sienna's Unchained outfit from Warhammer: Vermintide 2","75":"Dragon Flora protecting Dragon Trace from Lady Nora's advances","76":"Raine celebrating Mother’s Day (or the Twokinds equivalent) with her mother.","77":"Reni and Raine nerd out over magic artifacts","78":"Red in his original style rocking out to some metal. \\m/","79":"Flora catching Trace looking at My Little Ponies ","80":"Youngtani catches Maddie with an ear pressed against Keith and Natani's door","81":"We've seen French maid Keith... how about French maid Trace?","82":"Sealeen tries to use her potions to brew coffee for Landen, but it has unexpected side-effects."},"ExpectedBallots":115,"CountedBallots":115,"Ballots":["NE","RM","R","MHQLDPGRNEA","C","PGHAM","KCODQ","KMHDRGBJPECOLIAFQN","PHALE","LDHM","HMCO","CA","E","RKPBCENGLDMQFJIOHA","PELGMDKNH","KHCPGD","BIM","NOM","EPADNLHFMCRQOKGJBI","QJN","LEPK","RFPDIJC","HPKGORAMJQE","HMLKOBE","PDHF","JLFEDP","MERINKLPHBDCQAFGJO","KCOLFRNAMHDQBPJGEI","POFAD","LG","FPHDERJGKQMLBNIOCA","RL","GFPE","EKAQPJGOCNBILMFRHD","EOK","MJLPRNQHKGFIEDOBCA","LHAEOPQMIR","RPDLCHGEQAKMOFBNIJ","JL","MGPO","KM","JLMRP","P","OFPQDMKEHRL","J","IGMAH","LGNERM","AQKOC","HK","HGCE","RMKONC","HNGP","EDA","HPOMDKALQCENRGFJIB","ARGPCDEHO","PE","AKOGMR","MCP","RGCHQMK","","KQFALOMRNIEJHCD","LKMHBDOFGAI","KHL","HLGPMEKDARFCQO","BRI","HGFPMRO","ENRMLPCKGBHFDAJQIO","A","DQFAKPEBRLMHGJINOC","KPBOA","LAMREQGOPN","MKN","PNHDM","KAQDFEPRGCHM","KAEHPODRBIMGLCJFNQ","GDEFRM","ECQDM","MLK","DCKHPQEMO","IHKMP","DGRM","E","NGPAL","FKCPGNRHMDE","DPERMNHL","GMPLHEKN","DPMKREF","KHPLEDGQMFNRCJOB","KQBD","LHM","CQRAKO","DCMPRE","KMFHDGPE","LHG","QLDKMPFRBECHNJI","PGE","ARGBPMN","LEKHMRAC","MRH","BGHRMLOENDPQCJFAIK","L","JALIG","GMOKLEHPCAQDFIRBJN","P","LPDAEGHC","GDEHP","LOM","AQRHCDMGLKE","KOREMFDLG","GKF","LGEAI","PQARNMHGDF","KDPGHL","PEDL","GACK"],"Placements":[[{"Id":75,"V":15,"NV":15,"TB":0},{"Id":76,"V":14,"NV":14,"TB":0},{"Id":80,"V":12,"NV":12,"TB":0},{"Id":72,"V":9,"NV":9,"TB":0},{"Id":69,"V":8,"NV":8,"TB":0},{"Id":77,"V":8,"NV":8,"TB":0},{"Id":82,"V":8,"NV":8,"TB":0},{"Id":71,"V":7,"NV":7,"TB":0},{"Id":65,"V":6,"NV":6,"TB":0},{"Id":68,"V":6,"NV":6,"TB":0},{"Id":74,"V":5,"NV":5,"TB":0},{"Id":66,"V":3,"NV":3,"TB":0},{"Id":67,"V":3,"NV":3,"TB":0},{"Id":78,"V":3,"NV":3,"TB":0},{"Id":70,"V":2,"NV":2,"TB":0},{"Id":73,"V":2,"NV":2,"TB":0},{"Id":81,"V":2,"NV":2,"TB":0},{"Id":79,"V":1,"NV":1,"TB":0}],[{"Id":75,"V":15,"NV":0,"TB":0},{"Id":76,"V":14,"NV":0,"TB":0},{"Id":80,"V":12,"NV":0,"TB":0},{"Id":72,"V":9,"NV":0,"TB":0},{"Id":69,"V":8,"NV":0,"TB":0},{"Id":77,"V":8,"NV":0,"TB":0},{"Id":82,"V":8,"NV":0,"TB":0},{"Id":71,"V":7,"NV":0,"TB":0},{"Id":65,"V":6,"NV":0,"TB":0},{"Id":68,"V":6,"NV":0,"TB":0},{"Id":74,"V":5,"NV":0,"TB":0},{"Id":66,"V":3,"NV":0,"TB":0},{"Id":67,"V":3,"NV":0,"TB":0},{"Id":70,"V":3,"NV":1,"TB":0},{"Id":78,"V":3,"NV":0,"TB":0},{"Id":73,"V":2,"NV":0,"TB":0},{"Id":81,"V":2,"NV":0,"TB":1}],[{"Id":75,"V":15,"NV":0,"TB":0},{"Id":76,"V":15,"NV":1,"TB":0},{"Id":80,"V":12,"NV":0,"TB":0},{"Id":72,"V":9,"NV":0,"TB":0},{"Id":69,"V":8,"NV":0,"TB":0},{"Id":77,"V":8,"NV":0,"TB":0},{"Id":82,"V":8,"NV":0,"TB":0},{"Id":71,"V":7,"NV":0,"TB":0},{"Id":65,"V":6,"NV":0,"TB":0},{"Id":68,"V":6,"NV":0,"TB":0},{"Id":74,"V":6,"NV":1,"TB":0},{"Id":66,"V":3,"NV":0,"TB":0},{"Id":67,"V":3,"NV":0,"TB":0},{"Id":70,"V":3,"NV":0,"TB":0},{"Id":78,"V":3,"NV":0,"TB":0},{"Id":73,"V":2,"NV":0,"TB":0}],[{"Id":75,"V":15,"NV":0,"TB":0},{"Id":76,"V":15,"NV":0,"TB":0},{"Id":80,"V":12,"NV":0,"TB":0},{"Id":72,"V":10,"NV":1,"TB":0},{"Id":69,"V":8,"NV":0,"TB":0},{"Id":71,"V":8,"NV":1,"TB":0},{"Id":77,"V":8,"NV":0,"TB":0},{"Id":82,"V":8,"NV":0,"TB":0},{"Id":65,"V":6,"NV":0,"TB":0},{"Id":68,"V":6,"NV":0,"TB":0},{"Id":74,"V":6,"NV":0,"TB":0},{"Id":66,"V":3,"NV":0,"TB":0},{"Id":67,"V":3,"NV":0,"TB":0},{"Id":70,"V":3,"NV":0,"TB":0},{"Id":78,"V":3,"NV":0,"TB":1}],[{"Id":75,"V":15,"NV":0,"TB":0},{"Id":76,"V":15,"NV":0,"TB":0},{"Id":80,"V":12,"NV":0,"TB":0},{"Id":72,"V":10,"NV":0,"TB":0},{"Id":69,"V":9,"NV":1,"TB":0},{"Id":71,"V":9,"NV":1,"TB":0},{"Id":77,"V":9,"NV":1,"TB":0},{"Id":82,"V":8,"NV":0,"TB":0},{"Id":65,"V":6,"NV":0,"TB":0},{"Id":68,"V":6,"NV":0,"TB":0},{"Id":74,"V":6,"NV":0,"TB":0},{"Id":66,"V":3,"NV":0,"TB":0},{"Id":67,"V":3,"NV":0,"TB":0},{"Id":70,"V":3,"NV":0,"TB":1}],[{"Id":75,"V":16,"NV":1,"TB":0},{"Id":76,"V":15,"NV":0,"TB":0},{"Id":80,"V":14,"NV":2,"TB":0},{"Id":72,"V":10,"NV":0,"TB":0},{"Id":69,"V":9,"NV":0,"TB":0},{"Id":71,"V":9,"NV":0,"TB":0},{"Id":77,"V":9,"NV":0,"TB":0},{"Id":82,"V":8,"NV":0,"TB":0},{"Id":65,"V":6,"NV":0,"TB":0},{"Id":68,"V":6,"NV":0,"TB":0},{"Id":74,"V":6,"NV":0,"TB":0},{"Id":66,"V":3,"NV":0,"TB":0},{"Id":67,"V":3,"NV":0,"TB":1}],[{"Id":75,"V":16,"NV":0,"TB":0},{"Id":76,"V":15,"NV":0,"TB":0},{"Id":80,"V":14,"NV":0,"TB":0},{"Id":72,"V":10,"NV":0,"TB":0},{"Id":69,"V":9,"NV":0,"TB":0},{"Id":71,"V":9,"NV":0,"TB":0},{"Id":77,"V":9,"NV":0,"TB":0},{"Id":82,"V":9,"NV":1,"TB":0},{"Id":65,"V":7,"NV":1,"TB":0},{"Id":68,"V":6,"NV":0,"TB":0},{"Id":74,"V":6,"NV":0,"TB":0},{"Id":66,"V":3,"NV":0,"TB":0}],[{"Id":75,"V":16,"NV":0,"TB":0},{"Id":76,"V":15,"NV":0,"TB":0},{"Id":80,"V":14,"NV":0,"TB":0},{"Id":71,"V":10,"NV":1,"TB":0},{"Id":72,"V":10,"NV":0,"TB":0},{"Id":77,"V":10,"NV":1,"TB":0},{"Id":82,"V":10,"NV":1,"TB":0},{"Id":69,"V":9,"NV":0,"TB":0},{"Id":65,"V":7,"NV":0,"TB":0},{"Id":74,"V":6,"NV":0,"TB":0},{"Id":68,"V":6,"NV":0,"TB":2}],[{"Id":75,"V":17,"NV":1,"TB":0},{"Id":80,"V":16,"NV":2,"TB":0},{"Id":76,"V":15,"NV":0,"TB":0},{"Id":71,"V":11,"NV":1,"TB":0},{"Id":77,"V":11,"NV":1,"TB":0},{"Id":72,"V":10,"NV":0,"TB":0},{"Id":82,"V":10,"NV":0,"TB":0},{"Id":69,"V":9,"NV":0,"TB":0},{"Id":65,"V":8,"NV":1,"TB":0},{"Id":74,"V":6,"NV":0,"TB":0}],[{"Id":76,"V":18,"NV":3,"TB":0},{"Id":75,"V":17,"NV":0,"TB":0},{"Id":80,"V":16,"NV":0,"TB":0},{"Id":71,"V":11,"NV":0,"TB":0},{"Id":77,"V":11,"NV":0,"TB":0},{"Id":72,"V":10,"NV":0,"TB":0},{"Id":82,"V":10,"NV":0,"TB":0},{"Id":65,"V":9,"NV":1,"TB":0},{"Id":69,"V":9,"NV":0,"TB":1}],[{"Id":75,"V":19,"NV":2,"TB":0},{"Id":76,"V":18,"NV":0,"TB":0},{"Id":80,"V":17,"NV":1,"TB":0},{"Id":77,"V":12,"NV":1,"TB":0},{"Id":71,"V":11,"NV":0,"TB":0},{"Id":82,"V":11,"NV":1,"TB":0},{"Id":65,"V":10,"NV":1,"TB":0},{"Id":72,"V":10,"NV":0,"TB":1}],[{"Id":75,"V":21,"NV":2,"TB":0},{"Id":76,"V":19,"NV":1,"TB":0},{"Id":80,"V":19,"NV":2,"TB":0},{"Id":71,"V":14,"NV":3,"TB":0},{"Id":77,"V":14,"NV":2,"TB":0},{"Id":82,"V":11,"NV":0,"TB":0},{"Id":65,"V":10,"NV":0,"TB":0}],[{"Id":75,"V":24,"NV":3,"TB":0},{"Id":76,"V":20,"NV":1,"TB":0},{"Id":80,"V":19,"NV":0,"TB":0},{"Id":71,"V":14,"NV":0,"TB":0},{"Id":82,"V":14,"NV":3,"TB":0},{"Id":77,"V":14,"NV":0,"TB":2}],[{"Id":75,"V":25,"NV":1,"TB":0},{"Id":76,"V":24,"NV":4,"TB":0},{"Id":80,"V":21,"NV":2,"TB":0},{"Id":82,"V":16,"NV":2,"TB":0},{"Id":71,"V":15,"NV":1,"TB":0}],[{"Id":75,"V":28,"NV":3,"TB":0},{"Id":80,"V":28,"NV":7,"TB":0},{"Id":76,"V":24,"NV":0,"TB":0},{"Id":82,"V":19,"NV":3,"TB":0}],[{"Id":75,"V":33,"NV":5,"TB":0},{"Id":80,"V":32,"NV":4,"TB":0},{"Id":76,"V":28,"NV":4,"TB":0}],[{"Id":80,"V":43,"NV":11,"TB":0},{"Id":75,"V":39,"NV":6,"TB":0}],[{"Id":80,"V":61,"NV":18,"TB":0}]],"Expires":1525644904,"SecondsLeft":0}