{"Mtype":"results","Title":"Round 3","PollStarted":"2018-08-12T21:52:09.79346586Z","PollDuration":300000000000,"Options":{"65":"Rose posed as a WWII pin up","66":"Teleport mishap! Carver lands in the company of Merfolk instead of Basitins.","67":"Flora as a living plush","68":"The son of the chief of snow leopards speaks in the pub w/ the researcher.","69":"Trace \u0026 Flora go to a local Keidran-themed festival for some fun!","70":"Basitin Spice: MUSCLE HEAD GENERAL POWER! (Muscle Head General advertise Basitin Spice)","71":"Human Kathrin","72":"Sam, Ember, \u0026 Raine gossip over a book club meeting brunch about their favorite novels.","73":"Natani bursts through the tablet screen, \u0026 shouts \"UNBOOB ME HUMAN!\"\t","74":"Snow leopard village 2: hot springs!","75":"Backside comparison, sythe \u0026 zen w/ Nibbly as judge.","76":"Spartan Raine: Raine (As a Human) gears up for battle in Halo Spartan Armour-with Red in Tow.","77":"How did Maddie's parents meet?","78":"Youngtani inadvertently influences Zen's mind, causing him to think of Keith as cute \u0026 sexy.","79":"body builder competition w/ keith, trace, male snow leopard, scythe, \u0026 red.","80":"Trace, Flora, Natani, \u0026 Keith as D\u0026D characters that fit their own descriptions \u0026 fighting styles.","81":"Frankenstein monsters w/ different body parts of wolf, tiger, fox, dragon, basitin \u0026 etc"},"ExpectedBallots":108,"CountedBallots":108,"Ballots":["IHKJ","HGJQB","KJDHPLFCEBOAGQMNI","GEKIACBJNF","ANGEPMDJ","IAL","M","ECBGILFQPJAHOMNDK","EF","BNIJHEKO","EGAODJN","PEJQGCAOHDMLB","MFNAKPOIGECDJBHLQ","F","KNJIP","NKJAE","MGEJ","JIKBAFCNHGOPEMDQL","NKIEG","AFNMDJEPH","OHIDQANJPKLFEBMGC","JDA","GMQJDABFEONLCHPI","JPDIAFGLO","IFMJGCENBDPOHKLAQ","HAGLMQNCKOEFDJ","GPCEHKQLBFNMDJIAO","IEK","AM","JDMF","IJFGO","LMDHAJN","NAMOI","AHODBGE","JNGEPHKCLADOFMIBQ","DMHNIO","GEMB","JAIKGFE","NIMA","GIECPOLDQMJFABNHK","PCENDIAGMQKJOBHLF","HKGQMAN","Q","MJODPGEHFBACKQLNI","EH","G","CIJGNQEMHFPOKABLD","AMGNEICJF","APJLNGDCMFEOKQIBH","MIEQG","MFIHGN","GJACEKNQFBMHPDOLI","KOJNIDPBMAGFEHQCL","NIQOAGPEBC","NKCDOQB","LGHAD","NOFMPKQ","JIA","KQHNBG","IE","HAJM","PJONMADE","JA","AECN","LPANJICDKEHFBGOQM","MEBJDQI","DAM","PIBGDE","QPNHL","DNMFAJ","JEGDLO","AIHNDJL","GIACHP","NAPKJH","","GAQN","QMAHJ","","QBMFDP","K","EACMFBIQ","JD","AB","A","M","GNFHJ","KGJIDA","JDNMOP","GACJELPNBKQHMDOFI","MDGL","LEDJC","NGM","N","GCJNIMQAHFOBLPDEK","NIMOPFDHJGALBCEKQ","MLHD","EBJC","FJNQ","PJNIQADBK","KOA","IGNPLBMQE","","IHPML","CGIM","LHAGNIEPMK","NBMFEIOCQ","LGNIEDM","DBMGQ"],"Placements":[[{"Id":71,"V":12,"NV":12,"TB":0},{"Id":78,"V":12,"NV":12,"TB":0},{"Id":74,"V":11,"NV":11,"TB":0},{"Id":65,"V":10,"NV":10,"TB":0},{"Id":77,"V":10,"NV":10,"TB":0},{"Id":73,"V":8,"NV":8,"TB":0},{"Id":75,"V":7,"NV":7,"TB":0},{"Id":69,"V":6,"NV":6,"TB":0},{"Id":76,"V":6,"NV":6,"TB":0},{"Id":80,"V":5,"NV":5,"TB":0},{"Id":68,"V":4,"NV":4,"TB":0},{"Id":72,"V":4,"NV":4,"TB":0},{"Id":81,"V":4,"NV":4,"TB":0},{"Id":67,"V":2,"NV":2,"TB":0},{"Id":70,"V":2,"NV":2,"TB":0},{"Id":79,"V":1,"NV":1,"TB":0},{"Id":66,"V":1,"NV":1,"TB":2}],[{"Id":78,"V":13,"NV":1,"TB":0},{"Id":71,"V":12,"NV":0,"TB":0},{"Id":74,"V":11,"NV":0,"TB":0},{"Id":65,"V":10,"NV":0,"TB":0},{"Id":77,"V":10,"NV":0,"TB":0},{"Id":73,"V":8,"NV":0,"TB":0},{"Id":75,"V":7,"NV":0,"TB":0},{"Id":69,"V":6,"NV":0,"TB":0},{"Id":76,"V":6,"NV":0,"TB":0},{"Id":80,"V":5,"NV":0,"TB":0},{"Id":68,"V":4,"NV":0,"TB":0},{"Id":72,"V":4,"NV":0,"TB":0},{"Id":81,"V":4,"NV":0,"TB":0},{"Id":67,"V":2,"NV":0,"TB":0},{"Id":70,"V":2,"NV":0,"TB":0},{"Id":79,"V":1,"NV":0,"TB":0}],[{"Id":78,"V":13,"NV":0,"TB":0},{"Id":71,"V":12,"NV":0,"TB":0},{"Id":74,"V":11,"NV":0,"TB":0},{"Id":65,"V":10,"NV":0,"TB":0},{"Id":77,"V":10,"NV":0,"TB":0},{"Id":73,"V":8,"NV":0,"TB":0},{"Id":75,"V":7,"NV":0,"TB":0},{"Id":69,"V":6,"NV":0,"TB":0},{"Id":76,"V":6,"NV":0,"TB":0},{"Id":72,"V":5,"NV":1,"TB":0},{"Id":80,"V":5,"NV":0,"TB":0},{"Id":68,"V":4,"NV":0,"TB":0},{"Id":81,"V":4,"NV":0,"TB":0},{"Id":70,"V":2,"NV":0,"TB":0},{"Id":67,"V":2,"NV":0,"TB":2}],[{"Id":71,"V":13,"NV":1,"TB":0},{"Id":78,"V":13,"NV":0,"TB":0},{"Id":74,"V":11,"NV":0,"TB":0},{"Id":65,"V":10,"NV":0,"TB":0},{"Id":77,"V":10,"NV":0,"TB":0},{"Id":73,"V":9,"NV":1,"TB":0},{"Id":75,"V":7,"NV":0,"TB":0},{"Id":69,"V":6,"NV":0,"TB":0},{"Id":76,"V":6,"NV":0,"TB":0},{"Id":72,"V":5,"NV":0,"TB":0},{"Id":80,"V":5,"NV":0,"TB":0},{"Id":68,"V":4,"NV":0,"TB":0},{"Id":81,"V":4,"NV":0,"TB":0},{"Id":70,"V":2,"NV":0,"TB":0}],[{"Id":71,"V":13,"NV":0,"TB":0},{"Id":78,"V":13,"NV":0,"TB":0},{"Id":74,"V":12,"NV":1,"TB":0},{"Id":65,"V":10,"NV":0,"TB":0},{"Id":77,"V":10,"NV":0,"TB":0},{"Id":73,"V":9,"NV":0,"TB":0},{"Id":75,"V":7,"NV":0,"TB":0},{"Id":69,"V":6,"NV":0,"TB":0},{"Id":76,"V":6,"NV":0,"TB":0},{"Id":72,"V":5,"NV":0,"TB":0},{"Id":80,"V":5,"NV":0,"TB":0},{"Id":81,"V":4,"NV":0,"TB":0},{"Id":68,"V":4,"NV":0,"TB":2}],[{"Id":78,"V":14,"NV":1,"TB":0},{"Id":71,"V":13,"NV":0,"TB":0},{"Id":74,"V":12,"NV":0,"TB":0},{"Id":77,"V":12,"NV":2,"TB":0},{"Id":65,"V":11,"NV":1,"TB":0},{"Id":73,"V":9,"NV":0,"TB":0},{"Id":75,"V":7,"NV":0,"TB":0},{"Id":69,"V":6,"NV":0,"TB":0},{"Id":76,"V":6,"NV":0,"TB":0},{"Id":72,"V":5,"NV":0,"TB":0},{"Id":80,"V":5,"NV":0,"TB":0},{"Id":81,"V":4,"NV":0,"TB":0}],[{"Id":77,"V":14,"NV":2,"TB":0},{"Id":78,"V":14,"NV":0,"TB":0},{"Id":71,"V":13,"NV":0,"TB":0},{"Id":74,"V":12,"NV":0,"TB":0},{"Id":65,"V":11,"NV":0,"TB":0},{"Id":73,"V":9,"NV":0,"TB":0},{"Id":75,"V":7,"NV":0,"TB":0},{"Id":69,"V":6,"NV":0,"TB":0},{"Id":76,"V":6,"NV":0,"TB":0},{"Id":80,"V":6,"NV":1,"TB":0},{"Id":72,"V":5,"NV":0,"TB":0}],[{"Id":71,"V":14,"NV":1,"TB":0},{"Id":77,"V":14,"NV":0,"TB":0},{"Id":78,"V":14,"NV":0,"TB":0},{"Id":65,"V":13,"NV":2,"TB":0},{"Id":74,"V":12,"NV":0,"TB":0},{"Id":73,"V":10,"NV":1,"TB":0},{"Id":75,"V":8,"NV":1,"TB":0},{"Id":69,"V":6,"NV":0,"TB":0},{"Id":76,"V":6,"NV":0,"TB":0},{"Id":80,"V":6,"NV":0,"TB":1}],[{"Id":78,"V":15,"NV":1,"TB":0},{"Id":71,"V":14,"NV":0,"TB":0},{"Id":74,"V":14,"NV":2,"TB":0},{"Id":77,"V":14,"NV":0,"TB":0},{"Id":65,"V":13,"NV":0,"TB":0},{"Id":73,"V":11,"NV":1,"TB":0},{"Id":69,"V":8,"NV":2,"TB":0},{"Id":75,"V":8,"NV":0,"TB":0},{"Id":76,"V":6,"NV":0,"TB":0}],[{"Id":71,"V":16,"NV":2,"TB":0},{"Id":65,"V":15,"NV":2,"TB":0},{"Id":77,"V":15,"NV":1,"TB":0},{"Id":78,"V":15,"NV":0,"TB":0},{"Id":74,"V":14,"NV":0,"TB":0},{"Id":73,"V":11,"NV":0,"TB":0},{"Id":69,"V":9,"NV":1,"TB":0},{"Id":75,"V":8,"NV":0,"TB":0}],[{"Id":71,"V":18,"NV":2,"TB":0},{"Id":78,"V":17,"NV":2,"TB":0},{"Id":65,"V":16,"NV":1,"TB":0},{"Id":74,"V":16,"NV":2,"TB":0},{"Id":77,"V":15,"NV":0,"TB":0},{"Id":73,"V":11,"NV":0,"TB":0},{"Id":69,"V":9,"NV":0,"TB":0}],[{"Id":71,"V":20,"NV":2,"TB":0},{"Id":74,"V":19,"NV":3,"TB":0},{"Id":78,"V":18,"NV":1,"TB":0},{"Id":65,"V":17,"NV":1,"TB":0},{"Id":77,"V":15,"NV":0,"TB":0},{"Id":73,"V":11,"NV":0,"TB":0}],[{"Id":71,"V":22,"NV":2,"TB":0},{"Id":74,"V":22,"NV":3,"TB":0},{"Id":65,"V":19,"NV":2,"TB":0},{"Id":78,"V":18,"NV":0,"TB":0},{"Id":77,"V":17,"NV":2,"TB":0}],[{"Id":71,"V":27,"NV":5,"TB":0},{"Id":74,"V":25,"NV":3,"TB":0},{"Id":65,"V":21,"NV":2,"TB":0},{"Id":78,"V":20,"NV":2,"TB":0}],[{"Id":71,"V":30,"NV":3,"TB":0},{"Id":74,"V":29,"NV":4,"TB":0},{"Id":65,"V":28,"NV":7,"TB":0}],[{"Id":74,"V":39,"NV":10,"TB":0},{"Id":71,"V":38,"NV":8,"TB":0}],[{"Id":74,"V":57,"NV":18,"TB":0}]],"Expires":1534111333,"SecondsLeft":0}