{"Mtype":"results","Title":"Round 7","PollStarted":"2018-11-12T01:58:30.439273737Z","PollDuration":300000000000,"Options":{"65":"The Chars as Gods from different religions","66":"King Adelaide's first encounter w/ Maddie's dad","67":"Clovis is Rita Repulsa, \u0026 its time to conquer Earth!","68":"Young Nora turning Templar Trainees into chickens \u0026 other animals for a class lesson. ","69":"Eric \u0026 Kat, as well as Mike \u0026 Evals switch bodies","70":"Adrakist Seraphina \u0026 Dragon Girl Wrinry meet/argue over who is more of a dragon.","71":"Trace \u0026 Flora snuggling w/ a flashlight \u0026 book.","72":"Diplomatic Sleepover 2: starring Saria, Roselyn \u0026 Trace.","73":"Ultimate Crack Ships Round 1: Maren x Natani","74":"Lady Nora does her best to keep Trace from falling into the darkness after Saria’s death.","75":"Eurobeat Intensifies! Natani vs Clovis in a downhill street race","76":"Mama tiger Flora has a sudden craving for sushi!","77":"Kessah from Hunters of Salamanstra meets Natani, wolf warriors","78":"Twokinds Sims - w/ Trace, Flora, Keith \u0026 Natani as sims \u0026 Tom himself as a player, making them do things they hate","79":"Kat \u0026 Zofie (Fluffkevlars Character) cooking together","80":"Keith \u0026 Natani cuddled up by the fire"},"ExpectedBallots":82,"CountedBallots":82,"Ballots":["O","CKHNBIDJAOGMELFP","EOLJG","HKPGNJLEDOBIFMCA","ELBPDFCH","JB","CJBH","MHGFO","BPHNLJDEI","ENO","FOPJGBDELHNAMKCI","KN","JNLGADBEPKFCHIMO","MNEFGDJLPKHIAOCB","DMFE","PCJDHGLE","PGBLFADOJ","EFCD","KBHNJGFOELPDIACM","PIHBJ","EHIP","IMOHGPLEBKJDF","CHBPK","ECKFIBD","NOEGPBHMIKLFADCJ","CBFHKJM","JBFDECNMA","GLBN","HDOF","JHNM","BPEODLFHM","LBFO","BH","L","FJBDM","EINB","PIEFLDKMCOABJHNG","LHMAINPBJOGKCDFE","DFLHEPNIKAGCBJOM","H","OG","ELHNGJI","BDHLIFPJGAMNKO","NLDF","HEIND","PI","INMECBDPJFA","K","BLGFPD","CB","CJF","NL","MBGJ","IFOD","MNB","BNJDOCKFG","OBE","FPBNGJEDLOHMACIK","","OBPGINHDLAJKFEMC","BMOKIPG","OBICGADNJHMPFLK","DAGECOL","GPNBEHLO","EJIAPBFKMLGNCOHD","HI","BPHOM","EDN","BOF","LGPBANCKDJ","","JNBGPKADHCEFLOIM","ABNOC","LNGB","HIE","BAJCH","LBGJNAFD","AIMBPCNLHG","JFBENDCAM","JF","BGP","HICB"],"Placements":[[{"Id":66,"V":11,"NV":11,"TB":0},{"Id":69,"V":10,"NV":10,"TB":0},{"Id":72,"V":7,"NV":7,"TB":0},{"Id":74,"V":7,"NV":7,"TB":0},{"Id":67,"V":6,"NV":6,"TB":0},{"Id":76,"V":6,"NV":6,"TB":0},{"Id":79,"V":5,"NV":5,"TB":0},{"Id":80,"V":5,"NV":5,"TB":0},{"Id":77,"V":4,"NV":4,"TB":0},{"Id":68,"V":3,"NV":3,"TB":0},{"Id":70,"V":3,"NV":3,"TB":0},{"Id":73,"V":3,"NV":3,"TB":0},{"Id":75,"V":3,"NV":3,"TB":0},{"Id":78,"V":3,"NV":3,"TB":0},{"Id":71,"V":2,"NV":2,"TB":0},{"Id":65,"V":2,"NV":2,"TB":2}],[{"Id":66,"V":12,"NV":1,"TB":0},{"Id":69,"V":10,"NV":0,"TB":0},{"Id":72,"V":7,"NV":0,"TB":0},{"Id":74,"V":7,"NV":0,"TB":0},{"Id":67,"V":6,"NV":0,"TB":0},{"Id":76,"V":6,"NV":0,"TB":0},{"Id":79,"V":5,"NV":0,"TB":0},{"Id":80,"V":5,"NV":0,"TB":0},{"Id":73,"V":4,"NV":1,"TB":0},{"Id":77,"V":4,"NV":0,"TB":0},{"Id":68,"V":3,"NV":0,"TB":0},{"Id":70,"V":3,"NV":0,"TB":0},{"Id":75,"V":3,"NV":0,"TB":0},{"Id":78,"V":3,"NV":0,"TB":0},{"Id":71,"V":2,"NV":0,"TB":0}],[{"Id":66,"V":12,"NV":0,"TB":0},{"Id":69,"V":10,"NV":0,"TB":0},{"Id":72,"V":7,"NV":0,"TB":0},{"Id":74,"V":7,"NV":0,"TB":0},{"Id":76,"V":7,"NV":1,"TB":0},{"Id":67,"V":6,"NV":0,"TB":0},{"Id":80,"V":6,"NV":1,"TB":0},{"Id":79,"V":5,"NV":0,"TB":0},{"Id":73,"V":4,"NV":0,"TB":0},{"Id":77,"V":4,"NV":0,"TB":0},{"Id":68,"V":3,"NV":0,"TB":0},{"Id":70,"V":3,"NV":0,"TB":0},{"Id":78,"V":3,"NV":0,"TB":0},{"Id":75,"V":3,"NV":0,"TB":2}],[{"Id":66,"V":13,"NV":1,"TB":0},{"Id":69,"V":10,"NV":0,"TB":0},{"Id":72,"V":7,"NV":0,"TB":0},{"Id":74,"V":7,"NV":0,"TB":0},{"Id":76,"V":7,"NV":0,"TB":0},{"Id":67,"V":6,"NV":0,"TB":0},{"Id":80,"V":6,"NV":0,"TB":0},{"Id":79,"V":5,"NV":0,"TB":0},{"Id":73,"V":4,"NV":0,"TB":0},{"Id":77,"V":4,"NV":0,"TB":0},{"Id":78,"V":4,"NV":1,"TB":0},{"Id":68,"V":3,"NV":0,"TB":0},{"Id":70,"V":3,"NV":0,"TB":1}],[{"Id":66,"V":13,"NV":0,"TB":0},{"Id":69,"V":10,"NV":0,"TB":0},{"Id":74,"V":8,"NV":1,"TB":0},{"Id":72,"V":7,"NV":0,"TB":0},{"Id":76,"V":7,"NV":0,"TB":0},{"Id":80,"V":7,"NV":1,"TB":0},{"Id":67,"V":6,"NV":0,"TB":0},{"Id":79,"V":6,"NV":1,"TB":0},{"Id":73,"V":4,"NV":0,"TB":0},{"Id":77,"V":4,"NV":0,"TB":0},{"Id":78,"V":4,"NV":0,"TB":0},{"Id":68,"V":3,"NV":0,"TB":0}],[{"Id":66,"V":13,"NV":0,"TB":0},{"Id":69,"V":11,"NV":1,"TB":0},{"Id":74,"V":8,"NV":0,"TB":0},{"Id":76,"V":8,"NV":1,"TB":0},{"Id":72,"V":7,"NV":0,"TB":0},{"Id":80,"V":7,"NV":0,"TB":0},{"Id":67,"V":6,"NV":0,"TB":0},{"Id":79,"V":6,"NV":0,"TB":0},{"Id":77,"V":5,"NV":1,"TB":0},{"Id":78,"V":4,"NV":0,"TB":0},{"Id":73,"V":4,"NV":0,"TB":2}],[{"Id":66,"V":13,"NV":0,"TB":0},{"Id":69,"V":11,"NV":0,"TB":0},{"Id":74,"V":8,"NV":0,"TB":0},{"Id":76,"V":8,"NV":0,"TB":0},{"Id":72,"V":7,"NV":0,"TB":0},{"Id":77,"V":7,"NV":2,"TB":0},{"Id":79,"V":7,"NV":1,"TB":0},{"Id":80,"V":7,"NV":0,"TB":0},{"Id":67,"V":6,"NV":0,"TB":0},{"Id":78,"V":5,"NV":1,"TB":0}],[{"Id":66,"V":13,"NV":0,"TB":0},{"Id":69,"V":11,"NV":0,"TB":0},{"Id":76,"V":10,"NV":2,"TB":0},{"Id":74,"V":8,"NV":0,"TB":0},{"Id":77,"V":8,"NV":1,"TB":0},{"Id":79,"V":8,"NV":1,"TB":0},{"Id":72,"V":7,"NV":0,"TB":0},{"Id":80,"V":7,"NV":0,"TB":0},{"Id":67,"V":6,"NV":0,"TB":0}],[{"Id":66,"V":15,"NV":2,"TB":0},{"Id":69,"V":11,"NV":0,"TB":0},{"Id":74,"V":10,"NV":2,"TB":0},{"Id":76,"V":10,"NV":0,"TB":0},{"Id":72,"V":9,"NV":2,"TB":0},{"Id":77,"V":8,"NV":0,"TB":0},{"Id":79,"V":8,"NV":0,"TB":0},{"Id":80,"V":7,"NV":0,"TB":0}],[{"Id":66,"V":18,"NV":3,"TB":0},{"Id":69,"V":12,"NV":1,"TB":0},{"Id":74,"V":11,"NV":1,"TB":0},{"Id":72,"V":10,"NV":1,"TB":0},{"Id":76,"V":10,"NV":0,"TB":0},{"Id":79,"V":8,"NV":0,"TB":0},{"Id":77,"V":8,"NV":0,"TB":2}],[{"Id":66,"V":21,"NV":3,"TB":0},{"Id":69,"V":15,"NV":3,"TB":0},{"Id":72,"V":11,"NV":1,"TB":0},{"Id":74,"V":11,"NV":0,"TB":0},{"Id":76,"V":10,"NV":0,"TB":0},{"Id":79,"V":9,"NV":1,"TB":0}],[{"Id":66,"V":24,"NV":3,"TB":0},{"Id":69,"V":16,"NV":1,"TB":0},{"Id":72,"V":12,"NV":1,"TB":0},{"Id":74,"V":12,"NV":1,"TB":0},{"Id":76,"V":10,"NV":0,"TB":0}],[{"Id":66,"V":29,"NV":5,"TB":0},{"Id":69,"V":16,"NV":0,"TB":0},{"Id":72,"V":14,"NV":2,"TB":0},{"Id":74,"V":12,"NV":0,"TB":0}],[{"Id":66,"V":37,"NV":8,"TB":0},{"Id":72,"V":16,"NV":2,"TB":0},{"Id":69,"V":16,"NV":0,"TB":2}],[{"Id":66,"V":44,"NV":7,"TB":0},{"Id":72,"V":19,"NV":3,"TB":0}],[{"Id":66,"V":53,"NV":9,"TB":0}]],"Expires":1541988510,"SecondsLeft":0}