{"Mtype":"results","Title":"Round 1","PollStarted":"2018-02-04T21:02:50.450958758Z","PollDuration":300000000000,"Options":{"65":"Natani decked out in Monster Hunter gear","66":"Tiger Trace character Reference","67":"Saria's ghost returns to gossip with Flora about Trace","68":"Hobbes from 'Calvin \u0026 Hobbes' steals Trace's girl.","69":"Iris and her friend quiz Therie about what she has learned about the humans (Daniels).","70":"Happy Silverlocks AU: Euchre, Mary and Raine enjoying quality family time.","71":"Alt reality where Keith killed Zen, \u0026 Natani is devoted to hunting him down in revenge.","72":"Trace and Sythe duelling over Floras Affection","73":"SuperBowl: Trace \u0026 Keith diehard fans of opposing teams, Flora \u0026 Natani not so much","74":"Trace feels the baby kick","75":"Trace says \"yes\" to Flora's butt being big \u0026 attempts to flirt, much to Flora's amusement.","76":"Raine and Red attempt valentines day kiss but her muzzle grows hitting his mouth","77":"Flora Trace first kiss redux","78":"The Main Four geared up as a squad in PUBG","79":"Adira dakimakura design","80":"Keith popping out of a hole in a groundhog suit \u0026 Natani asking if he saw his shadow"},"ExpectedBallots":136,"CountedBallots":136,"Ballots":["KLPMCBI","OJBGLANCHEKFMDIP","KM","DKM","DGCPH","LK","AIDPE","JAKMDPBNILOHCEFG","LDBEICFJ","","NOACM","","JFDE","JDK","EL","F","IDF","KANHODLCIPEMFJBG","DILGAPOM","FCAGEDJHLMO","PDGOEK","IADMBKJNPGLFEOCH","OKMJ","FLEHB","ELDFBHK","PKBLG","EKFI","FIHLGM","OGC","IPL","GN","JKCEM","ECJPILFMNOBHAGD","IPGDALHNFB","BCDNIMEAJGPOHLFK","OJM","IPA","M","KLCMOFEABJPHGNID","PABIG","GIDKMAJP","BMKJHINPAEFGDCOL","AEB","OLKJMHPIBCG","OKIABFCMLDGNE","JKLP","PKIAM","FLAPGKOHMINB","","GPNLKCF","N","EFL","PFBMJLKIAGHDECNO","OJM","JBO","FIKENMCJB","PAHIM","GIHFPCEBMK","LBNHMKJOAFPGICE","L","JKAN","NAIF","KMJL","GIFHCPLMEK","FLCEG","MGC","INAKMEPOFCJDBLHG","LKHJEF","HFMDCLPIN","JLFE","","KDMIN","KEBMP","APL","EGMKHFL","MJ","LGPFK","HFLEO","O","OPLJGFANDEBKCHMI","IFGHKPBLCMEOJ","B","KHMJCALPDGIENOBF","AGDPK","LANHPO","DKJMBHGCOILNPEAF","BG","JCLMF","AFJLHGN","FHLG","HEBOLAMJKFI","ELAOPD","P","JOAEFN","OLF","LF","JPMCD","LO","CEAI","PAGI","KN","LO","CEALOMNIHJ","EFLIBDJC","GLIA","KLDGIBFE","MKJCNBPIHLGOFDEA","GPINBAMOCFLKHDJE","CLFMOJPKEHGIABDN","AEO","CEFH","CIF","JMPLHKA","EKOIFLHBMG","B","NBHJAGDLKMPOEIFC","NALOFDCHKBMJIG","N","NGOIHECFDBPKMLJ","DIGFLAP","ECPFM","AGPN","MJOFLCNDHPGBKEIA","","GNCKBJM","","OIA","M","KLGPHOAJMCDFBENI","HOPADFLEKJNICBMG","GKP","EDFOKM","GHK","GPID","GPDN","GDBE"],"Placements":[[{"Id":71,"V":13,"NV":13,"TB":0},{"Id":74,"V":12,"NV":12,"TB":0},{"Id":69,"V":11,"NV":11,"TB":0},{"Id":75,"V":11,"NV":11,"TB":0},{"Id":79,"V":11,"NV":11,"TB":0},{"Id":76,"V":10,"NV":10,"TB":0},{"Id":70,"V":8,"NV":8,"TB":0},{"Id":80,"V":8,"NV":8,"TB":0},{"Id":65,"V":7,"NV":7,"TB":0},{"Id":73,"V":7,"NV":7,"TB":0},{"Id":78,"V":7,"NV":7,"TB":0},{"Id":77,"V":6,"NV":6,"TB":0},{"Id":66,"V":5,"NV":5,"TB":0},{"Id":67,"V":5,"NV":5,"TB":0},{"Id":68,"V":5,"NV":5,"TB":0},{"Id":72,"V":4,"NV":4,"TB":0}],[{"Id":71,"V":13,"NV":0,"TB":0},{"Id":69,"V":12,"NV":1,"TB":0},{"Id":74,"V":12,"NV":0,"TB":0},{"Id":79,"V":12,"NV":1,"TB":0},{"Id":75,"V":11,"NV":0,"TB":0},{"Id":70,"V":10,"NV":2,"TB":0},{"Id":76,"V":10,"NV":0,"TB":0},{"Id":80,"V":8,"NV":0,"TB":0},{"Id":65,"V":7,"NV":0,"TB":0},{"Id":73,"V":7,"NV":0,"TB":0},{"Id":78,"V":7,"NV":0,"TB":0},{"Id":77,"V":6,"NV":0,"TB":0},{"Id":67,"V":5,"NV":0,"TB":0},{"Id":68,"V":5,"NV":0,"TB":0},{"Id":66,"V":5,"NV":0,"TB":3}],[{"Id":71,"V":14,"NV":1,"TB":0},{"Id":69,"V":12,"NV":0,"TB":0},{"Id":74,"V":12,"NV":0,"TB":0},{"Id":79,"V":12,"NV":0,"TB":0},{"Id":75,"V":11,"NV":0,"TB":0},{"Id":70,"V":10,"NV":0,"TB":0},{"Id":76,"V":10,"NV":0,"TB":0},{"Id":80,"V":8,"NV":0,"TB":0},{"Id":65,"V":7,"NV":0,"TB":0},{"Id":73,"V":7,"NV":0,"TB":0},{"Id":77,"V":7,"NV":1,"TB":0},{"Id":78,"V":7,"NV":0,"TB":0},{"Id":67,"V":6,"NV":1,"TB":0},{"Id":68,"V":5,"NV":0,"TB":0}],[{"Id":71,"V":15,"NV":1,"TB":0},{"Id":75,"V":13,"NV":2,"TB":0},{"Id":69,"V":12,"NV":0,"TB":0},{"Id":74,"V":12,"NV":0,"TB":0},{"Id":79,"V":12,"NV":0,"TB":0},{"Id":70,"V":10,"NV":0,"TB":0},{"Id":76,"V":10,"NV":0,"TB":0},{"Id":73,"V":9,"NV":2,"TB":0},{"Id":80,"V":8,"NV":0,"TB":0},{"Id":65,"V":7,"NV":0,"TB":0},{"Id":77,"V":7,"NV":0,"TB":0},{"Id":78,"V":7,"NV":0,"TB":0},{"Id":67,"V":6,"NV":0,"TB":0}],[{"Id":69,"V":15,"NV":3,"TB":0},{"Id":71,"V":15,"NV":0,"TB":0},{"Id":75,"V":13,"NV":0,"TB":0},{"Id":74,"V":12,"NV":0,"TB":0},{"Id":79,"V":12,"NV":0,"TB":0},{"Id":76,"V":11,"NV":1,"TB":0},{"Id":70,"V":10,"NV":0,"TB":0},{"Id":73,"V":10,"NV":1,"TB":0},{"Id":78,"V":8,"NV":1,"TB":0},{"Id":80,"V":8,"NV":0,"TB":0},{"Id":77,"V":7,"NV":0,"TB":0},{"Id":65,"V":7,"NV":0,"TB":2}],[{"Id":69,"V":17,"NV":2,"TB":0},{"Id":71,"V":17,"NV":2,"TB":0},{"Id":75,"V":13,"NV":0,"TB":0},{"Id":74,"V":12,"NV":0,"TB":0},{"Id":79,"V":12,"NV":0,"TB":0},{"Id":70,"V":11,"NV":1,"TB":0},{"Id":73,"V":11,"NV":1,"TB":0},{"Id":76,"V":11,"NV":0,"TB":0},{"Id":80,"V":9,"NV":1,"TB":0},{"Id":78,"V":8,"NV":0,"TB":0},{"Id":77,"V":7,"NV":0,"TB":0}],[{"Id":71,"V":18,"NV":1,"TB":0},{"Id":69,"V":17,"NV":0,"TB":0},{"Id":75,"V":15,"NV":2,"TB":0},{"Id":74,"V":14,"NV":2,"TB":0},{"Id":79,"V":12,"NV":0,"TB":0},{"Id":70,"V":11,"NV":0,"TB":0},{"Id":73,"V":11,"NV":0,"TB":0},{"Id":76,"V":11,"NV":0,"TB":0},{"Id":80,"V":9,"NV":0,"TB":0},{"Id":78,"V":8,"NV":0,"TB":0}],[{"Id":71,"V":19,"NV":1,"TB":0},{"Id":69,"V":17,"NV":0,"TB":0},{"Id":74,"V":15,"NV":1,"TB":0},{"Id":75,"V":15,"NV":0,"TB":0},{"Id":73,"V":13,"NV":2,"TB":0},{"Id":79,"V":13,"NV":1,"TB":0},{"Id":76,"V":12,"NV":1,"TB":0},{"Id":70,"V":11,"NV":0,"TB":0},{"Id":80,"V":9,"NV":0,"TB":0}],[{"Id":71,"V":21,"NV":2,"TB":0},{"Id":69,"V":17,"NV":0,"TB":0},{"Id":75,"V":17,"NV":2,"TB":0},{"Id":73,"V":15,"NV":2,"TB":0},{"Id":74,"V":15,"NV":0,"TB":0},{"Id":76,"V":13,"NV":1,"TB":0},{"Id":79,"V":13,"NV":0,"TB":0},{"Id":70,"V":12,"NV":1,"TB":0}],[{"Id":71,"V":22,"NV":1,"TB":0},{"Id":76,"V":19,"NV":6,"TB":0},{"Id":69,"V":17,"NV":0,"TB":0},{"Id":73,"V":17,"NV":2,"TB":0},{"Id":74,"V":17,"NV":2,"TB":0},{"Id":75,"V":17,"NV":0,"TB":0},{"Id":79,"V":13,"NV":0,"TB":0}],[{"Id":71,"V":23,"NV":1,"TB":0},{"Id":76,"V":23,"NV":4,"TB":0},{"Id":74,"V":20,"NV":3,"TB":0},{"Id":75,"V":19,"NV":2,"TB":0},{"Id":73,"V":18,"NV":1,"TB":0},{"Id":69,"V":17,"NV":0,"TB":0}],[{"Id":76,"V":30,"NV":7,"TB":0},{"Id":71,"V":24,"NV":1,"TB":0},{"Id":75,"V":22,"NV":3,"TB":0},{"Id":74,"V":21,"NV":1,"TB":0},{"Id":73,"V":19,"NV":1,"TB":0}],[{"Id":76,"V":33,"NV":3,"TB":0},{"Id":71,"V":28,"NV":4,"TB":0},{"Id":75,"V":25,"NV":3,"TB":0},{"Id":74,"V":22,"NV":1,"TB":0}],[{"Id":76,"V":40,"NV":7,"TB":0},{"Id":71,"V":31,"NV":3,"TB":0},{"Id":75,"V":30,"NV":5,"TB":0}],[{"Id":76,"V":54,"NV":14,"TB":0},{"Id":71,"V":34,"NV":3,"TB":0}],[{"Id":76,"V":70,"NV":16,"TB":0}]],"Expires":1517778771,"SecondsLeft":0}