{"Mtype":"results","Title":"Round 1","PollStarted":"2018-06-17T20:39:02.714569657Z","PollDuration":300000000000,"Options":{"65":"Flora \u0026 Trace meet the main character of Half-Kind","66":"Clovis finds mysterious chest bindings. They lead to the same area as Adelaide's.","67":"Natani \u0026 Zen as pirates, digging up buried treasure","68":"Flora, Trace, Keith \u0026 Natani in a sauna, casually discussing interspecies relationships.","69":"Maddie finds Zen \u0026 Kat together in bed.","70":"Red \u0026 Sythe dressed as Han Solo \u0026 Chewbacca. Except that Red is Chewie","71":"Daniels meeting Therie's parents!","72":"Mean Girls Ambush Keith in the Shower for Sexy Research Purposes.","73":"Adira Dakimakura","74":"Everyone currently in trace manor in the comic having a Clue-esque murder mystery","75":"The fox father \u0026 son from \"Gone Fishing\" eat the fish they caught together.","76":"Trace attempts to make breakfast in bed for flora.","77":"Saria teaching Young Rose to paint","78":"Fireteam Twokinds-Trace, Red, Human Raine, \u0026 Maren in Halo Spartan Armour.","79":"Plush Flora","80":"Busty Reni II: Western Basitin Tribal Edition. ","81":"Teentani \u0026 Teenkeith on a date!"},"ExpectedBallots":137,"CountedBallots":137,"Ballots":["DQPCOHIG","GPHBOFLJE","IGADPLNBEQMCOFHJK","PGBC","O","ICNJAFM","QDGOLEMCBNA","OCLKHGBJNEDIMFPAQ","POLGCHDEMQNKBJFIA","A","GEKLAH","EBDG","QODK","CJKODBGHLFMIQEPNA","EKJO","EILHJQG","GHIKMJ","AIKG","GEDN","EDLGH","PMGDLQFJCEOKBIHNA","ANHLFDGOPCIBMEQJK","IMOPGHLNQCFKBADJE","CKAM","BGHOADIJPL","KGMQID","FIKBPJNA","IDFQGBAPLJHMCONE","OGDLKQMBH","GEDMHP","MICFLGKHOBADNPJEQ","QCM","IPGHNDKBEMLQCOFJA","GHEQJ","AHLGEMDOQNCJIBPKF","I","DQMEGHCJLPA","OPG","GN","JNGQDM","IG","GJLHDIPME","CHDQJBIFP","QODC","GCBPJNFEMHQKOAILD","DGNLHQIMBJAEPFOKC","IFBKCJ","GLJDOEM","BHDEPIGMQKLJOCFAN","HBEQKIAJGCPOMLFDN","HNEBODFGJCAQ","E","PJOCIHMLFBNKGAQD","MQC","ECHDQJKFPBM","MI","OJDLB","BDOHEGAC","I","LQOAG","EQHGDIJA","FI","FJAMDNKG","DCILQOEJGMFKBPAHN","QIFEBMKDJOHNPLGC","GIP","ACBJEFGONIDMQP","FKOCJI","LIOCKA","PGEDHQM","KGFAJO","GEHQLIMD","DLOQAGH","HOGBQIL","GQFLEDCJ","GH","DHQGLCJMFBAOPIKEN","DP","GHEMDQBJNI","IMG","GHELBDNPA","GHEQAPDKJ","MEG","IMGE","QJDILPHEOFCMGKBNA","IMGE","MBC","OKAIDPQMCHJEFGLNB","BNAQEFGHJP","GJFKQCPHBOEIDALMN","EMBHJGLPC","MCFKN","JEA","E","EGNJQPKAH","CE","IECA","QCEHJOFDPLGIMANKB","GDE","QMIAGOPKLHDCEBJNF","IG","GLJDMQEAC","PICFKJOBH","BAEOJQDPKNCIFHLGM","FIM","MGBDLEQJF","ADLNOKGMEF","HDGB","JQ","","QHIEMD","DEHJOQLPMA","ADJQEHKPGCL","MBQPOJCLEFN","OEGML","GQL","LJK","GHAOLJFQD","GL","FILQMH","P","GADHJQLEMIKOCPBFN","PGDEA","BGHIOMADLFJ","EJGQ","KM","QLEF","EHN","MFJCBKDOALPHINGQE","NGOEDQBJ","DAQEGLBCHOMKNFIPJ","KHGDMNPILQCFBEO","","JEAB","QEDMOGK","EHC","EQODLCH"],"Placements":[[{"Id":71,"V":24,"NV":24,"TB":0},{"Id":69,"V":14,"NV":14,"TB":0},{"Id":73,"V":14,"NV":14,"TB":0},{"Id":81,"V":11,"NV":11,"TB":0},{"Id":68,"V":9,"NV":9,"TB":0},{"Id":77,"V":9,"NV":9,"TB":0},{"Id":80,"V":8,"NV":8,"TB":0},{"Id":65,"V":7,"NV":7,"TB":0},{"Id":79,"V":7,"NV":7,"TB":0},{"Id":66,"V":6,"NV":6,"TB":0},{"Id":70,"V":6,"NV":6,"TB":0},{"Id":67,"V":4,"NV":4,"TB":0},{"Id":72,"V":4,"NV":4,"TB":0},{"Id":74,"V":4,"NV":4,"TB":0},{"Id":75,"V":4,"NV":4,"TB":0},{"Id":76,"V":3,"NV":3,"TB":0},{"Id":78,"V":1,"NV":1,"TB":0}],[{"Id":71,"V":25,"NV":1,"TB":0},{"Id":69,"V":14,"NV":0,"TB":0},{"Id":73,"V":14,"NV":0,"TB":0},{"Id":81,"V":11,"NV":0,"TB":0},{"Id":68,"V":9,"NV":0,"TB":0},{"Id":77,"V":9,"NV":0,"TB":0},{"Id":80,"V":8,"NV":0,"TB":0},{"Id":65,"V":7,"NV":0,"TB":0},{"Id":79,"V":7,"NV":0,"TB":0},{"Id":66,"V":6,"NV":0,"TB":0},{"Id":70,"V":6,"NV":0,"TB":0},{"Id":67,"V":4,"NV":0,"TB":0},{"Id":72,"V":4,"NV":0,"TB":0},{"Id":74,"V":4,"NV":0,"TB":0},{"Id":75,"V":4,"NV":0,"TB":0},{"Id":76,"V":3,"NV":0,"TB":0}],[{"Id":71,"V":25,"NV":0,"TB":0},{"Id":73,"V":15,"NV":1,"TB":0},{"Id":69,"V":14,"NV":0,"TB":0},{"Id":81,"V":12,"NV":1,"TB":0},{"Id":68,"V":9,"NV":0,"TB":0},{"Id":77,"V":9,"NV":0,"TB":0},{"Id":80,"V":8,"NV":0,"TB":0},{"Id":65,"V":7,"NV":0,"TB":0},{"Id":79,"V":7,"NV":0,"TB":0},{"Id":66,"V":6,"NV":0,"TB":0},{"Id":70,"V":6,"NV":0,"TB":0},{"Id":74,"V":5,"NV":1,"TB":0},{"Id":67,"V":4,"NV":0,"TB":0},{"Id":72,"V":4,"NV":0,"TB":0},{"Id":75,"V":4,"NV":0,"TB":1}],[{"Id":71,"V":27,"NV":2,"TB":0},{"Id":73,"V":15,"NV":0,"TB":0},{"Id":69,"V":14,"NV":0,"TB":0},{"Id":81,"V":12,"NV":0,"TB":0},{"Id":77,"V":10,"NV":1,"TB":0},{"Id":68,"V":9,"NV":0,"TB":0},{"Id":80,"V":8,"NV":0,"TB":0},{"Id":65,"V":7,"NV":0,"TB":0},{"Id":79,"V":7,"NV":0,"TB":0},{"Id":66,"V":6,"NV":0,"TB":0},{"Id":70,"V":6,"NV":0,"TB":0},{"Id":72,"V":5,"NV":1,"TB":0},{"Id":74,"V":5,"NV":0,"TB":0},{"Id":67,"V":4,"NV":0,"TB":0}],[{"Id":71,"V":27,"NV":0,"TB":0},{"Id":69,"V":15,"NV":1,"TB":0},{"Id":73,"V":15,"NV":0,"TB":0},{"Id":81,"V":12,"NV":0,"TB":0},{"Id":77,"V":10,"NV":0,"TB":0},{"Id":68,"V":9,"NV":0,"TB":0},{"Id":65,"V":8,"NV":1,"TB":0},{"Id":80,"V":8,"NV":0,"TB":0},{"Id":79,"V":7,"NV":0,"TB":0},{"Id":70,"V":6,"NV":0,"TB":0},{"Id":72,"V":6,"NV":1,"TB":0},{"Id":74,"V":6,"NV":1,"TB":0},{"Id":66,"V":6,"NV":0,"TB":4}],[{"Id":71,"V":29,"NV":2,"TB":0},{"Id":69,"V":15,"NV":0,"TB":0},{"Id":73,"V":15,"NV":0,"TB":0},{"Id":81,"V":12,"NV":0,"TB":0},{"Id":65,"V":10,"NV":2,"TB":0},{"Id":68,"V":10,"NV":1,"TB":0},{"Id":77,"V":10,"NV":0,"TB":0},{"Id":80,"V":8,"NV":0,"TB":0},{"Id":72,"V":7,"NV":1,"TB":0},{"Id":79,"V":7,"NV":0,"TB":0},{"Id":74,"V":6,"NV":0,"TB":0},{"Id":70,"V":6,"NV":0,"TB":2}],[{"Id":71,"V":29,"NV":0,"TB":0},{"Id":73,"V":19,"NV":4,"TB":0},{"Id":69,"V":15,"NV":0,"TB":0},{"Id":81,"V":12,"NV":0,"TB":0},{"Id":65,"V":10,"NV":0,"TB":0},{"Id":68,"V":10,"NV":0,"TB":0},{"Id":77,"V":10,"NV":0,"TB":0},{"Id":79,"V":8,"NV":1,"TB":0},{"Id":80,"V":8,"NV":0,"TB":0},{"Id":74,"V":7,"NV":1,"TB":0},{"Id":72,"V":7,"NV":0,"TB":2}],[{"Id":71,"V":30,"NV":1,"TB":0},{"Id":73,"V":19,"NV":0,"TB":0},{"Id":69,"V":17,"NV":2,"TB":0},{"Id":68,"V":13,"NV":3,"TB":0},{"Id":81,"V":12,"NV":0,"TB":0},{"Id":65,"V":10,"NV":0,"TB":0},{"Id":77,"V":10,"NV":0,"TB":0},{"Id":79,"V":9,"NV":1,"TB":0},{"Id":80,"V":8,"NV":0,"TB":0},{"Id":74,"V":7,"NV":0,"TB":0}],[{"Id":71,"V":31,"NV":1,"TB":0},{"Id":69,"V":19,"NV":2,"TB":0},{"Id":73,"V":19,"NV":0,"TB":0},{"Id":68,"V":13,"NV":0,"TB":0},{"Id":81,"V":13,"NV":1,"TB":0},{"Id":65,"V":11,"NV":1,"TB":0},{"Id":77,"V":10,"NV":0,"TB":0},{"Id":79,"V":10,"NV":1,"TB":0},{"Id":80,"V":8,"NV":0,"TB":0}],[{"Id":71,"V":34,"NV":3,"TB":0},{"Id":73,"V":20,"NV":1,"TB":0},{"Id":69,"V":19,"NV":0,"TB":0},{"Id":68,"V":13,"NV":0,"TB":0},{"Id":81,"V":13,"NV":0,"TB":0},{"Id":79,"V":12,"NV":2,"TB":0},{"Id":65,"V":11,"NV":0,"TB":0},{"Id":77,"V":11,"NV":1,"TB":1}],[{"Id":71,"V":36,"NV":2,"TB":0},{"Id":73,"V":22,"NV":2,"TB":0},{"Id":69,"V":20,"NV":1,"TB":0},{"Id":81,"V":15,"NV":2,"TB":0},{"Id":68,"V":14,"NV":1,"TB":0},{"Id":79,"V":12,"NV":0,"TB":0},{"Id":65,"V":11,"NV":0,"TB":0}],[{"Id":71,"V":37,"NV":1,"TB":0},{"Id":73,"V":23,"NV":1,"TB":0},{"Id":69,"V":22,"NV":2,"TB":0},{"Id":68,"V":18,"NV":4,"TB":0},{"Id":81,"V":16,"NV":1,"TB":0},{"Id":79,"V":12,"NV":0,"TB":0}],[{"Id":71,"V":42,"NV":5,"TB":0},{"Id":73,"V":26,"NV":3,"TB":0},{"Id":69,"V":23,"NV":1,"TB":0},{"Id":68,"V":20,"NV":2,"TB":0},{"Id":81,"V":16,"NV":0,"TB":0}],[{"Id":71,"V":43,"NV":1,"TB":0},{"Id":73,"V":29,"NV":3,"TB":0},{"Id":69,"V":28,"NV":5,"TB":0},{"Id":68,"V":24,"NV":4,"TB":0}],[{"Id":71,"V":52,"NV":9,"TB":0},{"Id":73,"V":34,"NV":5,"TB":0},{"Id":69,"V":34,"NV":6,"TB":2}],[{"Id":71,"V":69,"NV":17,"TB":0},{"Id":73,"V":38,"NV":4,"TB":0}],[{"Id":71,"V":92,"NV":23,"TB":0}]],"Expires":1529268543,"SecondsLeft":0}