{"Mtype":"results","Title":"Round Later!","PollStarted":"2018-03-05T00:51:37.134059316Z","PollDuration":300000000000,"Options":{"65":"Raine as Elsa from frozen","66":"Clovis x Keith in a hot tub.","67":"Reni accidentally sets off half of her 'neat magic stuff' collection in front of Kei","68":"Nora turned Keiren into dragon. Reni conflicted. She doesn't approve but dragon Keiren is cute.","69":"Wrinry's first time flying after getting her wings back.","70":"Euchre holding baby Raine.","71":"Special massage Redux","72":"[Dust: An Elysian Tail] Dust accidentally turned into a Nimbat by Fidget. ","73":"Natani crying over Keith who has a plastic sword under his armpit \u0026 ketchup, complete with cheesy acting.","74":"Saria's ghost comforting Rose shortly after Saria's death","75":"Alaric \u0026 Madelyn are fencing/sparring. Madelyn is impossible to land a hit on.","76":"Mike \u0026 Evals trying to relax at the mansion unaccustomed to being guests.","77":"Nibbly rocking out to some metal. \\m/","78":"The Female Main Character from the Halfkind comic Returns!","79":"Karen flying on Reni","80":"Wolf Red’s primal instincts kick in \u0026 he chases his tail"},"ExpectedBallots":110,"CountedBallots":110,"Ballots":["AM","DHEPNCI","NEGMCD","MKBO","IL","KCHLG","","K","FK","ABIGDPFOLMJEHCKN","LDOGPBEIMFK","IJKMN","BHL","MPLN","FKCD","LCMIP","KBGDCI","","NBHDP","IBL","IGAB","IGCOF","","JCOF","AFO","NIGEK","MGD","FPNKILHCOMDEBJGA","BDNCOJFPK","HCNAOGIPJMBLEFDK","K","IBDL","D","MDNJAIE","IOLHGCDBK","HI","NDHPJFKEABLCMOIG","KODGEIMLP","DKOMPLJ","LMBKODNJIPGEHACF","M","OHKJLD","NDPIOEBGJMACKLHF","NOGKLCIJFBDEPHAM","BGLJAF","BDCIGO","GLPCONIDJFB","CF","DFOLE","GIOLAK","I","AGBJPOLCHID","ICGMDNP","IL","E","GPBILFNJHEMCDKAO","BM","BECDNGO","HMKIBNE","HIDAK","KIMNG","DNKCPAGELH","NDALI","JGBAHNIMP","CDGHJFKO","FLKMNOAP","FNK","HAIKFPLM","MKENL","INFLCGHPKBJOEDAM","LPDCOMKGI","ILBKA","GCDPOI","PDKO","IFJPMGONDK","MDCIJ","IDCPAJBNFKOGLEMH","LFI","BMLAGNFJKCEHPIOD","FMJ","BAGCD","LFJDCIK","J","HFPKNDCIJ","GFINLKMCJBPEHAOD","BLPKNEGICOFH","IBKGFHJPL","","OCPMIGJKL","OPIC","CDPOIL","AMOGLKIF","ILPNKC","B","IHMCP","A","CNFEDLJ","FIPJOAGNCD","NHMIKGBPEFJCOLDA","EMDPCNOFLKGJ","BHMCIJELAKG","I","HJPFDAMEKIBGLNCO","ILP","GANF","IJLCKDPBGNFOME","IJLB","HNDIC","F","JBGFPCD"],"Placements":[[{"Id":73,"V":21,"NV":21,"TB":0},{"Id":66,"V":11,"NV":11,"TB":0},{"Id":70,"V":8,"NV":8,"TB":0},{"Id":72,"V":8,"NV":8,"TB":0},{"Id":78,"V":8,"NV":8,"TB":0},{"Id":77,"V":7,"NV":7,"TB":0},{"Id":65,"V":6,"NV":6,"TB":0},{"Id":71,"V":6,"NV":6,"TB":0},{"Id":75,"V":6,"NV":6,"TB":0},{"Id":76,"V":6,"NV":6,"TB":0},{"Id":68,"V":5,"NV":5,"TB":0},{"Id":67,"V":4,"NV":4,"TB":0},{"Id":74,"V":4,"NV":4,"TB":0},{"Id":79,"V":3,"NV":3,"TB":0},{"Id":69,"V":2,"NV":2,"TB":0},{"Id":80,"V":1,"NV":1,"TB":0}],[{"Id":73,"V":21,"NV":0,"TB":0},{"Id":66,"V":11,"NV":0,"TB":0},{"Id":70,"V":8,"NV":0,"TB":0},{"Id":72,"V":8,"NV":0,"TB":0},{"Id":78,"V":8,"NV":0,"TB":0},{"Id":77,"V":7,"NV":0,"TB":0},{"Id":65,"V":6,"NV":0,"TB":0},{"Id":68,"V":6,"NV":1,"TB":0},{"Id":71,"V":6,"NV":0,"TB":0},{"Id":75,"V":6,"NV":0,"TB":0},{"Id":76,"V":6,"NV":0,"TB":0},{"Id":67,"V":4,"NV":0,"TB":0},{"Id":74,"V":4,"NV":0,"TB":0},{"Id":79,"V":3,"NV":0,"TB":0},{"Id":69,"V":2,"NV":0,"TB":0}],[{"Id":73,"V":21,"NV":0,"TB":0},{"Id":66,"V":11,"NV":0,"TB":0},{"Id":70,"V":8,"NV":0,"TB":0},{"Id":72,"V":8,"NV":0,"TB":0},{"Id":77,"V":8,"NV":1,"TB":0},{"Id":78,"V":8,"NV":0,"TB":0},{"Id":65,"V":6,"NV":0,"TB":0},{"Id":68,"V":6,"NV":0,"TB":0},{"Id":71,"V":6,"NV":0,"TB":0},{"Id":75,"V":6,"NV":0,"TB":0},{"Id":76,"V":6,"NV":0,"TB":0},{"Id":67,"V":4,"NV":0,"TB":0},{"Id":74,"V":4,"NV":0,"TB":0},{"Id":79,"V":3,"NV":0,"TB":0}],[{"Id":73,"V":22,"NV":1,"TB":0},{"Id":66,"V":11,"NV":0,"TB":0},{"Id":72,"V":9,"NV":1,"TB":0},{"Id":70,"V":8,"NV":0,"TB":0},{"Id":77,"V":8,"NV":0,"TB":0},{"Id":78,"V":8,"NV":0,"TB":0},{"Id":65,"V":6,"NV":0,"TB":0},{"Id":68,"V":6,"NV":0,"TB":0},{"Id":71,"V":6,"NV":0,"TB":0},{"Id":75,"V":6,"NV":0,"TB":0},{"Id":76,"V":6,"NV":0,"TB":0},{"Id":67,"V":5,"NV":1,"TB":0},{"Id":74,"V":4,"NV":0,"TB":0}],[{"Id":73,"V":22,"NV":0,"TB":0},{"Id":66,"V":12,"NV":1,"TB":0},{"Id":72,"V":9,"NV":0,"TB":0},{"Id":70,"V":8,"NV":0,"TB":0},{"Id":77,"V":8,"NV":0,"TB":0},{"Id":78,"V":8,"NV":0,"TB":0},{"Id":71,"V":7,"NV":1,"TB":0},{"Id":67,"V":6,"NV":1,"TB":0},{"Id":68,"V":6,"NV":0,"TB":0},{"Id":75,"V":6,"NV":0,"TB":0},{"Id":76,"V":6,"NV":0,"TB":0},{"Id":65,"V":6,"NV":0,"TB":5}],[{"Id":73,"V":22,"NV":0,"TB":0},{"Id":66,"V":13,"NV":1,"TB":0},{"Id":77,"V":10,"NV":2,"TB":0},{"Id":70,"V":9,"NV":1,"TB":0},{"Id":72,"V":9,"NV":0,"TB":0},{"Id":71,"V":8,"NV":1,"TB":0},{"Id":78,"V":8,"NV":0,"TB":0},{"Id":67,"V":6,"NV":0,"TB":0},{"Id":68,"V":6,"NV":0,"TB":0},{"Id":76,"V":6,"NV":0,"TB":0},{"Id":75,"V":6,"NV":0,"TB":2}],[{"Id":73,"V":23,"NV":1,"TB":0},{"Id":66,"V":14,"NV":1,"TB":0},{"Id":77,"V":10,"NV":0,"TB":0},{"Id":70,"V":9,"NV":0,"TB":0},{"Id":72,"V":9,"NV":0,"TB":0},{"Id":71,"V":8,"NV":0,"TB":0},{"Id":78,"V":8,"NV":0,"TB":0},{"Id":67,"V":7,"NV":1,"TB":0},{"Id":68,"V":7,"NV":1,"TB":0},{"Id":76,"V":6,"NV":0,"TB":0}],[{"Id":73,"V":23,"NV":0,"TB":0},{"Id":66,"V":14,"NV":0,"TB":0},{"Id":70,"V":11,"NV":2,"TB":0},{"Id":77,"V":11,"NV":1,"TB":0},{"Id":68,"V":9,"NV":2,"TB":0},{"Id":72,"V":9,"NV":0,"TB":0},{"Id":71,"V":8,"NV":0,"TB":0},{"Id":78,"V":8,"NV":0,"TB":0},{"Id":67,"V":8,"NV":1,"TB":3}],[{"Id":73,"V":23,"NV":0,"TB":0},{"Id":66,"V":14,"NV":0,"TB":0},{"Id":70,"V":13,"NV":2,"TB":0},{"Id":77,"V":13,"NV":2,"TB":0},{"Id":68,"V":11,"NV":2,"TB":0},{"Id":72,"V":10,"NV":1,"TB":0},{"Id":78,"V":9,"NV":1,"TB":0},{"Id":71,"V":8,"NV":0,"TB":0}],[{"Id":73,"V":24,"NV":1,"TB":0},{"Id":66,"V":17,"NV":3,"TB":0},{"Id":70,"V":14,"NV":1,"TB":0},{"Id":77,"V":13,"NV":0,"TB":0},{"Id":68,"V":12,"NV":1,"TB":0},{"Id":78,"V":11,"NV":2,"TB":0},{"Id":72,"V":10,"NV":0,"TB":0}],[{"Id":73,"V":27,"NV":3,"TB":0},{"Id":66,"V":17,"NV":0,"TB":0},{"Id":70,"V":16,"NV":2,"TB":0},{"Id":77,"V":14,"NV":1,"TB":0},{"Id":68,"V":13,"NV":1,"TB":0},{"Id":78,"V":13,"NV":2,"TB":1}],[{"Id":73,"V":31,"NV":4,"TB":0},{"Id":66,"V":18,"NV":1,"TB":0},{"Id":70,"V":18,"NV":2,"TB":0},{"Id":68,"V":17,"NV":4,"TB":0},{"Id":77,"V":16,"NV":2,"TB":0}],[{"Id":73,"V":36,"NV":5,"TB":0},{"Id":68,"V":22,"NV":5,"TB":0},{"Id":66,"V":20,"NV":2,"TB":0},{"Id":70,"V":18,"NV":0,"TB":0}],[{"Id":73,"V":40,"NV":4,"TB":0},{"Id":68,"V":27,"NV":5,"TB":0},{"Id":66,"V":20,"NV":0,"TB":0}],[{"Id":73,"V":47,"NV":7,"TB":0},{"Id":68,"V":35,"NV":8,"TB":0}],[{"Id":73,"V":65,"NV":18,"TB":0}]],"Expires":1520211698,"SecondsLeft":0}