{"Mtype":"results","Title":"Round 1","PollStarted":"2018-12-09T21:05:38.320427102Z","PollDuration":300000000000,"Options":{"65":"\"Kingsman Kathrin\" Kathrin looking suave wearing the signature Kingsman suit \u0026 glasses w/ umbrella","66":"Flora \u0026 Trace Christmas shopping in Edinmire for baby clothes!","67":"All Flora wants for Christmas is Trace. The couple cuddling by the fire of the estate w/ Christmas decor all around.","68":"Karen giving 'Michelle' a Christmas present, something suitable for a 'foxy girlfriend'. Follow up to 'Evals' Girlfriend'.","69":"Alaric returns \u0026 sets his sights on Keith (Keithette?) in the latest edition of the NEW Twokinds by Eric!","70":"Trace \u0026 Flora Vegas-syle Magic Show","71":"Santabaster’s Revenge: Alabaster, still dressed in his Santa costume, takes revenge by stealing Christmas. ","72":"Zen and Natani as Vergil and Dante (respectively) from Devil May Cry 3","73":"Twokinds x Castlevania Crossover","74":"Kat in a Trooper uniform from Starship Troopers, standing at attention \u0026 saying \"I'm doing my part!\"","75":"Krystal in full Assault gear ready for combat.","76":"Karen likes what she sees in Magpie's shop. Maren doesn't approve.","77":"Another World War II pin up. Natani as a sexy greasy tank mechanic.","78":"Twokinds characters dressed up as fighters from Smash Bros Ultimate.","79":"Keith as Father Frost \u0026 Laura as Snow Maiden.","80":"Flora fights her feline urge to climb the large Christmas tree set up in one of the mansion's big rooms.","81":"Trace as The Fool (Tarot #0)","82":"Adira helps Maeve reach the top of the tavern's Christmas tree to decorate it."},"ExpectedBallots":130,"CountedBallots":129,"Ballots":["H","EDK","CPHFMRIQLDOJ","RIBNCG","BGPHNCDE","PIMACDE","EKL","ACFP","NMAKLIOFPCHQEGJDRB","AJCDNBMPFEIRLQHGKO","DEMKAQRBJ","RDAMLPBGCKE","FCPOLD","EPQM","RPBLCAKF","CNRPQLJHAI","ECMG","BLP","FDRQML","EARQLPBMOC","CLAEPDFMRJHGBOQINK","JKNA","RPDEL","PARCELMGDF","LK","DLBEMKPRCAFQGNOJIH","NDCEMAFJIQHBPGOKLR","MGPL","MRKJL","NQFBC","DEMBLN","BPQCMO","RH","JHMKLG","PCBKLFIORQDGNHJEAM","MJNKEOGDCLPAQFIRHB","MCB","GBPMCERODLFQ","DEMN","DP","BNCPEFD","KNI","ADCBMPGQKOREFNLJHI","DJA","HPQGFMD","EDJRPMCFNIGABLHOQK","APCB","PRCLO","FEDKLOJRM","DGFLENMIPK","","BPCFN","MC","","PBRCM","BRICQHM","BOFCRLPM","RMDQ","EQLDCPRGJB","BIRKDCP","RAJEM","COPAMDR","MKCRPAILEJQNOFGHDB","QOFPREKCLBI","KQGPB","MREKAD","EOHMFCLJRKBAINQGDP","AEPRDHJMCKO","J","RMQG","NMEGRBDOLA","RLBFM","LDM","CPDRLF","ODQHLNK","JKMAP","RDM","GPRCOLNMQ","RDKLC","NMGADFQIK","","CKBAPR","RCKP","NMDGLOHAJBPQKCIFER","HRMK","JA","AR","HPMLC","CPREB","RD","LD","JMQKRB","D","LPD","RD","DMELBHCNP","MPIBEJHGFLRDOCQAKN","PBCNFR","COKP","PB","PRCLMDBOH","MPHDBCE","MP","LDP","MNG","EGMN","RPCDB","DLFICJ","DRPMK","MECBQRP","CRPAKB","MJHIDKPBQRNELCGOAF","LQMDECJPRGFA","CBPFR","ON","NPMBFJOEGLRC","LPCBFDAOKRM","","BKFCDP","NDECRBOPMAGIKF","RPJC","NMQPH","OLG","","BPC","IMPKHFJR","NCIBMAOPRFGLKJEQHD","FBQHNRPCODELIMKJAG","MNCFJB"],"Placements":[[{"Id":82,"V":16,"NV":16,"TB":0},{"Id":77,"V":14,"NV":14,"TB":0},{"Id":68,"V":11,"NV":11,"TB":0},{"Id":66,"V":10,"NV":10,"TB":0},{"Id":67,"V":10,"NV":10,"TB":0},{"Id":78,"V":10,"NV":10,"TB":0},{"Id":69,"V":9,"NV":9,"TB":0},{"Id":80,"V":8,"NV":8,"TB":0},{"Id":76,"V":7,"NV":7,"TB":0},{"Id":65,"V":6,"NV":6,"TB":0},{"Id":74,"V":6,"NV":6,"TB":0},{"Id":70,"V":4,"NV":4,"TB":0},{"Id":72,"V":4,"NV":4,"TB":0},{"Id":79,"V":3,"NV":3,"TB":0},{"Id":71,"V":2,"NV":2,"TB":0},{"Id":75,"V":2,"NV":2,"TB":0},{"Id":81,"V":1,"NV":1,"TB":0},{"Id":73,"V":1,"NV":1,"TB":2}],[{"Id":82,"V":16,"NV":0,"TB":0},{"Id":77,"V":15,"NV":1,"TB":0},{"Id":68,"V":11,"NV":0,"TB":0},{"Id":66,"V":10,"NV":0,"TB":0},{"Id":67,"V":10,"NV":0,"TB":0},{"Id":78,"V":10,"NV":0,"TB":0},{"Id":69,"V":9,"NV":0,"TB":0},{"Id":80,"V":8,"NV":0,"TB":0},{"Id":76,"V":7,"NV":0,"TB":0},{"Id":65,"V":6,"NV":0,"TB":0},{"Id":74,"V":6,"NV":0,"TB":0},{"Id":70,"V":4,"NV":0,"TB":0},{"Id":72,"V":4,"NV":0,"TB":0},{"Id":79,"V":3,"NV":0,"TB":0},{"Id":71,"V":2,"NV":0,"TB":0},{"Id":75,"V":2,"NV":0,"TB":0},{"Id":81,"V":1,"NV":0,"TB":0}],[{"Id":82,"V":16,"NV":0,"TB":0},{"Id":77,"V":15,"NV":0,"TB":0},{"Id":68,"V":11,"NV":0,"TB":0},{"Id":66,"V":10,"NV":0,"TB":0},{"Id":67,"V":10,"NV":0,"TB":0},{"Id":78,"V":10,"NV":0,"TB":0},{"Id":69,"V":9,"NV":0,"TB":0},{"Id":80,"V":8,"NV":0,"TB":0},{"Id":76,"V":7,"NV":0,"TB":0},{"Id":65,"V":6,"NV":0,"TB":0},{"Id":74,"V":6,"NV":0,"TB":0},{"Id":70,"V":4,"NV":0,"TB":0},{"Id":72,"V":4,"NV":0,"TB":0},{"Id":79,"V":4,"NV":1,"TB":0},{"Id":71,"V":2,"NV":0,"TB":0},{"Id":75,"V":2,"NV":0,"TB":1}],[{"Id":82,"V":16,"NV":0,"TB":0},{"Id":77,"V":15,"NV":0,"TB":0},{"Id":68,"V":11,"NV":0,"TB":0},{"Id":78,"V":11,"NV":1,"TB":0},{"Id":66,"V":10,"NV":0,"TB":0},{"Id":67,"V":10,"NV":0,"TB":0},{"Id":69,"V":9,"NV":0,"TB":0},{"Id":80,"V":8,"NV":0,"TB":0},{"Id":76,"V":7,"NV":0,"TB":0},{"Id":65,"V":6,"NV":0,"TB":0},{"Id":74,"V":6,"NV":0,"TB":0},{"Id":70,"V":4,"NV":0,"TB":0},{"Id":72,"V":4,"NV":0,"TB":0},{"Id":79,"V":4,"NV":0,"TB":0},{"Id":71,"V":3,"NV":1,"TB":0}],[{"Id":82,"V":16,"NV":0,"TB":0},{"Id":77,"V":15,"NV":0,"TB":0},{"Id":66,"V":11,"NV":1,"TB":0},{"Id":68,"V":11,"NV":0,"TB":0},{"Id":78,"V":11,"NV":0,"TB":0},{"Id":67,"V":10,"NV":0,"TB":0},{"Id":80,"V":10,"NV":2,"TB":0},{"Id":69,"V":9,"NV":0,"TB":0},{"Id":76,"V":7,"NV":0,"TB":0},{"Id":65,"V":6,"NV":0,"TB":0},{"Id":74,"V":6,"NV":0,"TB":0},{"Id":70,"V":4,"NV":0,"TB":0},{"Id":72,"V":4,"NV":0,"TB":0},{"Id":79,"V":4,"NV":0,"TB":1}],[{"Id":82,"V":16,"NV":0,"TB":0},{"Id":77,"V":15,"NV":0,"TB":0},{"Id":68,"V":12,"NV":1,"TB":0},{"Id":78,"V":12,"NV":1,"TB":0},{"Id":66,"V":11,"NV":0,"TB":0},{"Id":67,"V":10,"NV":0,"TB":0},{"Id":80,"V":10,"NV":0,"TB":0},{"Id":69,"V":9,"NV":0,"TB":0},{"Id":76,"V":8,"NV":1,"TB":0},{"Id":65,"V":6,"NV":0,"TB":0},{"Id":74,"V":6,"NV":0,"TB":0},{"Id":70,"V":5,"NV":1,"TB":0},{"Id":72,"V":4,"NV":0,"TB":0}],[{"Id":82,"V":17,"NV":1,"TB":0},{"Id":77,"V":15,"NV":0,"TB":0},{"Id":68,"V":12,"NV":0,"TB":0},{"Id":78,"V":12,"NV":0,"TB":0},{"Id":80,"V":12,"NV":2,"TB":0},{"Id":66,"V":11,"NV":0,"TB":0},{"Id":67,"V":10,"NV":0,"TB":0},{"Id":69,"V":9,"NV":0,"TB":0},{"Id":76,"V":8,"NV":0,"TB":0},{"Id":65,"V":6,"NV":0,"TB":0},{"Id":74,"V":6,"NV":0,"TB":0},{"Id":70,"V":5,"NV":0,"TB":0}],[{"Id":82,"V":17,"NV":0,"TB":0},{"Id":77,"V":15,"NV":0,"TB":0},{"Id":68,"V":13,"NV":1,"TB":0},{"Id":80,"V":13,"NV":1,"TB":0},{"Id":66,"V":12,"NV":1,"TB":0},{"Id":78,"V":12,"NV":0,"TB":0},{"Id":67,"V":11,"NV":1,"TB":0},{"Id":69,"V":10,"NV":1,"TB":0},{"Id":76,"V":8,"NV":0,"TB":0},{"Id":65,"V":6,"NV":0,"TB":0},{"Id":74,"V":6,"NV":0,"TB":1}],[{"Id":77,"V":18,"NV":3,"TB":0},{"Id":82,"V":17,"NV":0,"TB":0},{"Id":68,"V":13,"NV":0,"TB":0},{"Id":78,"V":13,"NV":1,"TB":0},{"Id":80,"V":13,"NV":0,"TB":0},{"Id":66,"V":12,"NV":0,"TB":0},{"Id":67,"V":11,"NV":0,"TB":0},{"Id":69,"V":10,"NV":0,"TB":0},{"Id":76,"V":8,"NV":0,"TB":0},{"Id":65,"V":7,"NV":1,"TB":0}],[{"Id":77,"V":18,"NV":0,"TB":0},{"Id":82,"V":18,"NV":1,"TB":0},{"Id":68,"V":14,"NV":1,"TB":0},{"Id":80,"V":14,"NV":1,"TB":0},{"Id":67,"V":13,"NV":2,"TB":0},{"Id":78,"V":13,"NV":0,"TB":0},{"Id":66,"V":12,"NV":0,"TB":0},{"Id":69,"V":11,"NV":1,"TB":0},{"Id":76,"V":8,"NV":0,"TB":0}],[{"Id":77,"V":19,"NV":1,"TB":0},{"Id":82,"V":18,"NV":0,"TB":0},{"Id":68,"V":17,"NV":3,"TB":0},{"Id":80,"V":16,"NV":2,"TB":0},{"Id":67,"V":13,"NV":0,"TB":0},{"Id":78,"V":13,"NV":0,"TB":0},{"Id":66,"V":12,"NV":0,"TB":0},{"Id":69,"V":11,"NV":0,"TB":0}],[{"Id":68,"V":21,"NV":4,"TB":0},{"Id":77,"V":21,"NV":2,"TB":0},{"Id":82,"V":19,"NV":1,"TB":0},{"Id":80,"V":18,"NV":2,"TB":0},{"Id":67,"V":14,"NV":1,"TB":0},{"Id":78,"V":13,"NV":0,"TB":0},{"Id":66,"V":12,"NV":0,"TB":0}],[{"Id":80,"V":24,"NV":6,"TB":0},{"Id":68,"V":21,"NV":0,"TB":0},{"Id":77,"V":21,"NV":0,"TB":0},{"Id":82,"V":21,"NV":2,"TB":0},{"Id":67,"V":16,"NV":2,"TB":0},{"Id":78,"V":15,"NV":2,"TB":0}],[{"Id":77,"V":26,"NV":5,"TB":0},{"Id":80,"V":25,"NV":1,"TB":0},{"Id":68,"V":23,"NV":2,"TB":0},{"Id":82,"V":22,"NV":1,"TB":0},{"Id":67,"V":19,"NV":3,"TB":0}],[{"Id":80,"V":36,"NV":11,"TB":0},{"Id":77,"V":28,"NV":2,"TB":0},{"Id":68,"V":25,"NV":2,"TB":0},{"Id":82,"V":25,"NV":3,"TB":1}],[{"Id":80,"V":46,"NV":10,"TB":0},{"Id":77,"V":34,"NV":6,"TB":0},{"Id":68,"V":31,"NV":6,"TB":0}],[{"Id":80,"V":54,"NV":8,"TB":0},{"Id":77,"V":48,"NV":14,"TB":0}],[{"Id":80,"V":77,"NV":23,"TB":0}]],"Expires":1544390147,"SecondsLeft":0}