{"Mtype":"results","Title":"Round Later!","PollStarted":"2018-02-12T01:00:54.622676335Z","PollDuration":300000000000,"Options":{"65":"Wrinry as a baby dragon","66":"Natani in monster hunter great jagras armor carrying a long sword","67":"Sythe \u0026 Nibs go on a Valentines date.","68":"\"Valentine's Day\" Flora \u0026 Trace kiss with Keith dressed as cupid in the background.","69":"Flora holding a cat-themed Keyblade fighting off a large number of Shadow Heartless.","70":"Nibbly rocking out to some metal. \\m/","71":"Adira teaching Maeve to count using the spots on her tail.","72":"Natani \"accidentally\" falls onto Keith","73":"Raine paints Zen's nails, \u0026 vise versa.","74":"A steamy encounter: Therie Sah-Van surprises Daniels in the guards' showers.","75":"Adelaide's workout routine. Natani joins in her work out \u0026 drags keith along.","76":"Anklet of Humanification: The Return of Vehra","77":"cast auditions to TwoKinds the Movie","78":"Trace being Admiral on a ship","79":"Katini follow up: Natani inexplicably trapped inside a giant beer bottle"},"ExpectedBallots":90,"CountedBallots":90,"Ballots":["OFAI","","KO","IF","ABNL","JHDK","DN","GFKO","HDILC","JHCDO","MJKFCHAEGI","JLKODEGMCAIHBFN","HKFIC","CIJFM","ICMGJKD","GHIMKC","OCJH","CFBEOGMDIKHNAJL","JGK","KODLMBNJGH","JCO","EIB","JDHEKCG","ALJGMOFDKNEBCI","OMAGFCBNDH","OCFKGDMELHJINBA","IMOFCKJG","LMKI","MJOGKICDFHNALEB","JCHK","AL","JGO","JHOB","CJ","OBIEHFDMNGKCLAJ","HDM","M","AHJKM","HFDECAJIGKMOLNB","KLOGCIHFJ","JGAM","JD","EMHDO","CHL","DJNMGE","JEO","FCAI","JFIM","MDKHEANG","G","CJIGON","JCF","MNE","F","JHMKGCABLODFENI","","HKMGJBOCDNAIL","GAHKMC","JFC","GJCIA","NOA","MCJKGAL","O","M","HICFB","JHOD","FKNABCGM","BOANGM","KDIEJGBH","GIKCDMFOHLN","AFGN","JKGH","G","I","JDINKGEFBOC","GMFHKL","G","G","H","G","G","G","G","G","G","G","G","IGJOKFCAH","G","JECLK"],"Placements":[[{"Id":74,"V":20,"NV":20,"TB":0},{"Id":71,"V":19,"NV":19,"TB":0},{"Id":72,"V":7,"NV":7,"TB":0},{"Id":77,"V":7,"NV":7,"TB":0},{"Id":79,"V":6,"NV":6,"TB":0},{"Id":65,"V":5,"NV":5,"TB":0},{"Id":67,"V":5,"NV":5,"TB":0},{"Id":73,"V":5,"NV":5,"TB":0},{"Id":75,"V":4,"NV":4,"TB":0},{"Id":70,"V":3,"NV":3,"TB":0},{"Id":68,"V":2,"NV":2,"TB":0},{"Id":69,"V":2,"NV":2,"TB":0},{"Id":66,"V":1,"NV":1,"TB":0},{"Id":78,"V":1,"NV":1,"TB":0},{"Id":76,"V":1,"NV":1,"TB":2}],[{"Id":74,"V":20,"NV":0,"TB":0},{"Id":71,"V":19,"NV":0,"TB":0},{"Id":77,"V":8,"NV":1,"TB":0},{"Id":72,"V":7,"NV":0,"TB":0},{"Id":79,"V":6,"NV":0,"TB":0},{"Id":65,"V":5,"NV":0,"TB":0},{"Id":67,"V":5,"NV":0,"TB":0},{"Id":73,"V":5,"NV":0,"TB":0},{"Id":75,"V":4,"NV":0,"TB":0},{"Id":70,"V":3,"NV":0,"TB":0},{"Id":68,"V":2,"NV":0,"TB":0},{"Id":69,"V":2,"NV":0,"TB":0},{"Id":66,"V":1,"NV":0,"TB":0},{"Id":78,"V":1,"NV":0,"TB":1}],[{"Id":74,"V":20,"NV":0,"TB":0},{"Id":71,"V":19,"NV":0,"TB":0},{"Id":77,"V":8,"NV":0,"TB":0},{"Id":72,"V":7,"NV":0,"TB":0},{"Id":79,"V":7,"NV":1,"TB":0},{"Id":65,"V":5,"NV":0,"TB":0},{"Id":67,"V":5,"NV":0,"TB":0},{"Id":73,"V":5,"NV":0,"TB":0},{"Id":75,"V":4,"NV":0,"TB":0},{"Id":70,"V":3,"NV":0,"TB":0},{"Id":68,"V":2,"NV":0,"TB":0},{"Id":69,"V":2,"NV":0,"TB":0},{"Id":66,"V":1,"NV":0,"TB":0}],[{"Id":74,"V":20,"NV":0,"TB":0},{"Id":71,"V":19,"NV":0,"TB":0},{"Id":77,"V":8,"NV":0,"TB":0},{"Id":79,"V":8,"NV":1,"TB":0},{"Id":72,"V":7,"NV":0,"TB":0},{"Id":65,"V":5,"NV":0,"TB":0},{"Id":67,"V":5,"NV":0,"TB":0},{"Id":73,"V":5,"NV":0,"TB":0},{"Id":75,"V":4,"NV":0,"TB":0},{"Id":70,"V":3,"NV":0,"TB":0},{"Id":69,"V":2,"NV":0,"TB":0},{"Id":68,"V":2,"NV":0,"TB":2}],[{"Id":74,"V":21,"NV":1,"TB":0},{"Id":71,"V":19,"NV":0,"TB":0},{"Id":77,"V":8,"NV":0,"TB":0},{"Id":79,"V":8,"NV":0,"TB":0},{"Id":72,"V":7,"NV":0,"TB":0},{"Id":65,"V":5,"NV":0,"TB":0},{"Id":67,"V":5,"NV":0,"TB":0},{"Id":73,"V":5,"NV":0,"TB":0},{"Id":75,"V":4,"NV":0,"TB":0},{"Id":70,"V":3,"NV":0,"TB":0},{"Id":69,"V":2,"NV":0,"TB":0}],[{"Id":74,"V":21,"NV":0,"TB":0},{"Id":71,"V":19,"NV":0,"TB":0},{"Id":77,"V":9,"NV":1,"TB":0},{"Id":79,"V":8,"NV":0,"TB":0},{"Id":72,"V":7,"NV":0,"TB":0},{"Id":73,"V":6,"NV":1,"TB":0},{"Id":65,"V":5,"NV":0,"TB":0},{"Id":67,"V":5,"NV":0,"TB":0},{"Id":75,"V":4,"NV":0,"TB":0},{"Id":70,"V":3,"NV":0,"TB":0}],[{"Id":74,"V":21,"NV":0,"TB":0},{"Id":71,"V":19,"NV":0,"TB":0},{"Id":77,"V":9,"NV":0,"TB":0},{"Id":79,"V":8,"NV":0,"TB":0},{"Id":72,"V":7,"NV":0,"TB":0},{"Id":67,"V":6,"NV":1,"TB":0},{"Id":73,"V":6,"NV":0,"TB":0},{"Id":65,"V":5,"NV":0,"TB":0},{"Id":75,"V":5,"NV":1,"TB":1}],[{"Id":74,"V":21,"NV":0,"TB":0},{"Id":71,"V":19,"NV":0,"TB":0},{"Id":79,"V":11,"NV":3,"TB":0},{"Id":77,"V":9,"NV":0,"TB":0},{"Id":72,"V":7,"NV":0,"TB":0},{"Id":73,"V":7,"NV":1,"TB":0},{"Id":67,"V":6,"NV":0,"TB":0},{"Id":65,"V":6,"NV":1,"TB":2}],[{"Id":74,"V":22,"NV":1,"TB":0},{"Id":71,"V":20,"NV":1,"TB":0},{"Id":79,"V":11,"NV":0,"TB":0},{"Id":77,"V":9,"NV":0,"TB":0},{"Id":72,"V":8,"NV":1,"TB":0},{"Id":73,"V":7,"NV":0,"TB":0},{"Id":67,"V":7,"NV":1,"TB":2}],[{"Id":74,"V":24,"NV":2,"TB":0},{"Id":71,"V":21,"NV":1,"TB":0},{"Id":79,"V":12,"NV":1,"TB":0},{"Id":73,"V":9,"NV":2,"TB":0},{"Id":77,"V":9,"NV":0,"TB":0},{"Id":72,"V":9,"NV":1,"TB":3}],[{"Id":74,"V":26,"NV":2,"TB":0},{"Id":71,"V":21,"NV":0,"TB":0},{"Id":73,"V":12,"NV":3,"TB":0},{"Id":79,"V":12,"NV":0,"TB":0},{"Id":77,"V":11,"NV":2,"TB":0}],[{"Id":74,"V":29,"NV":3,"TB":0},{"Id":71,"V":23,"NV":2,"TB":0},{"Id":79,"V":13,"NV":1,"TB":0},{"Id":73,"V":13,"NV":1,"TB":2}],[{"Id":74,"V":31,"NV":2,"TB":0},{"Id":71,"V":25,"NV":2,"TB":0},{"Id":79,"V":14,"NV":1,"TB":0}],[{"Id":74,"V":34,"NV":3,"TB":0},{"Id":71,"V":31,"NV":6,"TB":0}],[{"Id":74,"V":42,"NV":8,"TB":0}]],"Expires":1518397854,"SecondsLeft":0}