{"Mtype":"results","Title":"Round 7","PollStarted":"2018-06-25T00:03:32.626162682Z","PollDuration":300000000000,"Options":{"65":"Sexy shower Keith","66":"All the Basitin's males hiding from King Adelaide start a fight club.","67":"TwoKinds sketch stream, but where Kathrin somehow submitted all the suggestions","68":"Keith trains Basitin Trace in the ways of the Basitin.","69":"Young Kathrin seeing snow for the first time.","70":"Mike \u0026 Evals as Androids from Detroit: Become Human \u0026 Eric as the obvious owner","71":"Adrakest Flora in flight","72":"A drunk Natani's flirts cause Adelaide to have sword tail!","73":"Trace, Flora, Natani \u0026 Keith casually discussing problems w/ interspecies relationships.","74":"Nibbly \u0026 Fidget (From Dust: An Elysian Tale) having fun","75":"Flora \u0026 Kathrin gossiping at a masquerade ball.","76":"Nora has turned Laura into a dragon! Keith is confused on what to think of this!","77":"Kat pounces on Zen, Flora watching w/ a proud look","78":"Kei wakes up armour-less, in a giant bed, w/ Reni sleeping next to him, holding him close.","79":"Busty Reni II: Western Basitin Tribal Paint Edition. ","80":"Karen doing puppy eyes to touch Maddie's ears","81":"Nora's gender shenanigans goes wrong when she accidentally turns herself into a male."},"ExpectedBallots":137,"CountedBallots":137,"Ballots":["OHJFP","ICELG","PQCIAMEN","HOGALQJNBKPDMIEFC","QLKCIPAGBFHNMDEJO","GLOKDMNPH","AO","NAEOMKIJPDC","AMDIHCG","","EMCK","ONCIQDH","FEGDQLBNP","QJGDC","CLJGEFBKIONAHDMPQ","MENKPH","JQAM","MQEHNAPLKBGDJ","QLGB","MICEKHJLG","QANHLJKMBI","AIJMEBHOLPQF","MH","EOGC","M","GOJLHENKMIQBCDPAF","PEMDCBIKLQGHJONAF","MKIA","DKNLJQECP","CNMAI","JOCMGEQNLKHIP","QDH","NLIC","ON","BDONCQJKFHA","NO","QDCJKIPHBMENLAFOG","HPMJNDCK","HNMCDOBPLEFAQIKGJ","DGOLQNBFI","FNELQA","IA","EFNLJGQ","IBD","JAPQIFKHEGB","MPIHCEKL","LDPHJBQNICEKAMGFO","ANCQIH","MKADEFCNIHGJQBLOP","ELMHKC","IM","OGFHJIDLMQK","HOCM","MACHI","LH","KMEQ","CNABQIJLMEHK","QPHNMCKIDALOEBFGJ","CIGHJPL","OBQDIAHMGELCJKPFN","BEAQPHFC","ENIFJ","HQCPBIN","MKPEQIACDGNFLHJ","NJ","ANMDBIHPLG","CEKMNO","CME","DIJ","FJACDQ","FHBLCKQPOJEG","GJLOEK","QMECINDKFLOJBAPGH","BDINEPQAMKCFHJLGO","CJ","","GDLQC","EJMQ","H","MPJCLE","QLPCG","DAILHPOB","AIDBHCEQKPFOGNMLJ","OKNAHEQFIJCDGLPBM","INQMCHAG","DLAKEMC","LQIHCAMNEKFBDPOGJ","NLPJC","HIEAMJBNOQCLFPD","BHECOPLA","AHPIBJ","HBCEKMQJOADPN","INO","HIGO","CNIH","HAPJQMDILGE","AICDJH","QILNF","ICKJMP","GOFEQNMJDPC","DHMQNALCEIPJGOBKF","ADIEM","LIFGMQNACHEDOKPJB","OGHJEINDLKB","HLFMJGKPINEBQC","CIHPKMQBGDJOLEANF","EC","CPH","ICMEGLOFJPA","ACEF","NOCHEIA","APLKMHCINGEFDBOQJ","LOIGNBJEHQCMFDPKA","ABL","L","NF","BNLHMCQI","INMPA","HFEAPB","LKINBDQGJEM","OMNQBEPHLDACGI","EPAQ","ME","AMCE","FAQI","HECLIKPJBM","MKA","HGODIAQPKJLMCEF","M","OIQNC","LNPDBQGEF","HA","ADIH","MQCD","CEFJBNIAHODKPQLG","LDPIHBJAQNKCE","MCFIQ"],"Placements":[[{"Id":77,"V":16,"NV":16,"TB":0},{"Id":72,"V":15,"NV":15,"TB":0},{"Id":65,"V":14,"NV":14,"TB":0},{"Id":67,"V":11,"NV":11,"TB":0},{"Id":81,"V":10,"NV":10,"TB":0},{"Id":73,"V":9,"NV":9,"TB":0},{"Id":76,"V":9,"NV":9,"TB":0},{"Id":79,"V":9,"NV":9,"TB":0},{"Id":69,"V":8,"NV":8,"TB":0},{"Id":78,"V":7,"NV":7,"TB":0},{"Id":68,"V":6,"NV":6,"TB":0},{"Id":66,"V":5,"NV":5,"TB":0},{"Id":70,"V":5,"NV":5,"TB":0},{"Id":71,"V":5,"NV":5,"TB":0},{"Id":74,"V":3,"NV":3,"TB":0},{"Id":80,"V":2,"NV":2,"TB":0},{"Id":75,"V":1,"NV":1,"TB":0}],[{"Id":77,"V":17,"NV":1,"TB":0},{"Id":72,"V":15,"NV":0,"TB":0},{"Id":65,"V":14,"NV":0,"TB":0},{"Id":67,"V":11,"NV":0,"TB":0},{"Id":81,"V":10,"NV":0,"TB":0},{"Id":73,"V":9,"NV":0,"TB":0},{"Id":76,"V":9,"NV":0,"TB":0},{"Id":79,"V":9,"NV":0,"TB":0},{"Id":69,"V":8,"NV":0,"TB":0},{"Id":78,"V":7,"NV":0,"TB":0},{"Id":68,"V":6,"NV":0,"TB":0},{"Id":66,"V":5,"NV":0,"TB":0},{"Id":70,"V":5,"NV":0,"TB":0},{"Id":71,"V":5,"NV":0,"TB":0},{"Id":74,"V":3,"NV":0,"TB":0},{"Id":80,"V":2,"NV":0,"TB":0}],[{"Id":77,"V":17,"NV":0,"TB":0},{"Id":72,"V":15,"NV":0,"TB":0},{"Id":65,"V":14,"NV":0,"TB":0},{"Id":67,"V":11,"NV":0,"TB":0},{"Id":81,"V":11,"NV":1,"TB":0},{"Id":69,"V":9,"NV":1,"TB":0},{"Id":73,"V":9,"NV":0,"TB":0},{"Id":76,"V":9,"NV":0,"TB":0},{"Id":79,"V":9,"NV":0,"TB":0},{"Id":78,"V":7,"NV":0,"TB":0},{"Id":68,"V":6,"NV":0,"TB":0},{"Id":66,"V":5,"NV":0,"TB":0},{"Id":70,"V":5,"NV":0,"TB":0},{"Id":71,"V":5,"NV":0,"TB":0},{"Id":74,"V":3,"NV":0,"TB":0}],[{"Id":77,"V":17,"NV":0,"TB":0},{"Id":65,"V":15,"NV":1,"TB":0},{"Id":72,"V":15,"NV":0,"TB":0},{"Id":81,"V":12,"NV":1,"TB":0},{"Id":67,"V":11,"NV":0,"TB":0},{"Id":79,"V":10,"NV":1,"TB":0},{"Id":69,"V":9,"NV":0,"TB":0},{"Id":73,"V":9,"NV":0,"TB":0},{"Id":76,"V":9,"NV":0,"TB":0},{"Id":78,"V":7,"NV":0,"TB":0},{"Id":68,"V":6,"NV":0,"TB":0},{"Id":66,"V":5,"NV":0,"TB":0},{"Id":70,"V":5,"NV":0,"TB":0},{"Id":71,"V":5,"NV":0,"TB":1}],[{"Id":77,"V":17,"NV":0,"TB":0},{"Id":65,"V":15,"NV":0,"TB":0},{"Id":72,"V":15,"NV":0,"TB":0},{"Id":79,"V":12,"NV":2,"TB":0},{"Id":81,"V":12,"NV":0,"TB":0},{"Id":67,"V":11,"NV":0,"TB":0},{"Id":76,"V":11,"NV":2,"TB":0},{"Id":69,"V":9,"NV":0,"TB":0},{"Id":73,"V":9,"NV":0,"TB":0},{"Id":68,"V":7,"NV":1,"TB":0},{"Id":78,"V":7,"NV":0,"TB":0},{"Id":70,"V":5,"NV":0,"TB":0},{"Id":66,"V":5,"NV":0,"TB":2}],[{"Id":77,"V":17,"NV":0,"TB":0},{"Id":72,"V":16,"NV":1,"TB":0},{"Id":65,"V":15,"NV":0,"TB":0},{"Id":79,"V":12,"NV":0,"TB":0},{"Id":81,"V":12,"NV":0,"TB":0},{"Id":67,"V":11,"NV":0,"TB":0},{"Id":76,"V":11,"NV":0,"TB":0},{"Id":69,"V":10,"NV":1,"TB":0},{"Id":68,"V":9,"NV":2,"TB":0},{"Id":73,"V":9,"NV":0,"TB":0},{"Id":78,"V":8,"NV":1,"TB":0},{"Id":70,"V":5,"NV":0,"TB":0}],[{"Id":65,"V":17,"NV":2,"TB":0},{"Id":72,"V":17,"NV":1,"TB":0},{"Id":77,"V":17,"NV":0,"TB":0},{"Id":79,"V":12,"NV":0,"TB":0},{"Id":81,"V":12,"NV":0,"TB":0},{"Id":67,"V":11,"NV":0,"TB":0},{"Id":69,"V":11,"NV":1,"TB":0},{"Id":76,"V":11,"NV":0,"TB":0},{"Id":73,"V":9,"NV":0,"TB":0},{"Id":78,"V":9,"NV":1,"TB":0},{"Id":68,"V":9,"NV":0,"TB":3}],[{"Id":65,"V":18,"NV":1,"TB":0},{"Id":72,"V":18,"NV":1,"TB":0},{"Id":77,"V":17,"NV":0,"TB":0},{"Id":79,"V":14,"NV":2,"TB":0},{"Id":76,"V":13,"NV":2,"TB":0},{"Id":81,"V":12,"NV":0,"TB":0},{"Id":67,"V":11,"NV":0,"TB":0},{"Id":69,"V":11,"NV":0,"TB":0},{"Id":73,"V":11,"NV":2,"TB":0},{"Id":78,"V":10,"NV":1,"TB":0}],[{"Id":65,"V":19,"NV":1,"TB":0},{"Id":72,"V":18,"NV":0,"TB":0},{"Id":76,"V":17,"NV":4,"TB":0},{"Id":77,"V":17,"NV":0,"TB":0},{"Id":79,"V":16,"NV":2,"TB":0},{"Id":69,"V":12,"NV":1,"TB":0},{"Id":81,"V":12,"NV":0,"TB":0},{"Id":67,"V":11,"NV":0,"TB":0},{"Id":73,"V":11,"NV":0,"TB":1}],[{"Id":65,"V":20,"NV":1,"TB":0},{"Id":77,"V":19,"NV":2,"TB":0},{"Id":72,"V":18,"NV":0,"TB":0},{"Id":76,"V":17,"NV":0,"TB":0},{"Id":79,"V":17,"NV":1,"TB":0},{"Id":67,"V":14,"NV":3,"TB":0},{"Id":69,"V":13,"NV":1,"TB":0},{"Id":81,"V":13,"NV":1,"TB":1}],[{"Id":65,"V":22,"NV":2,"TB":0},{"Id":76,"V":21,"NV":4,"TB":0},{"Id":77,"V":21,"NV":2,"TB":0},{"Id":72,"V":20,"NV":2,"TB":0},{"Id":67,"V":17,"NV":3,"TB":0},{"Id":79,"V":17,"NV":0,"TB":0},{"Id":69,"V":13,"NV":0,"TB":0}],[{"Id":65,"V":25,"NV":3,"TB":0},{"Id":76,"V":25,"NV":4,"TB":0},{"Id":77,"V":24,"NV":3,"TB":0},{"Id":72,"V":20,"NV":0,"TB":0},{"Id":79,"V":18,"NV":1,"TB":0},{"Id":67,"V":18,"NV":1,"TB":2}],[{"Id":77,"V":29,"NV":5,"TB":0},{"Id":65,"V":28,"NV":3,"TB":0},{"Id":76,"V":27,"NV":2,"TB":0},{"Id":72,"V":25,"NV":5,"TB":0},{"Id":79,"V":18,"NV":0,"TB":0}],[{"Id":77,"V":32,"NV":3,"TB":0},{"Id":72,"V":31,"NV":6,"TB":0},{"Id":65,"V":30,"NV":2,"TB":0},{"Id":76,"V":29,"NV":2,"TB":0}],[{"Id":72,"V":38,"NV":7,"TB":0},{"Id":77,"V":36,"NV":4,"TB":0},{"Id":65,"V":34,"NV":4,"TB":0}],[{"Id":72,"V":52,"NV":14,"TB":0},{"Id":77,"V":48,"NV":12,"TB":0}],[{"Id":72,"V":74,"NV":22,"TB":0}]],"Expires":1529885614,"SecondsLeft":0}