{"Mtype":"results","Title":"Round 3","PollStarted":"2018-05-13T21:09:28.715004127Z","PollDuration":300000000000,"Options":{"65":"Delivery/Pizza Tom's Job Interview -Anteiku Lynn Knoll Branch (Tokyo Ghoul)","66":"Maeve wishing Adira an amazing mother's day!","67":"Youngtani on a date with youngkeith","68":"Playdate for child human and Keidran young.","69":"Mermay Carver: Raine's teleport places him among merfolk","70":"Natani threaten to \"pin Keith's ears back\". Madelyn is shocked, Lynn is panicked.","71":"Seraphina in Sienna's Unchained outfit from Warhammer Vermintide 2 ","72":"Kei gives Reni a magical amulet as a gift, she loves it and nerds out a little","73":"Curious about their relationship, LT. Reed attempts to spy on Trace and Flora","74":"King Adelaid's Mid life crisis, the desire for another child! All males to vanish.","75":"Evals kissing Mike who is reluctant at first but then gets more into it. (Both Male)","76":"Mike and Kathrin posing for Eric's painting","77":"Karen doing puppy eyes to touch Maddie's ears","78":"Maeve buries Keith and Natani at the beach while Maddie and Karen build Sandcastle forts.","79":"Kitten Flora and Pup Natani, play wrestling for a ball.","80":"A Natani \"Grow a pair!\" thumbs-up motivational poster (possibly directed  at Zen)","81":"Pre-Comic: Maren and Trace out on a romantic date amidst the trees and sunset."},"ExpectedBallots":134,"CountedBallots":132,"Ballots":["PEKLM","EOIH","ELJPMF","MFJCN","LOCAMHGNPEQFBIDKJ","LFMECOHJPIBN","HD","QPMKL","IA","ADJQEHBNFG","FHN","FPLKOCMAEIJNBDQHG","CP","KLPJOI","EKCQ","OBNFLPJKMICQADHEG","JNMBFI","CKMBQJLOHNPD","PCQD","OMCFQNJP","OMH","JHD","AHQMPENBO","PCDLOBNJFQMAGKEHI","HK","GDJOMIABQHPELFNKC","BJG","CLF","JCOKEIPMNFHDLQ","COJFDMPNQILBHEAGK","HKPJFIDBMQLNO","PLC","LPCNMJ","CFK","FMDPALOHN","QHOBFNJPCEDMGLIAK","JMB","POMDC","LBINDQCJOGEPHAMKF","KJQBLCMAFNIDGPOHE","OMEFICQBDNH","JODBHC","IOJQFPD","N","QMFPILJCBHONDEKAG","PMQJOKED","CJFPAMOENGQB","L","ELFMNHJAOGIBCKQDP","J","JDCEHOFBN","LHNPQOABFJDCKEIMG","BLJ","GPOQK","LBNOMIPCHFDQKEJAG","IQKLMA","JMFCOQ","JIPME","PH","M","QLB","DNOFKCP","KOFML","KPQFGEMILHDBAJN","KCL","JNBMIH","EHQCJ","LKBN","CPJALHF","JO","E","OBLCQDJ","POMHK","CPFO","K","FPCKNJDMLGOAQHIBE","","BPI","K","FOC","NBEQDHI","JFKDB","PHJ","JEPFNC","K","DOJNEKIFAPGLHBMQC","LCQFOPKMGID","LJM","JLHFCP","JIMOPBFH","QJFMCBLP","FLC","P","LEKJHIBND","PKAH","PCHI","CFIDMJPHEO","LMIOPJQFENGAKCDHB","POMJB","L","PCFLNMJOHQKIGEDAB","IKLFMOPCAQEBNJHD","BMDJH","PMHBFGJI","HPMNQCOKB","L","CJMOFAPINQELDBKGH","L","OILJCNE","FP","LJM","PCNKOJDFQEHBILMAG","OCAIMK","CMJFNHIG","MJCDF","LIOBMDC","NCFPJBMO","LJM","BFDCOJQ","AIJCH","IFBOPMJ","CMHFLIOJK","LBKAQOJMH","GJAQEBHD","JNMODBC","OCFP","BPM","LEOM","L","K","GKLCJ","MHBNJPI"],"Placements":[[{"Id":76,"V":21,"NV":21,"TB":0},{"Id":74,"V":16,"NV":16,"TB":0},{"Id":80,"V":16,"NV":16,"TB":0},{"Id":67,"V":12,"NV":12,"TB":0},{"Id":75,"V":9,"NV":9,"TB":0},{"Id":79,"V":8,"NV":8,"TB":0},{"Id":70,"V":7,"NV":7,"TB":0},{"Id":66,"V":6,"NV":6,"TB":0},{"Id":69,"V":6,"NV":6,"TB":0},{"Id":73,"V":5,"NV":5,"TB":0},{"Id":81,"V":5,"NV":5,"TB":0},{"Id":71,"V":4,"NV":4,"TB":0},{"Id":72,"V":4,"NV":4,"TB":0},{"Id":77,"V":4,"NV":4,"TB":0},{"Id":65,"V":3,"NV":3,"TB":0},{"Id":78,"V":3,"NV":3,"TB":0},{"Id":68,"V":2,"NV":2,"TB":0}],[{"Id":76,"V":21,"NV":0,"TB":0},{"Id":74,"V":16,"NV":0,"TB":0},{"Id":80,"V":16,"NV":0,"TB":0},{"Id":67,"V":12,"NV":0,"TB":0},{"Id":75,"V":9,"NV":0,"TB":0},{"Id":79,"V":9,"NV":1,"TB":0},{"Id":70,"V":7,"NV":0,"TB":0},{"Id":66,"V":6,"NV":0,"TB":0},{"Id":69,"V":6,"NV":0,"TB":0},{"Id":73,"V":5,"NV":0,"TB":0},{"Id":81,"V":5,"NV":0,"TB":0},{"Id":71,"V":4,"NV":0,"TB":0},{"Id":72,"V":4,"NV":0,"TB":0},{"Id":77,"V":4,"NV":0,"TB":0},{"Id":78,"V":4,"NV":1,"TB":0},{"Id":65,"V":3,"NV":0,"TB":0}],[{"Id":76,"V":21,"NV":0,"TB":0},{"Id":74,"V":17,"NV":1,"TB":0},{"Id":80,"V":16,"NV":0,"TB":0},{"Id":67,"V":12,"NV":0,"TB":0},{"Id":75,"V":9,"NV":0,"TB":0},{"Id":79,"V":9,"NV":0,"TB":0},{"Id":70,"V":7,"NV":0,"TB":0},{"Id":66,"V":6,"NV":0,"TB":0},{"Id":69,"V":6,"NV":0,"TB":0},{"Id":73,"V":6,"NV":1,"TB":0},{"Id":72,"V":5,"NV":1,"TB":0},{"Id":81,"V":5,"NV":0,"TB":0},{"Id":71,"V":4,"NV":0,"TB":0},{"Id":78,"V":4,"NV":0,"TB":0},{"Id":77,"V":4,"NV":0,"TB":2}],[{"Id":76,"V":21,"NV":0,"TB":0},{"Id":74,"V":18,"NV":1,"TB":0},{"Id":80,"V":16,"NV":0,"TB":0},{"Id":67,"V":12,"NV":0,"TB":0},{"Id":75,"V":9,"NV":0,"TB":0},{"Id":79,"V":9,"NV":0,"TB":0},{"Id":70,"V":8,"NV":1,"TB":0},{"Id":66,"V":6,"NV":0,"TB":0},{"Id":69,"V":6,"NV":0,"TB":0},{"Id":72,"V":6,"NV":1,"TB":0},{"Id":73,"V":6,"NV":0,"TB":0},{"Id":81,"V":5,"NV":0,"TB":0},{"Id":71,"V":4,"NV":0,"TB":0},{"Id":78,"V":4,"NV":0,"TB":1}],[{"Id":76,"V":21,"NV":0,"TB":0},{"Id":74,"V":18,"NV":0,"TB":0},{"Id":80,"V":16,"NV":0,"TB":0},{"Id":67,"V":13,"NV":1,"TB":0},{"Id":79,"V":10,"NV":1,"TB":0},{"Id":75,"V":9,"NV":0,"TB":0},{"Id":70,"V":8,"NV":0,"TB":0},{"Id":66,"V":7,"NV":1,"TB":0},{"Id":69,"V":6,"NV":0,"TB":0},{"Id":72,"V":6,"NV":0,"TB":0},{"Id":73,"V":6,"NV":0,"TB":0},{"Id":81,"V":5,"NV":0,"TB":0},{"Id":71,"V":4,"NV":0,"TB":0}],[{"Id":76,"V":21,"NV":0,"TB":0},{"Id":74,"V":20,"NV":2,"TB":0},{"Id":80,"V":17,"NV":1,"TB":0},{"Id":67,"V":13,"NV":0,"TB":0},{"Id":75,"V":10,"NV":1,"TB":0},{"Id":79,"V":10,"NV":0,"TB":0},{"Id":70,"V":8,"NV":0,"TB":0},{"Id":66,"V":7,"NV":0,"TB":0},{"Id":69,"V":6,"NV":0,"TB":0},{"Id":72,"V":6,"NV":0,"TB":0},{"Id":73,"V":6,"NV":0,"TB":0},{"Id":81,"V":5,"NV":0,"TB":0}],[{"Id":76,"V":22,"NV":1,"TB":0},{"Id":74,"V":21,"NV":1,"TB":0},{"Id":80,"V":18,"NV":1,"TB":0},{"Id":67,"V":13,"NV":0,"TB":0},{"Id":75,"V":10,"NV":0,"TB":0},{"Id":79,"V":10,"NV":0,"TB":0},{"Id":70,"V":9,"NV":1,"TB":0},{"Id":66,"V":7,"NV":0,"TB":0},{"Id":72,"V":7,"NV":1,"TB":0},{"Id":69,"V":6,"NV":0,"TB":0},{"Id":73,"V":6,"NV":0,"TB":1}],[{"Id":74,"V":22,"NV":1,"TB":0},{"Id":76,"V":22,"NV":0,"TB":0},{"Id":80,"V":18,"NV":0,"TB":0},{"Id":67,"V":13,"NV":0,"TB":0},{"Id":75,"V":12,"NV":2,"TB":0},{"Id":79,"V":11,"NV":1,"TB":0},{"Id":70,"V":10,"NV":1,"TB":0},{"Id":66,"V":7,"NV":0,"TB":0},{"Id":72,"V":7,"NV":0,"TB":0},{"Id":69,"V":6,"NV":0,"TB":0}],[{"Id":76,"V":24,"NV":2,"TB":0},{"Id":74,"V":22,"NV":0,"TB":0},{"Id":80,"V":18,"NV":0,"TB":0},{"Id":67,"V":13,"NV":0,"TB":0},{"Id":75,"V":13,"NV":1,"TB":0},{"Id":79,"V":12,"NV":1,"TB":0},{"Id":70,"V":10,"NV":0,"TB":0},{"Id":72,"V":8,"NV":1,"TB":0},{"Id":66,"V":7,"NV":0,"TB":0}],[{"Id":76,"V":25,"NV":1,"TB":0},{"Id":74,"V":24,"NV":2,"TB":0},{"Id":80,"V":20,"NV":2,"TB":0},{"Id":67,"V":13,"NV":0,"TB":0},{"Id":75,"V":13,"NV":0,"TB":0},{"Id":79,"V":12,"NV":0,"TB":0},{"Id":70,"V":11,"NV":1,"TB":0},{"Id":72,"V":9,"NV":1,"TB":0}],[{"Id":74,"V":25,"NV":1,"TB":0},{"Id":76,"V":25,"NV":0,"TB":0},{"Id":80,"V":22,"NV":2,"TB":0},{"Id":75,"V":15,"NV":2,"TB":0},{"Id":67,"V":14,"NV":1,"TB":0},{"Id":79,"V":13,"NV":1,"TB":0},{"Id":70,"V":11,"NV":0,"TB":0}],[{"Id":80,"V":27,"NV":5,"TB":0},{"Id":74,"V":26,"NV":1,"TB":0},{"Id":76,"V":26,"NV":1,"TB":0},{"Id":75,"V":15,"NV":0,"TB":0},{"Id":79,"V":15,"NV":2,"TB":0},{"Id":67,"V":15,"NV":1,"TB":3}],[{"Id":74,"V":31,"NV":5,"TB":0},{"Id":80,"V":31,"NV":4,"TB":0},{"Id":76,"V":28,"NV":2,"TB":0},{"Id":79,"V":17,"NV":2,"TB":0},{"Id":75,"V":17,"NV":2,"TB":2}],[{"Id":74,"V":33,"NV":2,"TB":0},{"Id":76,"V":33,"NV":5,"TB":0},{"Id":80,"V":33,"NV":2,"TB":0},{"Id":79,"V":18,"NV":1,"TB":0}],[{"Id":74,"V":39,"NV":6,"TB":0},{"Id":76,"V":37,"NV":4,"TB":0},{"Id":80,"V":36,"NV":3,"TB":0}],[{"Id":74,"V":49,"NV":10,"TB":0},{"Id":76,"V":46,"NV":9,"TB":0}],[{"Id":74,"V":76,"NV":27,"TB":0}]],"Expires":1526246377,"SecondsLeft":0}