{"Mtype":"results","Title":"Round 3","PollStarted":"2018-06-10T21:34:05.543128384Z","PollDuration":300000000000,"Options":{"65":"Young Keith combat training w/ Alaric","66":"Father's day AU: A proud Euchre plays w/ Mary \u0026 his new daughter.","67":"Keith trains Basitin Trace in the ways of Basitin culture.","68":"Adelaide’s Second Child: Tiger Basitin","69":"Pie eating contest w/ Flora, Trace, Keith \u0026 Natani.","70":"Therie, Natani \u0026 Flora sharing tips while Kathrin spies on them.","71":"Adira Dakimakura (Body Pillow)","72":"Daniels takes Therie home to meet his parents. Awkward family dinner ensues.","73":"Natani \u0026 Clovis going dress shopping.","74":"The Taverndatter sisters running their old tavern.","75":"Lady Nora has turned Laura into a dragon, Keith is confused!","76":"Flora as a human Templar \u0026 Trace as a Keidran warrior.","77":"Saria \u0026 Rose encounter young Flora while walking through the countryside.","78":"Keith \u0026 Natani body pillows cuddling","79":"Raine \u0026 Red out for dinner on a high rise restaurant balcony w/ a view of the sleepless city.","80":"Natani catches Zen staring at Kat’s butt","81":"Zen \u0026 a purring Kat in an intimate embrace.","82":"Kat tries pouncing Eric, like Flora does to Trace, but fails horribly.","83":"Natani raised by Keisers becomes Basitin King"},"ExpectedBallots":103,"CountedBallots":103,"Ballots":["IGNKMSFC","SARDM","KMBJLCSAI","HPIRQNSDEOFCL","LKSDCJB","PLCNIEROF","SOLCDI","QPGF","HQLPDOMBRSEF","MOAILPQ","ASNRFBEHCDMOKLJPQIG","PRH","MBPFSRQKJLH","KGOQ","OQPCM","JMBAPQDHEOCKIFLSR","BMSGKLHAC","REKLFQMBINC","RDFH","OCBQLAKDMG","HFQND","PDNKE","LKBMEFNOIRPJAGDQCHS","IHFAKOLCBRJSP","P","GSBCOHJKMAI","HFRPDM","QFOBLHCMDRJEGIAPKNS","PRHQE","BLOMRA","IGBKMOHFRCAEJDLQPSN","DCGLJB","BLOHJ","PRBMQJFOAGCKDSHLENI","GHSR","JBASMGIOKL","BLISMDORCJKA","SLKICAQPD","PNERFISL","CSPQABH","GMKRPD","PNGIQSCAOFKHJRMELDB","PRSQ","","QP","ARHOMIBSJEGLFCN","DFHGBQLCSMEAJR","JGAM","","K","HDLISKN","RGPA","SBOIPGNQRHMFKELCAD","PQGERAMONJBSHFCLIDK","KELFBDSRH","ALSKJ","GHDKR","QPCIRE","ERQ","SIB","OQSFM","ASCNEGDLIFBHMPQROJK","GMKP","HRO","MJKHEA","LKHDIPCO","RHPIF","GHD","QPOIFLRS","KGLSRN","FHPKGNQMOCLBJADSIE","QHF","K","MSHDRL","ALEMCG","GHDM","PEDGINF","OPIG","ACEFKDPI","HKLD","PBS","R","HCPSLJIKFRBM","AHS","MHQGEKDFRL","PK","GLKD","QSLNBKMEGAPHCFOJIDR","ARBQJ","GHDM","ROHP","SNKEI","","BOMH","SJEBKGACILPROFNMHDQ","QDPIRHMBLEAGKOSCNFJ","KLBCJDS","QFLBDN","GRJP","QPRKFNGDOEIAHSCLMBJ","CLEAOMRSQP","","G"],"Placements":[[{"Id":80,"V":13,"NV":13,"TB":0},{"Id":71,"V":11,"NV":11,"TB":0},{"Id":81,"V":10,"NV":10,"TB":0},{"Id":65,"V":8,"NV":8,"TB":0},{"Id":72,"V":8,"NV":8,"TB":0},{"Id":75,"V":7,"NV":7,"TB":0},{"Id":83,"V":7,"NV":7,"TB":0},{"Id":82,"V":6,"NV":6,"TB":0},{"Id":66,"V":5,"NV":5,"TB":0},{"Id":77,"V":5,"NV":5,"TB":0},{"Id":79,"V":4,"NV":4,"TB":0},{"Id":73,"V":3,"NV":3,"TB":0},{"Id":74,"V":3,"NV":3,"TB":0},{"Id":76,"V":3,"NV":3,"TB":0},{"Id":67,"V":2,"NV":2,"TB":0},{"Id":68,"V":2,"NV":2,"TB":0},{"Id":69,"V":1,"NV":1,"TB":0},{"Id":70,"V":1,"NV":1,"TB":0},{"Id":78,"V":0,"NV":0,"TB":0}],[{"Id":80,"V":13,"NV":0,"TB":0},{"Id":71,"V":11,"NV":0,"TB":0},{"Id":81,"V":10,"NV":0,"TB":0},{"Id":65,"V":8,"NV":0,"TB":0},{"Id":72,"V":8,"NV":0,"TB":0},{"Id":75,"V":7,"NV":0,"TB":0},{"Id":83,"V":7,"NV":0,"TB":0},{"Id":82,"V":6,"NV":0,"TB":0},{"Id":66,"V":5,"NV":0,"TB":0},{"Id":77,"V":5,"NV":0,"TB":0},{"Id":79,"V":4,"NV":0,"TB":0},{"Id":73,"V":3,"NV":0,"TB":0},{"Id":74,"V":3,"NV":0,"TB":0},{"Id":76,"V":3,"NV":0,"TB":0},{"Id":67,"V":2,"NV":0,"TB":0},{"Id":68,"V":2,"NV":0,"TB":0},{"Id":70,"V":1,"NV":0,"TB":0},{"Id":69,"V":1,"NV":0,"TB":2}],[{"Id":80,"V":13,"NV":0,"TB":0},{"Id":71,"V":11,"NV":0,"TB":0},{"Id":81,"V":10,"NV":0,"TB":0},{"Id":65,"V":8,"NV":0,"TB":0},{"Id":72,"V":8,"NV":0,"TB":0},{"Id":75,"V":7,"NV":0,"TB":0},{"Id":82,"V":7,"NV":1,"TB":0},{"Id":83,"V":7,"NV":0,"TB":0},{"Id":66,"V":5,"NV":0,"TB":0},{"Id":77,"V":5,"NV":0,"TB":0},{"Id":79,"V":4,"NV":0,"TB":0},{"Id":73,"V":3,"NV":0,"TB":0},{"Id":74,"V":3,"NV":0,"TB":0},{"Id":76,"V":3,"NV":0,"TB":0},{"Id":67,"V":2,"NV":0,"TB":0},{"Id":68,"V":2,"NV":0,"TB":0},{"Id":70,"V":1,"NV":0,"TB":0}],[{"Id":80,"V":13,"NV":0,"TB":0},{"Id":71,"V":11,"NV":0,"TB":0},{"Id":81,"V":10,"NV":0,"TB":0},{"Id":72,"V":9,"NV":1,"TB":0},{"Id":65,"V":8,"NV":0,"TB":0},{"Id":75,"V":7,"NV":0,"TB":0},{"Id":82,"V":7,"NV":0,"TB":0},{"Id":83,"V":7,"NV":0,"TB":0},{"Id":66,"V":5,"NV":0,"TB":0},{"Id":77,"V":5,"NV":0,"TB":0},{"Id":79,"V":4,"NV":0,"TB":0},{"Id":73,"V":3,"NV":0,"TB":0},{"Id":74,"V":3,"NV":0,"TB":0},{"Id":76,"V":3,"NV":0,"TB":0},{"Id":67,"V":2,"NV":0,"TB":0},{"Id":68,"V":2,"NV":0,"TB":1}],[{"Id":80,"V":13,"NV":0,"TB":0},{"Id":71,"V":11,"NV":0,"TB":0},{"Id":72,"V":10,"NV":1,"TB":0},{"Id":81,"V":10,"NV":0,"TB":0},{"Id":65,"V":8,"NV":0,"TB":0},{"Id":75,"V":7,"NV":0,"TB":0},{"Id":82,"V":7,"NV":0,"TB":0},{"Id":83,"V":7,"NV":0,"TB":0},{"Id":66,"V":5,"NV":0,"TB":0},{"Id":77,"V":5,"NV":0,"TB":0},{"Id":79,"V":4,"NV":0,"TB":0},{"Id":73,"V":3,"NV":0,"TB":0},{"Id":74,"V":3,"NV":0,"TB":0},{"Id":76,"V":3,"NV":0,"TB":0},{"Id":67,"V":3,"NV":1,"TB":4}],[{"Id":80,"V":13,"NV":0,"TB":0},{"Id":71,"V":12,"NV":1,"TB":0},{"Id":72,"V":10,"NV":0,"TB":0},{"Id":81,"V":10,"NV":0,"TB":0},{"Id":65,"V":8,"NV":0,"TB":0},{"Id":83,"V":8,"NV":1,"TB":0},{"Id":75,"V":7,"NV":0,"TB":0},{"Id":82,"V":7,"NV":0,"TB":0},{"Id":66,"V":5,"NV":0,"TB":0},{"Id":77,"V":5,"NV":0,"TB":0},{"Id":76,"V":4,"NV":1,"TB":0},{"Id":79,"V":4,"NV":0,"TB":0},{"Id":73,"V":3,"NV":0,"TB":0},{"Id":74,"V":3,"NV":0,"TB":1}],[{"Id":71,"V":13,"NV":1,"TB":0},{"Id":80,"V":13,"NV":0,"TB":0},{"Id":72,"V":10,"NV":0,"TB":0},{"Id":81,"V":10,"NV":0,"TB":0},{"Id":65,"V":8,"NV":0,"TB":0},{"Id":83,"V":8,"NV":0,"TB":0},{"Id":75,"V":7,"NV":0,"TB":0},{"Id":82,"V":7,"NV":0,"TB":0},{"Id":66,"V":6,"NV":1,"TB":0},{"Id":77,"V":6,"NV":1,"TB":0},{"Id":76,"V":4,"NV":0,"TB":0},{"Id":79,"V":4,"NV":0,"TB":0},{"Id":73,"V":3,"NV":0,"TB":0}],[{"Id":71,"V":15,"NV":2,"TB":0},{"Id":80,"V":13,"NV":0,"TB":0},{"Id":72,"V":11,"NV":1,"TB":0},{"Id":81,"V":10,"NV":0,"TB":0},{"Id":65,"V":8,"NV":0,"TB":0},{"Id":83,"V":8,"NV":0,"TB":0},{"Id":75,"V":7,"NV":0,"TB":0},{"Id":82,"V":7,"NV":0,"TB":0},{"Id":66,"V":6,"NV":0,"TB":0},{"Id":77,"V":6,"NV":0,"TB":0},{"Id":79,"V":4,"NV":0,"TB":0},{"Id":76,"V":4,"NV":0,"TB":2}],[{"Id":71,"V":15,"NV":0,"TB":0},{"Id":80,"V":13,"NV":0,"TB":0},{"Id":72,"V":11,"NV":0,"TB":0},{"Id":75,"V":10,"NV":3,"TB":0},{"Id":81,"V":10,"NV":0,"TB":0},{"Id":65,"V":9,"NV":1,"TB":0},{"Id":83,"V":8,"NV":0,"TB":0},{"Id":82,"V":7,"NV":0,"TB":0},{"Id":66,"V":6,"NV":0,"TB":0},{"Id":77,"V":6,"NV":0,"TB":0},{"Id":79,"V":4,"NV":0,"TB":0}],[{"Id":71,"V":15,"NV":0,"TB":0},{"Id":80,"V":14,"NV":1,"TB":0},{"Id":81,"V":12,"NV":2,"TB":0},{"Id":72,"V":11,"NV":0,"TB":0},{"Id":75,"V":10,"NV":0,"TB":0},{"Id":65,"V":9,"NV":0,"TB":0},{"Id":83,"V":8,"NV":0,"TB":0},{"Id":66,"V":7,"NV":1,"TB":0},{"Id":82,"V":7,"NV":0,"TB":0},{"Id":77,"V":6,"NV":0,"TB":0}],[{"Id":71,"V":15,"NV":0,"TB":0},{"Id":80,"V":14,"NV":0,"TB":0},{"Id":72,"V":12,"NV":1,"TB":0},{"Id":81,"V":12,"NV":0,"TB":0},{"Id":75,"V":11,"NV":1,"TB":0},{"Id":65,"V":10,"NV":1,"TB":0},{"Id":66,"V":9,"NV":2,"TB":0},{"Id":83,"V":9,"NV":1,"TB":0},{"Id":82,"V":7,"NV":0,"TB":0}],[{"Id":71,"V":16,"NV":1,"TB":0},{"Id":72,"V":15,"NV":3,"TB":0},{"Id":80,"V":14,"NV":0,"TB":0},{"Id":81,"V":13,"NV":1,"TB":0},{"Id":75,"V":12,"NV":1,"TB":0},{"Id":65,"V":10,"NV":0,"TB":0},{"Id":66,"V":9,"NV":0,"TB":0},{"Id":83,"V":9,"NV":0,"TB":1}],[{"Id":71,"V":16,"NV":0,"TB":0},{"Id":72,"V":16,"NV":1,"TB":0},{"Id":80,"V":15,"NV":1,"TB":0},{"Id":75,"V":14,"NV":2,"TB":0},{"Id":81,"V":13,"NV":0,"TB":0},{"Id":66,"V":12,"NV":3,"TB":0},{"Id":65,"V":11,"NV":1,"TB":0}],[{"Id":71,"V":18,"NV":2,"TB":0},{"Id":72,"V":18,"NV":2,"TB":0},{"Id":75,"V":16,"NV":2,"TB":0},{"Id":80,"V":16,"NV":1,"TB":0},{"Id":81,"V":14,"NV":1,"TB":0},{"Id":66,"V":14,"NV":2,"TB":2}],[{"Id":72,"V":21,"NV":3,"TB":0},{"Id":71,"V":20,"NV":2,"TB":0},{"Id":80,"V":19,"NV":3,"TB":0},{"Id":75,"V":18,"NV":2,"TB":0},{"Id":81,"V":16,"NV":2,"TB":0}],[{"Id":80,"V":27,"NV":8,"TB":0},{"Id":72,"V":23,"NV":2,"TB":0},{"Id":75,"V":20,"NV":2,"TB":0},{"Id":71,"V":20,"NV":0,"TB":2}],[{"Id":72,"V":30,"NV":7,"TB":0},{"Id":80,"V":29,"NV":2,"TB":0},{"Id":75,"V":27,"NV":7,"TB":0}],[{"Id":80,"V":36,"NV":7,"TB":0},{"Id":72,"V":35,"NV":5,"TB":0}],[{"Id":80,"V":49,"NV":13,"TB":0}]],"Expires":1528667045,"SecondsLeft":0}