{"Mtype":"results","Title":"Round 5","PollStarted":"2018-04-16T01:13:42.874798288Z","PollDuration":300000000000,"Options":{"65":"Furst Step. In the AU where Zen and Natani accepted by Adelaide. Young Keith meets young Natani","66":"Clovis and Natani covertly dress shopping. ","67":"King Adelaide's parent, and their newborn daughter","68":"Natani \u0026 Florence Ambrose (Freefall) get body swapped","69":"Mike and Kathrin posing for Erics painting","70":"Bird/avian race to show design. ","71":"A human guard attempts to flirt with a female Basitin by \"accidentally\" showing some ankle, So lewd!","72":"Evals accidentally referring to Mike as his boyfriend and then nervously backpedaling.","73":"Twokinds’ Jazz Bar: Nibbly on Sax, Sythe on Trumpet, \u0026 Raine on Piano","74":"Underwater kiss scene with Trace and Flora","75":"Therie, Nat and Flora sharing tips in inter-species relationships with Kathrin looking on.","76":"Flora drawing you","77":"A Corgi and Shiba Inu Keidran ","78":"Adira and king Adelaide, at Flora's baby shower, talk about the horrors of childbirth!","79":"Natani and Adelaide wearing Western Basitin clothing and body paint.","80":"All the TK villains surrounding red eyed dark trace sitting on an evil throne","81":"Raine discovers a fanfic about her written by Kat. Raine gives her a scathing critique","82":"Keith and Fem!Keith get Tail Sword Syndrome for Natani."},"ExpectedBallots":100,"CountedBallots":100,"Ballots":["OMBRNKGC","GBQRKL","IABEHL","A","Q","EQIMLRHONACJKPDFGB","GNPOQ","LJP","PNCMGF","ARQBGPNKDECOLFHJIM","IQKRANHL","HGJBFLCMANPIQEDORK","BGAERCN","GQNICPA","LBQPROIJEG","LBQD","DHREBG","IMBFQ","QFHRKIG","BHPJQAKEMRG","EKBHQ","JNBHE","HRBIENCGKLQADPOMJF","FJRLEMO","EJ","FRGABMI","MPQNL","BHEGMF","CL","ALKRPICND","KJANLCRHGB","JK","GCNA","ALMQFPDRBIKHENJGCO","MFQLP","QCJHKRDFMAGLEOPNBI","LFHBMPQK","IHGRPBM","ARBEKDO","KLBICAO","MJLGKP","LDBJOQRHA","DHGMFEQCRINL","IQHFJMGBPK","ILCQARDNEJKGHBPMF","NJGP","NA","DB","FB","NGKACQM","QHEGRPJBKINLAMFCDO","AKRQIPNMGBHEFDOJLC","LIQPFDM","CHIBQ","HLJGBQENOMKDIFRAC","PKHIA","NPKL","BQRMEH","N","AGR","EDBHKMG","AIQBPH","R","EQCIKJBGALDR","QMFL","PDBLGJOMRQAHKNCIEF","DQREIAKBMLHNCJFPG","JKPRAQLG","HEGMRPNKADFBQ","CLBHQRN","MPH","QHK","EQ","EBKMQL","OCMRNBQFKP","QDIFALBP","IQJFMPL","BPHECGRMNAKDQLIO","R","AHEPROCG","DMGRLQOFAKPBJCIHEN","HQ","MGPCFN","OQ","KRAQJC","DB","JRALHDQGCEMKIPNBFO","HDJ","AMCRH","HIPQGNCEBDLR","DLQKF","INQ","MFPA","NAKGCQM","HQJ","JRK","IRFL","KMRLNBJIHEQ","PIALQGHJDE","PBRLOA"],"Placements":[[{"Id":65,"V":10,"NV":10,"TB":0},{"Id":73,"V":9,"NV":9,"TB":0},{"Id":72,"V":8,"NV":8,"TB":0},{"Id":68,"V":7,"NV":7,"TB":0},{"Id":69,"V":7,"NV":7,"TB":0},{"Id":81,"V":7,"NV":7,"TB":0},{"Id":76,"V":6,"NV":6,"TB":0},{"Id":77,"V":6,"NV":6,"TB":0},{"Id":78,"V":6,"NV":6,"TB":0},{"Id":66,"V":5,"NV":5,"TB":0},{"Id":74,"V":5,"NV":5,"TB":0},{"Id":80,"V":5,"NV":5,"TB":0},{"Id":71,"V":4,"NV":4,"TB":0},{"Id":75,"V":4,"NV":4,"TB":0},{"Id":67,"V":3,"NV":3,"TB":0},{"Id":70,"V":3,"NV":3,"TB":0},{"Id":79,"V":3,"NV":3,"TB":0},{"Id":82,"V":2,"NV":2,"TB":0}],[{"Id":65,"V":10,"NV":0,"TB":0},{"Id":73,"V":9,"NV":0,"TB":0},{"Id":72,"V":8,"NV":0,"TB":0},{"Id":68,"V":7,"NV":0,"TB":0},{"Id":69,"V":7,"NV":0,"TB":0},{"Id":81,"V":7,"NV":0,"TB":0},{"Id":76,"V":6,"NV":0,"TB":0},{"Id":77,"V":6,"NV":0,"TB":0},{"Id":78,"V":6,"NV":0,"TB":0},{"Id":66,"V":5,"NV":0,"TB":0},{"Id":74,"V":5,"NV":0,"TB":0},{"Id":80,"V":5,"NV":0,"TB":0},{"Id":71,"V":4,"NV":0,"TB":0},{"Id":75,"V":4,"NV":0,"TB":0},{"Id":67,"V":3,"NV":0,"TB":0},{"Id":70,"V":3,"NV":0,"TB":0},{"Id":79,"V":3,"NV":0,"TB":1}],[{"Id":65,"V":10,"NV":0,"TB":0},{"Id":73,"V":9,"NV":0,"TB":0},{"Id":72,"V":8,"NV":0,"TB":0},{"Id":81,"V":8,"NV":1,"TB":0},{"Id":68,"V":7,"NV":0,"TB":0},{"Id":69,"V":7,"NV":0,"TB":0},{"Id":77,"V":7,"NV":1,"TB":0},{"Id":76,"V":6,"NV":0,"TB":0},{"Id":78,"V":6,"NV":0,"TB":0},{"Id":66,"V":5,"NV":0,"TB":0},{"Id":74,"V":5,"NV":0,"TB":0},{"Id":80,"V":5,"NV":0,"TB":0},{"Id":67,"V":4,"NV":1,"TB":0},{"Id":71,"V":4,"NV":0,"TB":0},{"Id":75,"V":4,"NV":0,"TB":0},{"Id":70,"V":3,"NV":0,"TB":0}],[{"Id":65,"V":10,"NV":0,"TB":0},{"Id":73,"V":9,"NV":0,"TB":0},{"Id":72,"V":8,"NV":0,"TB":0},{"Id":81,"V":8,"NV":0,"TB":0},{"Id":68,"V":7,"NV":0,"TB":0},{"Id":69,"V":7,"NV":0,"TB":0},{"Id":77,"V":7,"NV":0,"TB":0},{"Id":66,"V":6,"NV":1,"TB":0},{"Id":74,"V":6,"NV":1,"TB":0},{"Id":76,"V":6,"NV":0,"TB":0},{"Id":78,"V":6,"NV":0,"TB":0},{"Id":71,"V":5,"NV":1,"TB":0},{"Id":80,"V":5,"NV":0,"TB":0},{"Id":67,"V":4,"NV":0,"TB":0},{"Id":75,"V":4,"NV":0,"TB":1}],[{"Id":65,"V":11,"NV":1,"TB":0},{"Id":73,"V":9,"NV":0,"TB":0},{"Id":72,"V":8,"NV":0,"TB":0},{"Id":77,"V":8,"NV":1,"TB":0},{"Id":81,"V":8,"NV":0,"TB":0},{"Id":68,"V":7,"NV":0,"TB":0},{"Id":69,"V":7,"NV":0,"TB":0},{"Id":74,"V":7,"NV":1,"TB":0},{"Id":76,"V":7,"NV":1,"TB":0},{"Id":66,"V":6,"NV":0,"TB":0},{"Id":78,"V":6,"NV":0,"TB":0},{"Id":71,"V":5,"NV":0,"TB":0},{"Id":80,"V":5,"NV":0,"TB":0},{"Id":67,"V":4,"NV":0,"TB":0}],[{"Id":65,"V":11,"NV":0,"TB":0},{"Id":72,"V":9,"NV":1,"TB":0},{"Id":73,"V":9,"NV":0,"TB":0},{"Id":76,"V":9,"NV":2,"TB":0},{"Id":77,"V":9,"NV":1,"TB":0},{"Id":81,"V":8,"NV":0,"TB":0},{"Id":68,"V":7,"NV":0,"TB":0},{"Id":69,"V":7,"NV":0,"TB":0},{"Id":74,"V":7,"NV":0,"TB":0},{"Id":66,"V":6,"NV":0,"TB":0},{"Id":78,"V":6,"NV":0,"TB":0},{"Id":80,"V":5,"NV":0,"TB":0},{"Id":71,"V":5,"NV":0,"TB":2}],[{"Id":65,"V":12,"NV":1,"TB":0},{"Id":72,"V":9,"NV":0,"TB":0},{"Id":73,"V":9,"NV":0,"TB":0},{"Id":76,"V":9,"NV":0,"TB":0},{"Id":77,"V":9,"NV":0,"TB":0},{"Id":81,"V":9,"NV":1,"TB":0},{"Id":78,"V":8,"NV":2,"TB":0},{"Id":66,"V":7,"NV":1,"TB":0},{"Id":68,"V":7,"NV":0,"TB":0},{"Id":69,"V":7,"NV":0,"TB":0},{"Id":74,"V":7,"NV":0,"TB":0},{"Id":80,"V":5,"NV":0,"TB":0}],[{"Id":65,"V":12,"NV":0,"TB":0},{"Id":72,"V":10,"NV":1,"TB":0},{"Id":73,"V":10,"NV":1,"TB":0},{"Id":76,"V":9,"NV":0,"TB":0},{"Id":77,"V":9,"NV":0,"TB":0},{"Id":78,"V":9,"NV":1,"TB":0},{"Id":81,"V":9,"NV":0,"TB":0},{"Id":66,"V":8,"NV":1,"TB":0},{"Id":68,"V":8,"NV":1,"TB":0},{"Id":69,"V":7,"NV":0,"TB":0},{"Id":74,"V":7,"NV":0,"TB":1}],[{"Id":65,"V":15,"NV":3,"TB":0},{"Id":72,"V":10,"NV":0,"TB":0},{"Id":73,"V":10,"NV":0,"TB":0},{"Id":76,"V":10,"NV":1,"TB":0},{"Id":78,"V":10,"NV":1,"TB":0},{"Id":77,"V":9,"NV":0,"TB":0},{"Id":81,"V":9,"NV":0,"TB":0},{"Id":66,"V":8,"NV":0,"TB":0},{"Id":68,"V":8,"NV":0,"TB":0},{"Id":69,"V":7,"NV":0,"TB":0}],[{"Id":65,"V":15,"NV":0,"TB":0},{"Id":81,"V":12,"NV":3,"TB":0},{"Id":66,"V":10,"NV":2,"TB":0},{"Id":72,"V":10,"NV":0,"TB":0},{"Id":73,"V":10,"NV":0,"TB":0},{"Id":76,"V":10,"NV":0,"TB":0},{"Id":78,"V":10,"NV":0,"TB":0},{"Id":77,"V":9,"NV":0,"TB":0},{"Id":68,"V":9,"NV":1,"TB":2}],[{"Id":65,"V":15,"NV":0,"TB":0},{"Id":66,"V":14,"NV":4,"TB":0},{"Id":81,"V":13,"NV":1,"TB":0},{"Id":72,"V":12,"NV":2,"TB":0},{"Id":76,"V":11,"NV":1,"TB":0},{"Id":73,"V":10,"NV":0,"TB":0},{"Id":77,"V":10,"NV":1,"TB":0},{"Id":78,"V":10,"NV":0,"TB":1}],[{"Id":65,"V":19,"NV":4,"TB":0},{"Id":66,"V":15,"NV":1,"TB":0},{"Id":81,"V":14,"NV":1,"TB":0},{"Id":72,"V":12,"NV":0,"TB":0},{"Id":76,"V":12,"NV":1,"TB":0},{"Id":77,"V":11,"NV":1,"TB":0},{"Id":73,"V":10,"NV":0,"TB":0}],[{"Id":65,"V":21,"NV":2,"TB":0},{"Id":81,"V":18,"NV":4,"TB":0},{"Id":66,"V":15,"NV":0,"TB":0},{"Id":76,"V":14,"NV":2,"TB":0},{"Id":72,"V":13,"NV":1,"TB":0},{"Id":77,"V":12,"NV":1,"TB":0}],[{"Id":65,"V":22,"NV":1,"TB":0},{"Id":81,"V":20,"NV":2,"TB":0},{"Id":66,"V":18,"NV":3,"TB":0},{"Id":76,"V":17,"NV":3,"TB":0},{"Id":72,"V":14,"NV":1,"TB":0}],[{"Id":65,"V":24,"NV":2,"TB":0},{"Id":81,"V":24,"NV":4,"TB":0},{"Id":66,"V":23,"NV":5,"TB":0},{"Id":76,"V":18,"NV":1,"TB":0}],[{"Id":66,"V":31,"NV":8,"TB":0},{"Id":81,"V":28,"NV":4,"TB":0},{"Id":65,"V":24,"NV":0,"TB":0}],[{"Id":81,"V":38,"NV":10,"TB":0},{"Id":66,"V":36,"NV":5,"TB":0}],[{"Id":81,"V":58,"NV":20,"TB":0}]],"Expires":1523841822,"SecondsLeft":0}