{"Mtype":"results","Title":"Round 5","PollStarted":"2018-05-13T22:09:12.484895799Z","PollDuration":300000000000,"Options":{"65":"Trace visits Nora for mother's day who is inundated with gifts from all her dragon children.","66":"Reni takes Zen and Raine on a moon lit ride above the clouds. Wolves are heavy.","67":"Kat snuggling up to Zen on a cold day.","68":"Karaoke night at the estate. Who's the best, who's the worst, who secretly loves death metal? ","69":"Eric convinces Iris and her friend to pose for a painting. (The tigresses from page 900)","70":"Flora having trouble seeing Tiger Trace while they are out on a winter walk.","71":"A hungover Red wakes up to find Sythe and Zen snuggling him","72":"Nora turns Laura into a dragon, Keith is confused","73":"Trace, Flora, Keith and Nathani rob a bank like a characters from PayDay","74":"Natani wielding the axe of god of war with kieth in the side lines with a bow","75":"Raine as Aya Brea from Parasite Eve","76":"Rose fresh out of bed, not dressed yet, still tired, irritable about all the people","77":"In an alternate universe, Natani and Adelaide fall in love with each other and get married!","78":"Roberto the happy crab meets the collar of Keidranification","79":"Zen and Natani get to meet their parents again","80":"Zen playing Go-Fish with Youngtani and Natani","81":"Red catching Maren spying on Sythe, much to Maren's chagrin."},"ExpectedBallots":135,"CountedBallots":135,"Ballots":["GL","BNPO","DMLNFC","FCIAPMOEJDHQNKLGB","QCE","FBLAECQOG","HFOGJPCAQILMEBNDK","CAIJ","IQNDAH","E","CQM","COLGPJEQMI","EDINMPGHOLFQBAJKC","GMFE","CO","FCEHLNQGM","GN","LCAEM","MNQDL","HF","OFJPD","D","CQD","GA","GMQ","PMINOFLGQDCBKJAHE","CE","EOM","ELMFG","GABHQFNMJELPD","ECGBHQLMAFPO","LCQJFDPNEGOHKBIAM","CELHBAQDJF","FAJHCGLBIOE","H","AHKPOFEDQNCGLIJBM","DIPCF","FJNAIQGE","PCMIJ","IHAN","NIOF","ONF","MJEI","LQGAOD","NFQLJGAH","CJDFOA","PDACJFLGEINMBHQKO","J","DJGNLEKFQMCIAPBOH","FKJN","LDAOECMPQNGFBHJIK","F","AHFIM","POI","F","OJNPGB","OCEAN","","GCADNEI","DL","FIAEGH","GMAECLPFQDHBNOJIK","CKHLAF","NFHAGBDOMLJCPKEIQ","NO","CLDOGM","JGEMNC","","PJBGH","O","LNHCFAE","AICHOEF","HNAKG","EC","FGLDMOBE","ENCH","NMHA","","GHDBFN","GDLMIQ","CDBAEL","HDOMFPJLABIEG","CE","QD","HOPILEFD","GFBAOHJ","FMAHPGC","JOMPIHLBDANGQKEFC","CDLPEON","HDCFELOGJ","IJBFH","OGL","OMHE","FLGC","LPMA","JLOM","H","CDLOHQPN","GLQO","ELOJCQGDN","OPMLCHA","HJOLA","QEMAFPD","CDFMOGE","CHEDP","DPACBOHEMJLQFGIKN","DCLMPAQGIFOJBHNEK","BGPF","K","","DMBAFOJLGIHQPENKC","JFDNHAEMI","ELMDQA","LFCBEHNG","LC","EQLCB","NLED","GQDLCKPBEHOAIFJM","MCL","FHBAO","","DELGCBO","OLHJ","CIONPAFGQBLEDJHKM","EKCN","E","CFEDHILAPG","","NJQAC","DQCMBOAIFELHPJKG","MEOFJLBQCKHAD","E","NCAIDFJGMOBEKQLHP","EAF","FPNLIQBGJE"],"Placements":[[{"Id":67,"V":18,"NV":18,"TB":0},{"Id":69,"V":14,"NV":14,"TB":0},{"Id":70,"V":14,"NV":14,"TB":0},{"Id":71,"V":13,"NV":13,"TB":0},{"Id":68,"V":10,"NV":10,"TB":0},{"Id":72,"V":9,"NV":9,"TB":0},{"Id":79,"V":9,"NV":9,"TB":0},{"Id":76,"V":8,"NV":8,"TB":0},{"Id":78,"V":8,"NV":8,"TB":0},{"Id":74,"V":5,"NV":5,"TB":0},{"Id":80,"V":5,"NV":5,"TB":0},{"Id":77,"V":4,"NV":4,"TB":0},{"Id":65,"V":3,"NV":3,"TB":0},{"Id":73,"V":3,"NV":3,"TB":0},{"Id":81,"V":3,"NV":3,"TB":0},{"Id":66,"V":2,"NV":2,"TB":0},{"Id":75,"V":1,"NV":1,"TB":0}],[{"Id":67,"V":18,"NV":0,"TB":0},{"Id":69,"V":14,"NV":0,"TB":0},{"Id":70,"V":14,"NV":0,"TB":0},{"Id":71,"V":13,"NV":0,"TB":0},{"Id":68,"V":10,"NV":0,"TB":0},{"Id":72,"V":9,"NV":0,"TB":0},{"Id":79,"V":9,"NV":0,"TB":0},{"Id":76,"V":8,"NV":0,"TB":0},{"Id":78,"V":8,"NV":0,"TB":0},{"Id":74,"V":5,"NV":0,"TB":0},{"Id":80,"V":5,"NV":0,"TB":0},{"Id":77,"V":4,"NV":0,"TB":0},{"Id":65,"V":3,"NV":0,"TB":0},{"Id":73,"V":3,"NV":0,"TB":0},{"Id":81,"V":3,"NV":0,"TB":0},{"Id":66,"V":2,"NV":0,"TB":0}],[{"Id":67,"V":18,"NV":0,"TB":0},{"Id":69,"V":14,"NV":0,"TB":0},{"Id":70,"V":14,"NV":0,"TB":0},{"Id":71,"V":14,"NV":1,"TB":0},{"Id":68,"V":10,"NV":0,"TB":0},{"Id":72,"V":9,"NV":0,"TB":0},{"Id":78,"V":9,"NV":1,"TB":0},{"Id":79,"V":9,"NV":0,"TB":0},{"Id":76,"V":8,"NV":0,"TB":0},{"Id":74,"V":5,"NV":0,"TB":0},{"Id":80,"V":5,"NV":0,"TB":0},{"Id":77,"V":4,"NV":0,"TB":0},{"Id":65,"V":3,"NV":0,"TB":0},{"Id":81,"V":3,"NV":0,"TB":0},{"Id":73,"V":3,"NV":0,"TB":2}],[{"Id":67,"V":18,"NV":0,"TB":0},{"Id":69,"V":14,"NV":0,"TB":0},{"Id":70,"V":14,"NV":0,"TB":0},{"Id":71,"V":14,"NV":0,"TB":0},{"Id":68,"V":10,"NV":0,"TB":0},{"Id":72,"V":10,"NV":1,"TB":0},{"Id":78,"V":9,"NV":0,"TB":0},{"Id":79,"V":9,"NV":0,"TB":0},{"Id":76,"V":8,"NV":0,"TB":0},{"Id":74,"V":6,"NV":1,"TB":0},{"Id":80,"V":5,"NV":0,"TB":0},{"Id":77,"V":4,"NV":0,"TB":0},{"Id":81,"V":4,"NV":1,"TB":0},{"Id":65,"V":3,"NV":0,"TB":0}],[{"Id":67,"V":19,"NV":1,"TB":0},{"Id":69,"V":14,"NV":0,"TB":0},{"Id":70,"V":14,"NV":0,"TB":0},{"Id":71,"V":14,"NV":0,"TB":0},{"Id":72,"V":12,"NV":2,"TB":0},{"Id":68,"V":10,"NV":0,"TB":0},{"Id":78,"V":9,"NV":0,"TB":0},{"Id":79,"V":9,"NV":0,"TB":0},{"Id":76,"V":8,"NV":0,"TB":0},{"Id":74,"V":6,"NV":0,"TB":0},{"Id":80,"V":5,"NV":0,"TB":0},{"Id":81,"V":4,"NV":0,"TB":0},{"Id":77,"V":4,"NV":0,"TB":2}],[{"Id":67,"V":20,"NV":1,"TB":0},{"Id":69,"V":15,"NV":1,"TB":0},{"Id":70,"V":14,"NV":0,"TB":0},{"Id":71,"V":14,"NV":0,"TB":0},{"Id":72,"V":12,"NV":0,"TB":0},{"Id":68,"V":10,"NV":0,"TB":0},{"Id":78,"V":10,"NV":1,"TB":0},{"Id":79,"V":9,"NV":0,"TB":0},{"Id":76,"V":8,"NV":0,"TB":0},{"Id":74,"V":7,"NV":1,"TB":0},{"Id":80,"V":5,"NV":0,"TB":0},{"Id":81,"V":4,"NV":0,"TB":0}],[{"Id":67,"V":21,"NV":1,"TB":0},{"Id":69,"V":16,"NV":1,"TB":0},{"Id":70,"V":14,"NV":0,"TB":0},{"Id":71,"V":14,"NV":0,"TB":0},{"Id":72,"V":12,"NV":0,"TB":0},{"Id":68,"V":11,"NV":1,"TB":0},{"Id":78,"V":11,"NV":1,"TB":0},{"Id":79,"V":9,"NV":0,"TB":0},{"Id":76,"V":8,"NV":0,"TB":0},{"Id":74,"V":7,"NV":0,"TB":0},{"Id":80,"V":5,"NV":0,"TB":0}],[{"Id":67,"V":22,"NV":1,"TB":0},{"Id":69,"V":16,"NV":0,"TB":0},{"Id":70,"V":14,"NV":0,"TB":0},{"Id":71,"V":14,"NV":0,"TB":0},{"Id":68,"V":12,"NV":1,"TB":0},{"Id":72,"V":12,"NV":0,"TB":0},{"Id":78,"V":12,"NV":1,"TB":0},{"Id":79,"V":10,"NV":1,"TB":0},{"Id":74,"V":8,"NV":1,"TB":0},{"Id":76,"V":8,"NV":0,"TB":1}],[{"Id":67,"V":25,"NV":3,"TB":0},{"Id":69,"V":16,"NV":0,"TB":0},{"Id":70,"V":15,"NV":1,"TB":0},{"Id":71,"V":15,"NV":1,"TB":0},{"Id":68,"V":13,"NV":1,"TB":0},{"Id":78,"V":13,"NV":1,"TB":0},{"Id":72,"V":12,"NV":0,"TB":0},{"Id":79,"V":10,"NV":0,"TB":0},{"Id":74,"V":8,"NV":0,"TB":0}],[{"Id":67,"V":25,"NV":0,"TB":0},{"Id":69,"V":17,"NV":1,"TB":0},{"Id":70,"V":17,"NV":2,"TB":0},{"Id":71,"V":17,"NV":2,"TB":0},{"Id":68,"V":13,"NV":0,"TB":0},{"Id":78,"V":13,"NV":0,"TB":0},{"Id":79,"V":12,"NV":2,"TB":0},{"Id":72,"V":12,"NV":0,"TB":2}],[{"Id":67,"V":25,"NV":0,"TB":0},{"Id":70,"V":20,"NV":3,"TB":0},{"Id":69,"V":17,"NV":0,"TB":0},{"Id":71,"V":17,"NV":0,"TB":0},{"Id":68,"V":15,"NV":2,"TB":0},{"Id":79,"V":15,"NV":3,"TB":0},{"Id":78,"V":15,"NV":2,"TB":2}],[{"Id":67,"V":28,"NV":3,"TB":0},{"Id":70,"V":22,"NV":2,"TB":0},{"Id":79,"V":19,"NV":4,"TB":0},{"Id":69,"V":18,"NV":1,"TB":0},{"Id":71,"V":18,"NV":1,"TB":0},{"Id":68,"V":17,"NV":2,"TB":0}],[{"Id":67,"V":34,"NV":6,"TB":0},{"Id":70,"V":24,"NV":2,"TB":0},{"Id":79,"V":21,"NV":2,"TB":0},{"Id":71,"V":19,"NV":1,"TB":0},{"Id":69,"V":19,"NV":1,"TB":2}],[{"Id":67,"V":39,"NV":5,"TB":0},{"Id":70,"V":27,"NV":3,"TB":0},{"Id":79,"V":24,"NV":3,"TB":0},{"Id":71,"V":21,"NV":2,"TB":0}],[{"Id":67,"V":44,"NV":5,"TB":0},{"Id":70,"V":33,"NV":6,"TB":0},{"Id":79,"V":27,"NV":3,"TB":0}],[{"Id":67,"V":48,"NV":4,"TB":0},{"Id":70,"V":43,"NV":10,"TB":0}],[{"Id":67,"V":65,"NV":17,"TB":0}]],"Expires":1526249953,"SecondsLeft":0}