{"Mtype":"results","Title":"Round 7","PollStarted":"2018-11-26T00:54:03.366622912Z","PollDuration":300000000000,"Options":{"65":"What if: Sealeen \u0026 Lynn family portrait","66":"Mike and Evals meet Mike's evil (and female) twin","67":"Zen carries drunk Kat back in his arms","68":"Kat, after all those massages, decides to take a break \u0026 chills in her room, reading a book with her plushies.","69":"Krystal in full Assault gear ready for combat","70":"The world of Twokinds taking place in the old west.","71":"Happ-e-crab in \"How to train your seagull\" movie poster.","72":"Kessah from Hunters of Salamanstra meets Natani, wolf warriors","73":"Thanksgiving eating contest, Flora vs Natani.","74":"Maren on the run from Mrs Nibbly after the last Mistletoe incident!","75":"Kat blow drying Keith and he suddenly floofs out in a big fluffball","76":"Twokinds X Castlevania Crossover","77":"Hiccup Zen and Toothless Nora (How to Train Your Dragon)","78":"Raine, Sam, and Ember gossip over a book club meeting brunch about their favorite novels.","79":"Keith doing pushups with Natani sitting on top of him while being smug about it","80":"Kathrin and Adira bathing in a natural hot spring.","81":"Sealeen chairing a meeting of the 'Trace fanclub'."},"ExpectedBallots":97,"CountedBallots":97,"Ballots":["CIBPKQMLAFHDNOEJG","NGMP","BNHIO","KPCB","BJ","BNOKIJCFPDGQ","POCK","JCBP","NOB","N","MG","HCOPNI","IQ","FEJGLDAPIQ","QPAIGBJKFNCDMLEOH","BCOIMJ","O","JCMK","OKDJIQBPANFGCMHEL","N","GPCKJOANDFQMIBEL","QDHA","ICPO","KOCIJMLDFANEGQPB","JOBHQGCANPEMILDFK","C","APIOJEF","P","IOQAENJC","BPJFD","B","CAPJFOE","AFOJ","CBPJOD","MANQOGJFCPI","CIO","LIFDONEM","HNF","MIFLCJKOBGPDAEQH","NFJLODBMQKIPAGHEC","ONJCQIBDEF","PAIEC","PE","AOEPCFLIJBHNGQDMK","FDKO","CBPOKDJNGIELAQHFM","OKIFA","MFCD","DIQ","BOPDIKNECQJGHALMF","IPJEAKFOLDGN","NJFMKIG","DCQ","IBDFC","NJLBEQADMG","QFENO","PNBDCJA","IKMLGF","P","PKGJOADHNQLMIFEB","QFAJDICPMNELB","GN","COKPF","NOIJ","BNFILQAMODKEHJPCG","OK","APJBC","NPDEOMC","BIDC","KCDOJFPIBAMEGNLHQ","IAFCBNK","NCJFBH","MGONHBLICKEFPJQDA","OCFHDQLIPEGMBAJKN","NJCHFKBPIDLEO","EPKIGNJ","E","CJBPFEDO","DB","C","HP","BPDCKM","PC","KIFJGODNQMH","PCED","NPFEGIJ","PC","AJPD","CPBEDAFKMNOJILHQG","PDLCE","OKF","FP","BJCQANPFIDLEKOMGH","NOAJG","IOJ","PECFOBHI",""],"Placements":[[{"Id":78,"V":13,"NV":13,"TB":0},{"Id":80,"V":12,"NV":12,"TB":0},{"Id":66,"V":11,"NV":11,"TB":0},{"Id":67,"V":10,"NV":10,"TB":0},{"Id":73,"V":8,"NV":8,"TB":0},{"Id":79,"V":7,"NV":7,"TB":0},{"Id":65,"V":5,"NV":5,"TB":0},{"Id":77,"V":5,"NV":5,"TB":0},{"Id":75,"V":4,"NV":4,"TB":0},{"Id":81,"V":4,"NV":4,"TB":0},{"Id":68,"V":3,"NV":3,"TB":0},{"Id":70,"V":3,"NV":3,"TB":0},{"Id":72,"V":3,"NV":3,"TB":0},{"Id":74,"V":3,"NV":3,"TB":0},{"Id":69,"V":2,"NV":2,"TB":0},{"Id":71,"V":2,"NV":2,"TB":0},{"Id":76,"V":1,"NV":1,"TB":0}],[{"Id":78,"V":13,"NV":0,"TB":0},{"Id":80,"V":12,"NV":0,"TB":0},{"Id":66,"V":11,"NV":0,"TB":0},{"Id":67,"V":10,"NV":0,"TB":0},{"Id":73,"V":9,"NV":1,"TB":0},{"Id":79,"V":7,"NV":0,"TB":0},{"Id":65,"V":5,"NV":0,"TB":0},{"Id":77,"V":5,"NV":0,"TB":0},{"Id":75,"V":4,"NV":0,"TB":0},{"Id":81,"V":4,"NV":0,"TB":0},{"Id":68,"V":3,"NV":0,"TB":0},{"Id":70,"V":3,"NV":0,"TB":0},{"Id":72,"V":3,"NV":0,"TB":0},{"Id":74,"V":3,"NV":0,"TB":0},{"Id":71,"V":2,"NV":0,"TB":0},{"Id":69,"V":2,"NV":0,"TB":2}],[{"Id":78,"V":13,"NV":0,"TB":0},{"Id":80,"V":13,"NV":1,"TB":0},{"Id":66,"V":11,"NV":0,"TB":0},{"Id":67,"V":10,"NV":0,"TB":0},{"Id":73,"V":9,"NV":0,"TB":0},{"Id":79,"V":7,"NV":0,"TB":0},{"Id":65,"V":5,"NV":0,"TB":0},{"Id":77,"V":5,"NV":0,"TB":0},{"Id":75,"V":4,"NV":0,"TB":0},{"Id":81,"V":4,"NV":0,"TB":0},{"Id":68,"V":3,"NV":0,"TB":0},{"Id":70,"V":3,"NV":0,"TB":0},{"Id":72,"V":3,"NV":0,"TB":0},{"Id":74,"V":3,"NV":0,"TB":0},{"Id":71,"V":2,"NV":0,"TB":0}],[{"Id":78,"V":14,"NV":1,"TB":0},{"Id":80,"V":14,"NV":1,"TB":0},{"Id":66,"V":11,"NV":0,"TB":0},{"Id":67,"V":10,"NV":0,"TB":0},{"Id":73,"V":9,"NV":0,"TB":0},{"Id":79,"V":7,"NV":0,"TB":0},{"Id":65,"V":5,"NV":0,"TB":0},{"Id":77,"V":5,"NV":0,"TB":0},{"Id":75,"V":4,"NV":0,"TB":0},{"Id":81,"V":4,"NV":0,"TB":0},{"Id":68,"V":3,"NV":0,"TB":0},{"Id":72,"V":3,"NV":0,"TB":0},{"Id":74,"V":3,"NV":0,"TB":0},{"Id":70,"V":3,"NV":0,"TB":3}],[{"Id":80,"V":15,"NV":1,"TB":0},{"Id":78,"V":14,"NV":0,"TB":0},{"Id":66,"V":11,"NV":0,"TB":0},{"Id":67,"V":10,"NV":0,"TB":0},{"Id":73,"V":9,"NV":0,"TB":0},{"Id":79,"V":7,"NV":0,"TB":0},{"Id":65,"V":5,"NV":0,"TB":0},{"Id":77,"V":5,"NV":0,"TB":0},{"Id":68,"V":4,"NV":1,"TB":0},{"Id":74,"V":4,"NV":1,"TB":0},{"Id":75,"V":4,"NV":0,"TB":0},{"Id":81,"V":4,"NV":0,"TB":0},{"Id":72,"V":3,"NV":0,"TB":0}],[{"Id":80,"V":16,"NV":1,"TB":0},{"Id":78,"V":15,"NV":1,"TB":0},{"Id":66,"V":11,"NV":0,"TB":0},{"Id":67,"V":11,"NV":1,"TB":0},{"Id":73,"V":9,"NV":0,"TB":0},{"Id":79,"V":7,"NV":0,"TB":0},{"Id":65,"V":5,"NV":0,"TB":0},{"Id":77,"V":5,"NV":0,"TB":0},{"Id":68,"V":4,"NV":0,"TB":0},{"Id":75,"V":4,"NV":0,"TB":0},{"Id":81,"V":4,"NV":0,"TB":0},{"Id":74,"V":4,"NV":0,"TB":3}],[{"Id":80,"V":16,"NV":0,"TB":0},{"Id":78,"V":15,"NV":0,"TB":0},{"Id":67,"V":13,"NV":2,"TB":0},{"Id":66,"V":11,"NV":0,"TB":0},{"Id":73,"V":9,"NV":0,"TB":0},{"Id":79,"V":8,"NV":1,"TB":0},{"Id":65,"V":5,"NV":0,"TB":0},{"Id":68,"V":5,"NV":1,"TB":0},{"Id":77,"V":5,"NV":0,"TB":0},{"Id":81,"V":4,"NV":0,"TB":0},{"Id":75,"V":4,"NV":0,"TB":2}],[{"Id":80,"V":17,"NV":1,"TB":0},{"Id":78,"V":15,"NV":0,"TB":0},{"Id":67,"V":14,"NV":1,"TB":0},{"Id":66,"V":11,"NV":0,"TB":0},{"Id":73,"V":10,"NV":1,"TB":0},{"Id":79,"V":9,"NV":1,"TB":0},{"Id":65,"V":5,"NV":0,"TB":0},{"Id":68,"V":5,"NV":0,"TB":0},{"Id":77,"V":5,"NV":0,"TB":0},{"Id":81,"V":4,"NV":0,"TB":0}],[{"Id":80,"V":18,"NV":1,"TB":0},{"Id":78,"V":16,"NV":1,"TB":0},{"Id":67,"V":14,"NV":0,"TB":0},{"Id":66,"V":11,"NV":0,"TB":0},{"Id":73,"V":10,"NV":0,"TB":0},{"Id":79,"V":9,"NV":0,"TB":0},{"Id":65,"V":6,"NV":1,"TB":0},{"Id":68,"V":6,"NV":1,"TB":0},{"Id":77,"V":5,"NV":0,"TB":0}],[{"Id":80,"V":18,"NV":0,"TB":0},{"Id":78,"V":16,"NV":0,"TB":0},{"Id":67,"V":15,"NV":1,"TB":0},{"Id":66,"V":11,"NV":0,"TB":0},{"Id":73,"V":11,"NV":1,"TB":0},{"Id":79,"V":10,"NV":1,"TB":0},{"Id":65,"V":7,"NV":1,"TB":0},{"Id":68,"V":6,"NV":0,"TB":0}],[{"Id":80,"V":18,"NV":0,"TB":0},{"Id":67,"V":16,"NV":1,"TB":0},{"Id":78,"V":16,"NV":0,"TB":0},{"Id":66,"V":12,"NV":1,"TB":0},{"Id":73,"V":12,"NV":1,"TB":0},{"Id":79,"V":11,"NV":1,"TB":0},{"Id":65,"V":9,"NV":2,"TB":0}],[{"Id":80,"V":22,"NV":4,"TB":0},{"Id":78,"V":17,"NV":1,"TB":0},{"Id":67,"V":16,"NV":0,"TB":0},{"Id":73,"V":13,"NV":1,"TB":0},{"Id":79,"V":13,"NV":2,"TB":0},{"Id":66,"V":12,"NV":0,"TB":0}],[{"Id":80,"V":24,"NV":2,"TB":0},{"Id":78,"V":20,"NV":3,"TB":0},{"Id":67,"V":18,"NV":2,"TB":0},{"Id":73,"V":14,"NV":1,"TB":0},{"Id":79,"V":14,"NV":1,"TB":1}],[{"Id":80,"V":26,"NV":2,"TB":0},{"Id":78,"V":22,"NV":2,"TB":0},{"Id":67,"V":21,"NV":3,"TB":0},{"Id":73,"V":16,"NV":2,"TB":0}],[{"Id":80,"V":28,"NV":2,"TB":0},{"Id":67,"V":27,"NV":6,"TB":0},{"Id":78,"V":25,"NV":3,"TB":0}],[{"Id":67,"V":34,"NV":7,"TB":0},{"Id":80,"V":33,"NV":5,"TB":0}],[{"Id":67,"V":53,"NV":19,"TB":0}]],"Expires":1543194245,"SecondsLeft":0}