{"Mtype":"results","Title":"Round (4/4)","PollStarted":"2018-02-05T00:02:59.13389103Z","PollDuration":300000000000,"Options":{"65":"Alaric is bestowed the title of General by King Adelaide","66":"Katini follow up: Natani inexplicably stuck in a giant half-full beer bottle","67":"The cast as Night in the Woods characters","68":"Re-sketch of “don’t be shy” (Keith) from comicon","69":"Trace and Flora’s first meeting in an alt universe where keidran \u0026 humans are swapped","70":"Flora, Trace, Kat, Keith and Natani as Power Rangers!","71":"Nibbly rocking out to some metal. \\m/","72":"Zen gives Raine a piggy back ride, while they hike down a trail. ","73":"Winter Coat Tigress Trace being hugged by Flora","74":"Flora Mood Swing Chart: Sad, Jealous,Angry, Happy, Seductive,bored, and hungry","75":"A follow up of Clovis as peach with Carver dressed as Mario to go save him (her? xd)","76":"Nibbly gets a small pile of acorns and is ecstatic.","77":"Katrin making plush toys with TK characters.","78":"The main gang all dwarfed in size by the Planeswalker dragon, Nicol Bolas (MagicTG)","79":"King Adelaide bring Zen \u0026 Natani as cubs to give their Christmas list to \"Santa\"","80":"Advanced laziness; young trace uses magic to do his chores","81":"Captain Zen and First Mate Raine meet the Seadogs (Captain Evals and First Mate Mike)"},"ExpectedBallots":113,"CountedBallots":113,"Ballots":["HQGO","NEAPIM","QHMLGDPI","CFNPEDKA","JAMEP","CAMN","O","O","G","OKQDFEGAMH","EKNP","JPAMOE","FKG","OJAB","O","JFECDI","LJOGCFADB","BHDAMKQPI","HILFMJKQ","BILEOJGM","LFPC","BM","IAOJHP","IHDEQACJGFLNKPBMO","PLKABQG","AEJQO","EJ","JMI","AQPOEJBGMHCNDKL","FCEAQMKJPGIHLNDBO","ENPAFQJIKBHCDMGOL","IEFPACKOMQHNLGBDJ","IEJM","BI","LEJIOAPMKG","AEIHK","MFK","JEMBPAOGDIKHQLFNC","NFJCLIMG","JEPLMCNA","EBMJ","QPDFHK","HIMEALBFJPOKDQG","P","OAE","Q","FGBPJ","DBMFA","BJGLK","P","POE","LHJ","PQHGN","B","EF","BQEP","GAPLO","BMPFQOLEJIKHGD","AJKBFD","IJDH","","JMIQB","QIKGEJLPBM","E","IPFEJOHLM","QLMGAH","MBKPJEOQHIALDF","AMFBK","KOCIPLJHMGFBNQEDA","MKQIF","QHM","HE","LMBHNJOGQF","LOQBMJ","BMFKO","GLJ","KBMDJLOQ","MJHDOIEFQPBGAKCLN","IAJPMFLCNBQDGHOKE","POFBKIGJD","CDFGQIAEOJHPMBKLN","GEIAPKF","GQMFI","JDBGMOFILQKA","GBLC","IEC","LBJMKGI","FEPDACK","QCBP","OM","PC","PG","","OBFN","BPLMNEIHGFQJ","CHPGAQLI","DJHKQMLIBF","FMHJBQPODNKI","M","M","M","M","FAPJOMKEC","M","M","M","M","M","M","JEPLMCNA","M","M","DBMFACONI"],"Placements":[[{"Id":77,"V":16,"NV":16,"TB":0},{"Id":66,"V":10,"NV":10,"TB":0},{"Id":74,"V":9,"NV":9,"TB":0},{"Id":73,"V":8,"NV":8,"TB":0},{"Id":79,"V":8,"NV":8,"TB":0},{"Id":80,"V":8,"NV":8,"TB":0},{"Id":76,"V":7,"NV":7,"TB":0},{"Id":81,"V":7,"NV":7,"TB":0},{"Id":69,"V":6,"NV":6,"TB":0},{"Id":70,"V":6,"NV":6,"TB":0},{"Id":71,"V":6,"NV":6,"TB":0},{"Id":65,"V":5,"NV":5,"TB":0},{"Id":67,"V":4,"NV":4,"TB":0},{"Id":72,"V":4,"NV":4,"TB":0},{"Id":68,"V":3,"NV":3,"TB":0},{"Id":78,"V":2,"NV":2,"TB":0},{"Id":75,"V":2,"NV":2,"TB":2}],[{"Id":77,"V":16,"NV":0,"TB":0},{"Id":66,"V":11,"NV":1,"TB":0},{"Id":74,"V":9,"NV":0,"TB":0},{"Id":79,"V":9,"NV":1,"TB":0},{"Id":73,"V":8,"NV":0,"TB":0},{"Id":80,"V":8,"NV":0,"TB":0},{"Id":76,"V":7,"NV":0,"TB":0},{"Id":81,"V":7,"NV":0,"TB":0},{"Id":69,"V":6,"NV":0,"TB":0},{"Id":70,"V":6,"NV":0,"TB":0},{"Id":71,"V":6,"NV":0,"TB":0},{"Id":65,"V":5,"NV":0,"TB":0},{"Id":67,"V":4,"NV":0,"TB":0},{"Id":72,"V":4,"NV":0,"TB":0},{"Id":68,"V":3,"NV":0,"TB":0},{"Id":78,"V":2,"NV":0,"TB":0}],[{"Id":77,"V":16,"NV":0,"TB":0},{"Id":66,"V":11,"NV":0,"TB":0},{"Id":74,"V":9,"NV":0,"TB":0},{"Id":79,"V":9,"NV":0,"TB":0},{"Id":73,"V":8,"NV":0,"TB":0},{"Id":80,"V":8,"NV":0,"TB":0},{"Id":69,"V":7,"NV":1,"TB":0},{"Id":70,"V":7,"NV":1,"TB":0},{"Id":76,"V":7,"NV":0,"TB":0},{"Id":81,"V":7,"NV":0,"TB":0},{"Id":71,"V":6,"NV":0,"TB":0},{"Id":65,"V":5,"NV":0,"TB":0},{"Id":67,"V":4,"NV":0,"TB":0},{"Id":72,"V":4,"NV":0,"TB":0},{"Id":68,"V":3,"NV":0,"TB":0}],[{"Id":77,"V":16,"NV":0,"TB":0},{"Id":66,"V":13,"NV":2,"TB":0},{"Id":74,"V":10,"NV":1,"TB":0},{"Id":79,"V":9,"NV":0,"TB":0},{"Id":73,"V":8,"NV":0,"TB":0},{"Id":80,"V":8,"NV":0,"TB":0},{"Id":69,"V":7,"NV":0,"TB":0},{"Id":70,"V":7,"NV":0,"TB":0},{"Id":76,"V":7,"NV":0,"TB":0},{"Id":81,"V":7,"NV":0,"TB":0},{"Id":71,"V":6,"NV":0,"TB":0},{"Id":65,"V":5,"NV":0,"TB":0},{"Id":67,"V":4,"NV":0,"TB":0},{"Id":72,"V":4,"NV":0,"TB":1}],[{"Id":77,"V":16,"NV":0,"TB":0},{"Id":66,"V":13,"NV":0,"TB":0},{"Id":73,"V":10,"NV":2,"TB":0},{"Id":74,"V":10,"NV":0,"TB":0},{"Id":79,"V":9,"NV":0,"TB":0},{"Id":69,"V":8,"NV":1,"TB":0},{"Id":80,"V":8,"NV":0,"TB":0},{"Id":81,"V":8,"NV":1,"TB":0},{"Id":70,"V":7,"NV":0,"TB":0},{"Id":76,"V":7,"NV":0,"TB":0},{"Id":71,"V":6,"NV":0,"TB":0},{"Id":65,"V":5,"NV":0,"TB":0},{"Id":67,"V":4,"NV":0,"TB":0}],[{"Id":77,"V":16,"NV":0,"TB":0},{"Id":66,"V":13,"NV":0,"TB":0},{"Id":73,"V":10,"NV":0,"TB":0},{"Id":74,"V":10,"NV":0,"TB":0},{"Id":70,"V":9,"NV":2,"TB":0},{"Id":79,"V":9,"NV":0,"TB":0},{"Id":80,"V":9,"NV":1,"TB":0},{"Id":69,"V":8,"NV":0,"TB":0},{"Id":81,"V":8,"NV":0,"TB":0},{"Id":76,"V":7,"NV":0,"TB":0},{"Id":65,"V":6,"NV":1,"TB":0},{"Id":71,"V":6,"NV":0,"TB":1}],[{"Id":77,"V":16,"NV":0,"TB":0},{"Id":66,"V":14,"NV":1,"TB":0},{"Id":73,"V":10,"NV":0,"TB":0},{"Id":74,"V":10,"NV":0,"TB":0},{"Id":69,"V":9,"NV":1,"TB":0},{"Id":70,"V":9,"NV":0,"TB":0},{"Id":79,"V":9,"NV":0,"TB":0},{"Id":80,"V":9,"NV":0,"TB":0},{"Id":81,"V":9,"NV":1,"TB":0},{"Id":76,"V":8,"NV":1,"TB":0},{"Id":65,"V":7,"NV":1,"TB":0}],[{"Id":77,"V":18,"NV":2,"TB":0},{"Id":66,"V":14,"NV":0,"TB":0},{"Id":69,"V":11,"NV":2,"TB":0},{"Id":74,"V":11,"NV":1,"TB":0},{"Id":73,"V":10,"NV":0,"TB":0},{"Id":80,"V":10,"NV":1,"TB":0},{"Id":81,"V":10,"NV":1,"TB":0},{"Id":70,"V":9,"NV":0,"TB":0},{"Id":79,"V":9,"NV":0,"TB":0},{"Id":76,"V":8,"NV":0,"TB":0}],[{"Id":77,"V":19,"NV":1,"TB":0},{"Id":66,"V":15,"NV":1,"TB":0},{"Id":74,"V":14,"NV":3,"TB":0},{"Id":69,"V":12,"NV":1,"TB":0},{"Id":70,"V":10,"NV":1,"TB":0},{"Id":73,"V":10,"NV":0,"TB":0},{"Id":79,"V":10,"NV":1,"TB":0},{"Id":81,"V":10,"NV":0,"TB":0},{"Id":80,"V":10,"NV":0,"TB":2}],[{"Id":77,"V":19,"NV":0,"TB":0},{"Id":66,"V":16,"NV":1,"TB":0},{"Id":74,"V":14,"NV":0,"TB":0},{"Id":79,"V":13,"NV":3,"TB":0},{"Id":69,"V":12,"NV":0,"TB":0},{"Id":81,"V":12,"NV":2,"TB":0},{"Id":73,"V":10,"NV":0,"TB":0},{"Id":70,"V":10,"NV":0,"TB":2}],[{"Id":77,"V":20,"NV":1,"TB":0},{"Id":66,"V":17,"NV":1,"TB":0},{"Id":74,"V":16,"NV":2,"TB":0},{"Id":69,"V":15,"NV":3,"TB":0},{"Id":79,"V":13,"NV":0,"TB":0},{"Id":81,"V":13,"NV":1,"TB":0},{"Id":73,"V":10,"NV":0,"TB":0}],[{"Id":77,"V":22,"NV":2,"TB":0},{"Id":69,"V":20,"NV":5,"TB":0},{"Id":74,"V":18,"NV":2,"TB":0},{"Id":66,"V":17,"NV":0,"TB":0},{"Id":79,"V":14,"NV":1,"TB":0},{"Id":81,"V":13,"NV":0,"TB":0}],[{"Id":77,"V":26,"NV":4,"TB":0},{"Id":69,"V":22,"NV":2,"TB":0},{"Id":66,"V":18,"NV":1,"TB":0},{"Id":74,"V":18,"NV":0,"TB":0},{"Id":79,"V":16,"NV":2,"TB":0}],[{"Id":77,"V":27,"NV":1,"TB":0},{"Id":69,"V":26,"NV":4,"TB":0},{"Id":66,"V":21,"NV":3,"TB":0},{"Id":74,"V":21,"NV":3,"TB":1}],[{"Id":77,"V":36,"NV":9,"TB":0},{"Id":69,"V":30,"NV":4,"TB":0},{"Id":66,"V":25,"NV":4,"TB":0}],[{"Id":77,"V":47,"NV":11,"TB":0},{"Id":69,"V":32,"NV":2,"TB":0}],[{"Id":77,"V":64,"NV":17,"TB":0}]],"Expires":1517789580,"SecondsLeft":0}