{"Mtype":"results","Title":"Round 7","PollStarted":"2018-12-17T01:01:41.638440251Z","PollDuration":300000000000,"Options":{"65":"Natani dressed as santa with a fake beard, keith in a santa dress with natani calling him \"mrs claus\"","66":"Euchre, Mary, Raine, and Roselyn enjoying Christmas as a family together.","67":"Kat tries to hide the magic mistletoe behind her back only for Zen to see it!","68":"Group A and B at Holiday dinner.","69":"The explorer has decorated her new tail. It's previous owner is not amused.","70":"Zofie (Fluffkevlars character) and Kat cooking christmas food...they go a bit overboard.","71":"Natani and Adelaide kissing underneath the mistletoe while Flora and Keith get sword tails","72":"Saria and a reluctant Trace help Rose celebrate her first holiday at the Estate.","73":"Natani dressed as the Doom Marine beating up demons","74":"Keith naked with a gift box on his crotch beckoning Natani to come unwrap her gift.","75":"Fem Mike Pole-Dancing","76":"Flora is too distracted shredding wrapping paper to actually look at any of her presents.","77":"Kat in sexy christmas clothes","78":"Hiccup Zen and Toothless Nora","79":"Natani gets Keith tied up with ribbons as a Christmas present. ","80":"Tiger Trace and flora  sharing a passionate hug  in their bed.","81":"Sam is sitting on Colin's shoulders focused on decorating the tree, while Colin is happily focused on Sam.","82":"Remake of Clovis' transformation by Nora, including transition"},"ExpectedBallots":108,"CountedBallots":108,"Ballots":["FLQBDKEN","MKCPLOQHFGDAERJNBI","NKFPIHL","MCD","BHDQL","G","JMCKLOHGARPB","ELPR","PMH","MDQPIKLFOB","KIEPARJQC","RJKGO","QJEHGC","OLCQKGM","JAOMIGPRFKCHLBNDEQ","C","KRLAMNICOBJ","JLQOKAH","KMECBRQ","ELCMJHQGPBFOARNDKI","C","","KDMPNJAIBEHGQFRLOC","RKGONJCFIMBPDAQELH","RKJE","KMRGOP","R","RKMCLEQPOADFGJHBNI","EAHQR","HBMNFCGAQIOKLEJR","MC","C","LJEGQPDHCNI","HIEBDQFLCRNPM","HBNDA","BHQEP","KREA","KHCMDIL","HBGFDLQ","RENI","LPHQJMD","PRNHKAEMCDBFLJOIQG","PMRDGLCH","RKGMEHJFCDAOPLBINQ","GRJHBLPEOCKND","CQFLPAJH","C","REH","GJRHBLPECKN","LNPDCEFQ","AKC","FHCLMQ","BLFAQ","RQK","FHRMP","BKAPL","OJNGRIHFBEQK","P","FJMKAOLQPRBHIENDG","P","MCQ","OBHQA","GIE","QIE","BHGKMRE","AJO","MNHDIBRCOQJGPKFELA","QEFL","QDG","KHDRB","P","P","PGHMDALOC","LGRH","","DIGFQPEAHM","BHDQPL","KMC","P","LDMEQHPFCKOB","M","ICQPL","LKQG","P","BHEMKR","P","DBRK","GOPNKAMCRDJLFBQHEI","CQRFG","P","P","GFLNQBDMHAEKOPRJI","KR","GILJOACKDRPE","RKQE","P","P","P","P","P","P","P","P","BHMKRGE","BKPL","C","JLNPDKROQCBGHMAEFI","MKCLOHBN"],"Placements":[[{"Id":80,"V":21,"NV":21,"TB":0},{"Id":75,"V":10,"NV":10,"TB":0},{"Id":82,"V":10,"NV":10,"TB":0},{"Id":66,"V":9,"NV":9,"TB":0},{"Id":77,"V":8,"NV":8,"TB":0},{"Id":67,"V":7,"NV":7,"TB":0},{"Id":71,"V":7,"NV":7,"TB":0},{"Id":76,"V":6,"NV":6,"TB":0},{"Id":70,"V":4,"NV":4,"TB":0},{"Id":72,"V":4,"NV":4,"TB":0},{"Id":74,"V":4,"NV":4,"TB":0},{"Id":81,"V":4,"NV":4,"TB":0},{"Id":69,"V":3,"NV":3,"TB":0},{"Id":79,"V":3,"NV":3,"TB":0},{"Id":65,"V":2,"NV":2,"TB":0},{"Id":68,"V":2,"NV":2,"TB":0},{"Id":73,"V":1,"NV":1,"TB":0},{"Id":78,"V":1,"NV":1,"TB":1}],[{"Id":80,"V":21,"NV":0,"TB":0},{"Id":75,"V":11,"NV":1,"TB":0},{"Id":82,"V":10,"NV":0,"TB":0},{"Id":66,"V":9,"NV":0,"TB":0},{"Id":77,"V":8,"NV":0,"TB":0},{"Id":67,"V":7,"NV":0,"TB":0},{"Id":71,"V":7,"NV":0,"TB":0},{"Id":76,"V":6,"NV":0,"TB":0},{"Id":70,"V":4,"NV":0,"TB":0},{"Id":72,"V":4,"NV":0,"TB":0},{"Id":74,"V":4,"NV":0,"TB":0},{"Id":81,"V":4,"NV":0,"TB":0},{"Id":69,"V":3,"NV":0,"TB":0},{"Id":79,"V":3,"NV":0,"TB":0},{"Id":65,"V":2,"NV":0,"TB":0},{"Id":68,"V":2,"NV":0,"TB":0},{"Id":73,"V":1,"NV":0,"TB":0}],[{"Id":80,"V":21,"NV":0,"TB":0},{"Id":75,"V":11,"NV":0,"TB":0},{"Id":82,"V":10,"NV":0,"TB":0},{"Id":66,"V":9,"NV":0,"TB":0},{"Id":67,"V":8,"NV":1,"TB":0},{"Id":77,"V":8,"NV":0,"TB":0},{"Id":71,"V":7,"NV":0,"TB":0},{"Id":76,"V":6,"NV":0,"TB":0},{"Id":70,"V":4,"NV":0,"TB":0},{"Id":72,"V":4,"NV":0,"TB":0},{"Id":74,"V":4,"NV":0,"TB":0},{"Id":81,"V":4,"NV":0,"TB":0},{"Id":69,"V":3,"NV":0,"TB":0},{"Id":79,"V":3,"NV":0,"TB":0},{"Id":65,"V":2,"NV":0,"TB":0},{"Id":68,"V":2,"NV":0,"TB":1}],[{"Id":80,"V":21,"NV":0,"TB":0},{"Id":75,"V":11,"NV":0,"TB":0},{"Id":66,"V":10,"NV":1,"TB":0},{"Id":82,"V":10,"NV":0,"TB":0},{"Id":67,"V":8,"NV":0,"TB":0},{"Id":71,"V":8,"NV":1,"TB":0},{"Id":77,"V":8,"NV":0,"TB":0},{"Id":76,"V":6,"NV":0,"TB":0},{"Id":70,"V":4,"NV":0,"TB":0},{"Id":72,"V":4,"NV":0,"TB":0},{"Id":74,"V":4,"NV":0,"TB":0},{"Id":81,"V":4,"NV":0,"TB":0},{"Id":69,"V":3,"NV":0,"TB":0},{"Id":79,"V":3,"NV":0,"TB":0},{"Id":65,"V":2,"NV":0,"TB":0}],[{"Id":80,"V":21,"NV":0,"TB":0},{"Id":75,"V":12,"NV":1,"TB":0},{"Id":66,"V":10,"NV":0,"TB":0},{"Id":82,"V":10,"NV":0,"TB":0},{"Id":67,"V":8,"NV":0,"TB":0},{"Id":71,"V":8,"NV":0,"TB":0},{"Id":77,"V":8,"NV":0,"TB":0},{"Id":76,"V":6,"NV":0,"TB":0},{"Id":74,"V":5,"NV":1,"TB":0},{"Id":70,"V":4,"NV":0,"TB":0},{"Id":72,"V":4,"NV":0,"TB":0},{"Id":81,"V":4,"NV":0,"TB":0},{"Id":69,"V":3,"NV":0,"TB":0},{"Id":79,"V":3,"NV":0,"TB":1}],[{"Id":80,"V":21,"NV":0,"TB":0},{"Id":75,"V":12,"NV":0,"TB":0},{"Id":66,"V":11,"NV":1,"TB":0},{"Id":82,"V":10,"NV":0,"TB":0},{"Id":67,"V":8,"NV":0,"TB":0},{"Id":71,"V":8,"NV":0,"TB":0},{"Id":77,"V":8,"NV":0,"TB":0},{"Id":76,"V":7,"NV":1,"TB":0},{"Id":74,"V":6,"NV":1,"TB":0},{"Id":70,"V":4,"NV":0,"TB":0},{"Id":72,"V":4,"NV":0,"TB":0},{"Id":81,"V":4,"NV":0,"TB":0},{"Id":69,"V":3,"NV":0,"TB":0}],[{"Id":80,"V":21,"NV":0,"TB":0},{"Id":75,"V":12,"NV":0,"TB":0},{"Id":66,"V":11,"NV":0,"TB":0},{"Id":82,"V":10,"NV":0,"TB":0},{"Id":76,"V":9,"NV":2,"TB":0},{"Id":67,"V":8,"NV":0,"TB":0},{"Id":71,"V":8,"NV":0,"TB":0},{"Id":77,"V":8,"NV":0,"TB":0},{"Id":74,"V":6,"NV":0,"TB":0},{"Id":72,"V":5,"NV":1,"TB":0},{"Id":81,"V":4,"NV":0,"TB":0},{"Id":70,"V":4,"NV":0,"TB":2}],[{"Id":80,"V":21,"NV":0,"TB":0},{"Id":75,"V":12,"NV":0,"TB":0},{"Id":66,"V":11,"NV":0,"TB":0},{"Id":76,"V":10,"NV":1,"TB":0},{"Id":82,"V":10,"NV":0,"TB":0},{"Id":67,"V":8,"NV":0,"TB":0},{"Id":71,"V":8,"NV":0,"TB":0},{"Id":77,"V":8,"NV":0,"TB":0},{"Id":72,"V":7,"NV":2,"TB":0},{"Id":74,"V":7,"NV":1,"TB":0},{"Id":81,"V":4,"NV":0,"TB":0}],[{"Id":80,"V":21,"NV":0,"TB":0},{"Id":75,"V":12,"NV":0,"TB":0},{"Id":66,"V":11,"NV":0,"TB":0},{"Id":76,"V":11,"NV":1,"TB":0},{"Id":82,"V":10,"NV":0,"TB":0},{"Id":71,"V":9,"NV":1,"TB":0},{"Id":67,"V":8,"NV":0,"TB":0},{"Id":74,"V":8,"NV":1,"TB":0},{"Id":77,"V":8,"NV":0,"TB":0},{"Id":72,"V":7,"NV":0,"TB":0}],[{"Id":80,"V":21,"NV":0,"TB":0},{"Id":66,"V":15,"NV":4,"TB":0},{"Id":75,"V":12,"NV":0,"TB":0},{"Id":82,"V":12,"NV":2,"TB":0},{"Id":76,"V":11,"NV":0,"TB":0},{"Id":67,"V":9,"NV":1,"TB":0},{"Id":71,"V":9,"NV":0,"TB":0},{"Id":77,"V":8,"NV":0,"TB":0},{"Id":74,"V":8,"NV":0,"TB":2}],[{"Id":80,"V":21,"NV":0,"TB":0},{"Id":66,"V":15,"NV":0,"TB":0},{"Id":76,"V":13,"NV":2,"TB":0},{"Id":75,"V":12,"NV":0,"TB":0},{"Id":82,"V":12,"NV":0,"TB":0},{"Id":71,"V":11,"NV":2,"TB":0},{"Id":77,"V":11,"NV":3,"TB":0},{"Id":67,"V":9,"NV":0,"TB":0}],[{"Id":80,"V":22,"NV":1,"TB":0},{"Id":66,"V":15,"NV":0,"TB":0},{"Id":76,"V":15,"NV":2,"TB":0},{"Id":82,"V":13,"NV":1,"TB":0},{"Id":75,"V":12,"NV":0,"TB":0},{"Id":71,"V":11,"NV":0,"TB":0},{"Id":77,"V":11,"NV":0,"TB":1}],[{"Id":80,"V":23,"NV":1,"TB":0},{"Id":66,"V":16,"NV":1,"TB":0},{"Id":75,"V":16,"NV":4,"TB":0},{"Id":76,"V":15,"NV":0,"TB":0},{"Id":82,"V":13,"NV":0,"TB":0},{"Id":71,"V":12,"NV":1,"TB":0}],[{"Id":80,"V":26,"NV":3,"TB":0},{"Id":76,"V":17,"NV":2,"TB":0},{"Id":66,"V":16,"NV":0,"TB":0},{"Id":75,"V":16,"NV":0,"TB":0},{"Id":82,"V":16,"NV":3,"TB":1}],[{"Id":80,"V":27,"NV":1,"TB":0},{"Id":75,"V":23,"NV":7,"TB":0},{"Id":66,"V":19,"NV":3,"TB":0},{"Id":76,"V":17,"NV":0,"TB":0}],[{"Id":80,"V":35,"NV":8,"TB":0},{"Id":75,"V":27,"NV":4,"TB":0},{"Id":66,"V":21,"NV":2,"TB":0}],[{"Id":80,"V":41,"NV":6,"TB":0},{"Id":75,"V":37,"NV":10,"TB":0}],[{"Id":80,"V":55,"NV":14,"TB":0}]],"Expires":1545009101,"SecondsLeft":0}