{"Mtype":"results","Title":"Round 5","PollStarted":"2018-09-09T23:08:08.07555802Z","PollDuration":300000000000,"Options":{"65":"Zen assisting Kathrin with stretching exercises.","66":"What If: Euchre saved Rose at the gallows?","67":"The human explorer hugs one of the snow leopard's fluffy tails, causing a minor diplomatic incident","68":"Evals gets gender-bend \u0026 Mike is back to normal. Mike is enjoying it \u0026 Evals is appaled. ","69":"End of summer Volley ball match, Zen \u0026 Keith vs Natani \u0026 Raine","70":"In an AU Flora \u0026 Sythe fall in love \u0026 have a family (along with Nibbly).","71":"Flora, Trace, \u0026 Keith playing together as children","72":"Making friends sequel: Kat melodramatically re-enacts the plot with her homemade dolls. ","73":"Keith as a World of Warcraft character, \u0026 commenting on the armor. (Stormwind soldier?)","74":"Corgi \u0026 Shiba Keidran","75":"Some insight into Nora \u0026 Evil Trace's twisted relationship","76":"Kessah from Hunters of Salamanstra meets Natani","77":"Mihari, Kat \u0026 Flora going for a walk on the Beach","78":"Clovis changes Nora's curse. Now he's a human woman.","79":"Keith's katana tail is too sharp, ends up cutting his pants off.","80":"Muscle Head general riding on Reni, busting thru Edinmire barrack to advertise Basitin Spice."},"ExpectedBallots":90,"CountedBallots":90,"Ballots":["ELM","KMCEHNFD","NKHMDGACEBFOLIPJ","BDJKCNFHPOGIEAML","PKFC","MAGCEHIKB","GAHD","DCHEPMOAGK","AD","DJHCIEFA","DKCOI","K","DNOAF","OPGBEKDHNCMFAJIL","NHA","IOGELPH","JKNOIAC","GJNFDBK","MDE","CPGDOFEK","KOAIDENPMGHB","BGFACDJN","AG","DC","BCN","BNAGDFHC","LFKJAEBIPGOHMCND","NDJ","OPNDBKAHCMFJEGLI","MFGBDCKA","HGP","CBN","BGFPONHCKDJIEMLA","FPAEGODMNCLKBIHJ","BFKIDCEO","LMEA","LBMKHEFPDNGCOAIJ","M","GDNHKABO","ADMEJC","DAJOENFCHKPMIGBL","AJHMEDNOBKPFGLCI","MANGDKEI","CFKAMOGH","KODPHNAE","KNLCDBEGMFHAIPOJ","J","BONAKG","KDHL","NDJ","NOJFPK","OIEG","PBKOCGLNED","LMC","MCNIGAO","AJB","C","LNMAC","BFKHJ","BFPLEO","OGEKC","OJNAGDLPEHKMICFB","PENMO","DNJMHPOKE","IAF","DEBA","MGNFDOJ","DEBA","KBF","KDBPHOGNACE","HJOCP","EBNF","DOAEHFBGK","CHAN","HMAC","BODEF","ADKJ","CBGP","LNMAC","OJPGFCIADHK","","AG","DAIJN","JC","BJCDL","LEP","MH","DCF","CHAN","A"],"Placements":[[{"Id":68,"V":12,"NV":12,"TB":0},{"Id":66,"V":11,"NV":11,"TB":0},{"Id":65,"V":8,"NV":8,"TB":0},{"Id":75,"V":8,"NV":8,"TB":0},{"Id":77,"V":8,"NV":8,"TB":0},{"Id":67,"V":7,"NV":7,"TB":0},{"Id":76,"V":7,"NV":7,"TB":0},{"Id":79,"V":6,"NV":6,"TB":0},{"Id":78,"V":5,"NV":5,"TB":0},{"Id":71,"V":3,"NV":3,"TB":0},{"Id":72,"V":3,"NV":3,"TB":0},{"Id":74,"V":3,"NV":3,"TB":0},{"Id":80,"V":3,"NV":3,"TB":0},{"Id":69,"V":2,"NV":2,"TB":0},{"Id":73,"V":2,"NV":2,"TB":0},{"Id":70,"V":1,"NV":1,"TB":0}],[{"Id":68,"V":12,"NV":0,"TB":0},{"Id":66,"V":11,"NV":0,"TB":0},{"Id":65,"V":8,"NV":0,"TB":0},{"Id":75,"V":8,"NV":0,"TB":0},{"Id":77,"V":8,"NV":0,"TB":0},{"Id":67,"V":7,"NV":0,"TB":0},{"Id":76,"V":7,"NV":0,"TB":0},{"Id":79,"V":6,"NV":0,"TB":0},{"Id":78,"V":5,"NV":0,"TB":0},{"Id":80,"V":4,"NV":1,"TB":0},{"Id":71,"V":3,"NV":0,"TB":0},{"Id":72,"V":3,"NV":0,"TB":0},{"Id":74,"V":3,"NV":0,"TB":0},{"Id":69,"V":2,"NV":0,"TB":0},{"Id":73,"V":2,"NV":0,"TB":1}],[{"Id":68,"V":12,"NV":0,"TB":0},{"Id":66,"V":11,"NV":0,"TB":0},{"Id":65,"V":9,"NV":1,"TB":0},{"Id":75,"V":8,"NV":0,"TB":0},{"Id":77,"V":8,"NV":0,"TB":0},{"Id":67,"V":7,"NV":0,"TB":0},{"Id":76,"V":7,"NV":0,"TB":0},{"Id":79,"V":7,"NV":1,"TB":0},{"Id":78,"V":5,"NV":0,"TB":0},{"Id":80,"V":4,"NV":0,"TB":0},{"Id":71,"V":3,"NV":0,"TB":0},{"Id":72,"V":3,"NV":0,"TB":0},{"Id":74,"V":3,"NV":0,"TB":0},{"Id":69,"V":2,"NV":0,"TB":0}],[{"Id":66,"V":12,"NV":1,"TB":0},{"Id":68,"V":12,"NV":0,"TB":0},{"Id":65,"V":9,"NV":0,"TB":0},{"Id":75,"V":8,"NV":0,"TB":0},{"Id":76,"V":8,"NV":1,"TB":0},{"Id":77,"V":8,"NV":0,"TB":0},{"Id":67,"V":7,"NV":0,"TB":0},{"Id":79,"V":7,"NV":0,"TB":0},{"Id":78,"V":5,"NV":0,"TB":0},{"Id":80,"V":4,"NV":0,"TB":0},{"Id":71,"V":3,"NV":0,"TB":0},{"Id":72,"V":3,"NV":0,"TB":0},{"Id":74,"V":3,"NV":0,"TB":1}],[{"Id":66,"V":12,"NV":0,"TB":0},{"Id":68,"V":12,"NV":0,"TB":0},{"Id":65,"V":9,"NV":0,"TB":0},{"Id":75,"V":9,"NV":1,"TB":0},{"Id":67,"V":8,"NV":1,"TB":0},{"Id":76,"V":8,"NV":0,"TB":0},{"Id":77,"V":8,"NV":0,"TB":0},{"Id":79,"V":7,"NV":0,"TB":0},{"Id":78,"V":5,"NV":0,"TB":0},{"Id":80,"V":4,"NV":0,"TB":0},{"Id":71,"V":3,"NV":0,"TB":0},{"Id":72,"V":3,"NV":0,"TB":1}],[{"Id":66,"V":12,"NV":0,"TB":0},{"Id":68,"V":12,"NV":0,"TB":0},{"Id":65,"V":9,"NV":0,"TB":0},{"Id":75,"V":9,"NV":0,"TB":0},{"Id":77,"V":9,"NV":1,"TB":0},{"Id":67,"V":8,"NV":0,"TB":0},{"Id":76,"V":8,"NV":0,"TB":0},{"Id":79,"V":8,"NV":1,"TB":0},{"Id":78,"V":5,"NV":0,"TB":0},{"Id":80,"V":4,"NV":0,"TB":0},{"Id":71,"V":4,"NV":1,"TB":2}],[{"Id":68,"V":13,"NV":1,"TB":0},{"Id":66,"V":12,"NV":0,"TB":0},{"Id":65,"V":10,"NV":1,"TB":0},{"Id":75,"V":9,"NV":0,"TB":0},{"Id":77,"V":9,"NV":0,"TB":0},{"Id":67,"V":8,"NV":0,"TB":0},{"Id":76,"V":8,"NV":0,"TB":0},{"Id":79,"V":8,"NV":0,"TB":0},{"Id":78,"V":6,"NV":1,"TB":0},{"Id":80,"V":5,"NV":1,"TB":0}],[{"Id":66,"V":13,"NV":1,"TB":0},{"Id":68,"V":13,"NV":0,"TB":0},{"Id":65,"V":11,"NV":1,"TB":0},{"Id":75,"V":10,"NV":1,"TB":0},{"Id":77,"V":9,"NV":0,"TB":0},{"Id":67,"V":8,"NV":0,"TB":0},{"Id":76,"V":8,"NV":0,"TB":0},{"Id":79,"V":8,"NV":0,"TB":0},{"Id":78,"V":7,"NV":1,"TB":0}],[{"Id":68,"V":16,"NV":3,"TB":0},{"Id":66,"V":13,"NV":0,"TB":0},{"Id":65,"V":12,"NV":1,"TB":0},{"Id":75,"V":11,"NV":1,"TB":0},{"Id":77,"V":10,"NV":1,"TB":0},{"Id":79,"V":9,"NV":1,"TB":0},{"Id":76,"V":8,"NV":0,"TB":0},{"Id":67,"V":8,"NV":0,"TB":2}],[{"Id":68,"V":17,"NV":1,"TB":0},{"Id":66,"V":15,"NV":2,"TB":0},{"Id":65,"V":14,"NV":2,"TB":0},{"Id":75,"V":12,"NV":1,"TB":0},{"Id":77,"V":10,"NV":0,"TB":0},{"Id":79,"V":9,"NV":0,"TB":0},{"Id":76,"V":8,"NV":0,"TB":0}],[{"Id":68,"V":17,"NV":0,"TB":0},{"Id":66,"V":16,"NV":1,"TB":0},{"Id":77,"V":15,"NV":5,"TB":0},{"Id":65,"V":14,"NV":0,"TB":0},{"Id":75,"V":13,"NV":1,"TB":0},{"Id":79,"V":9,"NV":0,"TB":0}],[{"Id":68,"V":18,"NV":1,"TB":0},{"Id":66,"V":17,"NV":1,"TB":0},{"Id":65,"V":16,"NV":2,"TB":0},{"Id":75,"V":15,"NV":2,"TB":0},{"Id":77,"V":15,"NV":0,"TB":1}],[{"Id":65,"V":23,"NV":7,"TB":0},{"Id":68,"V":20,"NV":2,"TB":0},{"Id":66,"V":18,"NV":1,"TB":0},{"Id":75,"V":15,"NV":0,"TB":0}],[{"Id":65,"V":27,"NV":4,"TB":0},{"Id":68,"V":26,"NV":6,"TB":0},{"Id":66,"V":19,"NV":1,"TB":0}],[{"Id":68,"V":35,"NV":9,"TB":0},{"Id":65,"V":30,"NV":3,"TB":0}],[{"Id":68,"V":48,"NV":13,"TB":0}]],"Expires":1536535089,"SecondsLeft":0}