{"Mtype":"results","Title":"Round 1","PollStarted":"2018-11-18T21:02:03.248951741Z","PollDuration":360000000000,"Options":{"65":"Mrs Nibbly steals the kiss with Sythe under the magic mistletoe from Scarlet.","66":"Trace and Flora forest kiss redux","67":"Keith and Natani cuddled up by the fire","68":"Alaric and Laura judge Keith and Natani's relationship from the afterlife","69":"Mike and Evals meet Mike's evil (and female) twin.","70":"Flora and Natani suddenly wear skirts ","71":"Clovis is Rita Repulsa, \u0026 its time to conquer Earth!","72":"Kat massage for Human Nora: blushingly redacted accolades from Nora.","73":"Dark arch-mage Maren","74":"Maddie playing with Trace's hair that sticks up, and it making the same noises as door springs","75":"Kat and Zofie (Fluffkevlars character) cooking together.","76":"Raine locked in a pillory while at a town fair with Maren.","77":"Older Maddie \u0026 Maeve on their school ball in an adorable dress","78":"Flora informs Trace she will be giving birth soon \u0026 they should  make plans. Trace is surprised.","79":"Random Twokinds characters dressed up as fighters from Smash Bros.","80":"Karen and Magpie marveling at the beauty of a chunk of gold. Each for their own reason."},"ExpectedBallots":132,"CountedBallots":132,"Ballots":["KM","JP","DPG","GDEALINPOMKJFBHC","POD","HAEPCJBFNMI","FHGNJI","HJPBANFCGDKMIEOL","GBIOE","E","AD","ENCDBPHG","CAEMDHBIPFN","GCEKIJDOAPBLHNMF","CKFNEHODGPBLJMAI","EFAO","IGHNDEABPMF","CNGDAMJHFEPBILOK","FC","CA","CFDBPNHAJIK","HLIA","OLMK","DJPCIAKHMONELBFG","OKDEACFPJNIHMLBG","HOELNFPIGADJMKBC","EGLO","ADEG","NCBGDJ","CA","ADO","LHOIMJPKAF","DCOGP","IKGPFJ","FKIGCL","DEAMLPCFBJ","N","PC","BNC","BNJE","NFDABJPLHO","FCADM","KHNFD","FON","","EJMLBPCHAFOIDGNK","","EKF","DCEKAOPHBILGNFMJ","CJAOEMFBDPHGKILN","BHAKEFPNOJGCLIMD","IAPKBHCJM","DHBK","OAJCIG","MPFCKADG","CF","FEJHNALD","ODIPLHEFBCMNGKAJ","CGM","IAGB","KIHD","GIOJF","EKHFO","IMEB","CALDPHMBEJOFIGNK","INPJD","FIALKCH","DONPJHCLGEA","FAOB","HMDF","KPH","DCLOPMEANHJ","HMIE","LAFCOGEDJI","KCNE","ANEGH","MHGCB","O","BGOHCDAL","CFELHPNODJIGAKMB","PKO","EGAF","OBHNJD","MELFK","FBH","B","OMCBFKHENLAGDJIP","ILME","IL","BFKOAEHN","HD","HFCAILBMJDPNEOGK","ILME","GKNELPHM","EP","D","DKAGBJ","KOMJDHI","HKDIMCP","AEKPIHBCNFJMLD","NBFG","JCBPD","AMLHIKB","AINJ","DEFA","D","EDACNHKJBIMPGLFO","DPI","CEFOGMHLDIPBAJKN","LOBHA","EGFL","EFMHBCG","MPH","H","DOEBHCJFKN","BLFNO","GADEJCNMIFBPHKOL","KH","PCBMFJ","CE","","GCBDLHPFKAJENIOM","FBH","DEACF","IJPACMODNH","DJEHA","FCEGMJHL","BEIHCDPFJAG","BMAKDN","DOPNEJGBHCLFA","HMIE","HGFOI"],"Placements":[[{"Id":68,"V":17,"NV":17,"TB":0},{"Id":67,"V":13,"NV":13,"TB":0},{"Id":69,"V":12,"NV":12,"TB":0},{"Id":72,"V":12,"NV":12,"TB":0},{"Id":70,"V":11,"NV":11,"TB":0},{"Id":73,"V":10,"NV":10,"TB":0},{"Id":66,"V":9,"NV":9,"TB":0},{"Id":65,"V":7,"NV":7,"TB":0},{"Id":71,"V":7,"NV":7,"TB":0},{"Id":75,"V":7,"NV":7,"TB":0},{"Id":79,"V":7,"NV":7,"TB":0},{"Id":77,"V":4,"NV":4,"TB":0},{"Id":78,"V":4,"NV":4,"TB":0},{"Id":80,"V":4,"NV":4,"TB":0},{"Id":76,"V":3,"NV":3,"TB":0},{"Id":74,"V":2,"NV":2,"TB":0}],[{"Id":68,"V":17,"NV":0,"TB":0},{"Id":67,"V":14,"NV":1,"TB":0},{"Id":69,"V":12,"NV":0,"TB":0},{"Id":72,"V":12,"NV":0,"TB":0},{"Id":70,"V":11,"NV":0,"TB":0},{"Id":73,"V":10,"NV":0,"TB":0},{"Id":66,"V":9,"NV":0,"TB":0},{"Id":65,"V":7,"NV":0,"TB":0},{"Id":71,"V":7,"NV":0,"TB":0},{"Id":75,"V":7,"NV":0,"TB":0},{"Id":79,"V":7,"NV":0,"TB":0},{"Id":80,"V":5,"NV":1,"TB":0},{"Id":77,"V":4,"NV":0,"TB":0},{"Id":78,"V":4,"NV":0,"TB":0},{"Id":76,"V":3,"NV":0,"TB":0}],[{"Id":68,"V":17,"NV":0,"TB":0},{"Id":67,"V":14,"NV":0,"TB":0},{"Id":72,"V":13,"NV":1,"TB":0},{"Id":69,"V":12,"NV":0,"TB":0},{"Id":70,"V":11,"NV":0,"TB":0},{"Id":73,"V":10,"NV":0,"TB":0},{"Id":66,"V":9,"NV":0,"TB":0},{"Id":65,"V":8,"NV":1,"TB":0},{"Id":79,"V":8,"NV":1,"TB":0},{"Id":71,"V":7,"NV":0,"TB":0},{"Id":75,"V":7,"NV":0,"TB":0},{"Id":80,"V":5,"NV":0,"TB":0},{"Id":78,"V":4,"NV":0,"TB":0},{"Id":77,"V":4,"NV":0,"TB":2}],[{"Id":68,"V":17,"NV":0,"TB":0},{"Id":67,"V":14,"NV":0,"TB":0},{"Id":72,"V":14,"NV":1,"TB":0},{"Id":69,"V":13,"NV":1,"TB":0},{"Id":70,"V":11,"NV":0,"TB":0},{"Id":73,"V":10,"NV":0,"TB":0},{"Id":66,"V":9,"NV":0,"TB":0},{"Id":65,"V":8,"NV":0,"TB":0},{"Id":79,"V":8,"NV":0,"TB":0},{"Id":71,"V":7,"NV":0,"TB":0},{"Id":75,"V":7,"NV":0,"TB":0},{"Id":80,"V":7,"NV":2,"TB":0},{"Id":78,"V":4,"NV":0,"TB":0}],[{"Id":68,"V":17,"NV":0,"TB":0},{"Id":67,"V":15,"NV":1,"TB":0},{"Id":72,"V":14,"NV":0,"TB":0},{"Id":69,"V":13,"NV":0,"TB":0},{"Id":70,"V":12,"NV":1,"TB":0},{"Id":66,"V":10,"NV":1,"TB":0},{"Id":73,"V":10,"NV":0,"TB":0},{"Id":65,"V":8,"NV":0,"TB":0},{"Id":79,"V":8,"NV":0,"TB":0},{"Id":71,"V":7,"NV":0,"TB":0},{"Id":80,"V":7,"NV":0,"TB":0},{"Id":75,"V":7,"NV":0,"TB":2}],[{"Id":68,"V":17,"NV":0,"TB":0},{"Id":67,"V":16,"NV":1,"TB":0},{"Id":72,"V":16,"NV":2,"TB":0},{"Id":69,"V":13,"NV":0,"TB":0},{"Id":70,"V":12,"NV":0,"TB":0},{"Id":73,"V":11,"NV":1,"TB":0},{"Id":66,"V":10,"NV":0,"TB":0},{"Id":79,"V":9,"NV":1,"TB":0},{"Id":65,"V":8,"NV":0,"TB":0},{"Id":80,"V":8,"NV":1,"TB":0},{"Id":71,"V":7,"NV":0,"TB":0}],[{"Id":67,"V":18,"NV":2,"TB":0},{"Id":68,"V":18,"NV":1,"TB":0},{"Id":72,"V":16,"NV":0,"TB":0},{"Id":69,"V":14,"NV":1,"TB":0},{"Id":70,"V":12,"NV":0,"TB":0},{"Id":73,"V":12,"NV":1,"TB":0},{"Id":66,"V":11,"NV":1,"TB":0},{"Id":65,"V":9,"NV":1,"TB":0},{"Id":79,"V":9,"NV":0,"TB":0},{"Id":80,"V":8,"NV":0,"TB":0}],[{"Id":67,"V":20,"NV":2,"TB":0},{"Id":68,"V":18,"NV":0,"TB":0},{"Id":72,"V":18,"NV":2,"TB":0},{"Id":69,"V":14,"NV":0,"TB":0},{"Id":70,"V":13,"NV":1,"TB":0},{"Id":73,"V":12,"NV":0,"TB":0},{"Id":66,"V":11,"NV":0,"TB":0},{"Id":79,"V":11,"NV":2,"TB":0},{"Id":65,"V":9,"NV":0,"TB":0}],[{"Id":68,"V":22,"NV":4,"TB":0},{"Id":67,"V":20,"NV":0,"TB":0},{"Id":72,"V":19,"NV":1,"TB":0},{"Id":69,"V":16,"NV":2,"TB":0},{"Id":70,"V":14,"NV":1,"TB":0},{"Id":73,"V":13,"NV":1,"TB":0},{"Id":79,"V":11,"NV":0,"TB":0},{"Id":66,"V":11,"NV":0,"TB":2}],[{"Id":68,"V":23,"NV":1,"TB":0},{"Id":67,"V":21,"NV":1,"TB":0},{"Id":72,"V":20,"NV":1,"TB":0},{"Id":69,"V":18,"NV":2,"TB":0},{"Id":70,"V":17,"NV":3,"TB":0},{"Id":73,"V":14,"NV":1,"TB":0},{"Id":79,"V":12,"NV":1,"TB":0}],[{"Id":68,"V":27,"NV":4,"TB":0},{"Id":67,"V":23,"NV":2,"TB":0},{"Id":72,"V":23,"NV":3,"TB":0},{"Id":69,"V":18,"NV":0,"TB":0},{"Id":70,"V":17,"NV":0,"TB":0},{"Id":73,"V":14,"NV":0,"TB":0}],[{"Id":68,"V":28,"NV":1,"TB":0},{"Id":72,"V":26,"NV":3,"TB":0},{"Id":67,"V":24,"NV":1,"TB":0},{"Id":69,"V":22,"NV":4,"TB":0},{"Id":70,"V":19,"NV":2,"TB":0}],[{"Id":67,"V":31,"NV":7,"TB":0},{"Id":68,"V":29,"NV":1,"TB":0},{"Id":72,"V":29,"NV":3,"TB":0},{"Id":69,"V":24,"NV":2,"TB":0}],[{"Id":72,"V":37,"NV":8,"TB":0},{"Id":67,"V":33,"NV":2,"TB":0},{"Id":68,"V":30,"NV":1,"TB":0}],[{"Id":72,"V":46,"NV":9,"TB":0},{"Id":67,"V":42,"NV":9,"TB":0}],[{"Id":72,"V":68,"NV":22,"TB":0}]],"Expires":1542575647,"SecondsLeft":0}