{"Mtype":"results","Title":"Round 3","PollStarted":"2018-01-21T22:42:50.27779973Z","PollDuration":300000000000,"Options":{"65":"Keith wakes up next to Laura and realizes that the entire TwoKinds adventure was just a dream!","66":"Nurse Kat tends to Zen's leg","67":"Fem Keith and Fem Mike are looking to Trace and Trace is looking worried back.","68":"A disinterested Nora takes Clovis as her obligatory annual kidnapped princess.","69":"Red taking (human) Raine to dance at a village festival","70":"Eric and Kat draw each other, Escher-style","71":"MEANINGLESS BATTLE Round 1: Red vs. King Adelaide","72":"The team is playing Uno, and one of them cheats.","73":"Kei being spotted by Reni under the magic mistletoe during Traces New year Mansion Party.","74":"Natani gets credited for killing the musclehead general and becomes the first keidran basitin general","75":"Alaric's Inauguration as General","76":"Sirius “talking to himself”","77":"Trace wearing the uniform that Issac Clarke wears from dead space","78":"Trace and flora / calvin and hobbes crossover.","79":"Adelaide as a modern military General"},"ExpectedBallots":145,"CountedBallots":145,"Ballots":["DAIJ","CODM","EKGI","DNBIJEFCKOAMHLG","JACNFDKEMBGHIOL","KL","I","KBOI","FLIEGMKH","LK","EG","CDB","CDOMIJGBFEHKLNA","IEBCFG","DIKBOHGFJCEL","FNICDBKOG","ENJABGOHK","IOJ","BJEIOGAK","AICDHOBKGJMLE","DB","JKOB","NKF","GOCFJAHNDIBLEMK","AMJOEIBH","EINHO","GOKLFI","KJOC","KJD","DIGJ","OAKIBFG","ABKOJHNGCD","EGFLAKJBNOMDHIC","ILABCGFDHO","DH","","BJD","CFD","DCJHGEINLO","DBFCOIN","JHNABF","NMCKDBHJOFGAELI","FEBID","COEMFJHKLNIAD","BOFCJDA","BGIFLO","GEDIBOJNHF","MDCIOA","DBF","MDBFJHIA","JLAC","BGAKEIFCLDJO","OJK","FNHOEMJ","D","IDMNEJOBACLKGFH","NJOBF","LJMIKEC","IMOJHG","DCBFHO","CIEH","NDC","LEDABJ","OMKNDALJ","B","NFLAG","GIAEBHCOJDKFNML","BEOFGJCH","KEOFBHA","O","CE","MKBOG","KLDIAOE","LFHDCAO","AKJDCLIEOFBGHMN","EBH","","BNHIODF","IDJNLOHFKAGEMBC","DLGAEJC","GBKO","HNBIJOFDEGLMKCA","CDBN","KJGFICOA","OJDCIB","AKJHDICLEG","CHGFNJOBAMLEKID","CBD","I","A","BLFCJ","IODF","LJOENDGABCMFKIH","FONJEI","C","DCKFOGEMLAB","JFHG","JEABCHODIGFMKNL","IFNGJED","IDBLKJA","NOJELDBK","EFKIGLMH","BFEC","IEDHFBOJLKACGMN","HEN","DB","FNHBG","DFJO","JMCOIAL","FD","OBNCFIKJ","JBIADG","JMDCO","DCB","DCBIF","DCB","FCDOEGIN","GA","I","OJCEHFBNDIAKG","NJOB","GBK","HOKMENJIF","ONHJEMAIFD","NICMAGOF","FHENOJ","HFDML","MDJNF","NFHJG","LGAEMNF","JGNICMDAO","IOMGD","DNOJF","EGC","KFIELNGH","GIEKNFM","CEHDMGOLJNF","IDN","NMILBFC","KINOCHF","CNDLKMGHIEF","EGHMOFA","JOEIMAHLK","HJMCODGF","JA"],"Placements":[[{"Id":68,"V":19,"NV":19,"TB":0},{"Id":73,"V":15,"NV":15,"TB":0},{"Id":67,"V":13,"NV":13,"TB":0},{"Id":74,"V":12,"NV":12,"TB":0},{"Id":66,"V":10,"NV":10,"TB":0},{"Id":78,"V":10,"NV":10,"TB":0},{"Id":69,"V":9,"NV":9,"TB":0},{"Id":70,"V":9,"NV":9,"TB":0},{"Id":75,"V":9,"NV":9,"TB":0},{"Id":71,"V":8,"NV":8,"TB":0},{"Id":79,"V":8,"NV":8,"TB":0},{"Id":65,"V":6,"NV":6,"TB":0},{"Id":76,"V":6,"NV":6,"TB":0},{"Id":72,"V":5,"NV":5,"TB":0},{"Id":77,"V":4,"NV":4,"TB":0}],[{"Id":68,"V":22,"NV":3,"TB":0},{"Id":73,"V":15,"NV":0,"TB":0},{"Id":67,"V":13,"NV":0,"TB":0},{"Id":74,"V":12,"NV":0,"TB":0},{"Id":66,"V":10,"NV":0,"TB":0},{"Id":75,"V":10,"NV":1,"TB":0},{"Id":78,"V":10,"NV":0,"TB":0},{"Id":69,"V":9,"NV":0,"TB":0},{"Id":70,"V":9,"NV":0,"TB":0},{"Id":71,"V":8,"NV":0,"TB":0},{"Id":79,"V":8,"NV":0,"TB":0},{"Id":65,"V":6,"NV":0,"TB":0},{"Id":76,"V":6,"NV":0,"TB":0},{"Id":72,"V":5,"NV":0,"TB":0}],[{"Id":68,"V":22,"NV":0,"TB":0},{"Id":73,"V":15,"NV":0,"TB":0},{"Id":67,"V":13,"NV":0,"TB":0},{"Id":74,"V":13,"NV":1,"TB":0},{"Id":78,"V":11,"NV":1,"TB":0},{"Id":66,"V":10,"NV":0,"TB":0},{"Id":69,"V":10,"NV":1,"TB":0},{"Id":70,"V":10,"NV":1,"TB":0},{"Id":75,"V":10,"NV":0,"TB":0},{"Id":79,"V":9,"NV":1,"TB":0},{"Id":71,"V":8,"NV":0,"TB":0},{"Id":65,"V":6,"NV":0,"TB":0},{"Id":76,"V":6,"NV":0,"TB":1}],[{"Id":68,"V":22,"NV":0,"TB":0},{"Id":73,"V":15,"NV":0,"TB":0},{"Id":74,"V":15,"NV":2,"TB":0},{"Id":67,"V":13,"NV":0,"TB":0},{"Id":69,"V":11,"NV":1,"TB":0},{"Id":70,"V":11,"NV":1,"TB":0},{"Id":75,"V":11,"NV":1,"TB":0},{"Id":78,"V":11,"NV":0,"TB":0},{"Id":66,"V":10,"NV":0,"TB":0},{"Id":71,"V":9,"NV":1,"TB":0},{"Id":79,"V":9,"NV":0,"TB":0},{"Id":65,"V":6,"NV":0,"TB":0}],[{"Id":68,"V":22,"NV":0,"TB":0},{"Id":73,"V":16,"NV":1,"TB":0},{"Id":74,"V":16,"NV":1,"TB":0},{"Id":67,"V":13,"NV":0,"TB":0},{"Id":75,"V":13,"NV":2,"TB":0},{"Id":66,"V":11,"NV":1,"TB":0},{"Id":69,"V":11,"NV":0,"TB":0},{"Id":70,"V":11,"NV":0,"TB":0},{"Id":78,"V":11,"NV":0,"TB":0},{"Id":71,"V":9,"NV":0,"TB":0},{"Id":79,"V":9,"NV":0,"TB":1}],[{"Id":68,"V":22,"NV":0,"TB":0},{"Id":74,"V":19,"NV":3,"TB":0},{"Id":73,"V":16,"NV":0,"TB":0},{"Id":75,"V":16,"NV":3,"TB":0},{"Id":67,"V":13,"NV":0,"TB":0},{"Id":66,"V":12,"NV":1,"TB":0},{"Id":78,"V":12,"NV":1,"TB":0},{"Id":69,"V":11,"NV":0,"TB":0},{"Id":70,"V":11,"NV":0,"TB":0},{"Id":71,"V":9,"NV":0,"TB":0}],[{"Id":68,"V":22,"NV":0,"TB":0},{"Id":74,"V":19,"NV":0,"TB":0},{"Id":73,"V":18,"NV":2,"TB":0},{"Id":75,"V":17,"NV":1,"TB":0},{"Id":66,"V":14,"NV":2,"TB":0},{"Id":67,"V":14,"NV":1,"TB":0},{"Id":69,"V":13,"NV":2,"TB":0},{"Id":78,"V":12,"NV":0,"TB":0},{"Id":70,"V":11,"NV":0,"TB":0}],[{"Id":68,"V":25,"NV":3,"TB":0},{"Id":73,"V":19,"NV":1,"TB":0},{"Id":74,"V":19,"NV":0,"TB":0},{"Id":75,"V":17,"NV":0,"TB":0},{"Id":78,"V":16,"NV":4,"TB":0},{"Id":67,"V":15,"NV":1,"TB":0},{"Id":69,"V":15,"NV":2,"TB":0},{"Id":66,"V":14,"NV":0,"TB":0}],[{"Id":68,"V":25,"NV":0,"TB":0},{"Id":74,"V":21,"NV":2,"TB":0},{"Id":75,"V":21,"NV":4,"TB":0},{"Id":73,"V":20,"NV":1,"TB":0},{"Id":78,"V":18,"NV":2,"TB":0},{"Id":67,"V":17,"NV":2,"TB":0},{"Id":69,"V":17,"NV":2,"TB":1}],[{"Id":68,"V":27,"NV":2,"TB":0},{"Id":75,"V":24,"NV":3,"TB":0},{"Id":73,"V":22,"NV":2,"TB":0},{"Id":74,"V":22,"NV":1,"TB":0},{"Id":78,"V":22,"NV":4,"TB":0},{"Id":67,"V":19,"NV":2,"TB":0}],[{"Id":68,"V":35,"NV":8,"TB":0},{"Id":74,"V":26,"NV":4,"TB":0},{"Id":75,"V":24,"NV":0,"TB":0},{"Id":78,"V":24,"NV":2,"TB":0},{"Id":73,"V":23,"NV":1,"TB":0}],[{"Id":68,"V":45,"NV":10,"TB":0},{"Id":74,"V":29,"NV":3,"TB":0},{"Id":78,"V":26,"NV":2,"TB":0},{"Id":75,"V":26,"NV":2,"TB":2}],[{"Id":68,"V":47,"NV":2,"TB":0},{"Id":74,"V":36,"NV":7,"TB":0},{"Id":78,"V":31,"NV":5,"TB":0}],[{"Id":68,"V":53,"NV":6,"TB":0},{"Id":74,"V":50,"NV":14,"TB":0}],[{"Id":68,"V":77,"NV":24,"TB":0}]],"Expires":1516575175,"SecondsLeft":0}