{"Mtype":"results","Title":"Round 3","PollStarted":"2018-06-17T22:58:27.354391791Z","PollDuration":300000000000,"Options":{"65":"Kat going to university. (holding a few books in her arms, wearing appropriate attire)","66":"Keith, Natani, Zen \u0026 Raine having dinner up in a hot air balloon. ","67":"Ms. Potts uses a stepladder to pet Colin","68":"Flora gets stuck in a tree \u0026 needs to be rescued by firefighters.","69":"Trace, Keith, Flora, Natani, Zen, Kat, \u0026 Mrs. Nibbly playing poker (Dogs Playing poker style)","70":"A drunk Natani's flirting causes Adelaide to have sword tail!","71":"An older Maeve \u0026 Maddie going on their first date. (Keith Ahegao face for warmup)","72":"Interaction between Natani \u0026 Krystal from Star Fox","73":"Eric Finds Out He’s a Slave’s Baby-Daddy. Kat’s Pissed.","74":"Natani in N7 outfit \u0026 equip. Female (Mass) \u0026 male (effect) versions.","75":"Young Keith training w/ Alaric","76":"Flora having trouble seeing Tiger Trace while they are out on a winter walk.","77":"What would the child look like if Keith \u0026 Trace had a kid?","78":"Karen takes Fem Fur Red shopping for clothes (Much to Red's dismay) Sythe catcalls","79":"Nora adds Raine to Natani \u0026 Zen's mental link as a prank","80":"Mike \u0026 Kathrin posing for Erics painting","81":"Flora steals Keith's skirt while at Cross Dress High."},"ExpectedBallots":127,"CountedBallots":125,"Ballots":["BOCD","HPJNFQADKOEIBMGLC","OC","PELIG","OEFGKAL","OPFNHCQDKL","LNPOCDFH","LQAPND","OFEM","IMECG","JKBL","KD","DCPOAK","AOCFI","DJO","GFECMNQDOILPBKHJ","ADFL","POHNQF","IKGPDFLMEBAOQHNCJ","ILMDOJFNGC","D","GK","G","IDQPGECMNA","DQPHEL","GOQFJ","IPMACK","CIOLJ","F","AJOHKGPCFNILEB","HCOGIA","EHMALPODJCQNFKIB","KODMIFLPBHAEN","OFB","NPHODJQFKGLAMBEIC","PIAD","GCF","DLKICB","OCAMIGDLFQ","HFOPJM","GAF","EJNFQ","MIQFEDLABPG","CFPIGANODQJLKBEHM","HNPACJLOEQDFBGKIM","GFIH","JEHFBDI","AFGQJHPDEN","CLPON","JCILKQM","OJHNQPFLDA","HPJA","HLCO","ADB","H","CEFHLD","PIHDOA","F","LDFMCIQHGNOJEAPKB","EDBOGF","H","","ENQDAHMPBIFLCOJGK","HMPNOQCIDEFB","CKADPGLBMQJHFON","OKBGFM","ADPCG","AGL","LNFDIGCEMPOBAQHKJ","LDO","AONE","MQLIPDO","D","FLQOD","PEHGOJNCMKDFLIQBA","DCOHM","DLE","ELFDPNOG","NPID","PNCKIQHMFO","GDFHOL","CIM","PO","G","MIDLFQH","ECGPOF","PIONFGLCBKHMJ","FDQ","OGEP","FH","CHOJGDFKENPBAIQLM","OAELCID","FCADBLOPKQENIMHJG","","KGFJHBM","JFGKBOCPLDH","GLAKDICN","NQICAPMOHFEKDJLG","OILGFEDKMBQCAHJ","KFOPEBC","JALD","GOQ","H","GAQFDLKBJCEHPMION","CAP","QOFPLINHDCGEKMBAJ","OABFJ","DOCGFALBQEIKNJHPM","FGJHDLOMKPBECAQNI","GCIME","DHCJI","PFMDILQJOENABGKHC","FEIMA","GJOEMAFPHQLDNCBKI","ACDBKQLNOHPJGFEIM","K","DQHPLE","","CADO","OQE","DLH","FPNG","BFDGOLQN","LDQ","KB"],"Placements":[[{"Id":71,"V":14,"NV":14,"TB":0},{"Id":79,"V":13,"NV":13,"TB":0},{"Id":68,"V":12,"NV":12,"TB":0},{"Id":72,"V":10,"NV":10,"TB":0},{"Id":65,"V":9,"NV":9,"TB":0},{"Id":67,"V":9,"NV":9,"TB":0},{"Id":70,"V":9,"NV":9,"TB":0},{"Id":80,"V":9,"NV":9,"TB":0},{"Id":69,"V":6,"NV":6,"TB":0},{"Id":75,"V":6,"NV":6,"TB":0},{"Id":76,"V":6,"NV":6,"TB":0},{"Id":73,"V":5,"NV":5,"TB":0},{"Id":74,"V":5,"NV":5,"TB":0},{"Id":77,"V":3,"NV":3,"TB":0},{"Id":78,"V":3,"NV":3,"TB":0},{"Id":66,"V":2,"NV":2,"TB":0},{"Id":81,"V":1,"NV":1,"TB":0}],[{"Id":71,"V":14,"NV":0,"TB":0},{"Id":79,"V":14,"NV":1,"TB":0},{"Id":68,"V":12,"NV":0,"TB":0},{"Id":72,"V":10,"NV":0,"TB":0},{"Id":65,"V":9,"NV":0,"TB":0},{"Id":67,"V":9,"NV":0,"TB":0},{"Id":70,"V":9,"NV":0,"TB":0},{"Id":80,"V":9,"NV":0,"TB":0},{"Id":69,"V":6,"NV":0,"TB":0},{"Id":75,"V":6,"NV":0,"TB":0},{"Id":76,"V":6,"NV":0,"TB":0},{"Id":73,"V":5,"NV":0,"TB":0},{"Id":74,"V":5,"NV":0,"TB":0},{"Id":77,"V":3,"NV":0,"TB":0},{"Id":78,"V":3,"NV":0,"TB":0},{"Id":66,"V":2,"NV":0,"TB":0}],[{"Id":79,"V":15,"NV":1,"TB":0},{"Id":71,"V":14,"NV":0,"TB":0},{"Id":68,"V":12,"NV":0,"TB":0},{"Id":70,"V":10,"NV":1,"TB":0},{"Id":72,"V":10,"NV":0,"TB":0},{"Id":65,"V":9,"NV":0,"TB":0},{"Id":67,"V":9,"NV":0,"TB":0},{"Id":80,"V":9,"NV":0,"TB":0},{"Id":69,"V":6,"NV":0,"TB":0},{"Id":75,"V":6,"NV":0,"TB":0},{"Id":76,"V":6,"NV":0,"TB":0},{"Id":73,"V":5,"NV":0,"TB":0},{"Id":74,"V":5,"NV":0,"TB":0},{"Id":78,"V":3,"NV":0,"TB":0},{"Id":77,"V":3,"NV":0,"TB":2}],[{"Id":79,"V":15,"NV":0,"TB":0},{"Id":71,"V":14,"NV":0,"TB":0},{"Id":68,"V":12,"NV":0,"TB":0},{"Id":70,"V":10,"NV":0,"TB":0},{"Id":72,"V":10,"NV":0,"TB":0},{"Id":65,"V":9,"NV":0,"TB":0},{"Id":67,"V":9,"NV":0,"TB":0},{"Id":80,"V":9,"NV":0,"TB":0},{"Id":73,"V":7,"NV":2,"TB":0},{"Id":76,"V":7,"NV":1,"TB":0},{"Id":69,"V":6,"NV":0,"TB":0},{"Id":75,"V":6,"NV":0,"TB":0},{"Id":74,"V":5,"NV":0,"TB":0},{"Id":78,"V":3,"NV":0,"TB":0}],[{"Id":79,"V":15,"NV":0,"TB":0},{"Id":71,"V":14,"NV":0,"TB":0},{"Id":68,"V":12,"NV":0,"TB":0},{"Id":80,"V":11,"NV":2,"TB":0},{"Id":70,"V":10,"NV":0,"TB":0},{"Id":72,"V":10,"NV":0,"TB":0},{"Id":65,"V":9,"NV":0,"TB":0},{"Id":67,"V":9,"NV":0,"TB":0},{"Id":73,"V":8,"NV":1,"TB":0},{"Id":76,"V":7,"NV":0,"TB":0},{"Id":69,"V":6,"NV":0,"TB":0},{"Id":75,"V":6,"NV":0,"TB":0},{"Id":74,"V":5,"NV":0,"TB":0}],[{"Id":79,"V":15,"NV":0,"TB":0},{"Id":71,"V":14,"NV":0,"TB":0},{"Id":68,"V":12,"NV":0,"TB":0},{"Id":70,"V":11,"NV":1,"TB":0},{"Id":80,"V":11,"NV":0,"TB":0},{"Id":65,"V":10,"NV":1,"TB":0},{"Id":67,"V":10,"NV":1,"TB":0},{"Id":72,"V":10,"NV":0,"TB":0},{"Id":73,"V":8,"NV":0,"TB":0},{"Id":69,"V":7,"NV":1,"TB":0},{"Id":75,"V":7,"NV":1,"TB":0},{"Id":76,"V":7,"NV":0,"TB":1}],[{"Id":68,"V":15,"NV":3,"TB":0},{"Id":79,"V":15,"NV":0,"TB":0},{"Id":71,"V":14,"NV":0,"TB":0},{"Id":70,"V":12,"NV":1,"TB":0},{"Id":80,"V":12,"NV":1,"TB":0},{"Id":65,"V":11,"NV":1,"TB":0},{"Id":67,"V":10,"NV":0,"TB":0},{"Id":72,"V":10,"NV":0,"TB":0},{"Id":73,"V":9,"NV":1,"TB":0},{"Id":69,"V":7,"NV":0,"TB":0},{"Id":75,"V":7,"NV":0,"TB":1}],[{"Id":68,"V":16,"NV":1,"TB":0},{"Id":79,"V":16,"NV":1,"TB":0},{"Id":71,"V":15,"NV":1,"TB":0},{"Id":70,"V":13,"NV":1,"TB":0},{"Id":80,"V":12,"NV":0,"TB":0},{"Id":65,"V":11,"NV":0,"TB":0},{"Id":67,"V":10,"NV":0,"TB":0},{"Id":72,"V":10,"NV":0,"TB":0},{"Id":73,"V":9,"NV":0,"TB":0},{"Id":69,"V":7,"NV":0,"TB":0}],[{"Id":68,"V":18,"NV":2,"TB":0},{"Id":79,"V":16,"NV":0,"TB":0},{"Id":70,"V":15,"NV":2,"TB":0},{"Id":71,"V":15,"NV":0,"TB":0},{"Id":72,"V":12,"NV":2,"TB":0},{"Id":80,"V":12,"NV":0,"TB":0},{"Id":65,"V":11,"NV":0,"TB":0},{"Id":67,"V":11,"NV":1,"TB":0},{"Id":73,"V":9,"NV":0,"TB":0}],[{"Id":68,"V":21,"NV":3,"TB":0},{"Id":70,"V":16,"NV":1,"TB":0},{"Id":71,"V":16,"NV":1,"TB":0},{"Id":79,"V":16,"NV":0,"TB":0},{"Id":80,"V":14,"NV":2,"TB":0},{"Id":67,"V":13,"NV":2,"TB":0},{"Id":72,"V":12,"NV":0,"TB":0},{"Id":65,"V":11,"NV":0,"TB":0}],[{"Id":68,"V":25,"NV":4,"TB":0},{"Id":79,"V":19,"NV":3,"TB":0},{"Id":70,"V":17,"NV":1,"TB":0},{"Id":71,"V":17,"NV":1,"TB":0},{"Id":80,"V":15,"NV":1,"TB":0},{"Id":67,"V":14,"NV":1,"TB":0},{"Id":72,"V":12,"NV":0,"TB":0}],[{"Id":68,"V":25,"NV":0,"TB":0},{"Id":80,"V":20,"NV":5,"TB":0},{"Id":70,"V":19,"NV":2,"TB":0},{"Id":79,"V":19,"NV":0,"TB":0},{"Id":71,"V":17,"NV":0,"TB":0},{"Id":67,"V":16,"NV":2,"TB":0}],[{"Id":68,"V":28,"NV":3,"TB":0},{"Id":79,"V":23,"NV":4,"TB":0},{"Id":80,"V":23,"NV":3,"TB":0},{"Id":70,"V":21,"NV":2,"TB":0},{"Id":71,"V":19,"NV":2,"TB":0}],[{"Id":68,"V":30,"NV":2,"TB":0},{"Id":70,"V":27,"NV":6,"TB":0},{"Id":79,"V":26,"NV":3,"TB":0},{"Id":80,"V":25,"NV":2,"TB":0}],[{"Id":79,"V":38,"NV":12,"TB":0},{"Id":68,"V":36,"NV":6,"TB":0},{"Id":70,"V":30,"NV":3,"TB":0}],[{"Id":68,"V":50,"NV":14,"TB":0},{"Id":79,"V":44,"NV":6,"TB":0}],[{"Id":68,"V":70,"NV":20,"TB":0}]],"Expires":1529276916,"SecondsLeft":0}