{"Mtype":"results","Title":"Round 3","PollStarted":"2018-12-23T22:35:55.329903608Z","PollDuration":300000000000,"Options":{"65":"Keith and Natani vs. Trace and Flora: Snowball fight","66":"Hiccup Zen and Toothless Nora (How To Train Your Dragons)","67":"How Alabaster Stole Christmas","68":"Rainedeer: Raine is an ornament-bedecked reindeer","69":"Old Alabaster’s wife tries to talk him down after he tells her about his crazy Christmas revenge plot","70":"\"Good Guy\" Guy: Guy helps a wasted keidran Red to the inn, while refusing her drunken curious advances.","71":"Remake of Clovis' female transformation by Nora, including transition","72":"Twokinds family Christmas dinner","73":"Adelaide actually comes from an island of Amazon Basitins who are looking for their lost offspring.","74":"Adira discovers kitten Maeve destroying all the tree decorations","75":"The pizza guy (from Chapter 1 or 2) comes back to deliver a pizza to the estate but is slain again.","76":"Tigress Trace Wearing a Santa Suit Seduced Male Flora under a Mistletoe.","77":"Mike's evil female twin messes with Evals","78":"Keith and Natani under mistletoe","79":"Natani gets smashed on eggnog, Keith has to carry her to bed. A hard task, considering how heavy Nat is.","80":"Keith naked with a present on his crotch beckoning Natani to come unwrap her gift. ","81":"Santa Adira and little helper Maeve loading up the sled and maybe trace harnessing Nora as the reindeer","82":"Mike and Evals wearing ugly matching Christmas sweaters"},"ExpectedBallots":112,"CountedBallots":112,"Ballots":["NROA","JGMRBAFQ","IKPC","","PMNAQFORDILEK","JDQC","OAKICERJM","FO","NOA","LMAHRFONEGQIJKBDCP","KBRJIHNACQMLGEDPOF","FAJQDIB","DL","JAFDR","MPGF","A","AOCFQ","NLPRHQKIOAMBFJGDCE","CAOFQPJEI","GMFL","","MQJFLOGRINCDEKABPH","GQDJFK","OFBGJQNIACEPMDRLK","DJREQLM","KGMFLPCJDANQORBIE","NAOCDPMFQKEIR","AKFO","GBOD","FGMRKLPE","","DROJCBA","GM","FKRPO","PNO","OPANBI","HNPF","OGJKN","CEJAHNPOIFQR","BLKOFNGMAEDIPJRCHQ","ROQNIBCJ","CMPOJBARHDQLENKGFI","FMGLQ","DORAMQNJPGEFLIKBCH","OC","AJNORCLMIQEKBDFH","NEQLAHMJPG","KFROJAGNICDBQEM","AJORM","IREG","KJRDPOAN","IJAHK","LHKAGM","IJBDKA","QJRKI","IMPGECORBK","COEJKGQ","LFBDGAPQJHKECIONMR","GLPMCDJQAOFRKBENH","PO","DRQOJPMFNAGC","GNMLJORI","BQAJK","OFNDGPMRA","NPAOERGKDIJBMQFLCH","M","QGMJ","GBPQIDFJHALNKMRECO","JQID","CEOQJANRK","PMLGNFIOQRACDE","PQBINOCEKRMLJAGDFH","AJRMOPQ","NQJMD","OPRNAHC","GMLRJAKBQENHFDIOCP","KAJCQHNREMG","NAHRDL","KBLHFMNOAR","JM","KODGPAN","QDO","JPOGN","LBKAJDRQGFMCPOHNIE","MFJONAQBDGIRLECKP","MJ","LRQGNMHD","JONPQAGHKR","PQ","JM","FGL","PNLIJGROQMFDHA","DQ","LAO","","RKBAJECM","MRLOPD","G","HNKQMPAJBL","LCIGAR","JQ","JLAEMNRPFGOCHKIBQD","KFO","IJAHK","KDQJAH","FGMRKELJDP","GPAO","AJ","JNOQD","ECONPAKIRJQLMDGFBH","DRHAQJBK","DGOF"],"Placements":[[{"Id":74,"V":11,"NV":11,"TB":0},{"Id":71,"V":10,"NV":10,"TB":0},{"Id":75,"V":9,"NV":9,"TB":0},{"Id":68,"V":8,"NV":8,"TB":0},{"Id":78,"V":8,"NV":8,"TB":0},{"Id":65,"V":7,"NV":7,"TB":0},{"Id":70,"V":7,"NV":7,"TB":0},{"Id":76,"V":7,"NV":7,"TB":0},{"Id":79,"V":7,"NV":7,"TB":0},{"Id":80,"V":7,"NV":7,"TB":0},{"Id":73,"V":6,"NV":6,"TB":0},{"Id":77,"V":6,"NV":6,"TB":0},{"Id":67,"V":5,"NV":5,"TB":0},{"Id":81,"V":3,"NV":3,"TB":0},{"Id":66,"V":2,"NV":2,"TB":0},{"Id":72,"V":2,"NV":2,"TB":0},{"Id":82,"V":2,"NV":2,"TB":0},{"Id":69,"V":1,"NV":1,"TB":0}],[{"Id":74,"V":11,"NV":0,"TB":0},{"Id":71,"V":10,"NV":0,"TB":0},{"Id":75,"V":9,"NV":0,"TB":0},{"Id":68,"V":8,"NV":0,"TB":0},{"Id":78,"V":8,"NV":0,"TB":0},{"Id":65,"V":7,"NV":0,"TB":0},{"Id":70,"V":7,"NV":0,"TB":0},{"Id":76,"V":7,"NV":0,"TB":0},{"Id":79,"V":7,"NV":0,"TB":0},{"Id":80,"V":7,"NV":0,"TB":0},{"Id":67,"V":6,"NV":1,"TB":0},{"Id":73,"V":6,"NV":0,"TB":0},{"Id":77,"V":6,"NV":0,"TB":0},{"Id":81,"V":3,"NV":0,"TB":0},{"Id":72,"V":2,"NV":0,"TB":0},{"Id":82,"V":2,"NV":0,"TB":0},{"Id":66,"V":2,"NV":0,"TB":3}],[{"Id":74,"V":11,"NV":0,"TB":0},{"Id":71,"V":10,"NV":0,"TB":0},{"Id":75,"V":9,"NV":0,"TB":0},{"Id":68,"V":8,"NV":0,"TB":0},{"Id":76,"V":8,"NV":1,"TB":0},{"Id":78,"V":8,"NV":0,"TB":0},{"Id":65,"V":7,"NV":0,"TB":0},{"Id":70,"V":7,"NV":0,"TB":0},{"Id":79,"V":7,"NV":0,"TB":0},{"Id":80,"V":7,"NV":0,"TB":0},{"Id":67,"V":6,"NV":0,"TB":0},{"Id":73,"V":6,"NV":0,"TB":0},{"Id":77,"V":6,"NV":0,"TB":0},{"Id":81,"V":4,"NV":1,"TB":0},{"Id":72,"V":2,"NV":0,"TB":0},{"Id":82,"V":2,"NV":0,"TB":1}],[{"Id":74,"V":11,"NV":0,"TB":0},{"Id":71,"V":10,"NV":0,"TB":0},{"Id":75,"V":10,"NV":1,"TB":0},{"Id":68,"V":8,"NV":0,"TB":0},{"Id":76,"V":8,"NV":0,"TB":0},{"Id":78,"V":8,"NV":0,"TB":0},{"Id":79,"V":8,"NV":1,"TB":0},{"Id":65,"V":7,"NV":0,"TB":0},{"Id":70,"V":7,"NV":0,"TB":0},{"Id":80,"V":7,"NV":0,"TB":0},{"Id":67,"V":6,"NV":0,"TB":0},{"Id":73,"V":6,"NV":0,"TB":0},{"Id":77,"V":6,"NV":0,"TB":0},{"Id":81,"V":4,"NV":0,"TB":0},{"Id":72,"V":2,"NV":0,"TB":0}],[{"Id":74,"V":11,"NV":0,"TB":0},{"Id":71,"V":10,"NV":0,"TB":0},{"Id":75,"V":10,"NV":0,"TB":0},{"Id":78,"V":10,"NV":2,"TB":0},{"Id":68,"V":8,"NV":0,"TB":0},{"Id":76,"V":8,"NV":0,"TB":0},{"Id":79,"V":8,"NV":0,"TB":0},{"Id":65,"V":7,"NV":0,"TB":0},{"Id":70,"V":7,"NV":0,"TB":0},{"Id":80,"V":7,"NV":0,"TB":0},{"Id":67,"V":6,"NV":0,"TB":0},{"Id":73,"V":6,"NV":0,"TB":0},{"Id":77,"V":6,"NV":0,"TB":0},{"Id":81,"V":4,"NV":0,"TB":0}],[{"Id":74,"V":12,"NV":1,"TB":0},{"Id":71,"V":11,"NV":1,"TB":0},{"Id":75,"V":10,"NV":0,"TB":0},{"Id":78,"V":10,"NV":0,"TB":0},{"Id":68,"V":9,"NV":1,"TB":0},{"Id":65,"V":8,"NV":1,"TB":0},{"Id":76,"V":8,"NV":0,"TB":0},{"Id":79,"V":8,"NV":0,"TB":0},{"Id":70,"V":7,"NV":0,"TB":0},{"Id":80,"V":7,"NV":0,"TB":0},{"Id":73,"V":6,"NV":0,"TB":0},{"Id":77,"V":6,"NV":0,"TB":0},{"Id":67,"V":6,"NV":0,"TB":3}],[{"Id":74,"V":13,"NV":1,"TB":0},{"Id":71,"V":11,"NV":0,"TB":0},{"Id":79,"V":11,"NV":3,"TB":0},{"Id":75,"V":10,"NV":0,"TB":0},{"Id":78,"V":10,"NV":0,"TB":0},{"Id":65,"V":9,"NV":1,"TB":0},{"Id":68,"V":9,"NV":0,"TB":0},{"Id":76,"V":8,"NV":0,"TB":0},{"Id":70,"V":7,"NV":0,"TB":0},{"Id":77,"V":7,"NV":1,"TB":0},{"Id":80,"V":7,"NV":0,"TB":0},{"Id":73,"V":6,"NV":0,"TB":0}],[{"Id":74,"V":16,"NV":3,"TB":0},{"Id":71,"V":12,"NV":1,"TB":0},{"Id":75,"V":11,"NV":1,"TB":0},{"Id":79,"V":11,"NV":0,"TB":0},{"Id":78,"V":10,"NV":0,"TB":0},{"Id":65,"V":9,"NV":0,"TB":0},{"Id":68,"V":9,"NV":0,"TB":0},{"Id":76,"V":8,"NV":0,"TB":0},{"Id":77,"V":8,"NV":1,"TB":0},{"Id":80,"V":7,"NV":0,"TB":0},{"Id":70,"V":7,"NV":0,"TB":2}],[{"Id":74,"V":16,"NV":0,"TB":0},{"Id":71,"V":15,"NV":3,"TB":0},{"Id":75,"V":12,"NV":1,"TB":0},{"Id":79,"V":12,"NV":1,"TB":0},{"Id":65,"V":10,"NV":1,"TB":0},{"Id":78,"V":10,"NV":0,"TB":0},{"Id":68,"V":9,"NV":0,"TB":0},{"Id":77,"V":9,"NV":1,"TB":0},{"Id":76,"V":8,"NV":0,"TB":0},{"Id":80,"V":7,"NV":0,"TB":0}],[{"Id":74,"V":16,"NV":0,"TB":0},{"Id":71,"V":15,"NV":0,"TB":0},{"Id":78,"V":13,"NV":3,"TB":0},{"Id":79,"V":13,"NV":1,"TB":0},{"Id":75,"V":12,"NV":0,"TB":0},{"Id":77,"V":11,"NV":2,"TB":0},{"Id":65,"V":10,"NV":0,"TB":0},{"Id":68,"V":9,"NV":0,"TB":0},{"Id":76,"V":8,"NV":0,"TB":0}],[{"Id":71,"V":17,"NV":2,"TB":0},{"Id":74,"V":16,"NV":0,"TB":0},{"Id":75,"V":15,"NV":3,"TB":0},{"Id":78,"V":13,"NV":0,"TB":0},{"Id":79,"V":13,"NV":0,"TB":0},{"Id":77,"V":12,"NV":1,"TB":0},{"Id":65,"V":11,"NV":1,"TB":0},{"Id":68,"V":10,"NV":1,"TB":0}],[{"Id":71,"V":19,"NV":2,"TB":0},{"Id":74,"V":17,"NV":1,"TB":0},{"Id":79,"V":17,"NV":4,"TB":0},{"Id":75,"V":15,"NV":0,"TB":0},{"Id":78,"V":13,"NV":0,"TB":0},{"Id":65,"V":12,"NV":1,"TB":0},{"Id":77,"V":12,"NV":0,"TB":1}],[{"Id":71,"V":23,"NV":4,"TB":0},{"Id":74,"V":20,"NV":3,"TB":0},{"Id":79,"V":19,"NV":2,"TB":0},{"Id":75,"V":15,"NV":0,"TB":0},{"Id":78,"V":14,"NV":1,"TB":0},{"Id":65,"V":13,"NV":1,"TB":0}],[{"Id":74,"V":27,"NV":7,"TB":0},{"Id":71,"V":23,"NV":0,"TB":0},{"Id":79,"V":23,"NV":4,"TB":0},{"Id":75,"V":16,"NV":1,"TB":0},{"Id":78,"V":14,"NV":0,"TB":0}],[{"Id":74,"V":30,"NV":3,"TB":0},{"Id":79,"V":30,"NV":7,"TB":0},{"Id":71,"V":23,"NV":0,"TB":0},{"Id":75,"V":18,"NV":2,"TB":0}],[{"Id":79,"V":38,"NV":8,"TB":0},{"Id":74,"V":37,"NV":7,"TB":0},{"Id":71,"V":25,"NV":2,"TB":0}],[{"Id":74,"V":46,"NV":9,"TB":0},{"Id":79,"V":43,"NV":5,"TB":0}],[{"Id":74,"V":64,"NV":18,"TB":0}]],"Expires":1545605157,"SecondsLeft":0}