{"Mtype":"results","Title":"Round 3","PollStarted":"2018-12-16T22:28:51.662997782Z","PollDuration":300000000000,"Options":{"65":"Tigress Trace sitting under a Mistletoe wearing a santa dress suit. ","66":"Mike \u0026 Evals as Xmas Elves gift wrapping Keith's gift to Keith.","67":"Natani pushes Zen under the enchanted mistletoe with Kat ","68":"Laundry mix up. Rose brings Keith his laundry. But it's the wrong load. Keith stares at some frilly panties","69":"Milk and cookies, a little known weakness of dragons! Nora is caught red handed","70":"Alaric and Keith’s nude beach vacation ","71":"Flora, Trace, Keith playing together as kids","72":"Maeve and Maddie stealing Christmas Cookies","73":"We seen sexy Keith how about sexy trace","74":"Guy-to-girl night 3: The door to the bar opens to reveal Raine’s “friend” turns out to just be little ol' Nibbly.","75":"Flora coming out of a large present Christmas day in sexy lingerie for Trace.","76":"Flora \u0026 Trace Christmas shopping in Edinmire for baby clothes!","77":"Embarrassed Keith in a cute christmas dress, much to Natani's amusement.","78":"Twokinds but it takes place in Skyrim","79":"What-if: The Assassin's Brothers attack the main trio, only Zen doesn't survive his injury. What happens to Natani?","80":"Raine has Keidranified Red as her sled dog this year with antlers and a red nose.","81":"Natani cosplaying Nuka-Girl from Fallout 4."},"ExpectedBallots":118,"CountedBallots":118,"Ballots":["FAMHE","NC","","BDMKECPAJLIFHG","OKNMEAI","ONB","KNDO","IBJGMOACDKPNLHQEF","NL","C","BKANHPEJ","HCKIAJ","CJPKDMIO","AKJPOECQ","OJPCNGLI","FMOB","C","KIMAENCGBHDLFPJQO","FMD","C","FHIMJPGDBLANKE","PJAKI","EPJAILNMKHFBCQDGO","H","KDEHBCMPJOIAGLFQN","GEQN","AKDHLEB","C","PEBMG","PDFBIM","JPCE","KJ","APM","JNPA","PAJ","","LHAEQ","APKIJONBLFDEMQHCG","EFA","QPBKGN","LHAEQ","PJEMH","EOQ","MFBIAKDJGCHOLPENQ","CBFIKQGJADHNLMPOE","MFCK","PBIFMDA","AKLHDO","IKAOBGLCPF","PCKDJMBFN","AJCPEQIKBGNDMLO","LGACHNEJ","LPCHKQG","ONIQEMJBLGHKFCPD","MEDPFI","HCJEPA","ODPBMH","CKJEMQHFDLIGAPBNO","OIN","OFMKAELIQDBHGPJN","FBOG","FHID","FED","QFPHLCDG","NELOJG","CKAO","JHBAK","PCH","ACMHK","LNPHFJACKOEMIBDGQ","PEHM","EOB","MKPDEHAFJON","CPNJE","","CFQDGAKJPNMBOIHLE","OJCGQPAMNILDHKEFB","LHECPMBJ","KIHEMLFBCAPO","GKCEMIBNHADLOPJQF","EMGOPANQHBDLFKCIJ","EODH","ECQMN","EMHKDPCJGLBAI","PGO","","PCJ","PJC","FODMBHGIPE","PI","NQAJLHKME","MQLENB","FJCAIMBKDGEP","PJC","OFGBDQCN","AIKE","IE","CGLHJK","ACEM","FEINHPDOBJMKLGA","PO","LKFOC","JP","HECKA","CQFMKNLOPGHEABDJI","OJMKEFDHAPQGLBIN","","FDMILGBKHAJEP","LKGANIEPDCMJBHQOF","KG","KGNE","CJQF","AIME","F","PCOJGHNMAQFKDI","JKCDOGQMEFBN","BCKMAEHP","FO"],"Placements":[[{"Id":80,"V":16,"NV":16,"TB":0},{"Id":67,"V":13,"NV":13,"TB":0},{"Id":70,"V":13,"NV":13,"TB":0},{"Id":65,"V":10,"NV":10,"TB":0},{"Id":79,"V":10,"NV":10,"TB":0},{"Id":69,"V":8,"NV":8,"TB":0},{"Id":76,"V":8,"NV":8,"TB":0},{"Id":75,"V":7,"NV":7,"TB":0},{"Id":74,"V":5,"NV":5,"TB":0},{"Id":77,"V":5,"NV":5,"TB":0},{"Id":72,"V":4,"NV":4,"TB":0},{"Id":78,"V":4,"NV":4,"TB":0},{"Id":66,"V":3,"NV":3,"TB":0},{"Id":73,"V":3,"NV":3,"TB":0},{"Id":71,"V":2,"NV":2,"TB":0},{"Id":81,"V":2,"NV":2,"TB":0},{"Id":68,"V":0,"NV":0,"TB":0}],[{"Id":80,"V":16,"NV":0,"TB":0},{"Id":67,"V":13,"NV":0,"TB":0},{"Id":70,"V":13,"NV":0,"TB":0},{"Id":65,"V":10,"NV":0,"TB":0},{"Id":79,"V":10,"NV":0,"TB":0},{"Id":69,"V":8,"NV":0,"TB":0},{"Id":76,"V":8,"NV":0,"TB":0},{"Id":75,"V":7,"NV":0,"TB":0},{"Id":74,"V":5,"NV":0,"TB":0},{"Id":77,"V":5,"NV":0,"TB":0},{"Id":72,"V":4,"NV":0,"TB":0},{"Id":78,"V":4,"NV":0,"TB":0},{"Id":66,"V":3,"NV":0,"TB":0},{"Id":73,"V":3,"NV":0,"TB":0},{"Id":81,"V":2,"NV":0,"TB":0},{"Id":71,"V":2,"NV":0,"TB":2}],[{"Id":80,"V":16,"NV":0,"TB":0},{"Id":67,"V":13,"NV":0,"TB":0},{"Id":70,"V":13,"NV":0,"TB":0},{"Id":65,"V":10,"NV":0,"TB":0},{"Id":79,"V":10,"NV":0,"TB":0},{"Id":69,"V":9,"NV":1,"TB":0},{"Id":75,"V":8,"NV":1,"TB":0},{"Id":76,"V":8,"NV":0,"TB":0},{"Id":74,"V":5,"NV":0,"TB":0},{"Id":77,"V":5,"NV":0,"TB":0},{"Id":72,"V":4,"NV":0,"TB":0},{"Id":78,"V":4,"NV":0,"TB":0},{"Id":66,"V":3,"NV":0,"TB":0},{"Id":73,"V":3,"NV":0,"TB":0},{"Id":81,"V":2,"NV":0,"TB":0}],[{"Id":80,"V":17,"NV":1,"TB":0},{"Id":70,"V":14,"NV":1,"TB":0},{"Id":67,"V":13,"NV":0,"TB":0},{"Id":65,"V":10,"NV":0,"TB":0},{"Id":79,"V":10,"NV":0,"TB":0},{"Id":69,"V":9,"NV":0,"TB":0},{"Id":75,"V":8,"NV":0,"TB":0},{"Id":76,"V":8,"NV":0,"TB":0},{"Id":74,"V":5,"NV":0,"TB":0},{"Id":77,"V":5,"NV":0,"TB":0},{"Id":72,"V":4,"NV":0,"TB":0},{"Id":78,"V":4,"NV":0,"TB":0},{"Id":66,"V":3,"NV":0,"TB":0},{"Id":73,"V":3,"NV":0,"TB":1}],[{"Id":80,"V":17,"NV":0,"TB":0},{"Id":70,"V":14,"NV":0,"TB":0},{"Id":67,"V":13,"NV":0,"TB":0},{"Id":65,"V":10,"NV":0,"TB":0},{"Id":69,"V":10,"NV":1,"TB":0},{"Id":79,"V":10,"NV":0,"TB":0},{"Id":75,"V":9,"NV":1,"TB":0},{"Id":76,"V":8,"NV":0,"TB":0},{"Id":74,"V":5,"NV":0,"TB":0},{"Id":77,"V":5,"NV":0,"TB":0},{"Id":72,"V":4,"NV":0,"TB":0},{"Id":78,"V":4,"NV":0,"TB":0},{"Id":66,"V":4,"NV":1,"TB":3}],[{"Id":80,"V":17,"NV":0,"TB":0},{"Id":67,"V":14,"NV":1,"TB":0},{"Id":70,"V":14,"NV":0,"TB":0},{"Id":65,"V":10,"NV":0,"TB":0},{"Id":69,"V":10,"NV":0,"TB":0},{"Id":75,"V":10,"NV":1,"TB":0},{"Id":79,"V":10,"NV":0,"TB":0},{"Id":76,"V":8,"NV":0,"TB":0},{"Id":74,"V":6,"NV":1,"TB":0},{"Id":77,"V":6,"NV":1,"TB":0},{"Id":72,"V":4,"NV":0,"TB":0},{"Id":78,"V":4,"NV":0,"TB":1}],[{"Id":80,"V":17,"NV":0,"TB":0},{"Id":67,"V":15,"NV":1,"TB":0},{"Id":70,"V":14,"NV":0,"TB":0},{"Id":65,"V":11,"NV":1,"TB":0},{"Id":69,"V":11,"NV":1,"TB":0},{"Id":75,"V":10,"NV":0,"TB":0},{"Id":79,"V":10,"NV":0,"TB":0},{"Id":76,"V":9,"NV":1,"TB":0},{"Id":74,"V":6,"NV":0,"TB":0},{"Id":77,"V":6,"NV":0,"TB":0},{"Id":72,"V":4,"NV":0,"TB":0}],[{"Id":67,"V":17,"NV":2,"TB":0},{"Id":80,"V":17,"NV":0,"TB":0},{"Id":70,"V":14,"NV":0,"TB":0},{"Id":69,"V":12,"NV":1,"TB":0},{"Id":65,"V":11,"NV":0,"TB":0},{"Id":75,"V":10,"NV":0,"TB":0},{"Id":79,"V":10,"NV":0,"TB":0},{"Id":76,"V":9,"NV":0,"TB":0},{"Id":74,"V":6,"NV":0,"TB":0},{"Id":77,"V":6,"NV":0,"TB":1}],[{"Id":67,"V":17,"NV":0,"TB":0},{"Id":80,"V":17,"NV":0,"TB":0},{"Id":70,"V":16,"NV":2,"TB":0},{"Id":69,"V":13,"NV":1,"TB":0},{"Id":75,"V":12,"NV":2,"TB":0},{"Id":65,"V":11,"NV":0,"TB":0},{"Id":76,"V":10,"NV":1,"TB":0},{"Id":79,"V":10,"NV":0,"TB":0},{"Id":74,"V":6,"NV":0,"TB":0}],[{"Id":80,"V":20,"NV":3,"TB":0},{"Id":67,"V":17,"NV":0,"TB":0},{"Id":70,"V":16,"NV":0,"TB":0},{"Id":69,"V":13,"NV":0,"TB":0},{"Id":75,"V":13,"NV":1,"TB":0},{"Id":65,"V":12,"NV":1,"TB":0},{"Id":79,"V":11,"NV":1,"TB":0},{"Id":76,"V":10,"NV":0,"TB":0}],[{"Id":80,"V":22,"NV":2,"TB":0},{"Id":67,"V":17,"NV":0,"TB":0},{"Id":70,"V":16,"NV":0,"TB":0},{"Id":65,"V":15,"NV":3,"TB":0},{"Id":69,"V":15,"NV":2,"TB":0},{"Id":75,"V":15,"NV":2,"TB":0},{"Id":79,"V":11,"NV":0,"TB":0}],[{"Id":80,"V":24,"NV":2,"TB":0},{"Id":67,"V":18,"NV":1,"TB":0},{"Id":70,"V":18,"NV":2,"TB":0},{"Id":75,"V":17,"NV":2,"TB":0},{"Id":65,"V":16,"NV":1,"TB":0},{"Id":69,"V":16,"NV":1,"TB":1}],[{"Id":80,"V":27,"NV":3,"TB":0},{"Id":67,"V":21,"NV":3,"TB":0},{"Id":70,"V":19,"NV":1,"TB":0},{"Id":75,"V":19,"NV":2,"TB":0},{"Id":65,"V":16,"NV":0,"TB":0}],[{"Id":80,"V":29,"NV":2,"TB":0},{"Id":67,"V":26,"NV":5,"TB":0},{"Id":75,"V":25,"NV":6,"TB":0},{"Id":70,"V":19,"NV":0,"TB":0}],[{"Id":80,"V":33,"NV":4,"TB":0},{"Id":67,"V":29,"NV":3,"TB":0},{"Id":75,"V":28,"NV":3,"TB":0}],[{"Id":80,"V":41,"NV":8,"TB":0},{"Id":67,"V":39,"NV":10,"TB":0}],[{"Id":80,"V":62,"NV":21,"TB":0}]],"Expires":1544999935,"SecondsLeft":0}