{"Mtype":"results","Title":"Round 7","PollStarted":"2018-09-17T02:24:49.137541564Z","PollDuration":300000000000,"Options":{"65":"Karen as Ahri from LoL","66":"Clovis finds a way to change the curse from nora. Now he's human.","67":"Tiger Trace \u0026 Flora magic mishap (Gender bender)","68":"Trace (controlled by ‘Mini Nora’) vs Flora (controlled by Nibbly) over a cardboard box city.","69":"kid Keith and puptani having a nap after an exhausting long day of play","70":"Daniel's and Therie on the road: Difference between Human hunting and Tiger hunting.","71":"Evals and Mike on a boys' night out, which changes to a girls' night out.","72":"Jedi Trace vs Sith Trace Lightsaber duel-Darkness rises, and Light to meet it.","73":"Sam, Ember, and Raine gossip over a book club meeting brunch about their favorite novels."},"ExpectedBallots":81,"CountedBallots":81,"Ballots":["I","HCGB","IBGHE","CGF","FBEIGDHCA","GFECIDH","DGFE","B","GCFHBIEDA","EIGFDB","GEFCDABHI","GBCEHFDIA","E","","HFECBIDGA","GI","HFGBCIEDA","AG","CBFDGEIAH","GIEBFDAHC","EB","FED","ICBGAHFED","IE","FD","ECFG","FDE","FGB","IHDBE","GCBFA","FECHBDGAI","IBAG","FG","BCGADHF","DHI","IHAGEBFCD","HEFA","F","E","DBHFEA","IDFHAGBCE","CGDEBAIHF","HCDBEGIFA","CIDGBAEHF","DGHCBFEAI","GHIFEDCAB","CDBGFHIEA","IGBDAEC","I","GIDF","FBC","I","FEI","FED","FCHEDAIBG","IBCGD","DFC","GFC","GC","HDCE","EGCAFH","GEFCIDHAB","AI","EIGCDABHF","GIDE","","GAICFDE","AFG","D","G","HECAGDBIF","GEBI","GFDB","AHEDIGFBC","CGFADEBIH","I","ECBD","EBFCG","EHFCB","EG",""],"Placements":[[{"Id":71,"V":17,"NV":17,"TB":0},{"Id":73,"V":13,"NV":13,"TB":0},{"Id":70,"V":12,"NV":12,"TB":0},{"Id":69,"V":11,"NV":11,"TB":0},{"Id":72,"V":7,"NV":7,"TB":0},{"Id":67,"V":6,"NV":6,"TB":0},{"Id":68,"V":6,"NV":6,"TB":0},{"Id":65,"V":4,"NV":4,"TB":0},{"Id":66,"V":2,"NV":2,"TB":0}],[{"Id":71,"V":17,"NV":0,"TB":0},{"Id":73,"V":13,"NV":0,"TB":0},{"Id":70,"V":12,"NV":0,"TB":0},{"Id":69,"V":11,"NV":0,"TB":0},{"Id":67,"V":7,"NV":1,"TB":0},{"Id":72,"V":7,"NV":0,"TB":0},{"Id":68,"V":6,"NV":0,"TB":0},{"Id":65,"V":4,"NV":0,"TB":0}],[{"Id":71,"V":18,"NV":1,"TB":0},{"Id":73,"V":14,"NV":1,"TB":0},{"Id":70,"V":13,"NV":1,"TB":0},{"Id":69,"V":11,"NV":0,"TB":0},{"Id":72,"V":8,"NV":1,"TB":0},{"Id":67,"V":7,"NV":0,"TB":0},{"Id":68,"V":6,"NV":0,"TB":0}],[{"Id":71,"V":20,"NV":2,"TB":0},{"Id":70,"V":14,"NV":1,"TB":0},{"Id":73,"V":14,"NV":0,"TB":0},{"Id":69,"V":11,"NV":0,"TB":0},{"Id":72,"V":10,"NV":2,"TB":0},{"Id":67,"V":7,"NV":0,"TB":0}],[{"Id":71,"V":25,"NV":5,"TB":0},{"Id":70,"V":15,"NV":1,"TB":0},{"Id":73,"V":15,"NV":1,"TB":0},{"Id":69,"V":11,"NV":0,"TB":0},{"Id":72,"V":10,"NV":0,"TB":0}],[{"Id":71,"V":26,"NV":1,"TB":0},{"Id":70,"V":18,"NV":3,"TB":0},{"Id":73,"V":16,"NV":1,"TB":0},{"Id":69,"V":16,"NV":5,"TB":2}],[{"Id":71,"V":30,"NV":4,"TB":0},{"Id":70,"V":22,"NV":4,"TB":0},{"Id":73,"V":19,"NV":3,"TB":0}],[{"Id":71,"V":40,"NV":10,"TB":0},{"Id":70,"V":23,"NV":1,"TB":0}],[{"Id":71,"V":52,"NV":12,"TB":0}]],"Expires":1537151688,"SecondsLeft":0}