{"Mtype":"results","Title":"Round 5","PollStarted":"2018-11-12T00:32:55.510927387Z","PollDuration":300000000000,"Options":{"65":"Maddie \u0026 Maeve meet Magpie \u0026 immediately go on an adventure for wealth, fame, \u0026 fun!","66":"Mike kisses Evals, who is reluctant at first but then gets more into it. (Both Male)","67":"Roselyn attempting to seduce Sythe and/or Red","68":"Gender switched Zen, Evals, \u0026 Mike on the beach!","69":"The main four enjoying a bonfire one crisp Autumn night. Perhaps w/ some marshmallows","70":"Evals’s home is being destroyed \u0026 he, along w/ others, are taken into slavery.","71":"Adelaide dressed as Ivy Valentine (Soul Calibur), Flora as Elena (Street Fighter), Natani as Mai Shiranui (King of Fighters)","72":"Frankenstein monster escapes her Creator \u0026 meets Raine","73":"Mike as a femboy","74":"Flora \u0026 Natani get pranked by a Prankster Pixie","75":"Super Spy Kat. Like James Bond but Kat.","76":"Please ,let all your charackters blep \":-9\" !!!","77":"Trace taking down the Halloween decorations \u0026 immediately putting up Christmas ones. Flora does not approve.","78":"Older Maddie \u0026 Maeve on their school ball in an adorable dress","79":"Flora wearing a Starship Trooper uniform \u0026 reenacting the scene \"I'm doing my part!\" w/ Trace confused","80":"Twokinds presents Phantom of the Opera","81":"Holiday party shenanigans. Maren catching Sythe under the magic mistletoe."},"ExpectedBallots":82,"CountedBallots":82,"Ballots":["QDBN","BIDCQHPFGEMLNJAOK","IQCM","JLEM","DKIMEQCJPNA","QMGEJN","GNKCMBJ","","DPAKQJEO","MEQANDCIPKGFOBHJL","QEAMP","NAFBMEJGQPHOKLCDI","BIDJ","EBFIACKHL","OEAFMBJNLCGKDIHQP","CHJAEOK","MNBIE","DKEFNPCJOMQB","NEMAFBQDJCHOPKIGL","NOGCMLAPF","KJEA","QEMHCDAFJOGNKIBPL","ACNQK","BLGKDHOACMEPNI","QBACEK","FQEBKPNACDGJIOML","EMQBFC","QMLKFCH","JFQANC","FABCMQ","ONB","IBJFDCG","NAJDEQM","F","DC","JHOMFAEGBCPQIKDLN","MHJLGQ","ED","CJLPDKMHNAFOIBEQG","HCMLDQJPOEAK","JNAQDEHKCPOLGIFBM","BFQAE","MECJKH","F","HIDBFJ","IMKEPD","MOELQKPFHJGDAC","JDQMKCEFABHIPGOLN","LAKEQOPFMGCNHJ","QADGJONEKPCMH","BQ","ENQH","CQKN","N","Q","E","QCFBP","AQFNK","AEGQH","HCFDALIBJNGMEPQOK","LDJQBIEMNKCFAGPOH","LJPNFMEGOAQ","QJGC","A","AGNJOCHQMKLDEFPIB","NACQ","","HONKLJD","CBFN","IBDQCJENMA","J","GCKD","BEPMJQ","HDFQ","GJBDCFIO","EBOFNA","NAL","FABMCL","QFCHMKEAPJGODLNIB","EBQJO","GMJQOEACN","NALK"],"Placements":[[{"Id":81,"V":11,"NV":11,"TB":0},{"Id":78,"V":8,"NV":8,"TB":0},{"Id":69,"V":7,"NV":7,"TB":0},{"Id":66,"V":6,"NV":6,"TB":0},{"Id":74,"V":6,"NV":6,"TB":0},{"Id":65,"V":5,"NV":5,"TB":0},{"Id":70,"V":5,"NV":5,"TB":0},{"Id":72,"V":5,"NV":5,"TB":0},{"Id":77,"V":5,"NV":5,"TB":0},{"Id":67,"V":4,"NV":4,"TB":0},{"Id":68,"V":4,"NV":4,"TB":0},{"Id":71,"V":4,"NV":4,"TB":0},{"Id":73,"V":4,"NV":4,"TB":0},{"Id":76,"V":3,"NV":3,"TB":0},{"Id":79,"V":2,"NV":2,"TB":0},{"Id":75,"V":1,"NV":1,"TB":0},{"Id":80,"V":0,"NV":0,"TB":0}],[{"Id":81,"V":11,"NV":0,"TB":0},{"Id":78,"V":8,"NV":0,"TB":0},{"Id":69,"V":7,"NV":0,"TB":0},{"Id":66,"V":6,"NV":0,"TB":0},{"Id":74,"V":6,"NV":0,"TB":0},{"Id":65,"V":5,"NV":0,"TB":0},{"Id":70,"V":5,"NV":0,"TB":0},{"Id":72,"V":5,"NV":0,"TB":0},{"Id":77,"V":5,"NV":0,"TB":0},{"Id":67,"V":4,"NV":0,"TB":0},{"Id":68,"V":4,"NV":0,"TB":0},{"Id":71,"V":4,"NV":0,"TB":0},{"Id":73,"V":4,"NV":0,"TB":0},{"Id":76,"V":3,"NV":0,"TB":0},{"Id":79,"V":2,"NV":0,"TB":0},{"Id":75,"V":1,"NV":0,"TB":0}],[{"Id":81,"V":11,"NV":0,"TB":0},{"Id":78,"V":8,"NV":0,"TB":0},{"Id":69,"V":7,"NV":0,"TB":0},{"Id":74,"V":7,"NV":1,"TB":0},{"Id":66,"V":6,"NV":0,"TB":0},{"Id":65,"V":5,"NV":0,"TB":0},{"Id":70,"V":5,"NV":0,"TB":0},{"Id":72,"V":5,"NV":0,"TB":0},{"Id":77,"V":5,"NV":0,"TB":0},{"Id":67,"V":4,"NV":0,"TB":0},{"Id":68,"V":4,"NV":0,"TB":0},{"Id":71,"V":4,"NV":0,"TB":0},{"Id":73,"V":4,"NV":0,"TB":0},{"Id":76,"V":3,"NV":0,"TB":0},{"Id":79,"V":2,"NV":0,"TB":0}],[{"Id":81,"V":11,"NV":0,"TB":0},{"Id":78,"V":9,"NV":1,"TB":0},{"Id":69,"V":8,"NV":1,"TB":0},{"Id":74,"V":7,"NV":0,"TB":0},{"Id":66,"V":6,"NV":0,"TB":0},{"Id":65,"V":5,"NV":0,"TB":0},{"Id":70,"V":5,"NV":0,"TB":0},{"Id":72,"V":5,"NV":0,"TB":0},{"Id":77,"V":5,"NV":0,"TB":0},{"Id":67,"V":4,"NV":0,"TB":0},{"Id":68,"V":4,"NV":0,"TB":0},{"Id":71,"V":4,"NV":0,"TB":0},{"Id":73,"V":4,"NV":0,"TB":0},{"Id":76,"V":3,"NV":0,"TB":0}],[{"Id":81,"V":11,"NV":0,"TB":0},{"Id":78,"V":9,"NV":0,"TB":0},{"Id":69,"V":8,"NV":0,"TB":0},{"Id":74,"V":8,"NV":1,"TB":0},{"Id":65,"V":6,"NV":1,"TB":0},{"Id":66,"V":6,"NV":0,"TB":0},{"Id":68,"V":5,"NV":1,"TB":0},{"Id":70,"V":5,"NV":0,"TB":0},{"Id":72,"V":5,"NV":0,"TB":0},{"Id":77,"V":5,"NV":0,"TB":0},{"Id":71,"V":4,"NV":0,"TB":0},{"Id":73,"V":4,"NV":0,"TB":0},{"Id":67,"V":4,"NV":0,"TB":3}],[{"Id":81,"V":12,"NV":1,"TB":0},{"Id":74,"V":9,"NV":1,"TB":0},{"Id":78,"V":9,"NV":0,"TB":0},{"Id":69,"V":8,"NV":0,"TB":0},{"Id":66,"V":7,"NV":1,"TB":0},{"Id":65,"V":6,"NV":0,"TB":0},{"Id":72,"V":6,"NV":1,"TB":0},{"Id":68,"V":5,"NV":0,"TB":0},{"Id":70,"V":5,"NV":0,"TB":0},{"Id":77,"V":5,"NV":0,"TB":0},{"Id":73,"V":4,"NV":0,"TB":0},{"Id":71,"V":4,"NV":0,"TB":2}],[{"Id":81,"V":12,"NV":0,"TB":0},{"Id":74,"V":10,"NV":1,"TB":0},{"Id":78,"V":10,"NV":1,"TB":0},{"Id":69,"V":8,"NV":0,"TB":0},{"Id":66,"V":7,"NV":0,"TB":0},{"Id":65,"V":6,"NV":0,"TB":0},{"Id":68,"V":6,"NV":1,"TB":0},{"Id":72,"V":6,"NV":0,"TB":0},{"Id":77,"V":6,"NV":1,"TB":0},{"Id":70,"V":5,"NV":0,"TB":0},{"Id":73,"V":4,"NV":0,"TB":0}],[{"Id":81,"V":13,"NV":1,"TB":0},{"Id":74,"V":10,"NV":0,"TB":0},{"Id":78,"V":10,"NV":0,"TB":0},{"Id":66,"V":9,"NV":2,"TB":0},{"Id":69,"V":8,"NV":0,"TB":0},{"Id":77,"V":7,"NV":1,"TB":0},{"Id":65,"V":6,"NV":0,"TB":0},{"Id":68,"V":6,"NV":0,"TB":0},{"Id":72,"V":6,"NV":0,"TB":0},{"Id":70,"V":5,"NV":0,"TB":0}],[{"Id":81,"V":14,"NV":1,"TB":0},{"Id":74,"V":10,"NV":0,"TB":0},{"Id":78,"V":10,"NV":0,"TB":0},{"Id":66,"V":9,"NV":0,"TB":0},{"Id":65,"V":8,"NV":2,"TB":0},{"Id":69,"V":8,"NV":0,"TB":0},{"Id":77,"V":7,"NV":0,"TB":0},{"Id":68,"V":6,"NV":0,"TB":0},{"Id":72,"V":6,"NV":0,"TB":1}],[{"Id":81,"V":14,"NV":0,"TB":0},{"Id":74,"V":11,"NV":1,"TB":0},{"Id":78,"V":11,"NV":1,"TB":0},{"Id":66,"V":9,"NV":0,"TB":0},{"Id":68,"V":9,"NV":3,"TB":0},{"Id":65,"V":8,"NV":0,"TB":0},{"Id":69,"V":8,"NV":0,"TB":0},{"Id":77,"V":8,"NV":1,"TB":1}],[{"Id":81,"V":14,"NV":0,"TB":0},{"Id":74,"V":13,"NV":2,"TB":0},{"Id":69,"V":12,"NV":4,"TB":0},{"Id":78,"V":12,"NV":1,"TB":0},{"Id":68,"V":10,"NV":1,"TB":0},{"Id":66,"V":9,"NV":0,"TB":0},{"Id":65,"V":8,"NV":0,"TB":0}],[{"Id":81,"V":15,"NV":1,"TB":0},{"Id":69,"V":14,"NV":2,"TB":0},{"Id":78,"V":14,"NV":2,"TB":0},{"Id":74,"V":13,"NV":0,"TB":0},{"Id":66,"V":11,"NV":2,"TB":0},{"Id":68,"V":10,"NV":0,"TB":0}],[{"Id":81,"V":18,"NV":3,"TB":0},{"Id":69,"V":16,"NV":2,"TB":0},{"Id":74,"V":14,"NV":1,"TB":0},{"Id":78,"V":14,"NV":0,"TB":0},{"Id":66,"V":13,"NV":2,"TB":0}],[{"Id":81,"V":23,"NV":5,"TB":0},{"Id":69,"V":18,"NV":2,"TB":0},{"Id":74,"V":18,"NV":4,"TB":0},{"Id":78,"V":15,"NV":1,"TB":0}],[{"Id":81,"V":25,"NV":2,"TB":0},{"Id":74,"V":22,"NV":4,"TB":0},{"Id":69,"V":21,"NV":3,"TB":0}],[{"Id":81,"V":34,"NV":9,"TB":0},{"Id":74,"V":27,"NV":5,"TB":0}],[{"Id":81,"V":50,"NV":16,"TB":0}]],"Expires":1541983375,"SecondsLeft":0}