{"Mtype":"results","Title":"Round 1","PollStarted":"2018-04-22T20:05:21.562154961Z","PollDuration":300000000000,"Options":{"65":"Mrs. Nibbly tries to fight Raine with a Nibbly-sized sword over who gets Sythe","66":"Natani wielding the axe from god of war with Kieth standing in the side lines with a bow","67":"Keidran tails: body language quick reference","68":"Keith makes peace with his father at his grave site ","69":"Trace goes Super Saiyan!","70":"Youngtani escapes into the real world \u0026 sneaks up on Maddie","71":"Baby Nora!","72":"Young Eric playing with his new kitten, Katherin. ","73":"Feral/Baby Flora being both scared \u0026 outraged at the reflection of a mirror","74":"Flora as Tracer from Overwatch","75":"While on a nice walk in the winter, Flora is having trouble keeping track of Tiger Trace","76":"Non-genderbent Mike \u0026 Evals trying on dresses together.","77":"All the twokinds villains standing around dark trace on an evil throne","78":"Wrinry's first time flying after getting her wings back.","79":"Mike \u0026 Kathrin posing for Erics painting","80":"Albion Alabaster eating a tin can"},"ExpectedBallots":125,"CountedBallots":125,"Ballots":["KILOHMBJFGCAPNDE","KCLGHFOAINM","KAFLHGC","CG","","PCMGEHN","JIFHOAGDNKPBLCM","OLCKFPGHI","MIJH","FMIGCPK","MGF","HIAODP","IKJNF","JACIBKGELMPNODHF","HPDMIEOLFGCKBAJN","OHCD","LOCIAHF","","GAP","JIKCHAOF","FCALHN","FOIHCLBAKDMNGEJP","BDC","CK","IDBHLCKGMJAF","DFAE","CHOKJIMANGDBFLEP","DIKFPGA","KICAPFMLBEDHOJNG","BJAOI","NGDICAHOPLJFMB","BCJKMHLPDEFNOGAI","B","BFMEAK","G","FHCOEDNJIGLMABPK","LGH","IADHCKG","EIGKCONJ","GLCJKIAEHPFODN","IDCHM","MFOHLBGEKAJICPDN","CGH","A","BDNGJAKI","AMCNDOLH","KLDHOIJGAPFNBCEM","E","BFEALP","JCOELIPAKMN","HCDIFKM","CFHDGJ","CHO","CKOAGHLFIBMNEPDJ","LFPKAHMO","IMCGPENH","CLOIAK","CIH","GNIACO","PCAELF","OMDFCEBHGAKIJLNP","LOHCMGDJ","HC","HCD","HICJOMKNLDBAFEGP","OKBCJHM","ACEFB","CIGA","","CHOBMNF","DHCFIOK","ENFCIGBJ","LNCJG","HDMBCFJP","CP","EKIJGMNHF","K","OCLHAKGPNMBDIEF","GKIDMJC","OCLIDG","PALM","CHFOGAPDKMBELN","HOC","NCJMI","CANI","DMIKHNBFOALE","HFAGKC","","GMACKIF","CKFOLINHAGPMD","JCHOML","C","OA","GKICDA","OA","FBLOH","OA","HCADGFEI","OJHFGAC","HDFC","BGHPKAMFIOD","BD","HLFO","CGK","HIDOCM","OCH","KJAHCIE","FAGK","GPHDM","GHAFIBNCMKODLEPJ","KILACOHJ","DBGFNMOICKAHLPJE","FHCMD","IHKJLCDPBAOEFMGN","GD","EHMIFGDACKOBJNPL","FHKCOA","CDIM","OHNDKLAF","COHFI","OL","DKAFGOC","BCOJDKIHAGM","KGHIMA","OFAB"],"Placements":[[{"Id":67,"V":19,"NV":19,"TB":0},{"Id":79,"V":14,"NV":14,"TB":0},{"Id":72,"V":13,"NV":13,"TB":0},{"Id":66,"V":10,"NV":10,"TB":0},{"Id":71,"V":10,"NV":10,"TB":0},{"Id":75,"V":9,"NV":9,"TB":0},{"Id":70,"V":8,"NV":8,"TB":0},{"Id":68,"V":6,"NV":6,"TB":0},{"Id":73,"V":6,"NV":6,"TB":0},{"Id":69,"V":5,"NV":5,"TB":0},{"Id":74,"V":5,"NV":5,"TB":0},{"Id":76,"V":5,"NV":5,"TB":0},{"Id":65,"V":3,"NV":3,"TB":0},{"Id":77,"V":3,"NV":3,"TB":0},{"Id":80,"V":3,"NV":3,"TB":0},{"Id":78,"V":2,"NV":2,"TB":0}],[{"Id":67,"V":20,"NV":1,"TB":0},{"Id":79,"V":14,"NV":0,"TB":0},{"Id":72,"V":13,"NV":0,"TB":0},{"Id":71,"V":11,"NV":1,"TB":0},{"Id":66,"V":10,"NV":0,"TB":0},{"Id":75,"V":9,"NV":0,"TB":0},{"Id":70,"V":8,"NV":0,"TB":0},{"Id":68,"V":6,"NV":0,"TB":0},{"Id":73,"V":6,"NV":0,"TB":0},{"Id":69,"V":5,"NV":0,"TB":0},{"Id":74,"V":5,"NV":0,"TB":0},{"Id":76,"V":5,"NV":0,"TB":0},{"Id":65,"V":3,"NV":0,"TB":0},{"Id":77,"V":3,"NV":0,"TB":0},{"Id":80,"V":3,"NV":0,"TB":1}],[{"Id":67,"V":22,"NV":2,"TB":0},{"Id":79,"V":14,"NV":0,"TB":0},{"Id":72,"V":13,"NV":0,"TB":0},{"Id":71,"V":11,"NV":0,"TB":0},{"Id":66,"V":10,"NV":0,"TB":0},{"Id":75,"V":9,"NV":0,"TB":0},{"Id":70,"V":8,"NV":0,"TB":0},{"Id":68,"V":6,"NV":0,"TB":0},{"Id":73,"V":6,"NV":0,"TB":0},{"Id":69,"V":5,"NV":0,"TB":0},{"Id":74,"V":5,"NV":0,"TB":0},{"Id":76,"V":5,"NV":0,"TB":0},{"Id":65,"V":4,"NV":1,"TB":0},{"Id":77,"V":3,"NV":0,"TB":0}],[{"Id":67,"V":22,"NV":0,"TB":0},{"Id":79,"V":14,"NV":0,"TB":0},{"Id":72,"V":13,"NV":0,"TB":0},{"Id":71,"V":12,"NV":1,"TB":0},{"Id":66,"V":10,"NV":0,"TB":0},{"Id":70,"V":9,"NV":1,"TB":0},{"Id":75,"V":9,"NV":0,"TB":0},{"Id":73,"V":7,"NV":1,"TB":0},{"Id":68,"V":6,"NV":0,"TB":0},{"Id":69,"V":5,"NV":0,"TB":0},{"Id":74,"V":5,"NV":0,"TB":0},{"Id":76,"V":5,"NV":0,"TB":0},{"Id":65,"V":4,"NV":0,"TB":0}],[{"Id":67,"V":24,"NV":2,"TB":0},{"Id":79,"V":14,"NV":0,"TB":0},{"Id":72,"V":13,"NV":0,"TB":0},{"Id":71,"V":12,"NV":0,"TB":0},{"Id":66,"V":10,"NV":0,"TB":0},{"Id":70,"V":9,"NV":0,"TB":0},{"Id":75,"V":9,"NV":0,"TB":0},{"Id":73,"V":7,"NV":0,"TB":0},{"Id":68,"V":6,"NV":0,"TB":0},{"Id":76,"V":6,"NV":1,"TB":0},{"Id":74,"V":5,"NV":0,"TB":0},{"Id":69,"V":5,"NV":0,"TB":2}],[{"Id":67,"V":24,"NV":0,"TB":0},{"Id":72,"V":14,"NV":1,"TB":0},{"Id":79,"V":14,"NV":0,"TB":0},{"Id":71,"V":12,"NV":0,"TB":0},{"Id":66,"V":10,"NV":0,"TB":0},{"Id":70,"V":10,"NV":1,"TB":0},{"Id":75,"V":10,"NV":1,"TB":0},{"Id":73,"V":8,"NV":1,"TB":0},{"Id":68,"V":6,"NV":0,"TB":0},{"Id":76,"V":6,"NV":0,"TB":0},{"Id":74,"V":5,"NV":0,"TB":0}],[{"Id":67,"V":27,"NV":3,"TB":0},{"Id":72,"V":14,"NV":0,"TB":0},{"Id":79,"V":14,"NV":0,"TB":0},{"Id":71,"V":12,"NV":0,"TB":0},{"Id":66,"V":10,"NV":0,"TB":0},{"Id":70,"V":10,"NV":0,"TB":0},{"Id":73,"V":10,"NV":2,"TB":0},{"Id":75,"V":10,"NV":0,"TB":0},{"Id":68,"V":6,"NV":0,"TB":0},{"Id":76,"V":6,"NV":0,"TB":1}],[{"Id":67,"V":28,"NV":1,"TB":0},{"Id":79,"V":16,"NV":2,"TB":0},{"Id":72,"V":14,"NV":0,"TB":0},{"Id":71,"V":13,"NV":1,"TB":0},{"Id":70,"V":11,"NV":1,"TB":0},{"Id":66,"V":10,"NV":0,"TB":0},{"Id":73,"V":10,"NV":0,"TB":0},{"Id":75,"V":10,"NV":0,"TB":0},{"Id":68,"V":6,"NV":0,"TB":0}],[{"Id":67,"V":28,"NV":0,"TB":0},{"Id":79,"V":16,"NV":0,"TB":0},{"Id":72,"V":15,"NV":1,"TB":0},{"Id":71,"V":13,"NV":0,"TB":0},{"Id":70,"V":12,"NV":1,"TB":0},{"Id":73,"V":12,"NV":2,"TB":0},{"Id":66,"V":11,"NV":1,"TB":0},{"Id":75,"V":11,"NV":1,"TB":1}],[{"Id":67,"V":29,"NV":1,"TB":0},{"Id":72,"V":17,"NV":2,"TB":0},{"Id":73,"V":16,"NV":4,"TB":0},{"Id":79,"V":16,"NV":0,"TB":0},{"Id":70,"V":14,"NV":2,"TB":0},{"Id":71,"V":14,"NV":1,"TB":0},{"Id":66,"V":11,"NV":0,"TB":0}],[{"Id":67,"V":32,"NV":3,"TB":0},{"Id":71,"V":17,"NV":3,"TB":0},{"Id":72,"V":17,"NV":0,"TB":0},{"Id":79,"V":17,"NV":1,"TB":0},{"Id":73,"V":16,"NV":0,"TB":0},{"Id":70,"V":16,"NV":2,"TB":2}],[{"Id":67,"V":34,"NV":2,"TB":0},{"Id":72,"V":22,"NV":5,"TB":0},{"Id":79,"V":20,"NV":3,"TB":0},{"Id":71,"V":19,"NV":2,"TB":0},{"Id":73,"V":17,"NV":1,"TB":0}],[{"Id":67,"V":39,"NV":5,"TB":0},{"Id":72,"V":28,"NV":6,"TB":0},{"Id":71,"V":23,"NV":4,"TB":0},{"Id":79,"V":21,"NV":1,"TB":0}],[{"Id":67,"V":46,"NV":7,"TB":0},{"Id":72,"V":36,"NV":8,"TB":0},{"Id":71,"V":23,"NV":0,"TB":0}],[{"Id":67,"V":56,"NV":10,"TB":0},{"Id":72,"V":42,"NV":6,"TB":0}],[{"Id":67,"V":86,"NV":30,"TB":0}]],"Expires":1524428121,"SecondsLeft":0}