{"Mtype":"results","Title":"Round 7","PollStarted":"2018-06-18T02:27:04.858960863Z","PollDuration":300000000000,"Options":{"65":"A Father's Day miracle: A proud Euchre \u0026 Mary play w/ their new daughter.","66":"Curious about their relationship, LT. Reed attempts to spy on Trace \u0026 Flora","67":"What if twokinds was a sci-fi cyberpunk story, \u0026 magic was all advanced technology","68":"Karen doing puppy eyes to touch Maddie's ears","69":"Nibbly steals Natani’s wraps; She \u0026 Keith later catch Nibbly doing ribbon ballet.","70":"Maren is tipsy from drinking, flirting a little w/ Sythe","71":"Traces seeing (or reacting to) Nora in her humanoid form","72":"Seraphina wakes up from Reni's spell at a location of tom's choice","73":"After the hint in their last sketch, Therie \u0026 Daniels as proud parents.","74":"giant robo Keith \u0026 Godzilla Natani have an epic monster battle","75":"Twokinds characters confirmed for Smash Ultimate","76":"Maren cosplays as Jessica Rabbit","77":"Kathrin massaging Laura","78":"Two Kangaroo Keidran boxing.","79":"Maddie as King Madness riding Nora into battle","80":"Nora in flight w/ a (supposedly) unnoticed dragon rider Maddness, Keith reaction from inset."},"ExpectedBallots":67,"CountedBallots":67,"Ballots":["AJFMDL","POGDEJIHBLFMA","BDM","IGECD","NKIDA","NKCOIP","ANHOKDLPC","BFADI","FMDLBAOI","LHDEIFP","AOP","KHDE","OKCA","IBCEN","NGFBMPODCA","IFLMOBHN","I","ICHK","IJFKCBHG","AFH","KIDFCNMABOEPHGLJ","HGPOJBFACKDMNLE","IBOMGFEPAL","MFNLEJHKCOI","KADCMOPGHIBE","FEI","ANIF","K","AILJCGNDFOPBMKEH","GPCDEAI","MH","AFIHKEBOLMNG","FIBMOA","ICK","I","LFAMBOHDNPEKJ","JMEOFNGBAKDCHILP","CAMI","CDIAOFMN","POHCKJNMIA","IBCAOMHEGLJ","H","EJKPDM","GDHK","HMIN","AOPIKBCGFHENDJML","CAKHENLMOF","EDFIBMLPGOAHNKCJ","OPECNMAF","LDMH","IAMGBEONCK","FMA","FL","M","HMGDLBJEI","OANILBEGMDPCFJKH","IAFKPOJDGHBECMNL","","JOC","HKNDAPC","KJLDNCEIOPFABHGM","IB","KGAONPBCFH","IBAOPC","MILBAKC","","KOJGICEFLDBMPAHN"],"Placements":[[{"Id":73,"V":14,"NV":14,"TB":0},{"Id":65,"V":8,"NV":8,"TB":0},{"Id":75,"V":7,"NV":7,"TB":0},{"Id":70,"V":5,"NV":5,"TB":0},{"Id":72,"V":5,"NV":5,"TB":0},{"Id":77,"V":4,"NV":4,"TB":0},{"Id":67,"V":3,"NV":3,"TB":0},{"Id":76,"V":3,"NV":3,"TB":0},{"Id":78,"V":3,"NV":3,"TB":0},{"Id":79,"V":3,"NV":3,"TB":0},{"Id":66,"V":2,"NV":2,"TB":0},{"Id":69,"V":2,"NV":2,"TB":0},{"Id":71,"V":2,"NV":2,"TB":0},{"Id":74,"V":2,"NV":2,"TB":0},{"Id":80,"V":2,"NV":2,"TB":0},{"Id":68,"V":0,"NV":0,"TB":0}],[{"Id":73,"V":14,"NV":0,"TB":0},{"Id":65,"V":8,"NV":0,"TB":0},{"Id":75,"V":7,"NV":0,"TB":0},{"Id":70,"V":5,"NV":0,"TB":0},{"Id":72,"V":5,"NV":0,"TB":0},{"Id":77,"V":4,"NV":0,"TB":0},{"Id":67,"V":3,"NV":0,"TB":0},{"Id":76,"V":3,"NV":0,"TB":0},{"Id":78,"V":3,"NV":0,"TB":0},{"Id":79,"V":3,"NV":0,"TB":0},{"Id":69,"V":2,"NV":0,"TB":0},{"Id":71,"V":2,"NV":0,"TB":0},{"Id":74,"V":2,"NV":0,"TB":0},{"Id":80,"V":2,"NV":0,"TB":0},{"Id":66,"V":2,"NV":0,"TB":5}],[{"Id":73,"V":14,"NV":0,"TB":0},{"Id":65,"V":8,"NV":0,"TB":0},{"Id":75,"V":7,"NV":0,"TB":0},{"Id":70,"V":6,"NV":1,"TB":0},{"Id":72,"V":5,"NV":0,"TB":0},{"Id":77,"V":5,"NV":1,"TB":0},{"Id":67,"V":3,"NV":0,"TB":0},{"Id":76,"V":3,"NV":0,"TB":0},{"Id":78,"V":3,"NV":0,"TB":0},{"Id":79,"V":3,"NV":0,"TB":0},{"Id":71,"V":2,"NV":0,"TB":0},{"Id":74,"V":2,"NV":0,"TB":0},{"Id":80,"V":2,"NV":0,"TB":0},{"Id":69,"V":2,"NV":0,"TB":4}],[{"Id":73,"V":14,"NV":0,"TB":0},{"Id":65,"V":8,"NV":0,"TB":0},{"Id":70,"V":7,"NV":1,"TB":0},{"Id":75,"V":7,"NV":0,"TB":0},{"Id":72,"V":5,"NV":0,"TB":0},{"Id":77,"V":5,"NV":0,"TB":0},{"Id":67,"V":3,"NV":0,"TB":0},{"Id":74,"V":3,"NV":1,"TB":0},{"Id":76,"V":3,"NV":0,"TB":0},{"Id":78,"V":3,"NV":0,"TB":0},{"Id":79,"V":3,"NV":0,"TB":0},{"Id":71,"V":2,"NV":0,"TB":0},{"Id":80,"V":2,"NV":0,"TB":1}],[{"Id":73,"V":14,"NV":0,"TB":0},{"Id":65,"V":8,"NV":0,"TB":0},{"Id":70,"V":7,"NV":0,"TB":0},{"Id":75,"V":7,"NV":0,"TB":0},{"Id":72,"V":5,"NV":0,"TB":0},{"Id":77,"V":5,"NV":0,"TB":0},{"Id":79,"V":5,"NV":2,"TB":0},{"Id":67,"V":3,"NV":0,"TB":0},{"Id":74,"V":3,"NV":0,"TB":0},{"Id":76,"V":3,"NV":0,"TB":0},{"Id":78,"V":3,"NV":0,"TB":0},{"Id":71,"V":2,"NV":0,"TB":0}],[{"Id":73,"V":14,"NV":0,"TB":0},{"Id":65,"V":8,"NV":0,"TB":0},{"Id":70,"V":7,"NV":0,"TB":0},{"Id":75,"V":7,"NV":0,"TB":0},{"Id":72,"V":6,"NV":1,"TB":0},{"Id":77,"V":5,"NV":0,"TB":0},{"Id":79,"V":5,"NV":0,"TB":0},{"Id":67,"V":4,"NV":1,"TB":0},{"Id":74,"V":3,"NV":0,"TB":0},{"Id":78,"V":3,"NV":0,"TB":0},{"Id":76,"V":3,"NV":0,"TB":2}],[{"Id":73,"V":14,"NV":0,"TB":0},{"Id":65,"V":8,"NV":0,"TB":0},{"Id":70,"V":8,"NV":1,"TB":0},{"Id":72,"V":7,"NV":1,"TB":0},{"Id":75,"V":7,"NV":0,"TB":0},{"Id":77,"V":6,"NV":1,"TB":0},{"Id":79,"V":5,"NV":0,"TB":0},{"Id":67,"V":4,"NV":0,"TB":0},{"Id":74,"V":3,"NV":0,"TB":0},{"Id":78,"V":3,"NV":0,"TB":1}],[{"Id":73,"V":14,"NV":0,"TB":0},{"Id":70,"V":9,"NV":1,"TB":0},{"Id":75,"V":9,"NV":2,"TB":0},{"Id":65,"V":8,"NV":0,"TB":0},{"Id":72,"V":7,"NV":0,"TB":0},{"Id":77,"V":6,"NV":0,"TB":0},{"Id":79,"V":5,"NV":0,"TB":0},{"Id":67,"V":4,"NV":0,"TB":0},{"Id":74,"V":3,"NV":0,"TB":0}],[{"Id":73,"V":14,"NV":0,"TB":0},{"Id":75,"V":10,"NV":1,"TB":0},{"Id":70,"V":9,"NV":0,"TB":0},{"Id":65,"V":8,"NV":0,"TB":0},{"Id":72,"V":7,"NV":0,"TB":0},{"Id":77,"V":7,"NV":1,"TB":0},{"Id":79,"V":6,"NV":1,"TB":0},{"Id":67,"V":4,"NV":0,"TB":0}],[{"Id":73,"V":15,"NV":1,"TB":0},{"Id":65,"V":11,"NV":3,"TB":0},{"Id":75,"V":10,"NV":0,"TB":0},{"Id":70,"V":9,"NV":0,"TB":0},{"Id":72,"V":7,"NV":0,"TB":0},{"Id":77,"V":7,"NV":0,"TB":0},{"Id":79,"V":6,"NV":0,"TB":0}],[{"Id":73,"V":16,"NV":1,"TB":0},{"Id":65,"V":12,"NV":1,"TB":0},{"Id":75,"V":11,"NV":1,"TB":0},{"Id":70,"V":9,"NV":0,"TB":0},{"Id":72,"V":8,"NV":1,"TB":0},{"Id":77,"V":8,"NV":1,"TB":1}],[{"Id":73,"V":17,"NV":1,"TB":0},{"Id":65,"V":13,"NV":1,"TB":0},{"Id":70,"V":11,"NV":2,"TB":0},{"Id":75,"V":11,"NV":0,"TB":0},{"Id":72,"V":10,"NV":2,"TB":0}],[{"Id":73,"V":20,"NV":3,"TB":0},{"Id":75,"V":14,"NV":3,"TB":0},{"Id":65,"V":13,"NV":0,"TB":0},{"Id":70,"V":12,"NV":1,"TB":0}],[{"Id":73,"V":23,"NV":3,"TB":0},{"Id":65,"V":20,"NV":7,"TB":0},{"Id":75,"V":15,"NV":1,"TB":0}],[{"Id":73,"V":30,"NV":7,"TB":0},{"Id":65,"V":24,"NV":4,"TB":0}],[{"Id":73,"V":41,"NV":11,"TB":0}]],"Expires":1529289425,"SecondsLeft":0}