{"Mtype":"results","Title":"Round 3 [16 options]","PollStarted":"2018-01-14T21:52:59.747359845Z","PollDuration":300000000000,"Options":{"65":"Keith and Tiger Trace pose for Eric while Flora and Natani watch in the aftermath of Pixie Panic","66":"Baby Raine being held by Euchre","67":"First victim of the Legacy Estate's defenses.","68":"Sythe trades his \"stupid\" ponytail for a mullet","69":"Kat being drunk, cute and VERY overly affectionate towards Keith much to Natani's dismay.","70":"Nora turns Flora into a housecat, which backfires as Trace is now giving more attention to Flora.","71":"Natani crying over Keith's lifeless body. \"You protected me but I couldn't protect you\"","72":"Zen as Adam Jensen from Deus Ex","73":"Raine helping Rose and Natani nurse Zen back to health due to his leg injury.","74":"Sythe-O-Vision: FlorTani’s Child","75":"Keith attempting to console Zen/Natani. \"Hey, at least it's not a hole in the chest.\"","76":"Mrs. Nibbly finds Natani's extra set of bandages and gets stuck inside","77":"Alaric and Keith as \"Men in Black\" agents.","78":"Kat rides a T-rex through the Jurassic Park gate.","79":"King Adelaide bringing Zen and Natani as cubs to give their Christmas wish-list to \"Santa\".","80":"Zen with a peg leg and pirate garb trying to get the pirate's \"booty\""},"ExpectedBallots":139,"CountedBallots":137,"Ballots":["OIN","BFNMC","LIOJEPBKM","FME","O","BFJO","","AFPH","L","OEFJIBGC","EALMNPFO","IJOBKELFA","IKOHPJB","PIOM","JFECAIOPKDHBLMNG","FBKPJLE","NJLEPBF","LP","O","AKEDLBG","BOJD","COGAEMFIPLK","BAHFN","FEPDMLB","DC","DHJCBFP","JPEHFADCLGM","FMCLPIBEOA","NFBPEKDHCLOIMAGJ","CONEA","LAFNDKBC","OFPCMEJDBIKN","GKEPJN","LJDFM","NFBEKMJICLO","IOH","KEFIOJCBALMDPNHG","BOPM","IOLNCMFBJE","LOEFAJKB","P","BOJEFNICAHDPKGML","J","E","OJ","KNFIC","PBADLJONIK","JFCB","AEFL","GEIMK","NPHMCKDOLEGFIJBA","A","ABCLM","KMEPAIOLGJBC","OLCDAMBP","PLNMC","JAFEPMN","PFJDMACEL","ED","EF","AELPICFJBOMDNKHG","HDPI","FOJB","EFH","KGEO","EADML","BPCMIJHKL","KLEAJG","AGKJLOCI","ELMDNBH","AIF","BKMGAJ","EPLMIC","BPDJGOCI","PN","ODLEMH","AJOKBFDCGNEMLIHP","LFEOJBCPMNHAGKID","DBPLHFJONC","BJMODINH","GKOPBDL","KOMLPGAJIBEHFDCN","BIEN","ICJP","IEL","LBP","IENL","KGMEAHOJNPLCDIFB","HOPMAJDKLGINCBFE","EGBLFC","BJIEGO","JBECMILP","IENL","JPKE","JEBOKANDLMFCGHIP","CBGOFEIAJKLMNPHD","LACOFPHJE","BIOALPHJ","HGKND","CEO","NHMDPBFILECJKAOG","IFDBCALM","PNBA","CIJNMLP","ENA","FGIJLEOBAPKDCMNH","IEJGCDKMHFOPALBN","BGIAMOLJEKFDN","MALNJOHCDPFIGBKE","BGIOKC","OEDJ","PMCALJ","LOFEBPJAKHMIDGCN","FHALEMDJIKGNCBPO","JGFEKACN","OLNHP","N","N","LMFPOD","CLGMJHOIEKFBD","N","N","FJD","N","AJBLPEF","N","AEC","N","F","N","GJOFAI","JIFEAGPBDCKOMLHN","HG","N","N","N","N"],"Placements":[[{"Id":78,"V":17,"NV":17,"TB":0},{"Id":66,"V":15,"NV":15,"TB":0},{"Id":65,"V":11,"NV":11,"TB":0},{"Id":76,"V":11,"NV":11,"TB":0},{"Id":69,"V":10,"NV":10,"TB":0},{"Id":73,"V":10,"NV":10,"TB":0},{"Id":74,"V":10,"NV":10,"TB":0},{"Id":79,"V":10,"NV":10,"TB":0},{"Id":70,"V":9,"NV":9,"TB":0},{"Id":80,"V":8,"NV":8,"TB":0},{"Id":75,"V":7,"NV":7,"TB":0},{"Id":67,"V":6,"NV":6,"TB":0},{"Id":71,"V":4,"NV":4,"TB":0},{"Id":72,"V":4,"NV":4,"TB":0},{"Id":68,"V":3,"NV":3,"TB":0},{"Id":77,"V":1,"NV":1,"TB":0}],[{"Id":78,"V":17,"NV":0,"TB":0},{"Id":66,"V":15,"NV":0,"TB":0},{"Id":65,"V":12,"NV":1,"TB":0},{"Id":76,"V":11,"NV":0,"TB":0},{"Id":69,"V":10,"NV":0,"TB":0},{"Id":73,"V":10,"NV":0,"TB":0},{"Id":74,"V":10,"NV":0,"TB":0},{"Id":79,"V":10,"NV":0,"TB":0},{"Id":70,"V":9,"NV":0,"TB":0},{"Id":80,"V":8,"NV":0,"TB":0},{"Id":75,"V":7,"NV":0,"TB":0},{"Id":67,"V":6,"NV":0,"TB":0},{"Id":71,"V":4,"NV":0,"TB":0},{"Id":72,"V":4,"NV":0,"TB":0},{"Id":68,"V":3,"NV":0,"TB":0}],[{"Id":78,"V":17,"NV":0,"TB":0},{"Id":66,"V":16,"NV":1,"TB":0},{"Id":65,"V":12,"NV":0,"TB":0},{"Id":76,"V":11,"NV":0,"TB":0},{"Id":69,"V":10,"NV":0,"TB":0},{"Id":73,"V":10,"NV":0,"TB":0},{"Id":74,"V":10,"NV":0,"TB":0},{"Id":79,"V":10,"NV":0,"TB":0},{"Id":70,"V":9,"NV":0,"TB":0},{"Id":80,"V":8,"NV":0,"TB":0},{"Id":67,"V":7,"NV":1,"TB":0},{"Id":75,"V":7,"NV":0,"TB":0},{"Id":72,"V":5,"NV":1,"TB":0},{"Id":71,"V":4,"NV":0,"TB":0}],[{"Id":78,"V":17,"NV":0,"TB":0},{"Id":66,"V":16,"NV":0,"TB":0},{"Id":65,"V":12,"NV":0,"TB":0},{"Id":69,"V":11,"NV":1,"TB":0},{"Id":74,"V":11,"NV":1,"TB":0},{"Id":76,"V":11,"NV":0,"TB":0},{"Id":73,"V":10,"NV":0,"TB":0},{"Id":79,"V":10,"NV":0,"TB":0},{"Id":70,"V":9,"NV":0,"TB":0},{"Id":75,"V":9,"NV":2,"TB":0},{"Id":80,"V":8,"NV":0,"TB":0},{"Id":67,"V":7,"NV":0,"TB":0},{"Id":72,"V":5,"NV":0,"TB":0}],[{"Id":78,"V":17,"NV":0,"TB":0},{"Id":66,"V":16,"NV":0,"TB":0},{"Id":65,"V":12,"NV":0,"TB":0},{"Id":74,"V":12,"NV":1,"TB":0},{"Id":69,"V":11,"NV":0,"TB":0},{"Id":76,"V":11,"NV":0,"TB":0},{"Id":79,"V":11,"NV":1,"TB":0},{"Id":73,"V":10,"NV":0,"TB":0},{"Id":75,"V":10,"NV":1,"TB":0},{"Id":70,"V":9,"NV":0,"TB":0},{"Id":80,"V":9,"NV":1,"TB":0},{"Id":67,"V":7,"NV":0,"TB":0}],[{"Id":66,"V":17,"NV":1,"TB":0},{"Id":78,"V":17,"NV":0,"TB":0},{"Id":79,"V":13,"NV":2,"TB":0},{"Id":65,"V":12,"NV":0,"TB":0},{"Id":69,"V":12,"NV":1,"TB":0},{"Id":74,"V":12,"NV":0,"TB":0},{"Id":76,"V":12,"NV":1,"TB":0},{"Id":73,"V":11,"NV":1,"TB":0},{"Id":75,"V":10,"NV":0,"TB":0},{"Id":80,"V":9,"NV":0,"TB":0},{"Id":70,"V":9,"NV":0,"TB":2}],[{"Id":66,"V":18,"NV":1,"TB":0},{"Id":78,"V":17,"NV":0,"TB":0},{"Id":69,"V":14,"NV":2,"TB":0},{"Id":79,"V":14,"NV":1,"TB":0},{"Id":65,"V":13,"NV":1,"TB":0},{"Id":74,"V":13,"NV":1,"TB":0},{"Id":76,"V":13,"NV":1,"TB":0},{"Id":73,"V":12,"NV":1,"TB":0},{"Id":75,"V":10,"NV":0,"TB":0},{"Id":80,"V":9,"NV":0,"TB":0}],[{"Id":66,"V":19,"NV":1,"TB":0},{"Id":78,"V":19,"NV":2,"TB":0},{"Id":65,"V":14,"NV":1,"TB":0},{"Id":69,"V":14,"NV":0,"TB":0},{"Id":73,"V":14,"NV":2,"TB":0},{"Id":74,"V":14,"NV":1,"TB":0},{"Id":76,"V":14,"NV":1,"TB":0},{"Id":79,"V":14,"NV":0,"TB":0},{"Id":75,"V":10,"NV":0,"TB":0}],[{"Id":78,"V":21,"NV":2,"TB":0},{"Id":66,"V":19,"NV":0,"TB":0},{"Id":69,"V":19,"NV":5,"TB":0},{"Id":79,"V":16,"NV":2,"TB":0},{"Id":76,"V":15,"NV":1,"TB":0},{"Id":73,"V":14,"NV":0,"TB":0},{"Id":74,"V":14,"NV":0,"TB":0},{"Id":65,"V":14,"NV":0,"TB":3}],[{"Id":69,"V":23,"NV":4,"TB":0},{"Id":78,"V":21,"NV":0,"TB":0},{"Id":66,"V":20,"NV":1,"TB":0},{"Id":76,"V":18,"NV":3,"TB":0},{"Id":74,"V":17,"NV":3,"TB":0},{"Id":79,"V":16,"NV":0,"TB":0},{"Id":73,"V":15,"NV":1,"TB":0}],[{"Id":69,"V":27,"NV":4,"TB":0},{"Id":66,"V":21,"NV":1,"TB":0},{"Id":74,"V":21,"NV":4,"TB":0},{"Id":78,"V":21,"NV":0,"TB":0},{"Id":79,"V":20,"NV":4,"TB":0},{"Id":76,"V":18,"NV":0,"TB":0}],[{"Id":69,"V":30,"NV":3,"TB":0},{"Id":79,"V":25,"NV":5,"TB":0},{"Id":74,"V":24,"NV":3,"TB":0},{"Id":78,"V":24,"NV":3,"TB":0},{"Id":66,"V":23,"NV":2,"TB":0}],[{"Id":74,"V":33,"NV":9,"TB":0},{"Id":69,"V":32,"NV":2,"TB":0},{"Id":79,"V":32,"NV":7,"TB":0},{"Id":78,"V":26,"NV":2,"TB":0}],[{"Id":69,"V":35,"NV":3,"TB":0},{"Id":74,"V":35,"NV":2,"TB":0},{"Id":79,"V":33,"NV":1,"TB":0}],[{"Id":74,"V":47,"NV":12,"TB":0},{"Id":69,"V":45,"NV":10,"TB":0}],[{"Id":74,"V":66,"NV":19,"TB":0}]],"Expires":1515967388,"SecondsLeft":0}