{"Mtype":"results","Title":"Round A","PollStarted":"2018-01-07T21:31:03.954832693Z","PollDuration":300000000000,"Options":{"65":"A few of the off-set characters chat in the break room during \"filming\" of Twokinds.","66":"madelyn reaches pickpocket level 100","67":"Strip Poker Round Three: Natani VS Clovis.","68":"Iris and her friend quiz Therie about what she has learned about the humans (Daniels).","69":"Someone escapes from the Trace Estate security system... with a few lingering side effects.","70":"In the name of meaningless battle! Red challenges King Adelaide to a sparring session.","71":"Laura trying on wedding dresses","72":"Nibs steals Trace and Flora's bathing suits: Nib nab round 3","73":"Nora teaches baby dragon Trace how to “mess” with people","74":"Natani's winter coat comes in, making her much fluffier (to her great annoyance)","75":"AU where Flora tells Natani he actually is the father","76":"Tigress trace hugging an upset flora, telling her that her body is fine the way it is","77":"Female Trace is blushing and folding her arms as she glares at Female Mike and Female Keith.","78":"Sythe looking suave in his diplomat attire (the one Flora threw away) to the surprise of group B.","79":"Team A as a steampunk style airship crew similar to Eric's ship but, you know, in the sky","80":"Adelaide's armory and armaments. Team A get a tour through Adelaide's personal battle stash"},"ExpectedBallots":146,"CountedBallots":145,"Ballots":["BF","FNAE","LEHBDFJ","LEIBJM","NPBJK","DNJPHFCMELO","JMKHAOICBLNGFEPD","DFPNOCH","FDNPBC","NDAEIKO","OIDAEHBGLMC","NKJ","FEJCNPHBGLMAKODI","POCFBKGHDELAIMJN","MCEHK","IDAMKFPN","HA","GJH","DNMCGOBPJ","MCHI","MLAPCJG","DOPFGNBEA","BFGE","GCBLIHFPDAOKMNEJ","NGHC","LHFBJMPCE","GKAEPCIJML","MFBEL","OKEIABHL","FINHE","ILNHF","LCJMAHFPENBDOKIG","ANFGEOKPJDB","","MA","IDBAEFPNGJOHC","","JCAMBOK","MBF","GMH","IGL","AHMKGPJEBCDNFIOL","EGJPKA","J","ECLJD","KAHJO","EDPNLA","N","MLJIEODNGKP","","DMCJNO","IAEHF","KFEPHCJABLGMINDO","MHBIGOFANKJPDLCE","IJL","AECM","IDBNFP","CHMJLIEKBGANPDFO","ANDGBM","L","E","NAEJPB","G","J","DNKI","ABPH","EBACLFPNHM","AJGPBOFKHDC","AMEJB","","HKIGDELPNBF","FA","BAKENFMIO","CNABDGIEFK","OFBAPENLKI","KFDJGNCPMHIOAEBL","N","","JGMLCABOK","ACDKJIPHELFNOBMG","H","JHMBCIPEADFKLGON","FKID","FPGNKJ","OADNBJFK","CJAKNLMGEPD","IMFEHJBLPODA","ONBDFKI","JCPFBEKHLDNIGMAO","JHL","OHLMIBJCE","MHLPECFDBIKAN","MEKPFDCANJHGLBIO","H","JGFLOKMHDBICPAEN","JMHCIKA","PODJEA","PJFCOBEGHKN","LNDM","G","ECBAMDIJGFOLKHNP","NBFJHA","JGOIKHABCLEMN","","HOE","L","BCJEHPLMOFDNKAIG","JBGLNAHD","IAMHCEPOJDKN","CJKGHAOLBFIMDPEN","GNCAEOJPMFHILBKD","GBLH","C","CLDMKE","JCMG","DILGJKNCH","OA","IL","BCA","ANJMPGH","NM","","MLCHBJAPNGKFEDIO","","CAOFBJGKPLHIDNME","GHM","BMF","DAIBE","KJCLBN","F","LBCE","GENFK","","A","A","A","A","CDLMAFEJIG","A","A","A","A","A","OGNBAIK","A"],"Placements":[[{"Id":65,"V":19,"NV":19,"TB":0},{"Id":74,"V":13,"NV":13,"TB":0},{"Id":77,"V":11,"NV":11,"TB":0},{"Id":71,"V":10,"NV":10,"TB":0},{"Id":73,"V":10,"NV":10,"TB":0},{"Id":78,"V":9,"NV":9,"TB":0},{"Id":67,"V":8,"NV":8,"TB":0},{"Id":68,"V":8,"NV":8,"TB":0},{"Id":70,"V":8,"NV":8,"TB":0},{"Id":76,"V":8,"NV":8,"TB":0},{"Id":79,"V":8,"NV":8,"TB":0},{"Id":66,"V":6,"NV":6,"TB":0},{"Id":69,"V":6,"NV":6,"TB":0},{"Id":72,"V":5,"NV":5,"TB":0},{"Id":75,"V":4,"NV":4,"TB":0},{"Id":80,"V":3,"NV":3,"TB":0}],[{"Id":65,"V":19,"NV":0,"TB":0},{"Id":74,"V":14,"NV":1,"TB":0},{"Id":77,"V":11,"NV":0,"TB":0},{"Id":71,"V":10,"NV":0,"TB":0},{"Id":73,"V":10,"NV":0,"TB":0},{"Id":79,"V":10,"NV":2,"TB":0},{"Id":78,"V":9,"NV":0,"TB":0},{"Id":67,"V":8,"NV":0,"TB":0},{"Id":68,"V":8,"NV":0,"TB":0},{"Id":70,"V":8,"NV":0,"TB":0},{"Id":76,"V":8,"NV":0,"TB":0},{"Id":66,"V":6,"NV":0,"TB":0},{"Id":69,"V":6,"NV":0,"TB":0},{"Id":72,"V":5,"NV":0,"TB":0},{"Id":75,"V":4,"NV":0,"TB":0}],[{"Id":65,"V":20,"NV":1,"TB":0},{"Id":74,"V":15,"NV":1,"TB":0},{"Id":77,"V":11,"NV":0,"TB":0},{"Id":70,"V":10,"NV":2,"TB":0},{"Id":71,"V":10,"NV":0,"TB":0},{"Id":73,"V":10,"NV":0,"TB":0},{"Id":79,"V":10,"NV":0,"TB":0},{"Id":78,"V":9,"NV":0,"TB":0},{"Id":67,"V":8,"NV":0,"TB":0},{"Id":68,"V":8,"NV":0,"TB":0},{"Id":76,"V":8,"NV":0,"TB":0},{"Id":66,"V":6,"NV":0,"TB":0},{"Id":69,"V":6,"NV":0,"TB":0},{"Id":72,"V":5,"NV":0,"TB":0}],[{"Id":65,"V":21,"NV":1,"TB":0},{"Id":74,"V":15,"NV":0,"TB":0},{"Id":73,"V":11,"NV":1,"TB":0},{"Id":77,"V":11,"NV":0,"TB":0},{"Id":79,"V":11,"NV":1,"TB":0},{"Id":70,"V":10,"NV":0,"TB":0},{"Id":71,"V":10,"NV":0,"TB":0},{"Id":78,"V":9,"NV":0,"TB":0},{"Id":67,"V":8,"NV":0,"TB":0},{"Id":68,"V":8,"NV":0,"TB":0},{"Id":76,"V":8,"NV":0,"TB":0},{"Id":69,"V":6,"NV":0,"TB":0},{"Id":66,"V":6,"NV":0,"TB":2}],[{"Id":65,"V":22,"NV":1,"TB":0},{"Id":74,"V":15,"NV":0,"TB":0},{"Id":70,"V":12,"NV":2,"TB":0},{"Id":77,"V":12,"NV":1,"TB":0},{"Id":73,"V":11,"NV":0,"TB":0},{"Id":79,"V":11,"NV":0,"TB":0},{"Id":67,"V":10,"NV":2,"TB":0},{"Id":71,"V":10,"NV":0,"TB":0},{"Id":78,"V":9,"NV":0,"TB":0},{"Id":68,"V":8,"NV":0,"TB":0},{"Id":76,"V":8,"NV":0,"TB":0},{"Id":69,"V":6,"NV":0,"TB":0}],[{"Id":65,"V":23,"NV":1,"TB":0},{"Id":74,"V":15,"NV":0,"TB":0},{"Id":67,"V":12,"NV":2,"TB":0},{"Id":70,"V":12,"NV":0,"TB":0},{"Id":77,"V":12,"NV":0,"TB":0},{"Id":71,"V":11,"NV":1,"TB":0},{"Id":73,"V":11,"NV":0,"TB":0},{"Id":79,"V":11,"NV":0,"TB":0},{"Id":68,"V":9,"NV":1,"TB":0},{"Id":78,"V":9,"NV":0,"TB":0},{"Id":76,"V":8,"NV":0,"TB":0}],[{"Id":65,"V":23,"NV":0,"TB":0},{"Id":74,"V":15,"NV":0,"TB":0},{"Id":67,"V":14,"NV":2,"TB":0},{"Id":70,"V":13,"NV":1,"TB":0},{"Id":73,"V":12,"NV":1,"TB":0},{"Id":77,"V":12,"NV":0,"TB":0},{"Id":71,"V":11,"NV":0,"TB":0},{"Id":79,"V":11,"NV":0,"TB":0},{"Id":78,"V":10,"NV":1,"TB":0},{"Id":68,"V":10,"NV":1,"TB":2}],[{"Id":65,"V":24,"NV":1,"TB":0},{"Id":70,"V":15,"NV":2,"TB":0},{"Id":74,"V":15,"NV":0,"TB":0},{"Id":67,"V":14,"NV":0,"TB":0},{"Id":78,"V":14,"NV":4,"TB":0},{"Id":73,"V":13,"NV":1,"TB":0},{"Id":77,"V":13,"NV":1,"TB":0},{"Id":79,"V":12,"NV":1,"TB":0},{"Id":71,"V":11,"NV":0,"TB":0}],[{"Id":65,"V":25,"NV":1,"TB":0},{"Id":74,"V":17,"NV":2,"TB":0},{"Id":78,"V":16,"NV":2,"TB":0},{"Id":67,"V":15,"NV":1,"TB":0},{"Id":70,"V":15,"NV":0,"TB":0},{"Id":77,"V":15,"NV":2,"TB":0},{"Id":73,"V":13,"NV":0,"TB":0},{"Id":79,"V":12,"NV":0,"TB":0}],[{"Id":65,"V":27,"NV":2,"TB":0},{"Id":74,"V":18,"NV":1,"TB":0},{"Id":78,"V":18,"NV":2,"TB":0},{"Id":70,"V":17,"NV":2,"TB":0},{"Id":67,"V":16,"NV":1,"TB":0},{"Id":77,"V":16,"NV":1,"TB":0},{"Id":73,"V":15,"NV":2,"TB":0}],[{"Id":65,"V":33,"NV":6,"TB":0},{"Id":74,"V":21,"NV":3,"TB":0},{"Id":78,"V":21,"NV":3,"TB":0},{"Id":70,"V":17,"NV":0,"TB":0},{"Id":77,"V":17,"NV":1,"TB":0},{"Id":67,"V":16,"NV":0,"TB":0}],[{"Id":65,"V":36,"NV":3,"TB":0},{"Id":74,"V":26,"NV":5,"TB":0},{"Id":78,"V":22,"NV":1,"TB":0},{"Id":77,"V":20,"NV":3,"TB":0},{"Id":70,"V":19,"NV":2,"TB":0}],[{"Id":65,"V":40,"NV":4,"TB":0},{"Id":74,"V":31,"NV":5,"TB":0},{"Id":78,"V":28,"NV":6,"TB":0},{"Id":77,"V":20,"NV":0,"TB":0}],[{"Id":65,"V":46,"NV":6,"TB":0},{"Id":74,"V":37,"NV":6,"TB":0},{"Id":78,"V":28,"NV":0,"TB":0}],[{"Id":65,"V":54,"NV":8,"TB":0},{"Id":74,"V":43,"NV":6,"TB":0}],[{"Id":65,"V":76,"NV":22,"TB":0}]],"Expires":1515361272,"SecondsLeft":0}