{"Mtype":"results","Title":"Round 3","PollStarted":"2018-11-11T23:05:14.801660065Z","PollDuration":300000000000,"Options":{"65":"Zen playing Quidditch ","66":"Spartan Warrior Natani Or Hoplite from the new AC game?","67":"In an alternate universe, Trace finds the magic lamp. After rubbing it meets the beautiful genie Flora.","68":"Euchre \u0026 Roselyn having fun in their youth before his acceptance into the Templar college.","69":"Natani in N7 outfit \u0026 equip. Female (Mass) \u0026 male (effect) versions.","70":"What if: Sealeen \u0026 Lynn family portrait","71":"Genie grants 3 wishes to Flora, Nat, \u0026 Kat. BUT the wishes are not exactly what they wanted.","72":"Indiana Raine whipping a crossbow out of a guards hand.","73":"Magic Item Mishaps: Reni shows off her first magic item to Kei, who gets accidentally transformed.","74":"Sam \u0026 Colin cuddling while watching \u0026 discussing their favourite TV show: Twokinds.","75":"Kat tests if she can massage Mike into a different species. Results in gender swap, to Kat's confusion \u0026 Mike's resignation. ","76":"Redraw: Keidran Trace 'Sit'","77":"Evil trace in a magic suppressing straitjacket in solitary confinement ","78":"Maddie making dolls of the main 4, dressing them for thanksgiving. Trace \u0026 Flora as Pilgrams, while Keith \u0026 Natani are Indians","79":"Alaric dressed as Freddy Mercury.","80":"Flora \u0026 Trace Forest kiss redux","81":"Zen \u0026 Raine, sitting by a window wrapped up in a blanket watching the snow fall."},"ExpectedBallots":93,"CountedBallots":93,"Ballots":["Q","OB","CKO","GMOIKH","QDM","KJGOCLIPNH","FIKJDMBEPQGNHCALO","KPJQDIEGLAFCOHNBM","MDCPLGKOFINAEJBHQ","KIHQCADJP","K","JDMPLFCKQN","O","KIGL","JPK","JQKE","MQKNEPIGJH","IKNG","AQNMKLIJFOPDHC","JFPHE","JFGKPMDHIQCALNEBO","FDQHG","LCKGM","K","JD","OJ","FHDBMGC","JGLCMIP","ILJG","JKGIALFQDMNOPECHB","KLIG","LBPFKCONQADIHJEMG","KDGICFOJ","OKNHIGDQAMLPBFEJC","KGCENO","FIDP","KPCLHIO","HDOQJB","GCJPIDHFEOAQNBMKL","M","GPCIKQLNMA","OKCGIJPQLDNMFBHEA","","MGCIHJEQK","KJBGI","QMCGAKFDENPHIJLBO","JFQPN","GKNJQ","QHDGICJ","DFKQJP","KOCF","OFDJIGC","PK","BKQGADLINECPFHJMO","OADQKLJ","E","CJINGFMOPK","HOLDA","KMIDJ","HQJDI","KODPQMJ","PL","EH","JLGCMKPIFNABQEHOD","QPKALNDJGCMH","QJMADIFOPCGNHKELB","LJNPQCMFGKIAHDEBO","IN","HQGK","","MJLG","DCAPQJFMGO","NPJIG","LOPIKH","DBJQME","IFPJQNGC","JNM","DK","KGL","JKIHLCFAODPGN","GKJO","KJLH","OKEGA","FK","BPEFCDHLAKN","FK","KI","KHQ","KHD","KGL","IGFKC","DCAPGO","F"],"Placements":[[{"Id":75,"V":20,"NV":20,"TB":0},{"Id":74,"V":12,"NV":12,"TB":0},{"Id":79,"V":8,"NV":8,"TB":0},{"Id":70,"V":7,"NV":7,"TB":0},{"Id":81,"V":6,"NV":6,"TB":0},{"Id":68,"V":5,"NV":5,"TB":0},{"Id":71,"V":5,"NV":5,"TB":0},{"Id":73,"V":5,"NV":5,"TB":0},{"Id":77,"V":5,"NV":5,"TB":0},{"Id":72,"V":4,"NV":4,"TB":0},{"Id":76,"V":4,"NV":4,"TB":0},{"Id":66,"V":2,"NV":2,"TB":0},{"Id":67,"V":2,"NV":2,"TB":0},{"Id":69,"V":2,"NV":2,"TB":0},{"Id":80,"V":2,"NV":2,"TB":0},{"Id":78,"V":1,"NV":1,"TB":0},{"Id":65,"V":1,"NV":1,"TB":2}],[{"Id":75,"V":20,"NV":0,"TB":0},{"Id":74,"V":12,"NV":0,"TB":0},{"Id":79,"V":8,"NV":0,"TB":0},{"Id":70,"V":7,"NV":0,"TB":0},{"Id":81,"V":7,"NV":1,"TB":0},{"Id":68,"V":5,"NV":0,"TB":0},{"Id":71,"V":5,"NV":0,"TB":0},{"Id":73,"V":5,"NV":0,"TB":0},{"Id":77,"V":5,"NV":0,"TB":0},{"Id":72,"V":4,"NV":0,"TB":0},{"Id":76,"V":4,"NV":0,"TB":0},{"Id":66,"V":2,"NV":0,"TB":0},{"Id":67,"V":2,"NV":0,"TB":0},{"Id":69,"V":2,"NV":0,"TB":0},{"Id":80,"V":2,"NV":0,"TB":0},{"Id":78,"V":1,"NV":0,"TB":0}],[{"Id":75,"V":20,"NV":0,"TB":0},{"Id":74,"V":12,"NV":0,"TB":0},{"Id":79,"V":8,"NV":0,"TB":0},{"Id":70,"V":7,"NV":0,"TB":0},{"Id":81,"V":7,"NV":0,"TB":0},{"Id":68,"V":5,"NV":0,"TB":0},{"Id":71,"V":5,"NV":0,"TB":0},{"Id":73,"V":5,"NV":0,"TB":0},{"Id":77,"V":5,"NV":0,"TB":0},{"Id":72,"V":4,"NV":0,"TB":0},{"Id":76,"V":4,"NV":0,"TB":0},{"Id":80,"V":3,"NV":1,"TB":0},{"Id":66,"V":2,"NV":0,"TB":0},{"Id":69,"V":2,"NV":0,"TB":0},{"Id":67,"V":2,"NV":0,"TB":2}],[{"Id":75,"V":21,"NV":1,"TB":0},{"Id":74,"V":13,"NV":1,"TB":0},{"Id":79,"V":8,"NV":0,"TB":0},{"Id":70,"V":7,"NV":0,"TB":0},{"Id":81,"V":7,"NV":0,"TB":0},{"Id":68,"V":5,"NV":0,"TB":0},{"Id":71,"V":5,"NV":0,"TB":0},{"Id":73,"V":5,"NV":0,"TB":0},{"Id":77,"V":5,"NV":0,"TB":0},{"Id":72,"V":4,"NV":0,"TB":0},{"Id":76,"V":4,"NV":0,"TB":0},{"Id":80,"V":3,"NV":0,"TB":0},{"Id":66,"V":2,"NV":0,"TB":0},{"Id":69,"V":2,"NV":0,"TB":1}],[{"Id":75,"V":21,"NV":0,"TB":0},{"Id":74,"V":13,"NV":0,"TB":0},{"Id":79,"V":8,"NV":0,"TB":0},{"Id":70,"V":7,"NV":0,"TB":0},{"Id":81,"V":7,"NV":0,"TB":0},{"Id":68,"V":5,"NV":0,"TB":0},{"Id":71,"V":5,"NV":0,"TB":0},{"Id":72,"V":5,"NV":1,"TB":0},{"Id":73,"V":5,"NV":0,"TB":0},{"Id":77,"V":5,"NV":0,"TB":0},{"Id":76,"V":4,"NV":0,"TB":0},{"Id":80,"V":3,"NV":0,"TB":0},{"Id":66,"V":2,"NV":0,"TB":0}],[{"Id":75,"V":22,"NV":1,"TB":0},{"Id":74,"V":13,"NV":0,"TB":0},{"Id":79,"V":8,"NV":0,"TB":0},{"Id":70,"V":7,"NV":0,"TB":0},{"Id":81,"V":7,"NV":0,"TB":0},{"Id":68,"V":5,"NV":0,"TB":0},{"Id":71,"V":5,"NV":0,"TB":0},{"Id":72,"V":5,"NV":0,"TB":0},{"Id":73,"V":5,"NV":0,"TB":0},{"Id":77,"V":5,"NV":0,"TB":0},{"Id":76,"V":4,"NV":0,"TB":0},{"Id":80,"V":4,"NV":1,"TB":1}],[{"Id":75,"V":23,"NV":1,"TB":0},{"Id":74,"V":14,"NV":1,"TB":0},{"Id":70,"V":8,"NV":1,"TB":0},{"Id":79,"V":8,"NV":0,"TB":0},{"Id":81,"V":7,"NV":0,"TB":0},{"Id":68,"V":5,"NV":0,"TB":0},{"Id":71,"V":5,"NV":0,"TB":0},{"Id":72,"V":5,"NV":0,"TB":0},{"Id":76,"V":5,"NV":1,"TB":0},{"Id":77,"V":5,"NV":0,"TB":0},{"Id":73,"V":5,"NV":0,"TB":3}],[{"Id":75,"V":24,"NV":1,"TB":0},{"Id":74,"V":14,"NV":0,"TB":0},{"Id":70,"V":9,"NV":1,"TB":0},{"Id":79,"V":8,"NV":0,"TB":0},{"Id":81,"V":7,"NV":0,"TB":0},{"Id":71,"V":6,"NV":1,"TB":0},{"Id":76,"V":6,"NV":1,"TB":0},{"Id":68,"V":5,"NV":0,"TB":0},{"Id":77,"V":5,"NV":0,"TB":0},{"Id":72,"V":5,"NV":0,"TB":2}],[{"Id":75,"V":24,"NV":0,"TB":0},{"Id":74,"V":14,"NV":0,"TB":0},{"Id":70,"V":9,"NV":0,"TB":0},{"Id":79,"V":9,"NV":1,"TB":0},{"Id":81,"V":9,"NV":2,"TB":0},{"Id":68,"V":6,"NV":1,"TB":0},{"Id":71,"V":6,"NV":0,"TB":0},{"Id":76,"V":6,"NV":0,"TB":0},{"Id":77,"V":5,"NV":0,"TB":0}],[{"Id":75,"V":24,"NV":0,"TB":0},{"Id":74,"V":15,"NV":1,"TB":0},{"Id":81,"V":10,"NV":1,"TB":0},{"Id":70,"V":9,"NV":0,"TB":0},{"Id":79,"V":9,"NV":0,"TB":0},{"Id":68,"V":7,"NV":1,"TB":0},{"Id":71,"V":7,"NV":1,"TB":0},{"Id":76,"V":6,"NV":0,"TB":0}],[{"Id":75,"V":25,"NV":1,"TB":0},{"Id":74,"V":17,"NV":2,"TB":0},{"Id":70,"V":10,"NV":1,"TB":0},{"Id":79,"V":10,"NV":1,"TB":0},{"Id":81,"V":10,"NV":0,"TB":0},{"Id":71,"V":7,"NV":0,"TB":0},{"Id":68,"V":7,"NV":0,"TB":2}],[{"Id":75,"V":26,"NV":1,"TB":0},{"Id":74,"V":18,"NV":1,"TB":0},{"Id":70,"V":11,"NV":1,"TB":0},{"Id":79,"V":11,"NV":1,"TB":0},{"Id":81,"V":11,"NV":1,"TB":0},{"Id":71,"V":9,"NV":2,"TB":0}],[{"Id":75,"V":30,"NV":4,"TB":0},{"Id":74,"V":20,"NV":2,"TB":0},{"Id":79,"V":13,"NV":2,"TB":0},{"Id":70,"V":12,"NV":1,"TB":0},{"Id":81,"V":11,"NV":0,"TB":0}],[{"Id":75,"V":35,"NV":5,"TB":0},{"Id":74,"V":24,"NV":4,"TB":0},{"Id":79,"V":13,"NV":0,"TB":0},{"Id":70,"V":12,"NV":0,"TB":0}],[{"Id":75,"V":42,"NV":7,"TB":0},{"Id":74,"V":25,"NV":1,"TB":0},{"Id":79,"V":13,"NV":0,"TB":0}],[{"Id":75,"V":48,"NV":6,"TB":0},{"Id":74,"V":28,"NV":3,"TB":0}],[{"Id":75,"V":60,"NV":12,"TB":0}]],"Expires":1541978114,"SecondsLeft":0}