{"Mtype":"results","Title":"Best Ships","PollStarted":"2018-10-22T02:54:50.184466725Z","PollDuration":120000000000,"Options":{"65":"Mike x Evals","66":"Laura x Keith","67":"Keith x Natani","68":"Natani x Kathrin","69":"Kathrin x Zen","70":"Zen x Raine","71":"Raine x Maren","72":"Maren x Sythe","73":"Sythe x Nibbly","74":"Nibbly x Potatosack","75":"Nora x Trace","76":"Trace x Flora","77":"Maddie x Maeve","78":"Lynn x Sealeen","79":"Reni x Kei","80":"Brutus x Clovis","81":"Clovis x Zen","82":"Reed x Wolf Prisoner","83":"Saria x Rose","84":"Adelaide x Natani"},"ExpectedBallots":14,"CountedBallots":14,"Ballots":["FHD","","LK","FELDBCPOKNGJ","GAMSTRCLBDHFENKPJ","PCLNQIBRMKTGEDSHFJAO","Q","C","A","CLBFNH","C","","JFLKBMHPITARCQGONSDE","CADIOR"],"Placements":[[{"Id":67,"V":4,"NV":4,"TB":0},{"Id":70,"V":2,"NV":2,"TB":0},{"Id":65,"V":1,"NV":1,"TB":0},{"Id":71,"V":1,"NV":1,"TB":0},{"Id":74,"V":1,"NV":1,"TB":0},{"Id":76,"V":1,"NV":1,"TB":0},{"Id":80,"V":1,"NV":1,"TB":0},{"Id":81,"V":1,"NV":1,"TB":0},{"Id":66,"V":0,"NV":0,"TB":0},{"Id":68,"V":0,"NV":0,"TB":0},{"Id":69,"V":0,"NV":0,"TB":0},{"Id":73,"V":0,"NV":0,"TB":0},{"Id":75,"V":0,"NV":0,"TB":0},{"Id":77,"V":0,"NV":0,"TB":0},{"Id":78,"V":0,"NV":0,"TB":0},{"Id":79,"V":0,"NV":0,"TB":0},{"Id":82,"V":0,"NV":0,"TB":0},{"Id":83,"V":0,"NV":0,"TB":0},{"Id":84,"V":0,"NV":0,"TB":0},{"Id":72,"V":0,"NV":0,"TB":9}],[{"Id":67,"V":4,"NV":0,"TB":0},{"Id":70,"V":2,"NV":0,"TB":0},{"Id":65,"V":1,"NV":0,"TB":0},{"Id":71,"V":1,"NV":0,"TB":0},{"Id":74,"V":1,"NV":0,"TB":0},{"Id":76,"V":1,"NV":0,"TB":0},{"Id":80,"V":1,"NV":0,"TB":0},{"Id":81,"V":1,"NV":0,"TB":0},{"Id":66,"V":0,"NV":0,"TB":0},{"Id":68,"V":0,"NV":0,"TB":0},{"Id":69,"V":0,"NV":0,"TB":0},{"Id":73,"V":0,"NV":0,"TB":0},{"Id":75,"V":0,"NV":0,"TB":0},{"Id":77,"V":0,"NV":0,"TB":0},{"Id":78,"V":0,"NV":0,"TB":0},{"Id":82,"V":0,"NV":0,"TB":0},{"Id":83,"V":0,"NV":0,"TB":0},{"Id":84,"V":0,"NV":0,"TB":0},{"Id":79,"V":0,"NV":0,"TB":4}],[{"Id":67,"V":4,"NV":0,"TB":0},{"Id":70,"V":2,"NV":0,"TB":0},{"Id":65,"V":1,"NV":0,"TB":0},{"Id":71,"V":1,"NV":0,"TB":0},{"Id":74,"V":1,"NV":0,"TB":0},{"Id":76,"V":1,"NV":0,"TB":0},{"Id":80,"V":1,"NV":0,"TB":0},{"Id":81,"V":1,"NV":0,"TB":0},{"Id":66,"V":0,"NV":0,"TB":0},{"Id":68,"V":0,"NV":0,"TB":0},{"Id":69,"V":0,"NV":0,"TB":0},{"Id":73,"V":0,"NV":0,"TB":0},{"Id":75,"V":0,"NV":0,"TB":0},{"Id":77,"V":0,"NV":0,"TB":0},{"Id":78,"V":0,"NV":0,"TB":0},{"Id":82,"V":0,"NV":0,"TB":0},{"Id":83,"V":0,"NV":0,"TB":0},{"Id":84,"V":0,"NV":0,"TB":1}],[{"Id":67,"V":4,"NV":0,"TB":0},{"Id":70,"V":2,"NV":0,"TB":0},{"Id":65,"V":1,"NV":0,"TB":0},{"Id":71,"V":1,"NV":0,"TB":0},{"Id":74,"V":1,"NV":0,"TB":0},{"Id":76,"V":1,"NV":0,"TB":0},{"Id":80,"V":1,"NV":0,"TB":0},{"Id":81,"V":1,"NV":0,"TB":0},{"Id":66,"V":0,"NV":0,"TB":0},{"Id":68,"V":0,"NV":0,"TB":0},{"Id":69,"V":0,"NV":0,"TB":0},{"Id":73,"V":0,"NV":0,"TB":0},{"Id":75,"V":0,"NV":0,"TB":0},{"Id":77,"V":0,"NV":0,"TB":0},{"Id":82,"V":0,"NV":0,"TB":0},{"Id":83,"V":0,"NV":0,"TB":0},{"Id":78,"V":0,"NV":0,"TB":3}],[{"Id":67,"V":4,"NV":0,"TB":0},{"Id":70,"V":2,"NV":0,"TB":0},{"Id":65,"V":1,"NV":0,"TB":0},{"Id":71,"V":1,"NV":0,"TB":0},{"Id":74,"V":1,"NV":0,"TB":0},{"Id":76,"V":1,"NV":0,"TB":0},{"Id":80,"V":1,"NV":0,"TB":0},{"Id":81,"V":1,"NV":0,"TB":0},{"Id":66,"V":0,"NV":0,"TB":0},{"Id":68,"V":0,"NV":0,"TB":0},{"Id":69,"V":0,"NV":0,"TB":0},{"Id":73,"V":0,"NV":0,"TB":0},{"Id":75,"V":0,"NV":0,"TB":0},{"Id":77,"V":0,"NV":0,"TB":0},{"Id":83,"V":0,"NV":0,"TB":0},{"Id":82,"V":0,"NV":0,"TB":2}],[{"Id":67,"V":4,"NV":0,"TB":0},{"Id":70,"V":2,"NV":0,"TB":0},{"Id":65,"V":1,"NV":0,"TB":0},{"Id":71,"V":1,"NV":0,"TB":0},{"Id":74,"V":1,"NV":0,"TB":0},{"Id":76,"V":1,"NV":0,"TB":0},{"Id":80,"V":1,"NV":0,"TB":0},{"Id":81,"V":1,"NV":0,"TB":0},{"Id":66,"V":0,"NV":0,"TB":0},{"Id":68,"V":0,"NV":0,"TB":0},{"Id":69,"V":0,"NV":0,"TB":0},{"Id":73,"V":0,"NV":0,"TB":0},{"Id":75,"V":0,"NV":0,"TB":0},{"Id":83,"V":0,"NV":0,"TB":0},{"Id":77,"V":0,"NV":0,"TB":2}],[{"Id":67,"V":4,"NV":0,"TB":0},{"Id":70,"V":2,"NV":0,"TB":0},{"Id":65,"V":1,"NV":0,"TB":0},{"Id":71,"V":1,"NV":0,"TB":0},{"Id":74,"V":1,"NV":0,"TB":0},{"Id":76,"V":1,"NV":0,"TB":0},{"Id":80,"V":1,"NV":0,"TB":0},{"Id":81,"V":1,"NV":0,"TB":0},{"Id":66,"V":0,"NV":0,"TB":0},{"Id":69,"V":0,"NV":0,"TB":0},{"Id":73,"V":0,"NV":0,"TB":0},{"Id":75,"V":0,"NV":0,"TB":0},{"Id":83,"V":0,"NV":0,"TB":0},{"Id":68,"V":0,"NV":0,"TB":5}],[{"Id":67,"V":4,"NV":0,"TB":0},{"Id":70,"V":2,"NV":0,"TB":0},{"Id":65,"V":1,"NV":0,"TB":0},{"Id":71,"V":1,"NV":0,"TB":0},{"Id":74,"V":1,"NV":0,"TB":0},{"Id":76,"V":1,"NV":0,"TB":0},{"Id":80,"V":1,"NV":0,"TB":0},{"Id":81,"V":1,"NV":0,"TB":0},{"Id":66,"V":0,"NV":0,"TB":0},{"Id":73,"V":0,"NV":0,"TB":0},{"Id":75,"V":0,"NV":0,"TB":0},{"Id":83,"V":0,"NV":0,"TB":0},{"Id":69,"V":0,"NV":0,"TB":4}],[{"Id":67,"V":4,"NV":0,"TB":0},{"Id":70,"V":2,"NV":0,"TB":0},{"Id":65,"V":1,"NV":0,"TB":0},{"Id":71,"V":1,"NV":0,"TB":0},{"Id":74,"V":1,"NV":0,"TB":0},{"Id":76,"V":1,"NV":0,"TB":0},{"Id":80,"V":1,"NV":0,"TB":0},{"Id":81,"V":1,"NV":0,"TB":0},{"Id":66,"V":0,"NV":0,"TB":0},{"Id":73,"V":0,"NV":0,"TB":0},{"Id":83,"V":0,"NV":0,"TB":0},{"Id":75,"V":0,"NV":0,"TB":2}],[{"Id":67,"V":4,"NV":0,"TB":0},{"Id":70,"V":2,"NV":0,"TB":0},{"Id":65,"V":1,"NV":0,"TB":0},{"Id":71,"V":1,"NV":0,"TB":0},{"Id":74,"V":1,"NV":0,"TB":0},{"Id":76,"V":1,"NV":0,"TB":0},{"Id":80,"V":1,"NV":0,"TB":0},{"Id":81,"V":1,"NV":0,"TB":0},{"Id":66,"V":0,"NV":0,"TB":0},{"Id":73,"V":0,"NV":0,"TB":0},{"Id":83,"V":0,"NV":0,"TB":1}],[{"Id":67,"V":4,"NV":0,"TB":0},{"Id":70,"V":2,"NV":0,"TB":0},{"Id":65,"V":1,"NV":0,"TB":0},{"Id":71,"V":1,"NV":0,"TB":0},{"Id":74,"V":1,"NV":0,"TB":0},{"Id":76,"V":1,"NV":0,"TB":0},{"Id":80,"V":1,"NV":0,"TB":0},{"Id":81,"V":1,"NV":0,"TB":0},{"Id":73,"V":0,"NV":0,"TB":0},{"Id":66,"V":0,"NV":0,"TB":2}],[{"Id":67,"V":4,"NV":0,"TB":0},{"Id":70,"V":2,"NV":0,"TB":0},{"Id":65,"V":1,"NV":0,"TB":0},{"Id":71,"V":1,"NV":0,"TB":0},{"Id":74,"V":1,"NV":0,"TB":0},{"Id":76,"V":1,"NV":0,"TB":0},{"Id":80,"V":1,"NV":0,"TB":0},{"Id":81,"V":1,"NV":0,"TB":0},{"Id":73,"V":0,"NV":0,"TB":0}],[{"Id":67,"V":4,"NV":0,"TB":0},{"Id":70,"V":2,"NV":0,"TB":0},{"Id":65,"V":1,"NV":0,"TB":0},{"Id":71,"V":1,"NV":0,"TB":0},{"Id":76,"V":1,"NV":0,"TB":0},{"Id":80,"V":1,"NV":0,"TB":0},{"Id":81,"V":1,"NV":0,"TB":0},{"Id":74,"V":1,"NV":0,"TB":4}],[{"Id":67,"V":4,"NV":0,"TB":0},{"Id":70,"V":3,"NV":1,"TB":0},{"Id":65,"V":1,"NV":0,"TB":0},{"Id":71,"V":1,"NV":0,"TB":0},{"Id":76,"V":1,"NV":0,"TB":0},{"Id":81,"V":1,"NV":0,"TB":0},{"Id":80,"V":1,"NV":0,"TB":2}],[{"Id":67,"V":5,"NV":1,"TB":0},{"Id":70,"V":3,"NV":0,"TB":0},{"Id":71,"V":1,"NV":0,"TB":0},{"Id":76,"V":1,"NV":0,"TB":0},{"Id":81,"V":1,"NV":0,"TB":0},{"Id":65,"V":1,"NV":0,"TB":4}],[{"Id":67,"V":5,"NV":0,"TB":0},{"Id":70,"V":3,"NV":0,"TB":0},{"Id":76,"V":1,"NV":0,"TB":0},{"Id":81,"V":1,"NV":0,"TB":0},{"Id":71,"V":1,"NV":0,"TB":3}],[{"Id":67,"V":6,"NV":1,"TB":0},{"Id":70,"V":3,"NV":0,"TB":0},{"Id":81,"V":1,"NV":0,"TB":0},{"Id":76,"V":1,"NV":0,"TB":2}],[{"Id":67,"V":6,"NV":0,"TB":0},{"Id":70,"V":3,"NV":0,"TB":0},{"Id":81,"V":1,"NV":0,"TB":0}],[{"Id":67,"V":6,"NV":0,"TB":0},{"Id":70,"V":3,"NV":0,"TB":0}],[{"Id":67,"V":8,"NV":2,"TB":0}]],"Expires":1540177129,"SecondsLeft":0}