{"Mtype":"results","Title":"Round D","PollStarted":"2018-01-08T03:02:20.103722881Z","PollDuration":300000000000,"Options":{"65":"Kat rides a T-Rex through the Jurassic Park gate.","66":"Keith and Natani get their mistletoe vengance when Zen must awkwardly kiss Raine.","67":"Festive Flora Baby Bump","68":"Saria's ghost returns to gossip with Flora about Trace","69":"Flora Fort: Part 2 Flora conquers the Kitchen.","70":"King Adelaide gives Natani advice on how to romance a basitin","71":"Evals and Mike spend their hard earned money in Vegas.","72":"Flora as an Adrakist","73":"Collar overload: everyone gets a halfway form!","74":"Laura introduces Keith to her parents","75":"Alaric incites Keith to learn black magic","76":"We've seen natani in a dress, so what about Zen in one","77":"Kat gives Lynn one of Raine's shipfics in a misguided attempt to bond over a love of reading. ","78":"Red turned into a Wolf Keidran and getting tummy rubs from Human Raine","79":"Evals Master of the tribal drum","80":"Trace and Laura’s first meeting"},"ExpectedBallots":107,"CountedBallots":107,"Ballots":["BA","BMEDF","FC","HIAJKDNMCFEPB","HIBNL","FJLG","","BDMCEG","LGANPEOMFKJCDIHB","PE","BFLNDIMAEJGO","HCBIFJPKDAGEONLM","DNFM","KFBALMINPOGDHCE","ILB","FNJ","","H","BN","FMNPBJG","KG","AFG","LFMA","IHF","LKNFIBOMDHEA","","ALDHO","HCNIPE","JGEIANMOBK","HDFINMBKPGOAJ","FONG","BP","BL","LBFMEO","IAJDHGPKEFCO","FNBM","FCBDG","AEGNLDJOBPKHIFMC","N","JMDEPLFKBNHCIGAO","CIPJE","NFLMBOC","","IHLFD","MHKPDL","FAHJD","IBLMFGNDHEO","C","ABOIHPJG","PNDJHAEBGLMIFCOK","CENAB","ECMAFIJHPLNDGBOK","NBHFICEMDKGLJPAO","JPKGBDFANEMIOLCH","ECMBHJAFIKPGNOLD","LCH","KFJLIPBHGDE","MOKLFHIABNG","HNIAB","K","DPIMNAH","MJFE","NCHIPJM","CLGBIFODNHE","FAN","OLPN","FEGMLBAI","CHED","NEF","MGBDNH","PD","JP","NIHFM","LEGIHBFP","IFDHGJN","OLDAGJPNKMBFH","A","HNMOKPE","MFN","KIOJLBEPHFGNDAMC","A","MFN","B","AF","HDFA","LFBHJE","FBPMJ","A","FJHPBG","A","BFJDLEPIC","A","A","A","L","A","A","FNPDOIKJMCE","A","FDBHPJLIMOCNKEGA","A","A","AIOLD","A","A","IF","POJFLGA"],"Placements":[[{"Id":65,"V":20,"NV":20,"TB":0},{"Id":70,"V":14,"NV":14,"TB":0},{"Id":66,"V":9,"NV":9,"TB":0},{"Id":72,"V":9,"NV":9,"TB":0},{"Id":76,"V":8,"NV":8,"TB":0},{"Id":73,"V":7,"NV":7,"TB":0},{"Id":77,"V":6,"NV":6,"TB":0},{"Id":78,"V":6,"NV":6,"TB":0},{"Id":67,"V":5,"NV":5,"TB":0},{"Id":75,"V":5,"NV":5,"TB":0},{"Id":74,"V":4,"NV":4,"TB":0},{"Id":80,"V":4,"NV":4,"TB":0},{"Id":68,"V":2,"NV":2,"TB":0},{"Id":69,"V":2,"NV":2,"TB":0},{"Id":79,"V":2,"NV":2,"TB":0},{"Id":71,"V":0,"NV":0,"TB":0}],[{"Id":65,"V":20,"NV":0,"TB":0},{"Id":70,"V":14,"NV":0,"TB":0},{"Id":66,"V":9,"NV":0,"TB":0},{"Id":72,"V":9,"NV":0,"TB":0},{"Id":76,"V":8,"NV":0,"TB":0},{"Id":73,"V":7,"NV":0,"TB":0},{"Id":77,"V":6,"NV":0,"TB":0},{"Id":78,"V":6,"NV":0,"TB":0},{"Id":67,"V":5,"NV":0,"TB":0},{"Id":75,"V":5,"NV":0,"TB":0},{"Id":74,"V":4,"NV":0,"TB":0},{"Id":80,"V":4,"NV":0,"TB":0},{"Id":69,"V":2,"NV":0,"TB":0},{"Id":79,"V":2,"NV":0,"TB":0},{"Id":68,"V":2,"NV":0,"TB":3}],[{"Id":65,"V":20,"NV":0,"TB":0},{"Id":70,"V":14,"NV":0,"TB":0},{"Id":66,"V":9,"NV":0,"TB":0},{"Id":72,"V":9,"NV":0,"TB":0},{"Id":76,"V":8,"NV":0,"TB":0},{"Id":73,"V":7,"NV":0,"TB":0},{"Id":78,"V":7,"NV":1,"TB":0},{"Id":77,"V":6,"NV":0,"TB":0},{"Id":67,"V":5,"NV":0,"TB":0},{"Id":75,"V":5,"NV":0,"TB":0},{"Id":80,"V":5,"NV":1,"TB":0},{"Id":74,"V":4,"NV":0,"TB":0},{"Id":69,"V":2,"NV":0,"TB":0},{"Id":79,"V":2,"NV":0,"TB":1}],[{"Id":65,"V":20,"NV":0,"TB":0},{"Id":70,"V":14,"NV":0,"TB":0},{"Id":76,"V":10,"NV":2,"TB":0},{"Id":66,"V":9,"NV":0,"TB":0},{"Id":72,"V":9,"NV":0,"TB":0},{"Id":73,"V":7,"NV":0,"TB":0},{"Id":78,"V":7,"NV":0,"TB":0},{"Id":77,"V":6,"NV":0,"TB":0},{"Id":67,"V":5,"NV":0,"TB":0},{"Id":75,"V":5,"NV":0,"TB":0},{"Id":80,"V":5,"NV":0,"TB":0},{"Id":74,"V":4,"NV":0,"TB":0},{"Id":69,"V":2,"NV":0,"TB":0}],[{"Id":65,"V":20,"NV":0,"TB":0},{"Id":70,"V":14,"NV":0,"TB":0},{"Id":76,"V":10,"NV":0,"TB":0},{"Id":66,"V":9,"NV":0,"TB":0},{"Id":72,"V":9,"NV":0,"TB":0},{"Id":67,"V":7,"NV":2,"TB":0},{"Id":73,"V":7,"NV":0,"TB":0},{"Id":78,"V":7,"NV":0,"TB":0},{"Id":77,"V":6,"NV":0,"TB":0},{"Id":75,"V":5,"NV":0,"TB":0},{"Id":80,"V":5,"NV":0,"TB":0},{"Id":74,"V":4,"NV":0,"TB":0}],[{"Id":65,"V":20,"NV":0,"TB":0},{"Id":70,"V":14,"NV":0,"TB":0},{"Id":76,"V":10,"NV":0,"TB":0},{"Id":66,"V":9,"NV":0,"TB":0},{"Id":72,"V":9,"NV":0,"TB":0},{"Id":73,"V":8,"NV":1,"TB":0},{"Id":67,"V":7,"NV":0,"TB":0},{"Id":77,"V":7,"NV":1,"TB":0},{"Id":78,"V":7,"NV":0,"TB":0},{"Id":80,"V":7,"NV":2,"TB":0},{"Id":75,"V":5,"NV":0,"TB":0}],[{"Id":65,"V":20,"NV":0,"TB":0},{"Id":70,"V":16,"NV":2,"TB":0},{"Id":76,"V":10,"NV":0,"TB":0},{"Id":66,"V":9,"NV":0,"TB":0},{"Id":72,"V":9,"NV":0,"TB":0},{"Id":73,"V":9,"NV":1,"TB":0},{"Id":67,"V":7,"NV":0,"TB":0},{"Id":77,"V":7,"NV":0,"TB":0},{"Id":80,"V":7,"NV":0,"TB":0},{"Id":78,"V":7,"NV":0,"TB":2}],[{"Id":65,"V":20,"NV":0,"TB":0},{"Id":70,"V":19,"NV":3,"TB":0},{"Id":66,"V":10,"NV":1,"TB":0},{"Id":73,"V":10,"NV":1,"TB":0},{"Id":76,"V":10,"NV":0,"TB":0},{"Id":72,"V":9,"NV":0,"TB":0},{"Id":67,"V":8,"NV":1,"TB":0},{"Id":77,"V":7,"NV":0,"TB":0},{"Id":80,"V":7,"NV":0,"TB":1}],[{"Id":65,"V":20,"NV":0,"TB":0},{"Id":70,"V":20,"NV":1,"TB":0},{"Id":66,"V":11,"NV":1,"TB":0},{"Id":73,"V":11,"NV":1,"TB":0},{"Id":72,"V":10,"NV":1,"TB":0},{"Id":76,"V":10,"NV":0,"TB":0},{"Id":67,"V":8,"NV":0,"TB":0},{"Id":77,"V":7,"NV":0,"TB":0}],[{"Id":70,"V":23,"NV":3,"TB":0},{"Id":65,"V":20,"NV":0,"TB":0},{"Id":66,"V":12,"NV":1,"TB":0},{"Id":76,"V":12,"NV":2,"TB":0},{"Id":72,"V":11,"NV":1,"TB":0},{"Id":73,"V":11,"NV":0,"TB":0},{"Id":67,"V":8,"NV":0,"TB":0}],[{"Id":70,"V":23,"NV":0,"TB":0},{"Id":65,"V":22,"NV":2,"TB":0},{"Id":66,"V":13,"NV":1,"TB":0},{"Id":72,"V":13,"NV":2,"TB":0},{"Id":76,"V":13,"NV":1,"TB":0},{"Id":73,"V":12,"NV":1,"TB":0}],[{"Id":65,"V":25,"NV":3,"TB":0},{"Id":70,"V":25,"NV":2,"TB":0},{"Id":72,"V":16,"NV":3,"TB":0},{"Id":76,"V":15,"NV":2,"TB":0},{"Id":66,"V":14,"NV":1,"TB":0}],[{"Id":70,"V":29,"NV":4,"TB":0},{"Id":65,"V":26,"NV":1,"TB":0},{"Id":72,"V":19,"NV":3,"TB":0},{"Id":76,"V":17,"NV":2,"TB":0}],[{"Id":70,"V":37,"NV":8,"TB":0},{"Id":65,"V":28,"NV":2,"TB":0},{"Id":72,"V":22,"NV":3,"TB":0}],[{"Id":70,"V":46,"NV":9,"TB":0},{"Id":65,"V":32,"NV":4,"TB":0}],[{"Id":70,"V":56,"NV":10,"TB":0}]],"Expires":1515381140,"SecondsLeft":0}