{"Mtype":"results","Title":"Round 3","PollStarted":"2018-08-05T22:05:53.729460283Z","PollDuration":300000000000,"Options":{"65":"Dj Sythe w/ guest rapper lil nibs","66":"Flora \u0026 Trace acting like Garfield \u0026 John Arbuckle.","67":"Laura possesses Natani, \u0026 gets distracted by her host body's \"assets\"","68":"Plush Nora causes plush Transformation mayhem w/ the crew!","69":"I want to know how Maddie's parents met.","70":"Flora as a living plush","71":"Laura \u0026 Keith dancing","72":"Terry Crews \u0026 Muscle Head Basitin General from comic 483 advertise for Ol' Basitin Spice.","73":"Sealeen Spikes Edinmires Water w/ her transformation potions","74":"Peeping Tom: The return of the pizza guy. Opens a door to discover Karen petting Maddie's ears.","75":"Snow Leopard Village ( Before they lost their territory)","76":"Zen meets for dinner w/ a stuffed shirt that looks like huge breasts so Natani feels less embarrassed. It doesn't work.","77":"Human Kathrin","78":"Keith, Trace, Flora \u0026 Natani dressed from the Monster Hunter franchise. Nora as the Hunted Monster.","79":"Zen \u0026 Kat walk on the beach together holding hands","80":"Jim Carrey as The Mask meets the Two Kinds Masks","81":"Maid Laura Dakimakura","82":"Nora messes w/ Clovis some more, making an illusion of the daughter from his nightmare"},"ExpectedBallots":119,"CountedBallots":119,"Ballots":["PLAFBCHG","JPCNLKIFHEORDBGAMQ","PKHE","MIPCEJ","MCHOFDLABJRKNEGPIQ","QROCDEKJH","KIDOLA","PM","ILCR","BMQOHCFNAGRELPKDIJ","KRJGE","KAMCEFP","HOCAGKEMDI","RQMDC","BKRJCAOEGLDPHFNMIQ","O","EQKCHI","BQH","OMEH","CJRLKNIMOBGHEQDFPA","DN","BAHG","KERGM","IAJHECNLM","RCMKL","MIDFBLKJPQNAROHCEG","ICPM","HEFMP","OEHNIQPMDKAJGFRBCL","GMIQCJROANKLFEPHD","BHKR","KMAEO","KEP","LPCIFHRB","K","MCDFBHERGNJIPOLQKA","JROBCGKFA","CL","","ECMLFGBJKRDPHAIQNO","KENPI","FJMP","DFIQJK","BL","IECMPRKJOAQDFGHLBN","FDPBLIONJMAK","KHLJ","NOEG","EIBFMJ","CGEDIFQROLJP","HEAKGBCLIQMDRFPNJ","OKLEGRHMCA","EINPRHMLDKJCAB","EJKIGC","","KAICJMFBPH","PFDOKL","QBMGPRKCJIAEFDHONL","COKDHRNELQFGMIAJBP","RAQMGO","OLKMQCJIRP","MQFOA","O","OMRQ","","PLADR","FB","KBMIRCHJNF","JK","KEGO","MNHFOEBPGDKALIRQJC","QC","EONHRPCI","Q","OFAEJKL","BMGCQIP","OAMERJGPKL","ECRJIHPA","ICEROQHFJMDKG","OM","CRHEIGONPA","EMDGQCKIFJLRNOBHPA","KB","PBFDNJ","HK","GCH","DMREAK","HBLEC","CQG","JIRADCK","BPJO","RIK","ANDKO","MOGK","LONGCMEBFR","JLOGRKIQMC","MILP","CROEKM","KBER","RILCED","","POCRI","KIEMPJB","OMHB","BAMKFEH","LKEJARB","","MQKG","MQCIJGAEK","CKPGELQBRIO","OKIAEMGLHPB","CJMBQ","LBODHP","J","OAGEKQBRLJM","FCBPDAHLJGRINO","FHPDGRC","MKQJFBCAEDOILRGHPN","KEQBIR"],"Placements":[[{"Id":75,"V":16,"NV":16,"TB":0},{"Id":79,"V":13,"NV":13,"TB":0},{"Id":77,"V":11,"NV":11,"TB":0},{"Id":66,"V":9,"NV":9,"TB":0},{"Id":67,"V":9,"NV":9,"TB":0},{"Id":69,"V":8,"NV":8,"TB":0},{"Id":80,"V":7,"NV":7,"TB":0},{"Id":74,"V":6,"NV":6,"TB":0},{"Id":70,"V":5,"NV":5,"TB":0},{"Id":72,"V":5,"NV":5,"TB":0},{"Id":73,"V":5,"NV":5,"TB":0},{"Id":82,"V":5,"NV":5,"TB":0},{"Id":76,"V":4,"NV":4,"TB":0},{"Id":81,"V":4,"NV":4,"TB":0},{"Id":68,"V":3,"NV":3,"TB":0},{"Id":71,"V":2,"NV":2,"TB":0},{"Id":78,"V":1,"NV":1,"TB":0},{"Id":65,"V":1,"NV":1,"TB":2}],[{"Id":75,"V":16,"NV":0,"TB":0},{"Id":79,"V":13,"NV":0,"TB":0},{"Id":77,"V":11,"NV":0,"TB":0},{"Id":66,"V":9,"NV":0,"TB":0},{"Id":67,"V":9,"NV":0,"TB":0},{"Id":69,"V":8,"NV":0,"TB":0},{"Id":80,"V":7,"NV":0,"TB":0},{"Id":74,"V":6,"NV":0,"TB":0},{"Id":70,"V":5,"NV":0,"TB":0},{"Id":72,"V":5,"NV":0,"TB":0},{"Id":73,"V":5,"NV":0,"TB":0},{"Id":82,"V":5,"NV":0,"TB":0},{"Id":76,"V":4,"NV":0,"TB":0},{"Id":81,"V":4,"NV":0,"TB":0},{"Id":68,"V":3,"NV":0,"TB":0},{"Id":78,"V":2,"NV":1,"TB":0},{"Id":71,"V":2,"NV":0,"TB":2}],[{"Id":75,"V":16,"NV":0,"TB":0},{"Id":79,"V":13,"NV":0,"TB":0},{"Id":77,"V":12,"NV":1,"TB":0},{"Id":67,"V":10,"NV":1,"TB":0},{"Id":66,"V":9,"NV":0,"TB":0},{"Id":69,"V":8,"NV":0,"TB":0},{"Id":80,"V":7,"NV":0,"TB":0},{"Id":74,"V":6,"NV":0,"TB":0},{"Id":70,"V":5,"NV":0,"TB":0},{"Id":72,"V":5,"NV":0,"TB":0},{"Id":73,"V":5,"NV":0,"TB":0},{"Id":82,"V":5,"NV":0,"TB":0},{"Id":76,"V":4,"NV":0,"TB":0},{"Id":81,"V":4,"NV":0,"TB":0},{"Id":68,"V":3,"NV":0,"TB":0},{"Id":78,"V":2,"NV":0,"TB":0}],[{"Id":75,"V":16,"NV":0,"TB":0},{"Id":79,"V":14,"NV":1,"TB":0},{"Id":77,"V":12,"NV":0,"TB":0},{"Id":67,"V":10,"NV":0,"TB":0},{"Id":66,"V":9,"NV":0,"TB":0},{"Id":69,"V":8,"NV":0,"TB":0},{"Id":80,"V":7,"NV":0,"TB":0},{"Id":74,"V":6,"NV":0,"TB":0},{"Id":70,"V":5,"NV":0,"TB":0},{"Id":72,"V":5,"NV":0,"TB":0},{"Id":73,"V":5,"NV":0,"TB":0},{"Id":82,"V":5,"NV":0,"TB":0},{"Id":68,"V":4,"NV":1,"TB":0},{"Id":76,"V":4,"NV":0,"TB":0},{"Id":81,"V":4,"NV":0,"TB":1}],[{"Id":75,"V":16,"NV":0,"TB":0},{"Id":79,"V":14,"NV":0,"TB":0},{"Id":77,"V":12,"NV":0,"TB":0},{"Id":67,"V":11,"NV":1,"TB":0},{"Id":66,"V":10,"NV":1,"TB":0},{"Id":69,"V":8,"NV":0,"TB":0},{"Id":80,"V":7,"NV":0,"TB":0},{"Id":74,"V":6,"NV":0,"TB":0},{"Id":82,"V":6,"NV":1,"TB":0},{"Id":70,"V":5,"NV":0,"TB":0},{"Id":72,"V":5,"NV":0,"TB":0},{"Id":73,"V":5,"NV":0,"TB":0},{"Id":76,"V":4,"NV":0,"TB":0},{"Id":68,"V":4,"NV":0,"TB":2}],[{"Id":75,"V":17,"NV":1,"TB":0},{"Id":79,"V":14,"NV":0,"TB":0},{"Id":77,"V":13,"NV":1,"TB":0},{"Id":67,"V":11,"NV":0,"TB":0},{"Id":66,"V":10,"NV":0,"TB":0},{"Id":69,"V":8,"NV":0,"TB":0},{"Id":80,"V":7,"NV":0,"TB":0},{"Id":70,"V":6,"NV":1,"TB":0},{"Id":74,"V":6,"NV":0,"TB":0},{"Id":82,"V":6,"NV":0,"TB":0},{"Id":72,"V":5,"NV":0,"TB":0},{"Id":73,"V":5,"NV":0,"TB":0},{"Id":76,"V":4,"NV":0,"TB":0}],[{"Id":75,"V":18,"NV":1,"TB":0},{"Id":79,"V":15,"NV":1,"TB":0},{"Id":77,"V":13,"NV":0,"TB":0},{"Id":66,"V":11,"NV":1,"TB":0},{"Id":67,"V":11,"NV":0,"TB":0},{"Id":69,"V":8,"NV":0,"TB":0},{"Id":80,"V":8,"NV":1,"TB":0},{"Id":70,"V":6,"NV":0,"TB":0},{"Id":74,"V":6,"NV":0,"TB":0},{"Id":82,"V":6,"NV":0,"TB":0},{"Id":73,"V":5,"NV":0,"TB":0},{"Id":72,"V":5,"NV":0,"TB":2}],[{"Id":75,"V":19,"NV":1,"TB":0},{"Id":79,"V":16,"NV":1,"TB":0},{"Id":77,"V":13,"NV":0,"TB":0},{"Id":66,"V":12,"NV":1,"TB":0},{"Id":67,"V":11,"NV":0,"TB":0},{"Id":69,"V":10,"NV":2,"TB":0},{"Id":80,"V":8,"NV":0,"TB":0},{"Id":70,"V":6,"NV":0,"TB":0},{"Id":74,"V":6,"NV":0,"TB":0},{"Id":82,"V":6,"NV":0,"TB":0},{"Id":73,"V":5,"NV":0,"TB":0}],[{"Id":75,"V":19,"NV":0,"TB":0},{"Id":79,"V":16,"NV":0,"TB":0},{"Id":67,"V":14,"NV":3,"TB":0},{"Id":77,"V":13,"NV":0,"TB":0},{"Id":66,"V":12,"NV":0,"TB":0},{"Id":69,"V":11,"NV":1,"TB":0},{"Id":80,"V":8,"NV":0,"TB":0},{"Id":74,"V":7,"NV":1,"TB":0},{"Id":82,"V":6,"NV":0,"TB":0},{"Id":70,"V":6,"NV":0,"TB":2}],[{"Id":75,"V":19,"NV":0,"TB":0},{"Id":79,"V":16,"NV":0,"TB":0},{"Id":67,"V":15,"NV":1,"TB":0},{"Id":66,"V":13,"NV":1,"TB":0},{"Id":77,"V":13,"NV":0,"TB":0},{"Id":69,"V":11,"NV":0,"TB":0},{"Id":80,"V":10,"NV":2,"TB":0},{"Id":74,"V":9,"NV":2,"TB":0},{"Id":82,"V":6,"NV":0,"TB":0}],[{"Id":75,"V":20,"NV":1,"TB":0},{"Id":67,"V":17,"NV":2,"TB":0},{"Id":79,"V":17,"NV":1,"TB":0},{"Id":77,"V":15,"NV":2,"TB":0},{"Id":66,"V":13,"NV":0,"TB":0},{"Id":69,"V":11,"NV":0,"TB":0},{"Id":80,"V":10,"NV":0,"TB":0},{"Id":74,"V":9,"NV":0,"TB":0}],[{"Id":75,"V":22,"NV":2,"TB":0},{"Id":79,"V":19,"NV":2,"TB":0},{"Id":67,"V":18,"NV":1,"TB":0},{"Id":77,"V":16,"NV":1,"TB":0},{"Id":66,"V":13,"NV":0,"TB":0},{"Id":69,"V":12,"NV":1,"TB":0},{"Id":80,"V":11,"NV":1,"TB":0}],[{"Id":75,"V":23,"NV":1,"TB":0},{"Id":67,"V":21,"NV":3,"TB":0},{"Id":79,"V":21,"NV":2,"TB":0},{"Id":77,"V":17,"NV":1,"TB":0},{"Id":66,"V":16,"NV":3,"TB":0},{"Id":69,"V":12,"NV":0,"TB":0}],[{"Id":75,"V":26,"NV":3,"TB":0},{"Id":67,"V":25,"NV":4,"TB":0},{"Id":79,"V":22,"NV":1,"TB":0},{"Id":77,"V":20,"NV":3,"TB":0},{"Id":66,"V":17,"NV":1,"TB":0}],[{"Id":75,"V":28,"NV":2,"TB":0},{"Id":67,"V":27,"NV":2,"TB":0},{"Id":79,"V":25,"NV":3,"TB":0},{"Id":77,"V":25,"NV":5,"TB":2}],[{"Id":67,"V":35,"NV":8,"TB":0},{"Id":75,"V":35,"NV":7,"TB":0},{"Id":79,"V":30,"NV":5,"TB":0}],[{"Id":75,"V":47,"NV":12,"TB":0},{"Id":67,"V":42,"NV":7,"TB":0}],[{"Id":75,"V":66,"NV":19,"TB":0}]],"Expires":1533507354,"SecondsLeft":0}