{"Mtype":"results","Title":"Round 5","PollStarted":"2018-06-24T22:52:43.225474232Z","PollDuration":300000000000,"Options":{"65":"Sythe is a daddy! Wolf/Squirrel hybrids.","66":"Ms. Potts uses a stepladder to pet Colin","67":"Fem Mike, FemFur Red, \u0026 Clovis roped into a beauty pageant.","68":"Saria cosplays as Jessica Rabbit","69":"Natani in N7 outfit \u0026 equip. Female (Mass) \u0026 male (effect) versions.","70":"Captain Zen \u0026 First Mate Raine meet the Seadogs (Captain Evals \u0026 First Mate Mike)","71":"sexy goth Laura","72":"Twokinds cast as Characters from Cowboy Bebop","73":"Twokinds confirmed for Super Smash Bros Ultimate","74":"Maddie finds Zen \u0026 Kat together in bed.","75":"Eric has too much to drink \u0026 starts actually flirting w/ Kat ","76":"Awkward questions for Adira when Maeve finds the body pillow done of her","77":"Does Adira have a sister?","78":"Flora \u0026 Kathrin play beach ball.","79":"Flora as a Plush","80":"Kat towel whipping Flora ","81":"Mike \u0026 Kathrin posing for Erics painting"},"ExpectedBallots":143,"CountedBallots":143,"Ballots":["FOKA","NMB","KQCLOBNAJ","PDJEIGQMNCLBKAHOF","GNDKQLEJH","L","GIKLC","NJAMIG","EONJK","LKQ","MKBHAIO","OP","JAB","QIMGOCNKHEBFALJDP","EJGD","KQPLNAFCMOGDHBIEJ","PONIJHFLMKEGBDCQA","JLMAFECIQOGNDPKBH","JNFQPO","IOHDGAC","CDQNBKFJPML","LJIPKBANOQFMCGDEH","CQAJP","KAGF","ANGEQP","JIBAM","GHLBKO","JAKCGQOLBNPIE","QK","BIHCKAMFEGLOPQNJD","JGLPDM","JBAI","JBMNKQAPF","PJN","AJCQNOPGLKBEIHMFD","PKDJHIONEGA","BIKPLNE","QCBOKPJDLMEG","JAIHK","DEGFNBLPCQHKOA","ILKOJAFBGQMCNP","OBI","PJNKQMAHL","CAEBQLNOIHDGPKJMF","LGQNDKJCP","FB","BMJLGPNDCEO","JHQAMNGFCOPKIBDEL","FMGPE","NDPEGQJCO","CQFABKJOEPNIH","BPKQJOLNGMHCDAFEI","AQJGCOHPEMKFILDNB","OPLQJNKC","BM","LGHAPFICKDJQEMONB","IELPH","","LQKCENPMFA","KJCQPAGNDLMHEFBIO","LBKQO","PNQ","CHJ","KLAGEDJMBIPQOHCFN","AEHC","GCDQJANOPMELFIHBK","EBLMNG","QN","GNQBMO","QCPNKLAJ","MAGKHFO","IFACEBM","PDK","BQHKOIALFMDJN","CAQMP","MBCL","JOKAIEFNDPHQC","CALKOG","J","AOHJKIMPGFNL","NPLJQFAKCEOGMDHIB","KQNPG","JQCPNDFAGKOHIELMB","PMLQAKCJ","KBJLQOACIDNGEMF","GQLCJN","BACKOD","JMKGQNFPCA","HALGOBNKD","CQ","JP","BLKAJ","A","BFLJHMN","PNLJQOCD","PGECBQIFKLOJHANMD","KLB","GCIDQPBAFJNHMEKLO","IBHOKMA","PFAB","JPKNL","","NK","KACOPQLHIBFJDNMEG","IOLAJNQCK","KMH","JIBMGCNADHFQKELPO","AIFKGJCOHPQNDELMB","G","QPNK","PJNMECHIQLDOBGFKA","QBGDFPAN","OPCNQBH","QJP","GIECQHF","IOHKFNL","ALGOFIKJHQDMCNPEB","BQGCJFHKAML","AJNO","JALNICP","LKCAPQI","MGQNC","PNOH","ECONQMPDAGFJLHKBI","HI","LKPN","JQKIALDF","DLJKBGMPQONHFACIE","PJN","QK","MCQK","JLAIE","HOMLPAJEBCKFGIDNQ","EMBJL","FCNQJAIGKHD","QBCKI","CQBLKOJPHDEG","LBKCOQNPIDGAEFHMJ","OGPQBMKDAJLCN","CJLKQPHONEBG","PCNQDKJGLO","DPCJKL","KJFLQC"],"Placements":[[{"Id":74,"V":20,"NV":20,"TB":0},{"Id":80,"V":15,"NV":15,"TB":0},{"Id":75,"V":11,"NV":11,"TB":0},{"Id":66,"V":10,"NV":10,"TB":0},{"Id":67,"V":10,"NV":10,"TB":0},{"Id":76,"V":10,"NV":10,"TB":0},{"Id":81,"V":10,"NV":10,"TB":0},{"Id":65,"V":9,"NV":9,"TB":0},{"Id":71,"V":9,"NV":9,"TB":0},{"Id":73,"V":7,"NV":7,"TB":0},{"Id":69,"V":5,"NV":5,"TB":0},{"Id":77,"V":5,"NV":5,"TB":0},{"Id":78,"V":5,"NV":5,"TB":0},{"Id":79,"V":5,"NV":5,"TB":0},{"Id":70,"V":4,"NV":4,"TB":0},{"Id":72,"V":3,"NV":3,"TB":0},{"Id":68,"V":3,"NV":3,"TB":2}],[{"Id":74,"V":20,"NV":0,"TB":0},{"Id":80,"V":16,"NV":1,"TB":0},{"Id":75,"V":11,"NV":0,"TB":0},{"Id":76,"V":11,"NV":1,"TB":0},{"Id":66,"V":10,"NV":0,"TB":0},{"Id":67,"V":10,"NV":0,"TB":0},{"Id":81,"V":10,"NV":0,"TB":0},{"Id":65,"V":9,"NV":0,"TB":0},{"Id":71,"V":9,"NV":0,"TB":0},{"Id":73,"V":7,"NV":0,"TB":0},{"Id":69,"V":6,"NV":1,"TB":0},{"Id":77,"V":5,"NV":0,"TB":0},{"Id":78,"V":5,"NV":0,"TB":0},{"Id":79,"V":5,"NV":0,"TB":0},{"Id":70,"V":4,"NV":0,"TB":0},{"Id":72,"V":3,"NV":0,"TB":0}],[{"Id":74,"V":20,"NV":0,"TB":0},{"Id":80,"V":16,"NV":0,"TB":0},{"Id":75,"V":11,"NV":0,"TB":0},{"Id":76,"V":11,"NV":0,"TB":0},{"Id":65,"V":10,"NV":1,"TB":0},{"Id":66,"V":10,"NV":0,"TB":0},{"Id":67,"V":10,"NV":0,"TB":0},{"Id":81,"V":10,"NV":0,"TB":0},{"Id":71,"V":9,"NV":0,"TB":0},{"Id":73,"V":8,"NV":1,"TB":0},{"Id":69,"V":6,"NV":0,"TB":0},{"Id":79,"V":6,"NV":1,"TB":0},{"Id":77,"V":5,"NV":0,"TB":0},{"Id":78,"V":5,"NV":0,"TB":0},{"Id":70,"V":4,"NV":0,"TB":0}],[{"Id":74,"V":20,"NV":0,"TB":0},{"Id":80,"V":16,"NV":0,"TB":0},{"Id":66,"V":11,"NV":1,"TB":0},{"Id":67,"V":11,"NV":1,"TB":0},{"Id":75,"V":11,"NV":0,"TB":0},{"Id":76,"V":11,"NV":0,"TB":0},{"Id":65,"V":10,"NV":0,"TB":0},{"Id":81,"V":10,"NV":0,"TB":0},{"Id":71,"V":9,"NV":0,"TB":0},{"Id":73,"V":8,"NV":0,"TB":0},{"Id":79,"V":7,"NV":1,"TB":0},{"Id":69,"V":6,"NV":0,"TB":0},{"Id":77,"V":6,"NV":1,"TB":0},{"Id":78,"V":5,"NV":0,"TB":0}],[{"Id":74,"V":21,"NV":1,"TB":0},{"Id":80,"V":18,"NV":2,"TB":0},{"Id":75,"V":12,"NV":1,"TB":0},{"Id":66,"V":11,"NV":0,"TB":0},{"Id":67,"V":11,"NV":0,"TB":0},{"Id":76,"V":11,"NV":0,"TB":0},{"Id":65,"V":10,"NV":0,"TB":0},{"Id":81,"V":10,"NV":0,"TB":0},{"Id":71,"V":9,"NV":0,"TB":0},{"Id":73,"V":8,"NV":0,"TB":0},{"Id":77,"V":7,"NV":1,"TB":0},{"Id":79,"V":7,"NV":0,"TB":0},{"Id":69,"V":6,"NV":0,"TB":0}],[{"Id":74,"V":22,"NV":1,"TB":0},{"Id":80,"V":18,"NV":0,"TB":0},{"Id":66,"V":12,"NV":1,"TB":0},{"Id":67,"V":12,"NV":1,"TB":0},{"Id":75,"V":12,"NV":0,"TB":0},{"Id":76,"V":11,"NV":0,"TB":0},{"Id":65,"V":10,"NV":0,"TB":0},{"Id":71,"V":10,"NV":1,"TB":0},{"Id":81,"V":10,"NV":0,"TB":0},{"Id":73,"V":8,"NV":0,"TB":0},{"Id":77,"V":8,"NV":1,"TB":0},{"Id":79,"V":8,"NV":1,"TB":1}],[{"Id":74,"V":23,"NV":1,"TB":0},{"Id":80,"V":21,"NV":3,"TB":0},{"Id":66,"V":13,"NV":1,"TB":0},{"Id":75,"V":13,"NV":1,"TB":0},{"Id":67,"V":12,"NV":0,"TB":0},{"Id":71,"V":11,"NV":1,"TB":0},{"Id":76,"V":11,"NV":0,"TB":0},{"Id":65,"V":10,"NV":0,"TB":0},{"Id":81,"V":10,"NV":0,"TB":0},{"Id":77,"V":9,"NV":1,"TB":0},{"Id":73,"V":8,"NV":0,"TB":0}],[{"Id":74,"V":23,"NV":0,"TB":0},{"Id":80,"V":21,"NV":0,"TB":0},{"Id":66,"V":14,"NV":1,"TB":0},{"Id":75,"V":14,"NV":1,"TB":0},{"Id":76,"V":14,"NV":3,"TB":0},{"Id":67,"V":12,"NV":0,"TB":0},{"Id":71,"V":12,"NV":1,"TB":0},{"Id":65,"V":11,"NV":1,"TB":0},{"Id":81,"V":10,"NV":0,"TB":0},{"Id":77,"V":9,"NV":0,"TB":0}],[{"Id":74,"V":23,"NV":0,"TB":0},{"Id":80,"V":21,"NV":0,"TB":0},{"Id":66,"V":17,"NV":3,"TB":0},{"Id":75,"V":15,"NV":1,"TB":0},{"Id":76,"V":15,"NV":1,"TB":0},{"Id":71,"V":14,"NV":2,"TB":0},{"Id":67,"V":13,"NV":1,"TB":0},{"Id":65,"V":12,"NV":1,"TB":0},{"Id":81,"V":10,"NV":0,"TB":0}],[{"Id":74,"V":24,"NV":1,"TB":0},{"Id":80,"V":22,"NV":1,"TB":0},{"Id":66,"V":19,"NV":2,"TB":0},{"Id":75,"V":17,"NV":2,"TB":0},{"Id":67,"V":15,"NV":2,"TB":0},{"Id":71,"V":15,"NV":1,"TB":0},{"Id":76,"V":15,"NV":0,"TB":0},{"Id":65,"V":12,"NV":0,"TB":0}],[{"Id":74,"V":28,"NV":4,"TB":0},{"Id":80,"V":22,"NV":0,"TB":0},{"Id":66,"V":19,"NV":0,"TB":0},{"Id":75,"V":18,"NV":1,"TB":0},{"Id":67,"V":17,"NV":2,"TB":0},{"Id":71,"V":17,"NV":2,"TB":0},{"Id":76,"V":17,"NV":2,"TB":1}],[{"Id":74,"V":31,"NV":3,"TB":0},{"Id":80,"V":24,"NV":2,"TB":0},{"Id":75,"V":23,"NV":5,"TB":0},{"Id":66,"V":21,"NV":2,"TB":0},{"Id":71,"V":21,"NV":4,"TB":0},{"Id":67,"V":17,"NV":0,"TB":0}],[{"Id":74,"V":35,"NV":4,"TB":0},{"Id":66,"V":27,"NV":6,"TB":0},{"Id":80,"V":27,"NV":3,"TB":0},{"Id":75,"V":25,"NV":2,"TB":0},{"Id":71,"V":21,"NV":0,"TB":0}],[{"Id":74,"V":37,"NV":2,"TB":0},{"Id":80,"V":32,"NV":5,"TB":0},{"Id":75,"V":31,"NV":6,"TB":0},{"Id":66,"V":31,"NV":4,"TB":2}],[{"Id":75,"V":46,"NV":15,"TB":0},{"Id":74,"V":41,"NV":4,"TB":0},{"Id":80,"V":36,"NV":4,"TB":0}],[{"Id":75,"V":58,"NV":12,"TB":0},{"Id":74,"V":55,"NV":14,"TB":0}],[{"Id":75,"V":90,"NV":32,"TB":0}]],"Expires":1529881367,"SecondsLeft":0}