{"Mtype":"results","Title":"Round 3","PollStarted":"2018-10-28T22:08:21.076294047Z","PollDuration":300000000000,"Options":{"65":"Maddie and Karen, some spooky pranks ","66":"Raine enjoying Kathrin's special massage","67":"Grim Reaper Sythe","68":"Mama tiger Flora has a sudden craving for sushi!","69":"The characters as toddlers and kits playing pretend.","70":"Clovis dressed as an evil witch for Halloween","71":"Reni somehow assumes the human throne, becoming \"Queen Reni\"","72":"Raine hides from Maren and Red as she overhears them talking about her behind her back","73":"Kath running into a spooky skeleton, suit of armor, or statue in the manor at night.","74":"Human Nora dressed up as Lulu from Final Fantasy X with Tiger Trace plushie.","75":"Zen\u0026Nat visit Edinmire's Inn. Adira takes a liking to Zen.","76":"Natani Halloween Lingerie part two","77":"Alaric asking permission to court Keith ","78":"Michelle and Evalyn trying on miniskirts","79":"Grizzled old age Zen retelling assassin life stories.","80":"Kingdom Hearts meets Twokinds. Sora travels to Mekkan and teams up with Flora and Trace.","81":"Sythe and Red get into a fight and the manner's defense mechanism turns Sythe into a human woman and Red into a white female wolf"},"ExpectedBallots":107,"CountedBallots":107,"Ballots":["OMC","MBIHQ","FMKQCNHBGOEIJPADL","KGOMCI","","JLDPBFICAQKGO","NBLKFOHIDQEGC","LDQH","GLFOH","KBPLFAO","MLF","I","DCOAFM","IFOBCNDLA","MNQBH","LF","CK","CMBL","KGQOH","NF","MLF","DGPKQ","CKLANF","FQN","BHFAKQN","FGQJCN","LAHBNOQCDIGKFMJPE","HQFNL","QEFPINLOHCBKMJGDA","NFQ","BKIG","EAKHNIGFO","ELCO","AGBFIL","CFLGDBKHOANPIM","F","CGFOJKIP","BMLQKHONEDCFIA","LM","DQO","CAHDEO","HNBDLE","KLFBAQ","LOF","QLCJEDB","PJFQ","JPQDBNMHLGCEKAFOI","QNBJGH","N","CGQMKADOIP","DEBKOHAMIPJC","OAKIMBLHCFGDEQPNJ","HGIQAFBCNOMPEJ","D","MGPQHAFKOI","GMJHCKAEOBIPDF","BKQIC","JQGBFDNECOHLPAIKM","ENA","MFNCQ","OFBC","NLDBA","EKLNQDJAFIBOGCH","M","AK","MNQFCLKADHBIOG","NQGJLDF","CBH","GM","DGIOA","NIB","NFKQL","BNOQHM","CGLQHK","GECMHBQLFKIONPDJA","NFQ","LABKI","","IOQ","BDGKH","CQFBH","MKFOPJICGEBLAQNDH","KLC","BHIKNF","GDKI","KLOC","LKFBGIDACONQH","JLGABHFNQC","DMNJLFGB","BKN","BHIKNF","DMHAKBEICL","DLAEBCF","BEQK","FB","MFBKD","GKDJMOFAE","HDGFCBMA","CLHKQ","QFNBL","GDKI","CLPKJDHBFI","","LFAEDIGPBMHKOJCNQ","HP","DFCO","MGPHQFAKIO"],"Placements":[[{"Id":67,"V":12,"NV":12,"TB":0},{"Id":77,"V":11,"NV":11,"TB":0},{"Id":66,"V":10,"NV":10,"TB":0},{"Id":68,"V":10,"NV":10,"TB":0},{"Id":78,"V":9,"NV":9,"TB":0},{"Id":76,"V":8,"NV":8,"TB":0},{"Id":71,"V":7,"NV":7,"TB":0},{"Id":75,"V":6,"NV":6,"TB":0},{"Id":70,"V":5,"NV":5,"TB":0},{"Id":72,"V":5,"NV":5,"TB":0},{"Id":69,"V":4,"NV":4,"TB":0},{"Id":74,"V":4,"NV":4,"TB":0},{"Id":81,"V":4,"NV":4,"TB":0},{"Id":73,"V":3,"NV":3,"TB":0},{"Id":79,"V":3,"NV":3,"TB":0},{"Id":65,"V":2,"NV":2,"TB":0},{"Id":80,"V":1,"NV":1,"TB":0}],[{"Id":67,"V":12,"NV":0,"TB":0},{"Id":77,"V":11,"NV":0,"TB":0},{"Id":66,"V":10,"NV":0,"TB":0},{"Id":68,"V":10,"NV":0,"TB":0},{"Id":78,"V":9,"NV":0,"TB":0},{"Id":76,"V":8,"NV":0,"TB":0},{"Id":71,"V":7,"NV":0,"TB":0},{"Id":75,"V":6,"NV":0,"TB":0},{"Id":70,"V":5,"NV":0,"TB":0},{"Id":72,"V":5,"NV":0,"TB":0},{"Id":74,"V":5,"NV":1,"TB":0},{"Id":69,"V":4,"NV":0,"TB":0},{"Id":81,"V":4,"NV":0,"TB":0},{"Id":73,"V":3,"NV":0,"TB":0},{"Id":79,"V":3,"NV":0,"TB":0},{"Id":65,"V":2,"NV":0,"TB":0}],[{"Id":67,"V":12,"NV":0,"TB":0},{"Id":77,"V":11,"NV":0,"TB":0},{"Id":66,"V":10,"NV":0,"TB":0},{"Id":68,"V":10,"NV":0,"TB":0},{"Id":78,"V":9,"NV":0,"TB":0},{"Id":71,"V":8,"NV":1,"TB":0},{"Id":76,"V":8,"NV":0,"TB":0},{"Id":75,"V":7,"NV":1,"TB":0},{"Id":70,"V":5,"NV":0,"TB":0},{"Id":72,"V":5,"NV":0,"TB":0},{"Id":74,"V":5,"NV":0,"TB":0},{"Id":69,"V":4,"NV":0,"TB":0},{"Id":81,"V":4,"NV":0,"TB":0},{"Id":73,"V":3,"NV":0,"TB":0},{"Id":79,"V":3,"NV":0,"TB":1}],[{"Id":67,"V":12,"NV":0,"TB":0},{"Id":77,"V":12,"NV":1,"TB":0},{"Id":66,"V":10,"NV":0,"TB":0},{"Id":68,"V":10,"NV":0,"TB":0},{"Id":78,"V":9,"NV":0,"TB":0},{"Id":71,"V":8,"NV":0,"TB":0},{"Id":75,"V":8,"NV":1,"TB":0},{"Id":76,"V":8,"NV":0,"TB":0},{"Id":70,"V":6,"NV":1,"TB":0},{"Id":72,"V":5,"NV":0,"TB":0},{"Id":74,"V":5,"NV":0,"TB":0},{"Id":69,"V":4,"NV":0,"TB":0},{"Id":81,"V":4,"NV":0,"TB":0},{"Id":73,"V":3,"NV":0,"TB":0}],[{"Id":67,"V":12,"NV":0,"TB":0},{"Id":77,"V":12,"NV":0,"TB":0},{"Id":66,"V":10,"NV":0,"TB":0},{"Id":68,"V":10,"NV":0,"TB":0},{"Id":78,"V":9,"NV":0,"TB":0},{"Id":71,"V":8,"NV":0,"TB":0},{"Id":75,"V":8,"NV":0,"TB":0},{"Id":76,"V":8,"NV":0,"TB":0},{"Id":70,"V":7,"NV":1,"TB":0},{"Id":72,"V":5,"NV":0,"TB":0},{"Id":74,"V":5,"NV":0,"TB":0},{"Id":81,"V":5,"NV":1,"TB":0},{"Id":69,"V":4,"NV":0,"TB":0}],[{"Id":67,"V":12,"NV":0,"TB":0},{"Id":77,"V":12,"NV":0,"TB":0},{"Id":66,"V":10,"NV":0,"TB":0},{"Id":68,"V":10,"NV":0,"TB":0},{"Id":75,"V":10,"NV":2,"TB":0},{"Id":78,"V":10,"NV":1,"TB":0},{"Id":76,"V":9,"NV":1,"TB":0},{"Id":71,"V":8,"NV":0,"TB":0},{"Id":70,"V":7,"NV":0,"TB":0},{"Id":72,"V":5,"NV":0,"TB":0},{"Id":81,"V":5,"NV":0,"TB":0},{"Id":74,"V":5,"NV":0,"TB":2}],[{"Id":67,"V":12,"NV":0,"TB":0},{"Id":77,"V":12,"NV":0,"TB":0},{"Id":76,"V":11,"NV":2,"TB":0},{"Id":66,"V":10,"NV":0,"TB":0},{"Id":68,"V":10,"NV":0,"TB":0},{"Id":75,"V":10,"NV":0,"TB":0},{"Id":78,"V":10,"NV":0,"TB":0},{"Id":70,"V":8,"NV":1,"TB":0},{"Id":71,"V":8,"NV":0,"TB":0},{"Id":81,"V":7,"NV":2,"TB":0},{"Id":72,"V":5,"NV":0,"TB":0}],[{"Id":67,"V":12,"NV":0,"TB":0},{"Id":77,"V":12,"NV":0,"TB":0},{"Id":68,"V":11,"NV":1,"TB":0},{"Id":76,"V":11,"NV":0,"TB":0},{"Id":78,"V":11,"NV":1,"TB":0},{"Id":66,"V":10,"NV":0,"TB":0},{"Id":75,"V":10,"NV":0,"TB":0},{"Id":71,"V":9,"NV":1,"TB":0},{"Id":70,"V":8,"NV":0,"TB":0},{"Id":81,"V":8,"NV":1,"TB":1}],[{"Id":67,"V":12,"NV":0,"TB":0},{"Id":68,"V":12,"NV":1,"TB":0},{"Id":76,"V":12,"NV":1,"TB":0},{"Id":77,"V":12,"NV":0,"TB":0},{"Id":78,"V":12,"NV":1,"TB":0},{"Id":70,"V":11,"NV":3,"TB":0},{"Id":66,"V":10,"NV":0,"TB":0},{"Id":75,"V":10,"NV":0,"TB":0},{"Id":71,"V":10,"NV":1,"TB":2}],[{"Id":68,"V":14,"NV":2,"TB":0},{"Id":77,"V":14,"NV":2,"TB":0},{"Id":67,"V":13,"NV":1,"TB":0},{"Id":76,"V":13,"NV":1,"TB":0},{"Id":66,"V":12,"NV":2,"TB":0},{"Id":70,"V":12,"NV":1,"TB":0},{"Id":78,"V":12,"NV":0,"TB":0},{"Id":75,"V":11,"NV":1,"TB":0}],[{"Id":76,"V":17,"NV":4,"TB":0},{"Id":77,"V":16,"NV":2,"TB":0},{"Id":68,"V":15,"NV":1,"TB":0},{"Id":66,"V":13,"NV":1,"TB":0},{"Id":67,"V":13,"NV":0,"TB":0},{"Id":78,"V":13,"NV":1,"TB":0},{"Id":70,"V":12,"NV":0,"TB":0}],[{"Id":66,"V":17,"NV":4,"TB":0},{"Id":76,"V":17,"NV":0,"TB":0},{"Id":77,"V":17,"NV":1,"TB":0},{"Id":78,"V":17,"NV":4,"TB":0},{"Id":68,"V":15,"NV":0,"TB":0},{"Id":67,"V":14,"NV":1,"TB":0}],[{"Id":76,"V":22,"NV":5,"TB":0},{"Id":77,"V":20,"NV":3,"TB":0},{"Id":66,"V":19,"NV":2,"TB":0},{"Id":78,"V":18,"NV":1,"TB":0},{"Id":68,"V":16,"NV":1,"TB":0}],[{"Id":77,"V":24,"NV":4,"TB":0},{"Id":76,"V":23,"NV":1,"TB":0},{"Id":66,"V":22,"NV":3,"TB":0},{"Id":78,"V":18,"NV":0,"TB":0}],[{"Id":76,"V":28,"NV":5,"TB":0},{"Id":66,"V":27,"NV":5,"TB":0},{"Id":77,"V":24,"NV":0,"TB":0}],[{"Id":66,"V":37,"NV":10,"TB":0},{"Id":76,"V":32,"NV":4,"TB":0}],[{"Id":66,"V":53,"NV":16,"TB":0}]],"Expires":1540765101,"SecondsLeft":0}