{"Mtype":"results","Title":"Round 7","PollStarted":"2018-11-19T01:53:09.832420605Z","PollDuration":300000000000,"Options":{"65":"Flora, Trace, Keith playing together as kids","66":"Zen and Natani arguing over the better assassin: Kathrin trained by Natani, or Raine trained by Zen.","67":"Krystal in full Assault gear ready for combat","68":"Black Friday antics","69":"Winter: Sam “trips” into Colin’s fluff, leaving one flushed doggo.","70":"UNSC Spartan Raine-Human Raine as a Spartan 4 from Halo, w/ Red as her Artificial Intelligence.","71":"What if: Sealeen \u0026 Lynn family portrait","72":"Knee jerk reaction: Kat gives Zen a belly rub","73":"The girls of twokinds as pups in a sleepover with Adira watching them from door as a amused mom","74":"Alaric and Keith’s nude beach vacation ","75":"Zen and Raine, sitting by a window wrapped up in a blanket watching the snow fall.","76":"Frankenstein monster escapes her Creator and meets Raine","77":"Twokinds Sims - with Trace, Flora, Keith and Natani as sims, making them do things they hate","78":"Mama tiger Flora suddenly craves sushi!","79":"Diplomatic Sleepover 2: starring Saria, Roselyn and Trace","80":"Keith recalling some of his happiest moments while living with Laura."},"ExpectedBallots":82,"CountedBallots":82,"Ballots":["KBJ","OCJPLDAEMHGNIBFK","OIHNAEKGLBPCF","OPIJ","NIDP","CJHNLEBIKPO","EOAD","KE","A","BLNK","IBKPH","EHPKJB","AIMFCPDNB","","AIGOBNFPKHM","JNPAKBLGEIMOHDCF","BFKEM","BILGMHAOPKCNEFDJ","KE","MDBOHIKP","EMOIBJH","PKNHI","GINDC","GKHJPAOEIF","PJEDGLMKHNOABICF","AGPIJO","NCAOGEDP","BGKO","CNJFGEMDB","NA","CBEFKLMNPI","MCDNPOLJIHEFGBKA","JED","JGOFEDNLMACP","ECK","LE","EBOAMLPIFHNCDKGJ","JPGDHF","HKPJEADGNOCLB","BIHAEPFJDKGMLNCO","EBGLNFOHPMACDKIJ","NCOFDBAPJEMIKGHL","AOPMN","PIHA","H","AEBNFMDOIGPCHLKJ","LAPMDEHINBCK","CFB","LMPIOJHEB","HBMI","CKNHDILAE","EKPANFBI","PJBIAHMEK","JPBIAHMOE","JPM","C","AIMEFHDBCNKPLOGJ","BNPGF","IDOE","KDEIFG","FEPBCK","KJHIP","KJI","LAGIBHKMPJECNODF","CE","JCNGDMFEH","KLB","P","LNACDEPB","NA","NCADO","MDO","O","GJEBLPOIAKMNDCF","EMJ","","GFMHC","HLDM","H","KBELOPNCDJAGIFM","FDEINAJCHLBKGMPO","MGJPFCNE"],"Placements":[[{"Id":69,"V":8,"NV":8,"TB":0},{"Id":75,"V":8,"NV":8,"TB":0},{"Id":65,"V":7,"NV":7,"TB":0},{"Id":67,"V":7,"NV":7,"TB":0},{"Id":74,"V":7,"NV":7,"TB":0},{"Id":66,"V":6,"NV":6,"TB":0},{"Id":78,"V":6,"NV":6,"TB":0},{"Id":72,"V":5,"NV":5,"TB":0},{"Id":76,"V":5,"NV":5,"TB":0},{"Id":80,"V":5,"NV":5,"TB":0},{"Id":71,"V":4,"NV":4,"TB":0},{"Id":77,"V":4,"NV":4,"TB":0},{"Id":79,"V":4,"NV":4,"TB":0},{"Id":70,"V":2,"NV":2,"TB":0},{"Id":73,"V":2,"NV":2,"TB":0},{"Id":68,"V":0,"NV":0,"TB":0}],[{"Id":69,"V":8,"NV":0,"TB":0},{"Id":75,"V":8,"NV":0,"TB":0},{"Id":65,"V":7,"NV":0,"TB":0},{"Id":67,"V":7,"NV":0,"TB":0},{"Id":74,"V":7,"NV":0,"TB":0},{"Id":66,"V":6,"NV":0,"TB":0},{"Id":78,"V":6,"NV":0,"TB":0},{"Id":72,"V":5,"NV":0,"TB":0},{"Id":76,"V":5,"NV":0,"TB":0},{"Id":80,"V":5,"NV":0,"TB":0},{"Id":71,"V":4,"NV":0,"TB":0},{"Id":77,"V":4,"NV":0,"TB":0},{"Id":79,"V":4,"NV":0,"TB":0},{"Id":70,"V":2,"NV":0,"TB":0},{"Id":73,"V":2,"NV":0,"TB":1}],[{"Id":69,"V":8,"NV":0,"TB":0},{"Id":75,"V":8,"NV":0,"TB":0},{"Id":65,"V":7,"NV":0,"TB":0},{"Id":66,"V":7,"NV":1,"TB":0},{"Id":67,"V":7,"NV":0,"TB":0},{"Id":74,"V":7,"NV":0,"TB":0},{"Id":78,"V":6,"NV":0,"TB":0},{"Id":72,"V":5,"NV":0,"TB":0},{"Id":76,"V":5,"NV":0,"TB":0},{"Id":79,"V":5,"NV":1,"TB":0},{"Id":80,"V":5,"NV":0,"TB":0},{"Id":71,"V":4,"NV":0,"TB":0},{"Id":77,"V":4,"NV":0,"TB":0},{"Id":70,"V":2,"NV":0,"TB":0}],[{"Id":69,"V":10,"NV":2,"TB":0},{"Id":75,"V":8,"NV":0,"TB":0},{"Id":65,"V":7,"NV":0,"TB":0},{"Id":66,"V":7,"NV":0,"TB":0},{"Id":67,"V":7,"NV":0,"TB":0},{"Id":74,"V":7,"NV":0,"TB":0},{"Id":78,"V":6,"NV":0,"TB":0},{"Id":72,"V":5,"NV":0,"TB":0},{"Id":76,"V":5,"NV":0,"TB":0},{"Id":79,"V":5,"NV":0,"TB":0},{"Id":80,"V":5,"NV":0,"TB":0},{"Id":71,"V":4,"NV":0,"TB":0},{"Id":77,"V":4,"NV":0,"TB":1}],[{"Id":69,"V":10,"NV":0,"TB":0},{"Id":66,"V":8,"NV":1,"TB":0},{"Id":67,"V":8,"NV":1,"TB":0},{"Id":75,"V":8,"NV":0,"TB":0},{"Id":65,"V":7,"NV":0,"TB":0},{"Id":74,"V":7,"NV":0,"TB":0},{"Id":78,"V":6,"NV":0,"TB":0},{"Id":79,"V":6,"NV":1,"TB":0},{"Id":71,"V":5,"NV":1,"TB":0},{"Id":72,"V":5,"NV":0,"TB":0},{"Id":76,"V":5,"NV":0,"TB":0},{"Id":80,"V":5,"NV":0,"TB":1}],[{"Id":69,"V":10,"NV":0,"TB":0},{"Id":74,"V":9,"NV":2,"TB":0},{"Id":75,"V":9,"NV":1,"TB":0},{"Id":66,"V":8,"NV":0,"TB":0},{"Id":67,"V":8,"NV":0,"TB":0},{"Id":65,"V":7,"NV":0,"TB":0},{"Id":72,"V":6,"NV":1,"TB":0},{"Id":78,"V":6,"NV":0,"TB":0},{"Id":79,"V":6,"NV":0,"TB":0},{"Id":71,"V":5,"NV":0,"TB":0},{"Id":76,"V":5,"NV":0,"TB":1}],[{"Id":69,"V":11,"NV":1,"TB":0},{"Id":65,"V":9,"NV":2,"TB":0},{"Id":74,"V":9,"NV":0,"TB":0},{"Id":75,"V":9,"NV":0,"TB":0},{"Id":66,"V":8,"NV":0,"TB":0},{"Id":67,"V":8,"NV":0,"TB":0},{"Id":78,"V":7,"NV":1,"TB":0},{"Id":79,"V":7,"NV":1,"TB":0},{"Id":72,"V":6,"NV":0,"TB":0},{"Id":71,"V":5,"NV":0,"TB":0}],[{"Id":69,"V":11,"NV":0,"TB":0},{"Id":74,"V":11,"NV":2,"TB":0},{"Id":75,"V":10,"NV":1,"TB":0},{"Id":65,"V":9,"NV":0,"TB":0},{"Id":66,"V":8,"NV":0,"TB":0},{"Id":67,"V":8,"NV":0,"TB":0},{"Id":78,"V":8,"NV":1,"TB":0},{"Id":72,"V":7,"NV":1,"TB":0},{"Id":79,"V":7,"NV":0,"TB":1}],[{"Id":74,"V":13,"NV":2,"TB":0},{"Id":69,"V":12,"NV":1,"TB":0},{"Id":75,"V":10,"NV":0,"TB":0},{"Id":65,"V":9,"NV":0,"TB":0},{"Id":67,"V":9,"NV":1,"TB":0},{"Id":72,"V":8,"NV":1,"TB":0},{"Id":78,"V":8,"NV":0,"TB":0},{"Id":66,"V":8,"NV":0,"TB":3}],[{"Id":74,"V":13,"NV":0,"TB":0},{"Id":75,"V":13,"NV":3,"TB":0},{"Id":69,"V":12,"NV":0,"TB":0},{"Id":72,"V":11,"NV":3,"TB":0},{"Id":78,"V":10,"NV":2,"TB":0},{"Id":65,"V":9,"NV":0,"TB":0},{"Id":67,"V":9,"NV":0,"TB":1}],[{"Id":74,"V":15,"NV":2,"TB":0},{"Id":69,"V":14,"NV":2,"TB":0},{"Id":75,"V":14,"NV":1,"TB":0},{"Id":78,"V":12,"NV":2,"TB":0},{"Id":72,"V":11,"NV":0,"TB":0},{"Id":65,"V":9,"NV":0,"TB":0}],[{"Id":69,"V":17,"NV":3,"TB":0},{"Id":74,"V":16,"NV":1,"TB":0},{"Id":78,"V":15,"NV":3,"TB":0},{"Id":75,"V":14,"NV":0,"TB":0},{"Id":72,"V":12,"NV":1,"TB":0}],[{"Id":69,"V":18,"NV":1,"TB":0},{"Id":75,"V":18,"NV":4,"TB":0},{"Id":74,"V":16,"NV":0,"TB":0},{"Id":78,"V":16,"NV":1,"TB":1}],[{"Id":69,"V":21,"NV":3,"TB":0},{"Id":75,"V":20,"NV":2,"TB":0},{"Id":74,"V":19,"NV":3,"TB":0}],[{"Id":69,"V":35,"NV":14,"TB":0},{"Id":75,"V":21,"NV":1,"TB":0}],[{"Id":69,"V":46,"NV":11,"TB":0}]],"Expires":1542592989,"SecondsLeft":0}