{"Mtype":"results","Title":"Round 2","PollStarted":"2019-12-15T23:47:25.334854254Z","PollDuration":600000000000,"Options":{"65":"Magical Boy Keith","66":"Flora stomps on the Magic Mistletoe for always backfiring. Trace walks in moments later to find an angry Flora with her foot now stuck in her mouth.","67":"After losing a bet to Maddie and Karen, Red and Raine are giving free sled ride as a sled wolf team.","68":"Reni on her back eating pizza | Reni Spotting the viewer | Reni offering a slice of pizza to the viewer","69":"Laura dressed like in the 2005/2010 holiday filler, decorating her Christmas Keith (Keith in a Christmas tree costume).","70":"Basitin Ms. Nibbly","71":"The Templars captured Raine, but to their horror they discover that this is Nora in the wolf-form. And she has a Christmas mood.","72":"Tigress invited two explorers to a traditional Christmas dinner of Tiger Clan.","73":"The gang enjoying too much eggnog one night and waking up utterly hammered the next morning.","74":"Christmas:  Maddie and Maeve roll an \"ecstatic\" Keith into a snowman. Natani is amused.","75":"Human Reni in a mall, asking Santa for some magical artifacts. (If time allows, add Nora in her dragon form advising him not to fail.)","76":"During a snowy night time walk about, Zen and Raine stop to take a selfie with a scenic view looking out over a brightly lit city.","77":"Tigress Trace and Flora Snuggle against each other while drinking Hot coco.","78":"Trace in a santa hat that's too large, with Flora swatting at the white puff like a kitten","79":"Remake of Kathrin and Flora pressed together","80":"Nora tries to teach a young Reni how to use magic, resulting in a fearsome mystical creature being transformed into a certain familiar squirrel","81":"Keith laying on a bed all bound up in ribbons, asking Natani to if he likes the gift","82":"Good Morning Flora, Kat version","83":"Nora proudly shows off her collection of variously enchanted mistletoe, with one in particular that she prizes in a glass case","84":"A cute Christmas picture. Kat wearing a cute santa suit. ","85":"Species Swapped first kiss (Trace and Flora)","86":"Adira, Amelia, and Maeve cooking a Riftwall family holiday meal."},"ExpectedBallots":50,"CountedBallots":50,"Ballots":["LK","QUMLRFATJCIEBNGOSVDPHK","RHFILNVGOMBUC","SHCOKQVATNPMRFGELJIU","FMGH","NEJHMB","BFGQP","ROT","TRONEJDPB","EIDRB","HN","HVOPAUE","UFVAIH","BMHQNOUTC","EVMNCJIRLUOGQ","ORTC","VKROTGBJPLNS","BMNHUGTSROQ","EFBQTJRMDUNCHILGPASVOK","PUK","JVHICQEUS","VMAQIRGOCFHTU","QJA","RO","SBNP","CGTLKB","NHBK","KL","BUDNMHGCT","BVISUNAF","RATOFNQKI","CQJHMSGAVLDPUITONFBREK","TROMDKGUSH","O","CGMUQNJLKDHBREVSOAFP","ORHMV","EBCJGD","ENHJPGM","JFMDTHGIC","EQUHI","MHGOPJICRVKNETBLFADQUS","BJNGCVQKMEPDO","MOB","RVOTBF","GCTL","GFPBSU","NUMBC","LIGVC","ESFGQKUHVATMC","TEFUQPRV"],"Placements":[[{"Id":69,"V":7,"NV":7,"TB":0},{"Id":66,"V":6,"NV":6,"TB":0},{"Id":82,"V":5,"NV":5,"TB":0},{"Id":67,"V":3,"NV":3,"TB":0},{"Id":78,"V":3,"NV":3,"TB":0},{"Id":79,"V":3,"NV":3,"TB":0},{"Id":84,"V":3,"NV":3,"TB":0},{"Id":71,"V":2,"NV":2,"TB":0},{"Id":72,"V":2,"NV":2,"TB":0},{"Id":74,"V":2,"NV":2,"TB":0},{"Id":76,"V":2,"NV":2,"TB":0},{"Id":77,"V":2,"NV":2,"TB":0},{"Id":81,"V":2,"NV":2,"TB":0},{"Id":83,"V":2,"NV":2,"TB":0},{"Id":86,"V":2,"NV":2,"TB":0},{"Id":70,"V":1,"NV":1,"TB":0},{"Id":75,"V":1,"NV":1,"TB":0},{"Id":80,"V":1,"NV":1,"TB":0},{"Id":85,"V":1,"NV":1,"TB":0},{"Id":68,"V":0,"NV":0,"TB":0},{"Id":73,"V":0,"NV":0,"TB":0},{"Id":65,"V":0,"NV":0,"TB":3}],[{"Id":69,"V":7,"NV":0,"TB":0},{"Id":66,"V":6,"NV":0,"TB":0},{"Id":82,"V":5,"NV":0,"TB":0},{"Id":67,"V":3,"NV":0,"TB":0},{"Id":78,"V":3,"NV":0,"TB":0},{"Id":79,"V":3,"NV":0,"TB":0},{"Id":84,"V":3,"NV":0,"TB":0},{"Id":71,"V":2,"NV":0,"TB":0},{"Id":72,"V":2,"NV":0,"TB":0},{"Id":74,"V":2,"NV":0,"TB":0},{"Id":76,"V":2,"NV":0,"TB":0},{"Id":77,"V":2,"NV":0,"TB":0},{"Id":81,"V":2,"NV":0,"TB":0},{"Id":83,"V":2,"NV":0,"TB":0},{"Id":86,"V":2,"NV":0,"TB":0},{"Id":70,"V":1,"NV":0,"TB":0},{"Id":75,"V":1,"NV":0,"TB":0},{"Id":80,"V":1,"NV":0,"TB":0},{"Id":85,"V":1,"NV":0,"TB":0},{"Id":68,"V":0,"NV":0,"TB":0},{"Id":73,"V":0,"NV":0,"TB":1}],[{"Id":69,"V":7,"NV":0,"TB":0},{"Id":66,"V":6,"NV":0,"TB":0},{"Id":82,"V":5,"NV":0,"TB":0},{"Id":67,"V":3,"NV":0,"TB":0},{"Id":78,"V":3,"NV":0,"TB":0},{"Id":79,"V":3,"NV":0,"TB":0},{"Id":84,"V":3,"NV":0,"TB":0},{"Id":71,"V":2,"NV":0,"TB":0},{"Id":72,"V":2,"NV":0,"TB":0},{"Id":74,"V":2,"NV":0,"TB":0},{"Id":76,"V":2,"NV":0,"TB":0},{"Id":77,"V":2,"NV":0,"TB":0},{"Id":81,"V":2,"NV":0,"TB":0},{"Id":83,"V":2,"NV":0,"TB":0},{"Id":86,"V":2,"NV":0,"TB":0},{"Id":70,"V":1,"NV":0,"TB":0},{"Id":75,"V":1,"NV":0,"TB":0},{"Id":80,"V":1,"NV":0,"TB":0},{"Id":85,"V":1,"NV":0,"TB":0},{"Id":68,"V":0,"NV":0,"TB":0}],[{"Id":69,"V":7,"NV":0,"TB":0},{"Id":66,"V":6,"NV":0,"TB":0},{"Id":82,"V":5,"NV":0,"TB":0},{"Id":67,"V":3,"NV":0,"TB":0},{"Id":78,"V":3,"NV":0,"TB":0},{"Id":79,"V":3,"NV":0,"TB":0},{"Id":84,"V":3,"NV":0,"TB":0},{"Id":71,"V":2,"NV":0,"TB":0},{"Id":72,"V":2,"NV":0,"TB":0},{"Id":74,"V":2,"NV":0,"TB":0},{"Id":76,"V":2,"NV":0,"TB":0},{"Id":77,"V":2,"NV":0,"TB":0},{"Id":81,"V":2,"NV":0,"TB":0},{"Id":83,"V":2,"NV":0,"TB":0},{"Id":86,"V":2,"NV":0,"TB":0},{"Id":75,"V":1,"NV":0,"TB":0},{"Id":80,"V":1,"NV":0,"TB":0},{"Id":85,"V":1,"NV":0,"TB":0},{"Id":70,"V":1,"NV":0,"TB":4}],[{"Id":69,"V":7,"NV":0,"TB":0},{"Id":66,"V":6,"NV":0,"TB":0},{"Id":82,"V":5,"NV":0,"TB":0},{"Id":67,"V":3,"NV":0,"TB":0},{"Id":77,"V":3,"NV":1,"TB":0},{"Id":78,"V":3,"NV":0,"TB":0},{"Id":79,"V":3,"NV":0,"TB":0},{"Id":84,"V":3,"NV":0,"TB":0},{"Id":71,"V":2,"NV":0,"TB":0},{"Id":72,"V":2,"NV":0,"TB":0},{"Id":74,"V":2,"NV":0,"TB":0},{"Id":76,"V":2,"NV":0,"TB":0},{"Id":81,"V":2,"NV":0,"TB":0},{"Id":83,"V":2,"NV":0,"TB":0},{"Id":86,"V":2,"NV":0,"TB":0},{"Id":80,"V":1,"NV":0,"TB":0},{"Id":85,"V":1,"NV":0,"TB":0},{"Id":75,"V":1,"NV":0,"TB":3}],[{"Id":69,"V":7,"NV":0,"TB":0},{"Id":66,"V":6,"NV":0,"TB":0},{"Id":82,"V":5,"NV":0,"TB":0},{"Id":67,"V":3,"NV":0,"TB":0},{"Id":76,"V":3,"NV":1,"TB":0},{"Id":77,"V":3,"NV":0,"TB":0},{"Id":78,"V":3,"NV":0,"TB":0},{"Id":79,"V":3,"NV":0,"TB":0},{"Id":84,"V":3,"NV":0,"TB":0},{"Id":71,"V":2,"NV":0,"TB":0},{"Id":72,"V":2,"NV":0,"TB":0},{"Id":74,"V":2,"NV":0,"TB":0},{"Id":81,"V":2,"NV":0,"TB":0},{"Id":83,"V":2,"NV":0,"TB":0},{"Id":86,"V":2,"NV":0,"TB":0},{"Id":85,"V":1,"NV":0,"TB":0},{"Id":80,"V":1,"NV":0,"TB":2}],[{"Id":69,"V":7,"NV":0,"TB":0},{"Id":66,"V":6,"NV":0,"TB":0},{"Id":82,"V":5,"NV":0,"TB":0},{"Id":67,"V":3,"NV":0,"TB":0},{"Id":76,"V":3,"NV":0,"TB":0},{"Id":77,"V":3,"NV":0,"TB":0},{"Id":78,"V":3,"NV":0,"TB":0},{"Id":79,"V":3,"NV":0,"TB":0},{"Id":84,"V":3,"NV":0,"TB":0},{"Id":71,"V":2,"NV":0,"TB":0},{"Id":74,"V":2,"NV":0,"TB":0},{"Id":81,"V":2,"NV":0,"TB":0},{"Id":83,"V":2,"NV":0,"TB":0},{"Id":85,"V":2,"NV":1,"TB":0},{"Id":86,"V":2,"NV":0,"TB":0},{"Id":72,"V":2,"NV":0,"TB":6}],[{"Id":69,"V":7,"NV":0,"TB":0},{"Id":66,"V":6,"NV":0,"TB":0},{"Id":82,"V":5,"NV":0,"TB":0},{"Id":78,"V":4,"NV":1,"TB":0},{"Id":67,"V":3,"NV":0,"TB":0},{"Id":76,"V":3,"NV":0,"TB":0},{"Id":77,"V":3,"NV":0,"TB":0},{"Id":79,"V":3,"NV":0,"TB":0},{"Id":84,"V":3,"NV":0,"TB":0},{"Id":86,"V":3,"NV":1,"TB":0},{"Id":71,"V":2,"NV":0,"TB":0},{"Id":74,"V":2,"NV":0,"TB":0},{"Id":83,"V":2,"NV":0,"TB":0},{"Id":85,"V":2,"NV":0,"TB":0},{"Id":81,"V":2,"NV":0,"TB":3}],[{"Id":69,"V":7,"NV":0,"TB":0},{"Id":66,"V":6,"NV":0,"TB":0},{"Id":82,"V":5,"NV":0,"TB":0},{"Id":78,"V":4,"NV":0,"TB":0},{"Id":67,"V":3,"NV":0,"TB":0},{"Id":74,"V":3,"NV":1,"TB":0},{"Id":76,"V":3,"NV":0,"TB":0},{"Id":77,"V":3,"NV":0,"TB":0},{"Id":79,"V":3,"NV":0,"TB":0},{"Id":84,"V":3,"NV":0,"TB":0},{"Id":85,"V":3,"NV":1,"TB":0},{"Id":86,"V":3,"NV":0,"TB":0},{"Id":83,"V":2,"NV":0,"TB":0},{"Id":71,"V":2,"NV":0,"TB":2}],[{"Id":66,"V":7,"NV":1,"TB":0},{"Id":69,"V":7,"NV":0,"TB":0},{"Id":82,"V":5,"NV":0,"TB":0},{"Id":67,"V":4,"NV":1,"TB":0},{"Id":78,"V":4,"NV":0,"TB":0},{"Id":74,"V":3,"NV":0,"TB":0},{"Id":76,"V":3,"NV":0,"TB":0},{"Id":77,"V":3,"NV":0,"TB":0},{"Id":79,"V":3,"NV":0,"TB":0},{"Id":84,"V":3,"NV":0,"TB":0},{"Id":85,"V":3,"NV":0,"TB":0},{"Id":86,"V":3,"NV":0,"TB":0},{"Id":83,"V":2,"NV":0,"TB":0}],[{"Id":66,"V":8,"NV":1,"TB":0},{"Id":69,"V":7,"NV":0,"TB":0},{"Id":67,"V":5,"NV":1,"TB":0},{"Id":82,"V":5,"NV":0,"TB":0},{"Id":78,"V":4,"NV":0,"TB":0},{"Id":74,"V":3,"NV":0,"TB":0},{"Id":76,"V":3,"NV":0,"TB":0},{"Id":77,"V":3,"NV":0,"TB":0},{"Id":79,"V":3,"NV":0,"TB":0},{"Id":84,"V":3,"NV":0,"TB":0},{"Id":86,"V":3,"NV":0,"TB":0},{"Id":85,"V":3,"NV":0,"TB":2}],[{"Id":66,"V":8,"NV":0,"TB":0},{"Id":69,"V":7,"NV":0,"TB":0},{"Id":67,"V":5,"NV":0,"TB":0},{"Id":82,"V":5,"NV":0,"TB":0},{"Id":77,"V":4,"NV":1,"TB":0},{"Id":78,"V":4,"NV":0,"TB":0},{"Id":86,"V":4,"NV":1,"TB":0},{"Id":74,"V":3,"NV":0,"TB":0},{"Id":76,"V":3,"NV":0,"TB":0},{"Id":79,"V":3,"NV":0,"TB":0},{"Id":84,"V":3,"NV":0,"TB":1}],[{"Id":66,"V":8,"NV":0,"TB":0},{"Id":69,"V":8,"NV":1,"TB":0},{"Id":82,"V":7,"NV":2,"TB":0},{"Id":67,"V":5,"NV":0,"TB":0},{"Id":77,"V":4,"NV":0,"TB":0},{"Id":78,"V":4,"NV":0,"TB":0},{"Id":86,"V":4,"NV":0,"TB":0},{"Id":74,"V":3,"NV":0,"TB":0},{"Id":76,"V":3,"NV":0,"TB":0},{"Id":79,"V":3,"NV":0,"TB":1}],[{"Id":82,"V":9,"NV":2,"TB":0},{"Id":66,"V":8,"NV":0,"TB":0},{"Id":69,"V":8,"NV":0,"TB":0},{"Id":67,"V":5,"NV":0,"TB":0},{"Id":77,"V":4,"NV":0,"TB":0},{"Id":78,"V":4,"NV":0,"TB":0},{"Id":86,"V":4,"NV":0,"TB":0},{"Id":74,"V":3,"NV":0,"TB":0},{"Id":76,"V":3,"NV":0,"TB":1}],[{"Id":82,"V":9,"NV":0,"TB":0},{"Id":66,"V":8,"NV":0,"TB":0},{"Id":69,"V":8,"NV":0,"TB":0},{"Id":67,"V":5,"NV":0,"TB":0},{"Id":86,"V":5,"NV":1,"TB":0},{"Id":77,"V":4,"NV":0,"TB":0},{"Id":78,"V":4,"NV":0,"TB":0},{"Id":74,"V":3,"NV":0,"TB":0}],[{"Id":82,"V":9,"NV":0,"TB":0},{"Id":66,"V":8,"NV":0,"TB":0},{"Id":69,"V":8,"NV":0,"TB":0},{"Id":86,"V":6,"NV":1,"TB":0},{"Id":67,"V":5,"NV":0,"TB":0},{"Id":77,"V":5,"NV":1,"TB":0},{"Id":78,"V":4,"NV":0,"TB":0}],[{"Id":66,"V":9,"NV":1,"TB":0},{"Id":69,"V":9,"NV":1,"TB":0},{"Id":82,"V":9,"NV":0,"TB":0},{"Id":77,"V":6,"NV":1,"TB":0},{"Id":86,"V":6,"NV":0,"TB":0},{"Id":67,"V":5,"NV":0,"TB":0}],[{"Id":66,"V":10,"NV":1,"TB":0},{"Id":69,"V":9,"NV":0,"TB":0},{"Id":82,"V":9,"NV":0,"TB":0},{"Id":77,"V":8,"NV":2,"TB":0},{"Id":86,"V":7,"NV":1,"TB":0}],[{"Id":69,"V":11,"NV":2,"TB":0},{"Id":77,"V":10,"NV":2,"TB":0},{"Id":82,"V":10,"NV":1,"TB":0},{"Id":66,"V":10,"NV":0,"TB":3}],[{"Id":77,"V":14,"NV":4,"TB":0},{"Id":69,"V":11,"NV":0,"TB":0},{"Id":82,"V":10,"NV":0,"TB":0}],[{"Id":77,"V":17,"NV":3,"TB":0},{"Id":69,"V":12,"NV":1,"TB":0}],[{"Id":77,"V":22,"NV":5,"TB":0}]],"Expires":1576454845,"SecondsLeft":0}