{"Mtype":"results","Title":"Round 5","PollStarted":"2019-02-17T23:58:31.139634599Z","PollDuration":600000000000,"Options":{"65":"Evals complains about being lonely this valentines day, and Nora decides to \"fix\" the problem with a \"makeover\".... But hey, Mike thinks Evalyn looks great!","66":"Clovis has been made a slave, ends up as a model for Eric (disclaimer: I got to get *something* lewd for my first accepted suggestion ;) ) ","67":"Adrakist Nibbly, still squirrel-sized, sitting on Scythe's shoulder and spitting flames for her amusement and Scythe's surprise.","68":"Demon Tiger Trace and Flora","69":"Mike sneaking behind the scenes, changing sketch suggestions from 'Vixen Mike' to 'Vixen Keith', 'Natani' etc Unfortunately for him, Nora is watching.","70":"Zen celebrating in victory lane after winning the NASCAR Cup Series championship.","71":"Body Swap - Flora in Trace's body playing with her unborn baby, to the dismay of Trace in her body","72":"Trace as Mugetsu from Bleach","73":"Landen initially refuses young Maeve a taste of her coffee, but is begrudgingly won over by adorable begging. ","74":"Nora teaching Reni on how to win over a human heart. Red blurts out Nora never won over Trace, embarrassing Nora.","75":"Adira comes back home to find Kat and Maeve all cuddled up and sleep on the couch.","76":"Kat finally gets to feel what her massages are like, as a now dominated EvilKat massages her. (leash and collar optional ;0)","77":"Landscape sketch of Zen as Wander riding Agro through the Forbidden Lands from Shadow of the Colossus ","78":"Maeve befriends a stray cat (Nora)","79":"Flora as a beautiful tiger genie. Dressed in veils and this scarf like outter garments.","80":"World War II sexy pin up of Adelaide  Admiral of the Royal navy rides the bow of the HMS Victorious into battle.","81":"A squirrel theater reenactment TwoKinds’ first scene, directed by Nibbly, much to the surprise of the real characters. ","82":"Karen introduces Maddie to Magpie. Maddie is critical at the sight of such an unorthodox Basitin.","83":"Au where Kiedran Nibbly meets an unusually friendly wild (non-Keidran) wolf. Mr. Sythe!","84":"WW2 Pinup of Raine as a sexy British sniper holding a scoped Lee Enfield rifle"},"ExpectedBallots":162,"CountedBallots":162,"Ballots":["KMT","G","AEONPRJQLBCKISTF","PKODAEIL","ENJKM","J","R","QCLRSB","EASBT","GBPTEDC","CQDSEL","ASBE","ER","LK","OSDCB","PCQREJSANGI","JIKMRAN","ELBPA","SNKBIAPFEQ","NEALC","TRNMCFOPEI","AQCESONKIDLMBJRPTGFH","QHIMKSNJC","QINLBRKDGEOCAJSFPTMH","CQNIK","GORTDCSP","OJD","PTRIOJ","","BAELQRPSKFCINJDOTGHM","QTDEBSPGAIFNRJCOKMLH","QPJLF","RKCONA","CDOQSNJBFRLTEKAPIHMG","BOEANIGPLMDJSCHTQKFR","QSE","GQ","LDAJK","REIBGLQADSFNCKO","BAL","QNEJRSICFH","AQEKL","IKASMNTORELPCQHJDF","O","BGKLA","KRNB","SA","EQ","PBNR","BEOI","G","BEAN","ARPEOBSTN","COKLSAENDRMBITQGPJFH","DLNKPOTEGQCIMHBFRJSA","KBJNL","ATGCDSENIJHBQRO","EPCNJ","BELA","OD","KCNOLP","TFQ","BLOTMQJEKGCDPNFAIS","LKRSCNJDFHMQ","KLBINST","TSODQ","LKO","T","QJECDO","D","KQJINCSR","SDLTPJC","NIREKL","LKRNIOSCQAEJDFGTBPMH","SQCA","LOAKINEBQ","SANRJLIGFKTBQCDEOPMH","SNDCTOIKAQGMRHFLEBJP","DPTIJEHBRCANKGQFSLMO","SPDJIN","IEQNBCFSOAPG","ENL","NOQHS","POTD","NIGJB","ALODK","SLN","JNLCBRTPOKDAS","KNISDO","D","NCBTFLP","KNL","TPRSO","TQES","SNL","GSDKEN","HOTQPD","AEIPLNBTKCORDGSQ","TSKAB","BIS","D","M","KQ","L","DGOELAH","TKS","MNCS","NKEAJR","GBTOS","ATLIKR","TDSP","DAC","PDT","D","KTPNBLRIODJAGEMFQCHS","K","AGBD","D","D","D","TPRH","GSDKEN","D","D","PTKSNIRCAEQF","QTKD","D","PNST","","HPK","DMGIN","DPN","TAG","BLM","TRPD","LDTPO","TQGPKAH","","MCSOED","JTPANL","D","","DQPTN","HTDL","DHJ","ONTPDF","","GDORSJ","PSDHQ","QD","","TPD","","D","D","JTPCDBLSOGER","PKQ","REBIALQGFSDNK","D","","AL","D"],"Placements":[[{"Id":68,"V":23,"NV":23,"TB":0},{"Id":84,"V":14,"NV":14,"TB":0},{"Id":65,"V":11,"NV":11,"TB":0},{"Id":75,"V":11,"NV":11,"TB":0},{"Id":66,"V":10,"NV":10,"TB":0},{"Id":80,"V":10,"NV":10,"TB":0},{"Id":81,"V":10,"NV":10,"TB":0},{"Id":71,"V":9,"NV":9,"TB":0},{"Id":83,"V":9,"NV":9,"TB":0},{"Id":76,"V":8,"NV":8,"TB":0},{"Id":69,"V":7,"NV":7,"TB":0},{"Id":78,"V":6,"NV":6,"TB":0},{"Id":74,"V":5,"NV":5,"TB":0},{"Id":79,"V":5,"NV":5,"TB":0},{"Id":67,"V":4,"NV":4,"TB":0},{"Id":82,"V":4,"NV":4,"TB":0},{"Id":72,"V":3,"NV":3,"TB":0},{"Id":77,"V":3,"NV":3,"TB":0},{"Id":73,"V":2,"NV":2,"TB":0},{"Id":70,"V":0,"NV":0,"TB":0}],[{"Id":68,"V":23,"NV":0,"TB":0},{"Id":84,"V":14,"NV":0,"TB":0},{"Id":65,"V":11,"NV":0,"TB":0},{"Id":75,"V":11,"NV":0,"TB":0},{"Id":66,"V":10,"NV":0,"TB":0},{"Id":80,"V":10,"NV":0,"TB":0},{"Id":81,"V":10,"NV":0,"TB":0},{"Id":71,"V":9,"NV":0,"TB":0},{"Id":83,"V":9,"NV":0,"TB":0},{"Id":76,"V":8,"NV":0,"TB":0},{"Id":69,"V":7,"NV":0,"TB":0},{"Id":78,"V":6,"NV":0,"TB":0},{"Id":74,"V":5,"NV":0,"TB":0},{"Id":79,"V":5,"NV":0,"TB":0},{"Id":67,"V":4,"NV":0,"TB":0},{"Id":82,"V":4,"NV":0,"TB":0},{"Id":72,"V":3,"NV":0,"TB":0},{"Id":77,"V":3,"NV":0,"TB":0},{"Id":73,"V":2,"NV":0,"TB":0}],[{"Id":68,"V":23,"NV":0,"TB":0},{"Id":84,"V":14,"NV":0,"TB":0},{"Id":75,"V":12,"NV":1,"TB":0},{"Id":65,"V":11,"NV":0,"TB":0},{"Id":66,"V":10,"NV":0,"TB":0},{"Id":80,"V":10,"NV":0,"TB":0},{"Id":81,"V":10,"NV":0,"TB":0},{"Id":71,"V":9,"NV":0,"TB":0},{"Id":83,"V":9,"NV":0,"TB":0},{"Id":69,"V":8,"NV":1,"TB":0},{"Id":76,"V":8,"NV":0,"TB":0},{"Id":78,"V":6,"NV":0,"TB":0},{"Id":74,"V":5,"NV":0,"TB":0},{"Id":79,"V":5,"NV":0,"TB":0},{"Id":67,"V":4,"NV":0,"TB":0},{"Id":82,"V":4,"NV":0,"TB":0},{"Id":77,"V":3,"NV":0,"TB":0},{"Id":72,"V":3,"NV":0,"TB":2}],[{"Id":68,"V":23,"NV":0,"TB":0},{"Id":84,"V":15,"NV":1,"TB":0},{"Id":75,"V":12,"NV":0,"TB":0},{"Id":65,"V":11,"NV":0,"TB":0},{"Id":80,"V":11,"NV":1,"TB":0},{"Id":66,"V":10,"NV":0,"TB":0},{"Id":81,"V":10,"NV":0,"TB":0},{"Id":71,"V":9,"NV":0,"TB":0},{"Id":83,"V":9,"NV":0,"TB":0},{"Id":69,"V":8,"NV":0,"TB":0},{"Id":76,"V":8,"NV":0,"TB":0},{"Id":78,"V":6,"NV":0,"TB":0},{"Id":79,"V":6,"NV":1,"TB":0},{"Id":74,"V":5,"NV":0,"TB":0},{"Id":67,"V":4,"NV":0,"TB":0},{"Id":82,"V":4,"NV":0,"TB":0},{"Id":77,"V":3,"NV":0,"TB":0}],[{"Id":68,"V":23,"NV":0,"TB":0},{"Id":84,"V":15,"NV":0,"TB":0},{"Id":75,"V":12,"NV":0,"TB":0},{"Id":65,"V":11,"NV":0,"TB":0},{"Id":80,"V":11,"NV":0,"TB":0},{"Id":66,"V":10,"NV":0,"TB":0},{"Id":81,"V":10,"NV":0,"TB":0},{"Id":71,"V":9,"NV":0,"TB":0},{"Id":83,"V":9,"NV":0,"TB":0},{"Id":69,"V":8,"NV":0,"TB":0},{"Id":76,"V":8,"NV":0,"TB":0},{"Id":78,"V":7,"NV":1,"TB":0},{"Id":79,"V":6,"NV":0,"TB":0},{"Id":67,"V":5,"NV":1,"TB":0},{"Id":74,"V":5,"NV":0,"TB":0},{"Id":82,"V":4,"NV":0,"TB":0}],[{"Id":68,"V":23,"NV":0,"TB":0},{"Id":84,"V":15,"NV":0,"TB":0},{"Id":75,"V":13,"NV":1,"TB":0},{"Id":65,"V":11,"NV":0,"TB":0},{"Id":80,"V":11,"NV":0,"TB":0},{"Id":66,"V":10,"NV":0,"TB":0},{"Id":69,"V":10,"NV":2,"TB":0},{"Id":81,"V":10,"NV":0,"TB":0},{"Id":71,"V":9,"NV":0,"TB":0},{"Id":83,"V":9,"NV":0,"TB":0},{"Id":76,"V":8,"NV":0,"TB":0},{"Id":78,"V":7,"NV":0,"TB":0},{"Id":79,"V":6,"NV":0,"TB":0},{"Id":67,"V":5,"NV":0,"TB":0},{"Id":74,"V":5,"NV":0,"TB":1}],[{"Id":68,"V":23,"NV":0,"TB":0},{"Id":84,"V":17,"NV":2,"TB":0},{"Id":75,"V":14,"NV":1,"TB":0},{"Id":65,"V":11,"NV":0,"TB":0},{"Id":80,"V":11,"NV":0,"TB":0},{"Id":66,"V":10,"NV":0,"TB":0},{"Id":69,"V":10,"NV":0,"TB":0},{"Id":81,"V":10,"NV":0,"TB":0},{"Id":71,"V":9,"NV":0,"TB":0},{"Id":83,"V":9,"NV":0,"TB":0},{"Id":76,"V":8,"NV":0,"TB":0},{"Id":78,"V":8,"NV":1,"TB":0},{"Id":79,"V":6,"NV":0,"TB":0},{"Id":67,"V":5,"NV":0,"TB":0}],[{"Id":68,"V":24,"NV":1,"TB":0},{"Id":84,"V":17,"NV":0,"TB":0},{"Id":75,"V":14,"NV":0,"TB":0},{"Id":81,"V":12,"NV":2,"TB":0},{"Id":65,"V":11,"NV":0,"TB":0},{"Id":80,"V":11,"NV":0,"TB":0},{"Id":66,"V":10,"NV":0,"TB":0},{"Id":69,"V":10,"NV":0,"TB":0},{"Id":83,"V":10,"NV":1,"TB":0},{"Id":71,"V":9,"NV":0,"TB":0},{"Id":76,"V":8,"NV":0,"TB":0},{"Id":78,"V":8,"NV":0,"TB":0},{"Id":79,"V":7,"NV":1,"TB":0}],[{"Id":68,"V":26,"NV":2,"TB":0},{"Id":84,"V":18,"NV":1,"TB":0},{"Id":75,"V":15,"NV":1,"TB":0},{"Id":81,"V":12,"NV":0,"TB":0},{"Id":65,"V":11,"NV":0,"TB":0},{"Id":80,"V":11,"NV":0,"TB":0},{"Id":83,"V":11,"NV":1,"TB":0},{"Id":66,"V":10,"NV":0,"TB":0},{"Id":69,"V":10,"NV":0,"TB":0},{"Id":71,"V":9,"NV":0,"TB":0},{"Id":78,"V":9,"NV":1,"TB":0},{"Id":76,"V":8,"NV":0,"TB":0}],[{"Id":68,"V":28,"NV":2,"TB":0},{"Id":75,"V":19,"NV":4,"TB":0},{"Id":84,"V":18,"NV":0,"TB":0},{"Id":65,"V":12,"NV":1,"TB":0},{"Id":81,"V":12,"NV":0,"TB":0},{"Id":80,"V":11,"NV":0,"TB":0},{"Id":83,"V":11,"NV":0,"TB":0},{"Id":66,"V":10,"NV":0,"TB":0},{"Id":69,"V":10,"NV":0,"TB":0},{"Id":71,"V":9,"NV":0,"TB":0},{"Id":78,"V":9,"NV":0,"TB":1}],[{"Id":68,"V":28,"NV":0,"TB":0},{"Id":75,"V":20,"NV":1,"TB":0},{"Id":84,"V":19,"NV":1,"TB":0},{"Id":81,"V":13,"NV":1,"TB":0},{"Id":65,"V":12,"NV":0,"TB":0},{"Id":66,"V":12,"NV":2,"TB":0},{"Id":69,"V":12,"NV":2,"TB":0},{"Id":83,"V":12,"NV":1,"TB":0},{"Id":80,"V":11,"NV":0,"TB":0},{"Id":71,"V":10,"NV":1,"TB":0}],[{"Id":68,"V":29,"NV":1,"TB":0},{"Id":75,"V":20,"NV":0,"TB":0},{"Id":84,"V":20,"NV":1,"TB":0},{"Id":66,"V":15,"NV":3,"TB":0},{"Id":81,"V":14,"NV":1,"TB":0},{"Id":83,"V":14,"NV":2,"TB":0},{"Id":65,"V":12,"NV":0,"TB":0},{"Id":69,"V":12,"NV":0,"TB":0},{"Id":80,"V":11,"NV":0,"TB":0}],[{"Id":68,"V":30,"NV":1,"TB":0},{"Id":75,"V":23,"NV":3,"TB":0},{"Id":84,"V":23,"NV":3,"TB":0},{"Id":66,"V":16,"NV":1,"TB":0},{"Id":83,"V":16,"NV":2,"TB":0},{"Id":81,"V":15,"NV":1,"TB":0},{"Id":69,"V":12,"NV":0,"TB":0},{"Id":65,"V":12,"NV":0,"TB":2}],[{"Id":68,"V":31,"NV":1,"TB":0},{"Id":84,"V":25,"NV":2,"TB":0},{"Id":75,"V":24,"NV":1,"TB":0},{"Id":66,"V":17,"NV":1,"TB":0},{"Id":81,"V":17,"NV":2,"TB":0},{"Id":83,"V":17,"NV":1,"TB":0},{"Id":69,"V":15,"NV":3,"TB":0}],[{"Id":68,"V":31,"NV":0,"TB":0},{"Id":75,"V":26,"NV":2,"TB":0},{"Id":84,"V":25,"NV":0,"TB":0},{"Id":66,"V":22,"NV":5,"TB":0},{"Id":81,"V":20,"NV":3,"TB":0},{"Id":83,"V":18,"NV":1,"TB":0}],[{"Id":68,"V":39,"NV":8,"TB":0},{"Id":75,"V":28,"NV":2,"TB":0},{"Id":84,"V":26,"NV":1,"TB":0},{"Id":66,"V":24,"NV":2,"TB":0},{"Id":81,"V":21,"NV":1,"TB":0}],[{"Id":68,"V":42,"NV":3,"TB":0},{"Id":75,"V":32,"NV":4,"TB":0},{"Id":84,"V":28,"NV":2,"TB":0},{"Id":66,"V":28,"NV":4,"TB":2}],[{"Id":68,"V":46,"NV":4,"TB":0},{"Id":84,"V":36,"NV":8,"TB":0},{"Id":75,"V":36,"NV":4,"TB":2}],[{"Id":68,"V":54,"NV":8,"TB":0},{"Id":84,"V":42,"NV":6,"TB":0}],[{"Id":68,"V":74,"NV":20,"TB":0}]],"Expires":1550449111,"SecondsLeft":0}