{"Mtype":"results","Title":"Round 4","PollStarted":"2019-11-04T02:05:35.654934843Z","PollDuration":600000000000,"Options":{"65":"Flora running through town with the TF gun from Addictive Science zapping everyone into half-kinds","66":"Reni asks Kathrin to make her a swimsuit, only to be surprised/perturbed when Kat already has her measurements and several designs planned. ","67":"Kathrin in a cute pose, holding her legs up, showing her paws.","68":"Silverlock family thanksgiving. Mary, Roselyn, and Euchre all glaring daggers at each other, while Raine is ecstatic to have her entire family in one place.","69":"Our intrepid explorers find themselves on a savanna surrounded by a tribe of cheetah Keidran armed with pointy spears!","70":"Brutus and Kat compare massage techniques, practicing on each other.","71":"Adelaide demolishing a tower by lifting it","72":"Little Reni is going to eat all the Halloween sweets, but the \"corrupted mana crystal\" is too hard for her young teeth. But she doesn't give up.","73":"Halloween: Zen, all zombie like, tries to teach Raine how to be scary.","74":"Trace and the gang playing DnD or other table top RPG game.","75":"Eris is traveling to catch several critters to fulfill their Frankenstein project. But she has to be careful how she was not allowed to get caught by the Templar back then","76":"Trace, Flora, Keith, and Natani all in warm clothes around a campfire on a cold autumn night, with Trace and Flora snuggling each other and Keith and Natani snuggling each other. ","77":"Tiger Trace and Keith end up wearing control collars. Flora sees this and decides to make them her servants. (Perhaps makes them dress that way too.)","78":"Laura dancing with Keith","79":"Re-draw of the Gobble Gobble comic page back in November 30, 2013","80":"Flora and Kat in the “Human Only” bath much to the surprise of ( Human ) Raine and Maren!","81":"Sealeen finally falls out of the manor tree! Luckily she's caught by Lynn","82":"Young Trace attempts to open the portal to another world, but as the portal opens he realizes he read from a cookbook instead of a spellbook. He summoned a dinner.","83":"Goth Trace.","84":"Adira walks in on kitten Maeve making a mess of the Riftwall Inn's cabbages.","85":"What if Laura was Grand Templar instead of Trace?","86":"Kat receives massage lessons and a massage from Nicole from the game Mr Massagy"},"ExpectedBallots":36,"CountedBallots":36,"Ballots":["IDP","OPREFBCS","BDHPCOFRITGESLNQ","DBRATI","GFEDC","BEQOH","LFCNOT","F","N","EDQT","O","PCAMBNFL","ODLR","O","FHLIETP","CRMEBLP","OMJAPBDEL","DIRUSTHN","ABFH","NUC","ESHRBO","AQDEO","BCNPD","BHTQCR","BFCVPMEKITHDJR","DNRACLQPOSBUTIH","QUDEN","OAMLTHR","DI","NSRDUQICEPT","LCQRG","TIC","MLACUTGNIRDEPV","NAMHR","PE","GEFDNISTJPUVBMCRQALOKH"],"Placements":[[{"Id":79,"V":6,"NV":6,"TB":0},{"Id":66,"V":5,"NV":5,"TB":0},{"Id":68,"V":4,"NV":4,"TB":0},{"Id":78,"V":4,"NV":4,"TB":0},{"Id":65,"V":2,"NV":2,"TB":0},{"Id":69,"V":2,"NV":2,"TB":0},{"Id":70,"V":2,"NV":2,"TB":0},{"Id":71,"V":2,"NV":2,"TB":0},{"Id":76,"V":2,"NV":2,"TB":0},{"Id":80,"V":2,"NV":2,"TB":0},{"Id":67,"V":1,"NV":1,"TB":0},{"Id":73,"V":1,"NV":1,"TB":0},{"Id":77,"V":1,"NV":1,"TB":0},{"Id":81,"V":1,"NV":1,"TB":0},{"Id":84,"V":1,"NV":1,"TB":0},{"Id":72,"V":0,"NV":0,"TB":0},{"Id":74,"V":0,"NV":0,"TB":0},{"Id":75,"V":0,"NV":0,"TB":0},{"Id":83,"V":0,"NV":0,"TB":0},{"Id":85,"V":0,"NV":0,"TB":0},{"Id":86,"V":0,"NV":0,"TB":0},{"Id":82,"V":0,"NV":0,"TB":4}],[{"Id":79,"V":6,"NV":0,"TB":0},{"Id":66,"V":5,"NV":0,"TB":0},{"Id":68,"V":4,"NV":0,"TB":0},{"Id":78,"V":4,"NV":0,"TB":0},{"Id":65,"V":2,"NV":0,"TB":0},{"Id":69,"V":2,"NV":0,"TB":0},{"Id":70,"V":2,"NV":0,"TB":0},{"Id":71,"V":2,"NV":0,"TB":0},{"Id":76,"V":2,"NV":0,"TB":0},{"Id":80,"V":2,"NV":0,"TB":0},{"Id":67,"V":1,"NV":0,"TB":0},{"Id":73,"V":1,"NV":0,"TB":0},{"Id":77,"V":1,"NV":0,"TB":0},{"Id":81,"V":1,"NV":0,"TB":0},{"Id":84,"V":1,"NV":0,"TB":0},{"Id":72,"V":0,"NV":0,"TB":0},{"Id":74,"V":0,"NV":0,"TB":0},{"Id":75,"V":0,"NV":0,"TB":0},{"Id":85,"V":0,"NV":0,"TB":0},{"Id":86,"V":0,"NV":0,"TB":0},{"Id":83,"V":0,"NV":0,"TB":3}],[{"Id":79,"V":6,"NV":0,"TB":0},{"Id":66,"V":5,"NV":0,"TB":0},{"Id":68,"V":4,"NV":0,"TB":0},{"Id":78,"V":4,"NV":0,"TB":0},{"Id":65,"V":2,"NV":0,"TB":0},{"Id":69,"V":2,"NV":0,"TB":0},{"Id":70,"V":2,"NV":0,"TB":0},{"Id":71,"V":2,"NV":0,"TB":0},{"Id":76,"V":2,"NV":0,"TB":0},{"Id":80,"V":2,"NV":0,"TB":0},{"Id":67,"V":1,"NV":0,"TB":0},{"Id":73,"V":1,"NV":0,"TB":0},{"Id":77,"V":1,"NV":0,"TB":0},{"Id":81,"V":1,"NV":0,"TB":0},{"Id":84,"V":1,"NV":0,"TB":0},{"Id":72,"V":0,"NV":0,"TB":0},{"Id":74,"V":0,"NV":0,"TB":0},{"Id":75,"V":0,"NV":0,"TB":0},{"Id":85,"V":0,"NV":0,"TB":0},{"Id":86,"V":0,"NV":0,"TB":1}],[{"Id":79,"V":6,"NV":0,"TB":0},{"Id":66,"V":5,"NV":0,"TB":0},{"Id":68,"V":4,"NV":0,"TB":0},{"Id":78,"V":4,"NV":0,"TB":0},{"Id":65,"V":2,"NV":0,"TB":0},{"Id":69,"V":2,"NV":0,"TB":0},{"Id":70,"V":2,"NV":0,"TB":0},{"Id":71,"V":2,"NV":0,"TB":0},{"Id":76,"V":2,"NV":0,"TB":0},{"Id":80,"V":2,"NV":0,"TB":0},{"Id":67,"V":1,"NV":0,"TB":0},{"Id":73,"V":1,"NV":0,"TB":0},{"Id":77,"V":1,"NV":0,"TB":0},{"Id":81,"V":1,"NV":0,"TB":0},{"Id":84,"V":1,"NV":0,"TB":0},{"Id":72,"V":0,"NV":0,"TB":0},{"Id":74,"V":0,"NV":0,"TB":0},{"Id":85,"V":0,"NV":0,"TB":0},{"Id":75,"V":0,"NV":0,"TB":2}],[{"Id":79,"V":6,"NV":0,"TB":0},{"Id":66,"V":5,"NV":0,"TB":0},{"Id":68,"V":4,"NV":0,"TB":0},{"Id":78,"V":4,"NV":0,"TB":0},{"Id":65,"V":2,"NV":0,"TB":0},{"Id":69,"V":2,"NV":0,"TB":0},{"Id":70,"V":2,"NV":0,"TB":0},{"Id":71,"V":2,"NV":0,"TB":0},{"Id":76,"V":2,"NV":0,"TB":0},{"Id":80,"V":2,"NV":0,"TB":0},{"Id":67,"V":1,"NV":0,"TB":0},{"Id":73,"V":1,"NV":0,"TB":0},{"Id":77,"V":1,"NV":0,"TB":0},{"Id":81,"V":1,"NV":0,"TB":0},{"Id":84,"V":1,"NV":0,"TB":0},{"Id":74,"V":0,"NV":0,"TB":0},{"Id":85,"V":0,"NV":0,"TB":0},{"Id":72,"V":0,"NV":0,"TB":3}],[{"Id":79,"V":6,"NV":0,"TB":0},{"Id":66,"V":5,"NV":0,"TB":0},{"Id":68,"V":4,"NV":0,"TB":0},{"Id":78,"V":4,"NV":0,"TB":0},{"Id":65,"V":2,"NV":0,"TB":0},{"Id":69,"V":2,"NV":0,"TB":0},{"Id":70,"V":2,"NV":0,"TB":0},{"Id":71,"V":2,"NV":0,"TB":0},{"Id":76,"V":2,"NV":0,"TB":0},{"Id":80,"V":2,"NV":0,"TB":0},{"Id":67,"V":1,"NV":0,"TB":0},{"Id":73,"V":1,"NV":0,"TB":0},{"Id":77,"V":1,"NV":0,"TB":0},{"Id":81,"V":1,"NV":0,"TB":0},{"Id":84,"V":1,"NV":0,"TB":0},{"Id":85,"V":0,"NV":0,"TB":0},{"Id":74,"V":0,"NV":0,"TB":2}],[{"Id":79,"V":6,"NV":0,"TB":0},{"Id":66,"V":5,"NV":0,"TB":0},{"Id":68,"V":4,"NV":0,"TB":0},{"Id":78,"V":4,"NV":0,"TB":0},{"Id":65,"V":2,"NV":0,"TB":0},{"Id":69,"V":2,"NV":0,"TB":0},{"Id":70,"V":2,"NV":0,"TB":0},{"Id":71,"V":2,"NV":0,"TB":0},{"Id":76,"V":2,"NV":0,"TB":0},{"Id":80,"V":2,"NV":0,"TB":0},{"Id":67,"V":1,"NV":0,"TB":0},{"Id":73,"V":1,"NV":0,"TB":0},{"Id":77,"V":1,"NV":0,"TB":0},{"Id":81,"V":1,"NV":0,"TB":0},{"Id":84,"V":1,"NV":0,"TB":0},{"Id":85,"V":0,"NV":0,"TB":0}],[{"Id":79,"V":6,"NV":0,"TB":0},{"Id":66,"V":5,"NV":0,"TB":0},{"Id":68,"V":4,"NV":0,"TB":0},{"Id":78,"V":4,"NV":0,"TB":0},{"Id":65,"V":2,"NV":0,"TB":0},{"Id":69,"V":2,"NV":0,"TB":0},{"Id":70,"V":2,"NV":0,"TB":0},{"Id":71,"V":2,"NV":0,"TB":0},{"Id":76,"V":2,"NV":0,"TB":0},{"Id":80,"V":2,"NV":0,"TB":0},{"Id":67,"V":1,"NV":0,"TB":0},{"Id":73,"V":1,"NV":0,"TB":0},{"Id":77,"V":1,"NV":0,"TB":0},{"Id":81,"V":1,"NV":0,"TB":0},{"Id":84,"V":1,"NV":0,"TB":1}],[{"Id":79,"V":6,"NV":0,"TB":0},{"Id":66,"V":5,"NV":0,"TB":0},{"Id":68,"V":4,"NV":0,"TB":0},{"Id":78,"V":4,"NV":0,"TB":0},{"Id":65,"V":2,"NV":0,"TB":0},{"Id":69,"V":2,"NV":0,"TB":0},{"Id":70,"V":2,"NV":0,"TB":0},{"Id":71,"V":2,"NV":0,"TB":0},{"Id":73,"V":2,"NV":1,"TB":0},{"Id":76,"V":2,"NV":0,"TB":0},{"Id":80,"V":2,"NV":0,"TB":0},{"Id":77,"V":1,"NV":0,"TB":0},{"Id":81,"V":1,"NV":0,"TB":0},{"Id":67,"V":1,"NV":0,"TB":3}],[{"Id":79,"V":6,"NV":0,"TB":0},{"Id":66,"V":5,"NV":0,"TB":0},{"Id":68,"V":4,"NV":0,"TB":0},{"Id":78,"V":4,"NV":0,"TB":0},{"Id":65,"V":2,"NV":0,"TB":0},{"Id":69,"V":2,"NV":0,"TB":0},{"Id":70,"V":2,"NV":0,"TB":0},{"Id":71,"V":2,"NV":0,"TB":0},{"Id":73,"V":2,"NV":0,"TB":0},{"Id":76,"V":2,"NV":0,"TB":0},{"Id":77,"V":2,"NV":1,"TB":0},{"Id":80,"V":2,"NV":0,"TB":0},{"Id":81,"V":1,"NV":0,"TB":0}],[{"Id":79,"V":6,"NV":0,"TB":0},{"Id":66,"V":5,"NV":0,"TB":0},{"Id":68,"V":5,"NV":1,"TB":0},{"Id":78,"V":4,"NV":0,"TB":0},{"Id":65,"V":2,"NV":0,"TB":0},{"Id":70,"V":2,"NV":0,"TB":0},{"Id":71,"V":2,"NV":0,"TB":0},{"Id":73,"V":2,"NV":0,"TB":0},{"Id":76,"V":2,"NV":0,"TB":0},{"Id":77,"V":2,"NV":0,"TB":0},{"Id":80,"V":2,"NV":0,"TB":0},{"Id":69,"V":2,"NV":0,"TB":7}],[{"Id":66,"V":6,"NV":1,"TB":0},{"Id":68,"V":6,"NV":1,"TB":0},{"Id":79,"V":6,"NV":0,"TB":0},{"Id":78,"V":4,"NV":0,"TB":0},{"Id":65,"V":2,"NV":0,"TB":0},{"Id":70,"V":2,"NV":0,"TB":0},{"Id":71,"V":2,"NV":0,"TB":0},{"Id":73,"V":2,"NV":0,"TB":0},{"Id":76,"V":2,"NV":0,"TB":0},{"Id":80,"V":2,"NV":0,"TB":0},{"Id":77,"V":2,"NV":0,"TB":2}],[{"Id":66,"V":7,"NV":1,"TB":0},{"Id":68,"V":6,"NV":0,"TB":0},{"Id":79,"V":6,"NV":0,"TB":0},{"Id":78,"V":4,"NV":0,"TB":0},{"Id":76,"V":3,"NV":1,"TB":0},{"Id":65,"V":2,"NV":0,"TB":0},{"Id":70,"V":2,"NV":0,"TB":0},{"Id":71,"V":2,"NV":0,"TB":0},{"Id":73,"V":2,"NV":0,"TB":0},{"Id":80,"V":2,"NV":0,"TB":1}],[{"Id":66,"V":7,"NV":0,"TB":0},{"Id":68,"V":6,"NV":0,"TB":0},{"Id":79,"V":6,"NV":0,"TB":0},{"Id":78,"V":4,"NV":0,"TB":0},{"Id":65,"V":3,"NV":1,"TB":0},{"Id":76,"V":3,"NV":0,"TB":0},{"Id":71,"V":2,"NV":0,"TB":0},{"Id":73,"V":2,"NV":0,"TB":0},{"Id":70,"V":2,"NV":0,"TB":3}],[{"Id":66,"V":7,"NV":0,"TB":0},{"Id":68,"V":6,"NV":0,"TB":0},{"Id":79,"V":6,"NV":0,"TB":0},{"Id":76,"V":4,"NV":1,"TB":0},{"Id":78,"V":4,"NV":0,"TB":0},{"Id":65,"V":3,"NV":0,"TB":0},{"Id":71,"V":2,"NV":0,"TB":0},{"Id":73,"V":2,"NV":0,"TB":1}],[{"Id":66,"V":7,"NV":0,"TB":0},{"Id":68,"V":7,"NV":1,"TB":0},{"Id":79,"V":6,"NV":0,"TB":0},{"Id":76,"V":4,"NV":0,"TB":0},{"Id":78,"V":4,"NV":0,"TB":0},{"Id":65,"V":3,"NV":0,"TB":0},{"Id":71,"V":2,"NV":0,"TB":0}],[{"Id":68,"V":9,"NV":2,"TB":0},{"Id":66,"V":7,"NV":0,"TB":0},{"Id":79,"V":6,"NV":0,"TB":0},{"Id":76,"V":4,"NV":0,"TB":0},{"Id":78,"V":4,"NV":0,"TB":0},{"Id":65,"V":3,"NV":0,"TB":0}],[{"Id":68,"V":10,"NV":1,"TB":0},{"Id":66,"V":9,"NV":2,"TB":0},{"Id":79,"V":6,"NV":0,"TB":0},{"Id":76,"V":4,"NV":0,"TB":0},{"Id":78,"V":4,"NV":0,"TB":1}],[{"Id":68,"V":11,"NV":1,"TB":0},{"Id":66,"V":9,"NV":0,"TB":0},{"Id":79,"V":6,"NV":0,"TB":0},{"Id":76,"V":4,"NV":0,"TB":0}],[{"Id":68,"V":12,"NV":1,"TB":0},{"Id":66,"V":9,"NV":0,"TB":0},{"Id":79,"V":7,"NV":1,"TB":0}],[{"Id":68,"V":13,"NV":1,"TB":0},{"Id":66,"V":11,"NV":2,"TB":0}],[{"Id":68,"V":17,"NV":4,"TB":0}]],"Expires":1572834335,"SecondsLeft":0}