{"Mtype":"results","Title":"Round 5","PollStarted":"2019-01-21T00:13:54.252401293Z","PollDuration":600000000000,"Options":{"65":"Half Kind Returns: an updated look of the main character from the pre-Twokinds Comic","66":"Zen and Raine riding two up on a motorcycle, cruising on a scenic road.","67":"Raine, Sam, and Ember gossip over a book club meeting brunch about their favorite novels.","68":"Luchador Adelaide supplexing a mask.","69":"In an alternate timeline, Trace and Clovis meet each other in youth and become partners in nefarious evildoing.","70":"Raine and Roselyn enjoying family bonding time at a festival.","71":"Trace dressed up as Joker from Persona 5","72":"Keith begrudgingly accepts that he’s the little spoon","73":"Flora is in control of Eric's ship and goes full on pirate queen, with Kat as a befuddled first mate. Avast!","74":"Kat drawn as Eevee and Flora drawn as Pikachu from Let's Go Pokemon","75":"Trace has the high ground","76":"(Young) Natani being caught as a girl and / or dealing with the person that caught her.","77":"Gender swapped date night.","78":"King Adelaide and Red/data base error talking about their first names.","79":"Eric joins the rest of the cast on the Isles of Aphrodisiac","80":"Trace transforming Mary into a Wolf (Redraw)","81":"A support group meeting for those who have been transformed by Nora."},"ExpectedBallots":120,"CountedBallots":119,"Ballots":["BDC","EPFOMCHDIANLQKGJB","EFPAI","LIFHDGNQJBM","HM","MQAH","","QIE","PCNAIDJ","KAEPOLGFBCNMDHJIQ","AQNICBHOFL","AQLFGHIMP","FNDQPEL","MHLOQP","KQEMA","NAD","CADPMEFNQL","HOPDQNICEFKMBLAJG","M","JACEG","PQMEHIOGFLCADKBJN","HM","QLMEOPIHFJBKNCAGD","QLCAPJNKHDOEG","QMCLPNH","IJ","AKMIQ","FPLMEJ","QAOLEHNBIFMPKDCJG","OMFELJP","HMQ","JD","POFAIE","FQKIDPEN","QDFN","CPEFKALBDNQIJG","QMIOP","EIPK","CPFINJQK","PFQE","F","CAMPFELQGOKJIBNHD","QCHKPNDEJFIGLABMO","ECDFPBHILNAOQ","JEMFPHDKABQN","APJCQLGNKFHOBMIED","JIO","JPMQEIGK","FPC","FCIPQBLE","PMOQ","CPALQFINEBMOJ","FQE","EHPQND","IJDFHCEN","KJGEQ","ICEBQFD","E","FNQCEHPDJ","HLDN","MHLBIFKNAQPDEJCOG","AKNQO","DB","CFPADB","CBFK","CDHOIFQ","FP","CEHDNQ","CFBIAQJLEKGP","OQM","LQPMHONEBIJDKCAGF","PCBFMQLA","AEFNPC","","QAJ","GM","IO","QHL","APFCBJIDMGQLONHEK","GPIMJKL","PDGQLFOM","ANQ","DB","LMPQJK","LQOEDH","KC","KMLAI","FMACHLPNIJ","PF","AQ","DCEIKJPFOH","FLQDJGCEHINMPOB","PQM","AQ","CBQHL","QMP","ADQPN","LQEH","IQE","AFL","POMEHQJAI","NADE","MAPBIJLF","PEMDFCNKIAH","J","FEA","KPJBQ","ANKQ","KAMQDEP","CDANQ","OPELAQMDFCIJNGH","QA","BIN","LQOEDH","FEC","NQFPEAL","FEC","CQDL","MA"],"Placements":[[{"Id":70,"V":14,"NV":14,"TB":0},{"Id":65,"V":13,"NV":13,"TB":0},{"Id":67,"V":13,"NV":13,"TB":0},{"Id":81,"V":12,"NV":12,"TB":0},{"Id":80,"V":11,"NV":11,"TB":0},{"Id":75,"V":7,"NV":7,"TB":0},{"Id":69,"V":6,"NV":6,"TB":0},{"Id":74,"V":6,"NV":6,"TB":0},{"Id":76,"V":6,"NV":6,"TB":0},{"Id":77,"V":6,"NV":6,"TB":0},{"Id":72,"V":5,"NV":5,"TB":0},{"Id":73,"V":5,"NV":5,"TB":0},{"Id":68,"V":3,"NV":3,"TB":0},{"Id":78,"V":3,"NV":3,"TB":0},{"Id":79,"V":3,"NV":3,"TB":0},{"Id":66,"V":2,"NV":2,"TB":0},{"Id":71,"V":2,"NV":2,"TB":1}],[{"Id":70,"V":14,"NV":0,"TB":0},{"Id":65,"V":13,"NV":0,"TB":0},{"Id":67,"V":13,"NV":0,"TB":0},{"Id":80,"V":12,"NV":1,"TB":0},{"Id":81,"V":12,"NV":0,"TB":0},{"Id":75,"V":7,"NV":0,"TB":0},{"Id":77,"V":7,"NV":1,"TB":0},{"Id":69,"V":6,"NV":0,"TB":0},{"Id":74,"V":6,"NV":0,"TB":0},{"Id":76,"V":6,"NV":0,"TB":0},{"Id":72,"V":5,"NV":0,"TB":0},{"Id":73,"V":5,"NV":0,"TB":0},{"Id":68,"V":3,"NV":0,"TB":0},{"Id":78,"V":3,"NV":0,"TB":0},{"Id":79,"V":3,"NV":0,"TB":0},{"Id":66,"V":2,"NV":0,"TB":0}],[{"Id":70,"V":14,"NV":0,"TB":0},{"Id":65,"V":13,"NV":0,"TB":0},{"Id":67,"V":13,"NV":0,"TB":0},{"Id":80,"V":12,"NV":0,"TB":0},{"Id":81,"V":12,"NV":0,"TB":0},{"Id":75,"V":7,"NV":0,"TB":0},{"Id":77,"V":7,"NV":0,"TB":0},{"Id":69,"V":6,"NV":0,"TB":0},{"Id":73,"V":6,"NV":1,"TB":0},{"Id":74,"V":6,"NV":0,"TB":0},{"Id":76,"V":6,"NV":0,"TB":0},{"Id":72,"V":5,"NV":0,"TB":0},{"Id":68,"V":4,"NV":1,"TB":0},{"Id":78,"V":3,"NV":0,"TB":0},{"Id":79,"V":3,"NV":0,"TB":1}],[{"Id":70,"V":14,"NV":0,"TB":0},{"Id":65,"V":13,"NV":0,"TB":0},{"Id":67,"V":13,"NV":0,"TB":0},{"Id":80,"V":13,"NV":1,"TB":0},{"Id":81,"V":13,"NV":1,"TB":0},{"Id":77,"V":8,"NV":1,"TB":0},{"Id":75,"V":7,"NV":0,"TB":0},{"Id":69,"V":6,"NV":0,"TB":0},{"Id":73,"V":6,"NV":0,"TB":0},{"Id":74,"V":6,"NV":0,"TB":0},{"Id":76,"V":6,"NV":0,"TB":0},{"Id":72,"V":5,"NV":0,"TB":0},{"Id":68,"V":4,"NV":0,"TB":0},{"Id":78,"V":3,"NV":0,"TB":0}],[{"Id":65,"V":15,"NV":2,"TB":0},{"Id":70,"V":14,"NV":0,"TB":0},{"Id":81,"V":14,"NV":1,"TB":0},{"Id":67,"V":13,"NV":0,"TB":0},{"Id":80,"V":13,"NV":0,"TB":0},{"Id":77,"V":8,"NV":0,"TB":0},{"Id":75,"V":7,"NV":0,"TB":0},{"Id":69,"V":6,"NV":0,"TB":0},{"Id":73,"V":6,"NV":0,"TB":0},{"Id":74,"V":6,"NV":0,"TB":0},{"Id":76,"V":6,"NV":0,"TB":0},{"Id":72,"V":5,"NV":0,"TB":0},{"Id":68,"V":4,"NV":0,"TB":0}],[{"Id":65,"V":15,"NV":0,"TB":0},{"Id":67,"V":15,"NV":2,"TB":0},{"Id":70,"V":14,"NV":0,"TB":0},{"Id":81,"V":14,"NV":0,"TB":0},{"Id":80,"V":13,"NV":0,"TB":0},{"Id":77,"V":8,"NV":0,"TB":0},{"Id":75,"V":7,"NV":0,"TB":0},{"Id":69,"V":6,"NV":0,"TB":0},{"Id":73,"V":6,"NV":0,"TB":0},{"Id":74,"V":6,"NV":0,"TB":0},{"Id":76,"V":6,"NV":0,"TB":0},{"Id":72,"V":5,"NV":0,"TB":0}],[{"Id":65,"V":15,"NV":0,"TB":0},{"Id":67,"V":15,"NV":0,"TB":0},{"Id":70,"V":14,"NV":0,"TB":0},{"Id":80,"V":14,"NV":1,"TB":0},{"Id":81,"V":14,"NV":0,"TB":0},{"Id":77,"V":11,"NV":3,"TB":0},{"Id":75,"V":7,"NV":0,"TB":0},{"Id":76,"V":7,"NV":1,"TB":0},{"Id":69,"V":6,"NV":0,"TB":0},{"Id":73,"V":6,"NV":0,"TB":0},{"Id":74,"V":6,"NV":0,"TB":1}],[{"Id":65,"V":16,"NV":1,"TB":0},{"Id":67,"V":15,"NV":0,"TB":0},{"Id":80,"V":15,"NV":1,"TB":0},{"Id":70,"V":14,"NV":0,"TB":0},{"Id":81,"V":14,"NV":0,"TB":0},{"Id":77,"V":11,"NV":0,"TB":0},{"Id":69,"V":7,"NV":1,"TB":0},{"Id":75,"V":7,"NV":0,"TB":0},{"Id":76,"V":7,"NV":0,"TB":0},{"Id":73,"V":7,"NV":1,"TB":3}],[{"Id":65,"V":16,"NV":0,"TB":0},{"Id":67,"V":16,"NV":1,"TB":0},{"Id":70,"V":15,"NV":1,"TB":0},{"Id":80,"V":15,"NV":0,"TB":0},{"Id":81,"V":15,"NV":1,"TB":0},{"Id":77,"V":11,"NV":0,"TB":0},{"Id":69,"V":7,"NV":0,"TB":0},{"Id":76,"V":7,"NV":0,"TB":0},{"Id":75,"V":7,"NV":0,"TB":2}],[{"Id":65,"V":18,"NV":2,"TB":0},{"Id":67,"V":17,"NV":1,"TB":0},{"Id":80,"V":16,"NV":1,"TB":0},{"Id":81,"V":16,"NV":1,"TB":0},{"Id":70,"V":15,"NV":0,"TB":0},{"Id":77,"V":12,"NV":1,"TB":0},{"Id":69,"V":8,"NV":1,"TB":0},{"Id":76,"V":7,"NV":0,"TB":0}],[{"Id":81,"V":20,"NV":4,"TB":0},{"Id":65,"V":18,"NV":0,"TB":0},{"Id":67,"V":17,"NV":0,"TB":0},{"Id":70,"V":16,"NV":1,"TB":0},{"Id":80,"V":16,"NV":0,"TB":0},{"Id":77,"V":13,"NV":1,"TB":0},{"Id":69,"V":8,"NV":0,"TB":0}],[{"Id":81,"V":21,"NV":1,"TB":0},{"Id":80,"V":19,"NV":3,"TB":0},{"Id":65,"V":18,"NV":0,"TB":0},{"Id":67,"V":18,"NV":1,"TB":0},{"Id":70,"V":17,"NV":1,"TB":0},{"Id":77,"V":14,"NV":1,"TB":0}],[{"Id":81,"V":24,"NV":3,"TB":0},{"Id":65,"V":21,"NV":3,"TB":0},{"Id":70,"V":20,"NV":3,"TB":0},{"Id":80,"V":20,"NV":1,"TB":0},{"Id":67,"V":18,"NV":0,"TB":0}],[{"Id":81,"V":28,"NV":4,"TB":0},{"Id":70,"V":25,"NV":5,"TB":0},{"Id":65,"V":24,"NV":3,"TB":0},{"Id":80,"V":24,"NV":4,"TB":1}],[{"Id":81,"V":38,"NV":10,"TB":0},{"Id":70,"V":34,"NV":9,"TB":0},{"Id":65,"V":27,"NV":3,"TB":0}],[{"Id":81,"V":52,"NV":14,"TB":0},{"Id":70,"V":41,"NV":7,"TB":0}],[{"Id":81,"V":73,"NV":21,"TB":0}]],"Expires":1548030843,"SecondsLeft":0}