{"Mtype":"results","Title":"Round 5R","PollStarted":"2019-02-04T01:17:02.95427529Z","PollDuration":300000000000,"Options":{"65":"A confused Brutus walks in on Clovis getting out of the bath","66":"Mike's a lucky fox this valentines day, thanks to Nora working her magic on Evalyn","67":"Karen introduces Maddie to Magpie. Maddie is critical at the sight of such an unorthodox Basitin.","68":"Flora gives Trace a traditional tiger gift for Valentine's Day","69":"Tribal themes, like dances art or anything Keidran","70":"Trace reveals his transcendent magic potential. Lady Nora is impressed, he is not just eye candy anymore.","71":"Pokemon Keidran","72":"Trace cursing Mary into Wolf Keidran form (Comic Page/Panel Redux)","73":"Flora gets a death metal singing lesson from Retsuko","74":"Body swap - Flora in Trace's body playing with the baby, to Trace's discomfort in Flora's body","75":"Maren discovers magic and is drunk with power","76":"WWII Pinup Fem-Clovis as a German General","77":"Natani tries to teach Flora how to use magic, and it goes comically wrong, To Trace's dismay!","78":"Vixen Keith aftermath: Natani starts getting flirty with Keith","79":"Raine, Sam, and Ember gossip over a book club meeting brunch about their favorite novels.","80":"Mike and the bunny-girl on a romantic walk through her village. She seems to be falling for his awkward charm.","81":"Alaric in a classic female pin-up position."},"ExpectedBallots":126,"CountedBallots":126,"Ballots":["OIAB","LHCKABQ","PFNE","FNMPHDJKGOEIABCLQ","PBOLDNCJAKFEQ","PBA","POBDKCGH","APBF","NJPBMALGE","O","GIMKEQ","ILBANPDCEO","K","BNAPQH","QADJNOCFLIPHBKMEG","ABQPHMNECKJ","HF","","PQBIN","OLQFEHNKDCBIPMJGA","MHNBPDCKJEF","MKAQDFLBHO","IG","HLANCKFD","HLBI","KNAMBPHJFCDOQLEGI","NLMQFBPDK","MFNPJOBCKQDI","ABJL","APCK","ADNIHL","D","LAJBNEMIOQGKPFDCH","NJBHDEA","LHAIDF","ANMQB","HQDGMPJNACKLBIEFO","DAM","IEMNP","JPLI","DPEAMBJFNHQIGLOCK","JG","BNLAHFMC","OIMHPCDKQE","OHFLKNAPQCBID","OHKFB","AKBHOEMNP","GILNPDEBACHJQKMOF","NCPKM","IFDPMJ","BNPA","OCQFPJHN","CQ","GKQJBOPLCMI","APCNQ","HLMNGJPFDBOAIKECQ","AB","GPONQHC","NPQLBKAHCDGE","JOLA","GJCMDKAFNHLIQOPEB","HBAPNMDOJQGCKFIEL","HEQLA","PA","H","OKQL","QPO","HNAML","GFHEK","N","IQOKP","L","MPNDFBCAJKOEIHQGL","QLJAPHOG","","JMHGNQ","DHOE","OHEB","OM","HDL","IPOCG","OHELNM","PE","NQAPL","QBHLMNE","N","NBCOGFMIJAKQPHDEL","HL","O","DJHOGB","LK","A","OM","MH","OHCF","MODNFLK","A","GJAMDBNFOCIPHL","KLNH","AFMPKJQ","LHE","FLG","FP","IGNQL","D","HIQ","LGKH","LKBEGN","DLI","LKQ","NL","L","LHDFN","CNEL","DPNGQAB","OFPMG","LAPH","KHCL","BNPEG","BNHJPMAEDCKOQGILF","JDLA","LE","HGDKLC","APBNHD","L","KOHBQNAPICLMF"],"Placements":[[{"Id":79,"V":15,"NV":15,"TB":0},{"Id":76,"V":14,"NV":14,"TB":0},{"Id":65,"V":13,"NV":13,"TB":0},{"Id":72,"V":13,"NV":13,"TB":0},{"Id":78,"V":10,"NV":10,"TB":0},{"Id":68,"V":8,"NV":8,"TB":0},{"Id":71,"V":7,"NV":7,"TB":0},{"Id":73,"V":7,"NV":7,"TB":0},{"Id":80,"V":7,"NV":7,"TB":0},{"Id":77,"V":6,"NV":6,"TB":0},{"Id":66,"V":5,"NV":5,"TB":0},{"Id":74,"V":5,"NV":5,"TB":0},{"Id":75,"V":5,"NV":5,"TB":0},{"Id":81,"V":4,"NV":4,"TB":0},{"Id":70,"V":3,"NV":3,"TB":0},{"Id":67,"V":2,"NV":2,"TB":0},{"Id":69,"V":0,"NV":0,"TB":0}],[{"Id":79,"V":15,"NV":0,"TB":0},{"Id":76,"V":14,"NV":0,"TB":0},{"Id":65,"V":13,"NV":0,"TB":0},{"Id":72,"V":13,"NV":0,"TB":0},{"Id":78,"V":10,"NV":0,"TB":0},{"Id":68,"V":8,"NV":0,"TB":0},{"Id":71,"V":7,"NV":0,"TB":0},{"Id":73,"V":7,"NV":0,"TB":0},{"Id":80,"V":7,"NV":0,"TB":0},{"Id":77,"V":6,"NV":0,"TB":0},{"Id":66,"V":5,"NV":0,"TB":0},{"Id":74,"V":5,"NV":0,"TB":0},{"Id":75,"V":5,"NV":0,"TB":0},{"Id":81,"V":4,"NV":0,"TB":0},{"Id":70,"V":3,"NV":0,"TB":0},{"Id":67,"V":2,"NV":0,"TB":0}],[{"Id":79,"V":15,"NV":0,"TB":0},{"Id":76,"V":14,"NV":0,"TB":0},{"Id":65,"V":13,"NV":0,"TB":0},{"Id":72,"V":13,"NV":0,"TB":0},{"Id":78,"V":11,"NV":1,"TB":0},{"Id":68,"V":8,"NV":0,"TB":0},{"Id":71,"V":7,"NV":0,"TB":0},{"Id":73,"V":7,"NV":0,"TB":0},{"Id":80,"V":7,"NV":0,"TB":0},{"Id":77,"V":6,"NV":0,"TB":0},{"Id":66,"V":5,"NV":0,"TB":0},{"Id":74,"V":5,"NV":0,"TB":0},{"Id":75,"V":5,"NV":0,"TB":0},{"Id":81,"V":5,"NV":1,"TB":0},{"Id":70,"V":3,"NV":0,"TB":0}],[{"Id":76,"V":15,"NV":1,"TB":0},{"Id":79,"V":15,"NV":0,"TB":0},{"Id":65,"V":13,"NV":0,"TB":0},{"Id":72,"V":13,"NV":0,"TB":0},{"Id":78,"V":12,"NV":1,"TB":0},{"Id":68,"V":8,"NV":0,"TB":0},{"Id":80,"V":8,"NV":1,"TB":0},{"Id":71,"V":7,"NV":0,"TB":0},{"Id":73,"V":7,"NV":0,"TB":0},{"Id":77,"V":6,"NV":0,"TB":0},{"Id":66,"V":5,"NV":0,"TB":0},{"Id":75,"V":5,"NV":0,"TB":0},{"Id":81,"V":5,"NV":0,"TB":0},{"Id":74,"V":5,"NV":0,"TB":3}],[{"Id":79,"V":16,"NV":1,"TB":0},{"Id":76,"V":15,"NV":0,"TB":0},{"Id":65,"V":13,"NV":0,"TB":0},{"Id":72,"V":13,"NV":0,"TB":0},{"Id":78,"V":12,"NV":0,"TB":0},{"Id":68,"V":9,"NV":1,"TB":0},{"Id":80,"V":9,"NV":1,"TB":0},{"Id":71,"V":8,"NV":1,"TB":0},{"Id":73,"V":7,"NV":0,"TB":0},{"Id":77,"V":7,"NV":1,"TB":0},{"Id":66,"V":5,"NV":0,"TB":0},{"Id":81,"V":5,"NV":0,"TB":0},{"Id":75,"V":5,"NV":0,"TB":2}],[{"Id":79,"V":17,"NV":1,"TB":0},{"Id":76,"V":16,"NV":1,"TB":0},{"Id":72,"V":14,"NV":1,"TB":0},{"Id":65,"V":13,"NV":0,"TB":0},{"Id":78,"V":13,"NV":1,"TB":0},{"Id":68,"V":9,"NV":0,"TB":0},{"Id":80,"V":9,"NV":0,"TB":0},{"Id":71,"V":8,"NV":0,"TB":0},{"Id":73,"V":7,"NV":0,"TB":0},{"Id":77,"V":7,"NV":0,"TB":0},{"Id":66,"V":5,"NV":0,"TB":0},{"Id":81,"V":5,"NV":0,"TB":1}],[{"Id":76,"V":17,"NV":1,"TB":0},{"Id":79,"V":17,"NV":0,"TB":0},{"Id":65,"V":14,"NV":1,"TB":0},{"Id":72,"V":14,"NV":0,"TB":0},{"Id":78,"V":13,"NV":0,"TB":0},{"Id":80,"V":10,"NV":1,"TB":0},{"Id":68,"V":9,"NV":0,"TB":0},{"Id":71,"V":8,"NV":0,"TB":0},{"Id":73,"V":7,"NV":0,"TB":0},{"Id":77,"V":7,"NV":0,"TB":0},{"Id":66,"V":6,"NV":1,"TB":0}],[{"Id":78,"V":18,"NV":5,"TB":0},{"Id":76,"V":17,"NV":0,"TB":0},{"Id":79,"V":17,"NV":0,"TB":0},{"Id":72,"V":15,"NV":1,"TB":0},{"Id":65,"V":14,"NV":0,"TB":0},{"Id":80,"V":10,"NV":0,"TB":0},{"Id":68,"V":9,"NV":0,"TB":0},{"Id":71,"V":8,"NV":0,"TB":0},{"Id":73,"V":7,"NV":0,"TB":0},{"Id":77,"V":7,"NV":0,"TB":1}],[{"Id":78,"V":19,"NV":1,"TB":0},{"Id":72,"V":18,"NV":3,"TB":0},{"Id":79,"V":18,"NV":1,"TB":0},{"Id":76,"V":17,"NV":0,"TB":0},{"Id":65,"V":15,"NV":1,"TB":0},{"Id":80,"V":11,"NV":1,"TB":0},{"Id":68,"V":9,"NV":0,"TB":0},{"Id":71,"V":8,"NV":0,"TB":0},{"Id":73,"V":7,"NV":0,"TB":0}],[{"Id":78,"V":20,"NV":1,"TB":0},{"Id":79,"V":19,"NV":1,"TB":0},{"Id":72,"V":18,"NV":0,"TB":0},{"Id":76,"V":18,"NV":1,"TB":0},{"Id":65,"V":15,"NV":0,"TB":0},{"Id":80,"V":12,"NV":1,"TB":0},{"Id":71,"V":10,"NV":2,"TB":0},{"Id":68,"V":10,"NV":1,"TB":2}],[{"Id":72,"V":20,"NV":2,"TB":0},{"Id":76,"V":20,"NV":2,"TB":0},{"Id":78,"V":20,"NV":0,"TB":0},{"Id":79,"V":19,"NV":0,"TB":0},{"Id":65,"V":16,"NV":1,"TB":0},{"Id":80,"V":15,"NV":3,"TB":0},{"Id":71,"V":10,"NV":0,"TB":0}],[{"Id":72,"V":21,"NV":1,"TB":0},{"Id":76,"V":21,"NV":1,"TB":0},{"Id":78,"V":21,"NV":1,"TB":0},{"Id":79,"V":20,"NV":1,"TB":0},{"Id":65,"V":18,"NV":2,"TB":0},{"Id":80,"V":16,"NV":1,"TB":0}],[{"Id":78,"V":25,"NV":4,"TB":0},{"Id":79,"V":25,"NV":5,"TB":0},{"Id":76,"V":22,"NV":1,"TB":0},{"Id":72,"V":21,"NV":0,"TB":0},{"Id":65,"V":21,"NV":3,"TB":2}],[{"Id":78,"V":33,"NV":8,"TB":0},{"Id":79,"V":25,"NV":0,"TB":0},{"Id":76,"V":24,"NV":2,"TB":0},{"Id":72,"V":23,"NV":2,"TB":0}],[{"Id":78,"V":39,"NV":6,"TB":0},{"Id":76,"V":33,"NV":9,"TB":0},{"Id":79,"V":28,"NV":3,"TB":0}],[{"Id":78,"V":44,"NV":5,"TB":0},{"Id":76,"V":40,"NV":7,"TB":0}],[{"Id":78,"V":57,"NV":13,"TB":0}]],"Expires":1549243623,"SecondsLeft":0}