{"Mtype":"results","Title":"Round 7","PollStarted":"2019-01-07T00:41:14.45319375Z","PollDuration":300000000000,"Options":{"65":"Kat tries out the stern housekeeper look as Rose’s assistant","66":"Keith in Natani's body can't help but get a look at himself in the mirror. Natani walks in and doesn't approve","67":"Roselyn and Raine family bonding time at a summer festival.","68":"Fem-Mike pole dancing","69":"Euchre, Mary, Raine and Roselyn ring in the new year as a family.","70":"We have many types of mammal characters and we have seen a reptile. Let's see a bird character!","71":"Keith naked with a gift box on his crotch beckoning Natani to come unwrap her present.","72":"Unexpected sexual tension manifests when older Karen runs into older Madelyn in the hot spring.","73":"Magical Girl Trace, trace as an anime magic girl!","74":"Gender-swapped Karen and Maren","75":"Mike and Evals both share a passionate New Years Kiss","76":"Nibbly meets the barn yard animals who used to be human.","77":"Keith begrudgingly accepts that he’s the little spoon","78":"Twokinds Puppet Theatre","79":"Maddie meeting Adira","80":"Natani hugs a very tiny and angry shrunken Keith (darn those magical mishaps!)","81":"Reni joins Raine and Ember's book club, shares some sketchy-looking magical books","82":"(Young) Natani being caught as a girl and / or dealing with the person that caught her."},"ExpectedBallots":122,"CountedBallots":122,"Ballots":["QOH","MBPHFQAJCGODRELNKI","JORBDHK","PCEDQKAIM","AI","PBGADJRMFLIKCQN","RLAPMDH","IDBLPJMFQ","CEMN","A","J","R","NFRQKIEDAOLJ","KBDPHGMRL","QCF","QRGEPMJACLBODIHKFN","BHRG","QIOKBJG","AQH","DKJHQBCF","BH","MABPRQLCEKHINJDOFG","ILJ","","HAIQBRGLCMPOEFDNJK","GB","DBHGCAIRPM","NPOMBILAGF","MF","EQCRLBJAHOMNFP","NF","KDJRCHIBAEL","BPJDK","FH","CEOA","I","EDFC","GHKBIQR","QAENCODRFLJPH","GDFB","CEFL","CED","BEIJN","ICEHNGKAMJFDQPLBOR","HPDJBMROFIKEACNLQG","AF","LQIGFDHAJKPOMCNRBE","QKELBJAD","OCEG","OHQ","FAGBHOLRDN","GOMHK","A","GPBMR","DIAHMNQGPLRJEFOBCK","BHFJPDRQALNCMOIKGE","ECQFROD","OQCE","P","BPHD","OHMBRFAG","ENPBJIMLQF","AJMN","HOGFQBCRJMDLIKPANE","HBGKCMQEJL","OCN","AOCL","AD","BRMPAOGCHLJIEKDQNF","IN","OHRKA","BRPMGD","QMHGC","LRNQE","AMHDGQLJR","AD","IELN","ANHJFDROBPGMIQLECK","KODINHE","DKFO","AD","QCEALNKJ","ROGMPBEHCLAQJDIKNF","BPRDHJKEOIQN","ROHJ","QJEPCO","CA","QPNLOR","QMHGC","LHGBOIPRA","PQOCLFAERMNBIDJHGK","IN","MRQKFJANB","AD","RPBDMG","CEOA","KDJIERAHLB","","AD","FAIHL","E","APDNRC","EACQ","AD","MFB","BQ","","OIN","JFQPIRKLMNGBECDHOA","IJOHF","NIJ","QBEFP","PDB","QIN","DPBK","CQE","LA","EARCOH","EKJPDC","AMJDIEO","KDGMB","H"],"Placements":[[{"Id":65,"V":17,"NV":17,"TB":0},{"Id":81,"V":13,"NV":13,"TB":0},{"Id":66,"V":10,"NV":10,"TB":0},{"Id":69,"V":8,"NV":8,"TB":0},{"Id":73,"V":8,"NV":8,"TB":0},{"Id":67,"V":7,"NV":7,"TB":0},{"Id":79,"V":7,"NV":7,"TB":0},{"Id":68,"V":5,"NV":5,"TB":0},{"Id":71,"V":5,"NV":5,"TB":0},{"Id":72,"V":5,"NV":5,"TB":0},{"Id":75,"V":5,"NV":5,"TB":0},{"Id":77,"V":5,"NV":5,"TB":0},{"Id":80,"V":5,"NV":5,"TB":0},{"Id":82,"V":5,"NV":5,"TB":0},{"Id":76,"V":4,"NV":4,"TB":0},{"Id":78,"V":4,"NV":4,"TB":0},{"Id":74,"V":3,"NV":3,"TB":0},{"Id":70,"V":3,"NV":3,"TB":2}],[{"Id":65,"V":19,"NV":2,"TB":0},{"Id":81,"V":13,"NV":0,"TB":0},{"Id":66,"V":10,"NV":0,"TB":0},{"Id":69,"V":8,"NV":0,"TB":0},{"Id":73,"V":8,"NV":0,"TB":0},{"Id":67,"V":7,"NV":0,"TB":0},{"Id":79,"V":7,"NV":0,"TB":0},{"Id":72,"V":6,"NV":1,"TB":0},{"Id":68,"V":5,"NV":0,"TB":0},{"Id":71,"V":5,"NV":0,"TB":0},{"Id":75,"V":5,"NV":0,"TB":0},{"Id":77,"V":5,"NV":0,"TB":0},{"Id":80,"V":5,"NV":0,"TB":0},{"Id":82,"V":5,"NV":0,"TB":0},{"Id":76,"V":4,"NV":0,"TB":0},{"Id":78,"V":4,"NV":0,"TB":0},{"Id":74,"V":3,"NV":0,"TB":0}],[{"Id":65,"V":19,"NV":0,"TB":0},{"Id":81,"V":14,"NV":1,"TB":0},{"Id":66,"V":10,"NV":0,"TB":0},{"Id":69,"V":8,"NV":0,"TB":0},{"Id":73,"V":8,"NV":0,"TB":0},{"Id":79,"V":8,"NV":1,"TB":0},{"Id":67,"V":7,"NV":0,"TB":0},{"Id":72,"V":6,"NV":0,"TB":0},{"Id":68,"V":5,"NV":0,"TB":0},{"Id":71,"V":5,"NV":0,"TB":0},{"Id":75,"V":5,"NV":0,"TB":0},{"Id":77,"V":5,"NV":0,"TB":0},{"Id":80,"V":5,"NV":0,"TB":0},{"Id":82,"V":5,"NV":0,"TB":0},{"Id":76,"V":4,"NV":0,"TB":0},{"Id":78,"V":4,"NV":0,"TB":1}],[{"Id":65,"V":19,"NV":0,"TB":0},{"Id":81,"V":14,"NV":0,"TB":0},{"Id":66,"V":10,"NV":0,"TB":0},{"Id":73,"V":9,"NV":1,"TB":0},{"Id":69,"V":8,"NV":0,"TB":0},{"Id":79,"V":8,"NV":0,"TB":0},{"Id":67,"V":7,"NV":0,"TB":0},{"Id":72,"V":6,"NV":0,"TB":0},{"Id":80,"V":6,"NV":1,"TB":0},{"Id":82,"V":6,"NV":1,"TB":0},{"Id":68,"V":5,"NV":0,"TB":0},{"Id":71,"V":5,"NV":0,"TB":0},{"Id":75,"V":5,"NV":0,"TB":0},{"Id":77,"V":5,"NV":0,"TB":0},{"Id":76,"V":4,"NV":0,"TB":0}],[{"Id":65,"V":20,"NV":1,"TB":0},{"Id":81,"V":15,"NV":1,"TB":0},{"Id":66,"V":10,"NV":0,"TB":0},{"Id":73,"V":9,"NV":0,"TB":0},{"Id":69,"V":8,"NV":0,"TB":0},{"Id":79,"V":8,"NV":0,"TB":0},{"Id":67,"V":7,"NV":0,"TB":0},{"Id":72,"V":7,"NV":1,"TB":0},{"Id":82,"V":7,"NV":1,"TB":0},{"Id":80,"V":6,"NV":0,"TB":0},{"Id":68,"V":5,"NV":0,"TB":0},{"Id":71,"V":5,"NV":0,"TB":0},{"Id":77,"V":5,"NV":0,"TB":0},{"Id":75,"V":5,"NV":0,"TB":2}],[{"Id":65,"V":20,"NV":0,"TB":0},{"Id":81,"V":15,"NV":0,"TB":0},{"Id":66,"V":11,"NV":1,"TB":0},{"Id":73,"V":9,"NV":0,"TB":0},{"Id":79,"V":9,"NV":1,"TB":0},{"Id":68,"V":8,"NV":3,"TB":0},{"Id":69,"V":8,"NV":0,"TB":0},{"Id":67,"V":7,"NV":0,"TB":0},{"Id":72,"V":7,"NV":0,"TB":0},{"Id":82,"V":7,"NV":0,"TB":0},{"Id":80,"V":6,"NV":0,"TB":0},{"Id":71,"V":5,"NV":0,"TB":0},{"Id":77,"V":5,"NV":0,"TB":1}],[{"Id":65,"V":21,"NV":1,"TB":0},{"Id":81,"V":15,"NV":0,"TB":0},{"Id":66,"V":13,"NV":2,"TB":0},{"Id":73,"V":9,"NV":0,"TB":0},{"Id":79,"V":9,"NV":0,"TB":0},{"Id":68,"V":8,"NV":0,"TB":0},{"Id":69,"V":8,"NV":0,"TB":0},{"Id":82,"V":8,"NV":1,"TB":0},{"Id":67,"V":7,"NV":0,"TB":0},{"Id":72,"V":7,"NV":0,"TB":0},{"Id":80,"V":6,"NV":0,"TB":0},{"Id":71,"V":5,"NV":0,"TB":0}],[{"Id":65,"V":21,"NV":0,"TB":0},{"Id":81,"V":15,"NV":0,"TB":0},{"Id":66,"V":14,"NV":1,"TB":0},{"Id":79,"V":10,"NV":1,"TB":0},{"Id":68,"V":9,"NV":1,"TB":0},{"Id":73,"V":9,"NV":0,"TB":0},{"Id":69,"V":8,"NV":0,"TB":0},{"Id":72,"V":8,"NV":1,"TB":0},{"Id":82,"V":8,"NV":0,"TB":0},{"Id":80,"V":7,"NV":1,"TB":0},{"Id":67,"V":7,"NV":0,"TB":2}],[{"Id":65,"V":22,"NV":1,"TB":0},{"Id":81,"V":16,"NV":1,"TB":0},{"Id":66,"V":14,"NV":0,"TB":0},{"Id":69,"V":13,"NV":5,"TB":0},{"Id":79,"V":10,"NV":0,"TB":0},{"Id":68,"V":9,"NV":0,"TB":0},{"Id":73,"V":9,"NV":0,"TB":0},{"Id":72,"V":8,"NV":0,"TB":0},{"Id":82,"V":8,"NV":0,"TB":0},{"Id":80,"V":7,"NV":0,"TB":0}],[{"Id":65,"V":22,"NV":0,"TB":0},{"Id":81,"V":17,"NV":1,"TB":0},{"Id":66,"V":16,"NV":2,"TB":0},{"Id":69,"V":14,"NV":1,"TB":0},{"Id":79,"V":11,"NV":1,"TB":0},{"Id":68,"V":10,"NV":1,"TB":0},{"Id":73,"V":9,"NV":0,"TB":0},{"Id":72,"V":8,"NV":0,"TB":0},{"Id":82,"V":8,"NV":0,"TB":1}],[{"Id":65,"V":23,"NV":1,"TB":0},{"Id":81,"V":20,"NV":3,"TB":0},{"Id":66,"V":17,"NV":1,"TB":0},{"Id":69,"V":14,"NV":0,"TB":0},{"Id":79,"V":13,"NV":2,"TB":0},{"Id":68,"V":10,"NV":0,"TB":0},{"Id":73,"V":9,"NV":0,"TB":0},{"Id":72,"V":8,"NV":0,"TB":0}],[{"Id":65,"V":24,"NV":1,"TB":0},{"Id":66,"V":20,"NV":3,"TB":0},{"Id":81,"V":20,"NV":0,"TB":0},{"Id":69,"V":14,"NV":0,"TB":0},{"Id":79,"V":14,"NV":1,"TB":0},{"Id":68,"V":11,"NV":1,"TB":0},{"Id":73,"V":9,"NV":0,"TB":0}],[{"Id":65,"V":24,"NV":0,"TB":0},{"Id":66,"V":20,"NV":0,"TB":0},{"Id":81,"V":20,"NV":0,"TB":0},{"Id":69,"V":16,"NV":2,"TB":0},{"Id":79,"V":15,"NV":1,"TB":0},{"Id":68,"V":12,"NV":1,"TB":0}],[{"Id":66,"V":28,"NV":8,"TB":0},{"Id":65,"V":25,"NV":1,"TB":0},{"Id":81,"V":21,"NV":1,"TB":0},{"Id":69,"V":17,"NV":1,"TB":0},{"Id":79,"V":16,"NV":1,"TB":0}],[{"Id":66,"V":32,"NV":4,"TB":0},{"Id":65,"V":26,"NV":1,"TB":0},{"Id":81,"V":24,"NV":3,"TB":0},{"Id":69,"V":19,"NV":2,"TB":0}],[{"Id":66,"V":33,"NV":1,"TB":0},{"Id":65,"V":32,"NV":6,"TB":0},{"Id":81,"V":27,"NV":3,"TB":0}],[{"Id":66,"V":40,"NV":7,"TB":0},{"Id":65,"V":40,"NV":8,"TB":2}],[{"Id":66,"V":51,"NV":11,"TB":0}]],"Expires":1546822278,"SecondsLeft":0}