{"Mtype":"results","Title":"Round 1A","PollStarted":"2019-02-03T21:49:19.244231455Z","PollDuration":600000000000,"Options":{"65":"King Adelaide holding the head of the lizard golem, the rest of it around her ankles in rubble","66":"Male-Flora and Fem-Trace. An alternative universe, not a transformation.","67":"Some young Basitins sneak into a cave off the coast, and one is dared to poke a certain sleeping dragon with a stick.","68":"What if: Sealeen \u0026 Lynn Family portrait","69":"Keith begrudgingly accepts he’s the little spoon","70":"How exactly did Red get kicked out of the Templar College?","71":"Pirate captain Raine makes Clovis walk the plank.","72":"Cheetah Keidran","73":"Maddie and Maeve get crafty (and messy) making Valentine’s Day cards. Nibbly inspects the stack of glitter shakers","74":"Nora's Fantasy, but \"human\" Nora","75":"Keith naked with a gift box on his crotch beckoning Natani to come unwrap her present","76":"Twokinds, but Kingdom Hearts style","77":"Flora and Trace rides on Nora in the skies, Like in HTTYD","78":"Trace and Keith running for shelter from a sudden, unexpected downpour of various Keidran Collars","79":"Turns out Mike is more popular with the lady dogs than Evals","80":"Kat reference sheet","81":"Keidran Nibbly gets a tummy ache, Sythe comforts her with a belly rub."},"ExpectedBallots":161,"CountedBallots":161,"Ballots":["H","BOPMEAFGQHJKIDCLN","CFAKOQM","QMPHAE","PCAFL","CGANFOIQEPHMKBD","BOJNLG","HBEFKNIO","MJLPCHABNQF","PHBOEKLIN","DFBL","OILBFCJ","C","FDP","BQFACHDOPGLJENKIM","AKECDNFOPGQIHBJML","AFCIODG","OAPNHIGF","PB","EOKHN","N","PHJQOBGCMENIFKALD","HOFKEIPAGNQ","OIBMF","OCIGPNEFQKDHALJMB","FKDOPQG","EKHPJOGABFQNCDLMI","CMPFJKEANOIDQBGHL","EFQBP","DHOFCPI","PEQC","QIDGFA","PKJ","NGFCOLMB","LFHBONAQGCEDIMKPJ","QIBOLC","QJDAPKC","FCAMIODPHQGNLEB","PHQO","FGBODNPCQAEJLH","QPAFJH","HENJKIPDQAGCFMOBL","FOHP","JLGNHA","GODFEKCHIAM","GENPOA","MHAFJGOCDPBENIQKL","AHMFGIQ","ABFHODJNC","HO","CHQNJGPOFIEKLABMD","QHI","BNQMPH","OFGLN","OQPN","IOG","NLHBCJPMQGEFAOKID","HKBICNOQ","IFDBQO","LGCQHN","COPD","GFMAHPLODC","DFGOCHA","EGPQIM","FGMCBQPL","NML","PKHNEFGDJOMBICLQA","OQJMHCK","QHOFDGBECAN","HONBC","KNEOFMIGPCAQHJBLD","FKONECQ","FELPKB","FCMAGOHDEPQN","IACMF","GOCQE","QGFPHKOIMDNLAJCBE","KAIGCOEQ","ICMQAOJPH","MFG","FHMGC","J","NFJPBCL","JFOKAGCN","K","HPL","HCEFPGKANOBMLDIQJ","HEFCA","HCAFD","IPOJ","GFLQHJBO","EKNCFQOLHPMGDAIJB","EQPHIB","JFCDMONGAKIQPHBEL","AIEOQ","PHBOGI","L","QBOENHKFMPCJAIDGL","DBMOAHF","CPNEHAQBF","PO","FCOQ","DFHBP","HBAN","HQKPBNOJIDCEAFLMG","CHKOFEI","HOPAF","GOQ","PAFIOCLEHDMQKNGJ","PH","ECGFQMK","FHGOQPNA","QO","GQP","EKNCQOGPLFIMDAHJB","EJFOPHCKA","KCIGQAO","FCHEIO","AHQPFEIBOND","HFBP","BNFCPO","HMPJABQLOIFNDCGKE","QHONJB","QEKA","","HLP","HJMN","NF","GQBDKOH","GQP","OF","PKCNDH","AHLOF","DOBFENCJAILK","HPL","PNDFL","HKQBJFNICAGEODMPL","G","POH","LPNHFOB","NLHF","HP","HLJA","HBAN","KHJLFDPONGQECMBIA","P","NOMIJQG","BFNGOPDCEHQAJL","GELFK","HPFD","BQHPAJKGMEONIDFC","MHNPGFDEBQLIKOAJC","EHBPLJD","HLPFNA","P","DNOBA","OFNPH","B","PIE","PHQIKBEOALCFGM","C"],"Placements":[[{"Id":72,"V":25,"NV":25,"TB":0},{"Id":80,"V":19,"NV":19,"TB":0},{"Id":70,"V":13,"NV":13,"TB":0},{"Id":81,"V":12,"NV":12,"TB":0},{"Id":71,"V":11,"NV":11,"TB":0},{"Id":69,"V":10,"NV":10,"TB":0},{"Id":67,"V":9,"NV":9,"TB":0},{"Id":79,"V":9,"NV":9,"TB":0},{"Id":66,"V":8,"NV":8,"TB":0},{"Id":78,"V":8,"NV":8,"TB":0},{"Id":65,"V":7,"NV":7,"TB":0},{"Id":68,"V":7,"NV":7,"TB":0},{"Id":73,"V":5,"NV":5,"TB":0},{"Id":75,"V":5,"NV":5,"TB":0},{"Id":74,"V":4,"NV":4,"TB":0},{"Id":77,"V":4,"NV":4,"TB":0},{"Id":76,"V":4,"NV":4,"TB":2}],[{"Id":72,"V":25,"NV":0,"TB":0},{"Id":80,"V":20,"NV":1,"TB":0},{"Id":70,"V":14,"NV":1,"TB":0},{"Id":71,"V":12,"NV":1,"TB":0},{"Id":81,"V":12,"NV":0,"TB":0},{"Id":69,"V":10,"NV":0,"TB":0},{"Id":67,"V":9,"NV":0,"TB":0},{"Id":79,"V":9,"NV":0,"TB":0},{"Id":66,"V":8,"NV":0,"TB":0},{"Id":78,"V":8,"NV":0,"TB":0},{"Id":65,"V":7,"NV":0,"TB":0},{"Id":68,"V":7,"NV":0,"TB":0},{"Id":73,"V":5,"NV":0,"TB":0},{"Id":75,"V":5,"NV":0,"TB":0},{"Id":77,"V":4,"NV":0,"TB":0},{"Id":74,"V":4,"NV":0,"TB":2}],[{"Id":72,"V":25,"NV":0,"TB":0},{"Id":80,"V":20,"NV":0,"TB":0},{"Id":70,"V":16,"NV":2,"TB":0},{"Id":71,"V":13,"NV":1,"TB":0},{"Id":81,"V":12,"NV":0,"TB":0},{"Id":69,"V":10,"NV":0,"TB":0},{"Id":67,"V":9,"NV":0,"TB":0},{"Id":79,"V":9,"NV":0,"TB":0},{"Id":66,"V":8,"NV":0,"TB":0},{"Id":78,"V":8,"NV":0,"TB":0},{"Id":65,"V":7,"NV":0,"TB":0},{"Id":68,"V":7,"NV":0,"TB":0},{"Id":73,"V":5,"NV":0,"TB":0},{"Id":75,"V":5,"NV":0,"TB":0},{"Id":77,"V":4,"NV":0,"TB":0}],[{"Id":72,"V":27,"NV":2,"TB":0},{"Id":80,"V":21,"NV":1,"TB":0},{"Id":70,"V":17,"NV":1,"TB":0},{"Id":71,"V":13,"NV":0,"TB":0},{"Id":81,"V":12,"NV":0,"TB":0},{"Id":69,"V":10,"NV":0,"TB":0},{"Id":67,"V":9,"NV":0,"TB":0},{"Id":79,"V":9,"NV":0,"TB":0},{"Id":66,"V":8,"NV":0,"TB":0},{"Id":78,"V":8,"NV":0,"TB":0},{"Id":65,"V":7,"NV":0,"TB":0},{"Id":68,"V":7,"NV":0,"TB":0},{"Id":75,"V":5,"NV":0,"TB":0},{"Id":73,"V":5,"NV":0,"TB":2}],[{"Id":72,"V":27,"NV":0,"TB":0},{"Id":80,"V":22,"NV":1,"TB":0},{"Id":70,"V":18,"NV":1,"TB":0},{"Id":71,"V":13,"NV":0,"TB":0},{"Id":81,"V":12,"NV":0,"TB":0},{"Id":67,"V":10,"NV":1,"TB":0},{"Id":69,"V":10,"NV":0,"TB":0},{"Id":79,"V":10,"NV":1,"TB":0},{"Id":65,"V":8,"NV":1,"TB":0},{"Id":66,"V":8,"NV":0,"TB":0},{"Id":78,"V":8,"NV":0,"TB":0},{"Id":68,"V":7,"NV":0,"TB":0},{"Id":75,"V":5,"NV":0,"TB":0}],[{"Id":72,"V":28,"NV":1,"TB":0},{"Id":80,"V":22,"NV":0,"TB":0},{"Id":70,"V":18,"NV":0,"TB":0},{"Id":71,"V":13,"NV":0,"TB":0},{"Id":81,"V":12,"NV":0,"TB":0},{"Id":67,"V":11,"NV":1,"TB":0},{"Id":69,"V":10,"NV":0,"TB":0},{"Id":79,"V":10,"NV":0,"TB":0},{"Id":65,"V":9,"NV":1,"TB":0},{"Id":78,"V":9,"NV":1,"TB":0},{"Id":66,"V":8,"NV":0,"TB":0},{"Id":68,"V":7,"NV":0,"TB":0}],[{"Id":72,"V":29,"NV":1,"TB":0},{"Id":80,"V":22,"NV":0,"TB":0},{"Id":70,"V":21,"NV":3,"TB":0},{"Id":71,"V":13,"NV":0,"TB":0},{"Id":81,"V":12,"NV":0,"TB":0},{"Id":67,"V":11,"NV":0,"TB":0},{"Id":79,"V":11,"NV":1,"TB":0},{"Id":69,"V":10,"NV":0,"TB":0},{"Id":78,"V":10,"NV":1,"TB":0},{"Id":65,"V":9,"NV":0,"TB":0},{"Id":66,"V":9,"NV":1,"TB":1}],[{"Id":72,"V":29,"NV":0,"TB":0},{"Id":70,"V":22,"NV":1,"TB":0},{"Id":80,"V":22,"NV":0,"TB":0},{"Id":79,"V":14,"NV":3,"TB":0},{"Id":81,"V":14,"NV":2,"TB":0},{"Id":71,"V":13,"NV":0,"TB":0},{"Id":78,"V":12,"NV":2,"TB":0},{"Id":67,"V":11,"NV":0,"TB":0},{"Id":69,"V":10,"NV":0,"TB":0},{"Id":65,"V":9,"NV":0,"TB":0}],[{"Id":72,"V":32,"NV":3,"TB":0},{"Id":70,"V":24,"NV":2,"TB":0},{"Id":80,"V":22,"NV":0,"TB":0},{"Id":71,"V":14,"NV":1,"TB":0},{"Id":79,"V":14,"NV":0,"TB":0},{"Id":81,"V":14,"NV":0,"TB":0},{"Id":69,"V":12,"NV":2,"TB":0},{"Id":78,"V":12,"NV":0,"TB":0},{"Id":67,"V":12,"NV":1,"TB":3}],[{"Id":72,"V":34,"NV":2,"TB":0},{"Id":70,"V":26,"NV":2,"TB":0},{"Id":80,"V":24,"NV":2,"TB":0},{"Id":71,"V":16,"NV":2,"TB":0},{"Id":79,"V":15,"NV":1,"TB":0},{"Id":81,"V":15,"NV":1,"TB":0},{"Id":69,"V":12,"NV":0,"TB":0},{"Id":78,"V":12,"NV":0,"TB":1}],[{"Id":72,"V":36,"NV":2,"TB":0},{"Id":70,"V":29,"NV":3,"TB":0},{"Id":80,"V":24,"NV":0,"TB":0},{"Id":71,"V":17,"NV":1,"TB":0},{"Id":79,"V":17,"NV":2,"TB":0},{"Id":81,"V":16,"NV":1,"TB":0},{"Id":69,"V":13,"NV":1,"TB":0}],[{"Id":72,"V":38,"NV":2,"TB":0},{"Id":70,"V":33,"NV":4,"TB":0},{"Id":80,"V":24,"NV":0,"TB":0},{"Id":79,"V":20,"NV":3,"TB":0},{"Id":71,"V":19,"NV":2,"TB":0},{"Id":81,"V":18,"NV":2,"TB":0}],[{"Id":72,"V":42,"NV":4,"TB":0},{"Id":70,"V":34,"NV":1,"TB":0},{"Id":80,"V":29,"NV":5,"TB":0},{"Id":79,"V":25,"NV":5,"TB":0},{"Id":71,"V":21,"NV":2,"TB":0}],[{"Id":72,"V":44,"NV":2,"TB":0},{"Id":70,"V":42,"NV":8,"TB":0},{"Id":80,"V":33,"NV":4,"TB":0},{"Id":79,"V":31,"NV":6,"TB":0}],[{"Id":70,"V":50,"NV":8,"TB":0},{"Id":72,"V":49,"NV":5,"TB":0},{"Id":80,"V":40,"NV":7,"TB":0}],[{"Id":72,"V":66,"NV":17,"TB":0},{"Id":70,"V":58,"NV":8,"TB":0}],[{"Id":72,"V":96,"NV":30,"TB":0}]],"Expires":1549231764,"SecondsLeft":0}