{"Mtype":"results","Title":"Round 3","PollStarted":"2019-01-20T22:44:03.507363911Z","PollDuration":600000000000,"Options":{"65":"Dragon Nora posing for Eric's portrait.","66":"Raine brings the Chimera back to the Legacy Mansion where the Chimera immediately recognizes Trace and calls him father.","67":"Clovis is sold to Eric who needed a new vixen to model for his art. He loses his temper due to Eric's directions.","68":"Lethe from Fire Emblem Path of Radiance","69":"WWII Pinup Fem-Clovis as a German General","70":"Kat tries out her new latex catsuit.","71":"Zen trying to teach Kat to swim.","72":"Euchre experiments with his perfect transformation, but gets stuck as a Basitin.","73":"Continuation of the Halloween bodyswap. Keith gives Natani (in Keith's body) an ear massage","74":"Alternate ending of Magical Mishaps p.4 Karen manages to put the collar on","75":"Raine(wolf-form) on the beach having trouble with a bikini that keeps falling off. Cat-Nora responsible.","76":"The Guardian Statue Family (w/Wife and Child)","77":"Pirate admiral Euchre makes Clovis walk the plank.","78":"The return of modern domestic life Keith and Natani.","79":"Nora toying with tiger Trace","80":"Bus stop scene from My Neighbor Totoro with explorer and the burly SnowMew as the Totoro."},"ExpectedBallots":139,"CountedBallots":139,"Ballots":["ALBJCO","BAK","MCAOKLBNGDHIPFJ","BLGKAN","BEKFHICLAJPGOMN","AIOBKPHNCG","IJCENBOL","M","","MHNOBIGCPLEJDAKF","GJBKIHOLCA","NICMBLHFEKAOGJPD","HLPIC","GBDNK","FKJ","BENHPGOLCAMKJFID","BAJD","KCNIJFGE","LG","PCNF","JHECBL","KGBF","JOAKCHIFENLDMGBP","OAB","FJBCKANGIOPHMELD","PKOLFIJBCAEHDGNM","KBF","E","NMHEOKB","DEBLCJKOA","HONICKABGLM","IGJKB","HEM","IGNKB","KHCJBEDIPGFMOANL","IBKNEOJCGMAFHDPL","AIKFCJGOMNHEPLBD","CMHEPDAOJBKLIG","GKI","EGBOH","LGPND","BLPNECIKGJDAOMFH","KCJAMBIN","KBCG","HEMC","JMLBO","AKJCO","BKGPJMCEADL","CGAK","EFABK","AOLJHBKCMEP","FIOH","BKCAIPGFONMLEDHJ","KE","FEINLO","KJECDL","FIHCKEOAGLJNBMDP","","FGBKCEAO","BFHLNCKGJ","KPIFJCHOMAGNBDLE","ABNEKJOG","EGFPO","FKCGAEHNMDBILOPJ","NIHKF","ECMHI","BNGECO","FE","INKBGHJEO","KNPELCMFGIJABOHD","JBCAHEKPMDNLOGFI","FIGNKAOJLECMPBHD","COGIF","EGBML","HECIJNAOPB","FE","KIJABFCNOPLDGEHM","EBMCF","MKCIGF","ACKIM","BCKANPEIMJOG","JHDPGBFL","BKNEGOIAHC","GNPO","EIOCAKMFJPNH","EOCMNJGKPHBILFDA","BNJEKCAHPLDMIOF","BAH","HGC","JML","BNECG","IBKOHNC","PABL","EKBC","BKJAFEGHCIDMPOLN","AOEKCIJNFBPMHGDL","ENGFJHDIMBCKLOPA","GEBFC","FNGJEMHKBALCDIOP","BEGM","MKCA","JIELB","KFCGB","INGOA","GKCB","ACK","KGECF","HMBCA","EBC","BE","","ABONFMELGKC","KAICGBO","IJGBKPN","EPFBOCL","K","JIBCN","JGHOLNA","OBG","IOJAHECKFGBM","BIDJO","KFG","","EBCMAF","EAICKONFG","HLGMKC","EBHC","KHPBAJEMLGNCIOF","GNBCE","ECMHI","EABF","ENLGHJ","PKJHO","IALGJ","IOJACHKE","CEHDMAPJGLIKOB","EMABCK","CBAEOHKP","IN"],"Placements":[[{"Id":69,"V":20,"NV":20,"TB":0},{"Id":66,"V":19,"NV":19,"TB":0},{"Id":75,"V":17,"NV":17,"TB":0},{"Id":73,"V":12,"NV":12,"TB":0},{"Id":70,"V":11,"NV":11,"TB":0},{"Id":65,"V":10,"NV":10,"TB":0},{"Id":74,"V":9,"NV":9,"TB":0},{"Id":72,"V":8,"NV":8,"TB":0},{"Id":71,"V":7,"NV":7,"TB":0},{"Id":67,"V":5,"NV":5,"TB":0},{"Id":77,"V":5,"NV":5,"TB":0},{"Id":80,"V":4,"NV":4,"TB":0},{"Id":78,"V":3,"NV":3,"TB":0},{"Id":76,"V":2,"NV":2,"TB":0},{"Id":79,"V":2,"NV":2,"TB":0},{"Id":68,"V":1,"NV":1,"TB":0}],[{"Id":69,"V":21,"NV":1,"TB":0},{"Id":66,"V":19,"NV":0,"TB":0},{"Id":75,"V":17,"NV":0,"TB":0},{"Id":73,"V":12,"NV":0,"TB":0},{"Id":70,"V":11,"NV":0,"TB":0},{"Id":65,"V":10,"NV":0,"TB":0},{"Id":74,"V":9,"NV":0,"TB":0},{"Id":72,"V":8,"NV":0,"TB":0},{"Id":71,"V":7,"NV":0,"TB":0},{"Id":67,"V":5,"NV":0,"TB":0},{"Id":77,"V":5,"NV":0,"TB":0},{"Id":80,"V":4,"NV":0,"TB":0},{"Id":78,"V":3,"NV":0,"TB":0},{"Id":79,"V":2,"NV":0,"TB":0},{"Id":76,"V":2,"NV":0,"TB":2}],[{"Id":69,"V":21,"NV":0,"TB":0},{"Id":66,"V":19,"NV":0,"TB":0},{"Id":75,"V":17,"NV":0,"TB":0},{"Id":73,"V":12,"NV":0,"TB":0},{"Id":70,"V":11,"NV":0,"TB":0},{"Id":65,"V":10,"NV":0,"TB":0},{"Id":71,"V":9,"NV":2,"TB":0},{"Id":74,"V":9,"NV":0,"TB":0},{"Id":72,"V":8,"NV":0,"TB":0},{"Id":67,"V":5,"NV":0,"TB":0},{"Id":77,"V":5,"NV":0,"TB":0},{"Id":80,"V":4,"NV":0,"TB":0},{"Id":78,"V":3,"NV":0,"TB":0},{"Id":79,"V":2,"NV":0,"TB":0}],[{"Id":69,"V":21,"NV":0,"TB":0},{"Id":66,"V":20,"NV":1,"TB":0},{"Id":75,"V":17,"NV":0,"TB":0},{"Id":73,"V":12,"NV":0,"TB":0},{"Id":65,"V":11,"NV":1,"TB":0},{"Id":70,"V":11,"NV":0,"TB":0},{"Id":71,"V":9,"NV":0,"TB":0},{"Id":74,"V":9,"NV":0,"TB":0},{"Id":72,"V":8,"NV":0,"TB":0},{"Id":67,"V":5,"NV":0,"TB":0},{"Id":77,"V":5,"NV":0,"TB":0},{"Id":80,"V":4,"NV":0,"TB":0},{"Id":78,"V":3,"NV":0,"TB":0}],[{"Id":69,"V":21,"NV":0,"TB":0},{"Id":66,"V":20,"NV":0,"TB":0},{"Id":75,"V":17,"NV":0,"TB":0},{"Id":73,"V":14,"NV":2,"TB":0},{"Id":65,"V":11,"NV":0,"TB":0},{"Id":70,"V":11,"NV":0,"TB":0},{"Id":71,"V":9,"NV":0,"TB":0},{"Id":74,"V":9,"NV":0,"TB":0},{"Id":72,"V":8,"NV":0,"TB":0},{"Id":77,"V":6,"NV":1,"TB":0},{"Id":67,"V":5,"NV":0,"TB":0},{"Id":80,"V":4,"NV":0,"TB":0}],[{"Id":69,"V":21,"NV":0,"TB":0},{"Id":66,"V":20,"NV":0,"TB":0},{"Id":75,"V":19,"NV":2,"TB":0},{"Id":73,"V":14,"NV":0,"TB":0},{"Id":65,"V":12,"NV":1,"TB":0},{"Id":70,"V":11,"NV":0,"TB":0},{"Id":71,"V":9,"NV":0,"TB":0},{"Id":74,"V":9,"NV":0,"TB":0},{"Id":72,"V":8,"NV":0,"TB":0},{"Id":77,"V":6,"NV":0,"TB":0},{"Id":67,"V":6,"NV":1,"TB":2}],[{"Id":69,"V":22,"NV":1,"TB":0},{"Id":66,"V":21,"NV":1,"TB":0},{"Id":75,"V":19,"NV":0,"TB":0},{"Id":73,"V":14,"NV":0,"TB":0},{"Id":65,"V":12,"NV":0,"TB":0},{"Id":70,"V":12,"NV":1,"TB":0},{"Id":71,"V":11,"NV":2,"TB":0},{"Id":74,"V":9,"NV":0,"TB":0},{"Id":72,"V":8,"NV":0,"TB":0},{"Id":77,"V":7,"NV":1,"TB":0}],[{"Id":69,"V":22,"NV":0,"TB":0},{"Id":66,"V":21,"NV":0,"TB":0},{"Id":75,"V":21,"NV":2,"TB":0},{"Id":73,"V":14,"NV":0,"TB":0},{"Id":65,"V":13,"NV":1,"TB":0},{"Id":70,"V":12,"NV":0,"TB":0},{"Id":71,"V":11,"NV":0,"TB":0},{"Id":72,"V":11,"NV":3,"TB":0},{"Id":74,"V":9,"NV":0,"TB":0}],[{"Id":66,"V":23,"NV":2,"TB":0},{"Id":69,"V":22,"NV":0,"TB":0},{"Id":75,"V":21,"NV":0,"TB":0},{"Id":73,"V":16,"NV":2,"TB":0},{"Id":65,"V":14,"NV":1,"TB":0},{"Id":72,"V":13,"NV":2,"TB":0},{"Id":70,"V":12,"NV":0,"TB":0},{"Id":71,"V":12,"NV":1,"TB":1}],[{"Id":66,"V":26,"NV":3,"TB":0},{"Id":69,"V":23,"NV":1,"TB":0},{"Id":75,"V":23,"NV":2,"TB":0},{"Id":73,"V":17,"NV":1,"TB":0},{"Id":65,"V":15,"NV":1,"TB":0},{"Id":72,"V":14,"NV":1,"TB":0},{"Id":70,"V":12,"NV":0,"TB":0}],[{"Id":66,"V":28,"NV":2,"TB":0},{"Id":69,"V":27,"NV":4,"TB":0},{"Id":75,"V":25,"NV":2,"TB":0},{"Id":73,"V":20,"NV":3,"TB":0},{"Id":65,"V":15,"NV":0,"TB":0},{"Id":72,"V":14,"NV":0,"TB":0}],[{"Id":69,"V":33,"NV":6,"TB":0},{"Id":66,"V":31,"NV":3,"TB":0},{"Id":75,"V":26,"NV":1,"TB":0},{"Id":73,"V":22,"NV":2,"TB":0},{"Id":65,"V":16,"NV":1,"TB":0}],[{"Id":66,"V":37,"NV":6,"TB":0},{"Id":69,"V":34,"NV":1,"TB":0},{"Id":75,"V":32,"NV":6,"TB":0},{"Id":73,"V":24,"NV":2,"TB":0}],[{"Id":66,"V":43,"NV":6,"TB":0},{"Id":75,"V":41,"NV":9,"TB":0},{"Id":69,"V":37,"NV":3,"TB":0}],[{"Id":66,"V":61,"NV":18,"TB":0},{"Id":75,"V":50,"NV":9,"TB":0}],[{"Id":66,"V":91,"NV":30,"TB":0}]],"Expires":1548025443,"SecondsLeft":0}