{"Mtype":"results","Title":"Round 3","PollStarted":"2019-04-07T21:53:59.690813385Z","PollDuration":600000000000,"Options":{"65":"Buff Natani lifting male Clovis by his chest scruff,  saying 'not so tough without your magic, are you?' Or 'too bad you changed back, I would never strike woman' ","66":"Cyberpunk-style net-runner Raine","67":"Body Swap - Flora, in Trace's body, playing with the baby, to the dismay of Trace in her body!","68":"For Easter, some of the cast dresses up as rabbits.","69":"Kat and Zofie (Fluffkevlar's character) put their cooking skills together to make a gingerbread...mansion","70":"Kathrin comforting a despondent Keith as they watch over Natani, who is suffering from the effects of having their mind link to Zen severed. (During the previous boat arc)","71":"Raine helps Zen get accustomed to using a walking cane, but he trips and falls.  Raine tries to catch him but she ends up falling herself, and lands on top of him.","72":"Tiger Trace and Keith end up wearing control collars. Flora finds herself in control of them and makes them her servants.","73":"Human Kat \u0026 Flora Back to Back (Similar to the old incentive)","74":"Nora Dragon Reference Sheet","75":"Devil Keith","76":"Eris is just about to create Frankenstein's monster as evil trace comes over and is stared at by the monster awakened to life","77":"Maeve buries Keith and Natani’s legs at the beach and fashions Merfolk tails over them.","78":"Clovis has been made a slave and ends up as a model for Eric","79":"Gender switch; Trace as a female and Flora as a male","80":"MLG gamer Maddie","81":"Raine and Red have a heartwarming kiss under a waterfall. (Both in Halfkind forms)","82":"Nora teaching Reni on how to win over a human heart and Red blurts out how Nora never won over Trace, embarrassing Nora.","83":"Sythe gives little Nibbly a floral dress for spring - complete with bow"},"ExpectedBallots":146,"CountedBallots":146,"Ballots":["GE","J","JREQL","NHAJSREFCMBOILQKDPG","FJ","GRMNSKQJDIOEFHA","ONHMSJC","OIDH","HMPDIKFAJN","GPE","D","CSHF","G","EQPBHINCRADOMSKLFJG","MFIQHBPKJRD","PDONIQEMFSGRBCHLJKA","SNCKRQDEOJ","NOH","FEI","GQMPIDLF","REMN","HONS","QPR","BFGDAQMREKJPSONLICH","BNM","HAJRQN","RFMPKBN","FGMSPEAJBOIR","POEF","MNOSHCPFRBAGQKLEJDI","D","HIPORMLGECSDANQFKJB","QGNIH","COGBQFD","INHEJ","DIQSFRCAE","CSJNQFM","OCREKABDFNLHMPGJSIQ","BQJRKE","JIAOR","NAOLCRGMKQPIFJHSBED","FNEJPR","NQAEDCIOLKMPBHSRGJF","NIJO","HAKMROC","RAJ","PMN","IFQESMGPAJRDKL","FGJ","NESG","JRHQFNOAMIDL","NBM","COBDIHQEPNJARGLMSKF","HN","J","PCQOSNBAJHK","PNHRCB","HLIESDJKCN","LBNAJPKEMQSORCDIGHF","COHI","J","GBFEIJ","CFQBJ","AFJGQMHSK","FIEHNROAKGSQJCDLMPB","C","KEDMQJLIOR","INKPD","JQNHIOSEFRGLPCDBMKA","FEBI","GPMDJQSAERFIBNLCOKH","Q","INEF","","SN","QBFIMR","APSRCJFONQK","NOCIKHAESBQMJG","PBMQSD","EI","J","IRKSAMPOBNGDECHQLFJ","FM","LJKNGFBPHMROCIDAQSE","RBJPA","JRISNAGQMKFHL","ES","QNAFBG","P","GQ","HC","PBSIQGE","SH","BPFOHJ","BHSDKE","COHNE","JIC","HIG","OCIP","DIKR","OEIHC","IPG","JS","","H","JNSMARH","RJPLSMDE","QDMG","BGNA","N","C","FAQMRJGCESIHBDLPNKO","PGDMHIFEBJNQRLCOAKS","IN","GIMBL","BGNA","JFILEO","DLI","RI","BP","RIJH","JRFCNMI","DIRJ","IGK","GPE","IHL","G","DFICA","QM","MCQDOFHGJ","OEIHC","QPOEDSCIHM","ARM","NALOCHGRJIKFPSQBM","PAONDCFSBR","QGDB","IDPN","AHRGQF","HOSQDKFIGMBCPAERJLN","NOBAPRCMSEF","SFCIJE","IL","GMANSRDILHP","IKOPJMQE","GSKJR","NMICRSFKOLQEDPGHJBA"],"Placements":[[{"Id":74,"V":14,"NV":14,"TB":0},{"Id":71,"V":13,"NV":13,"TB":0},{"Id":73,"V":12,"NV":12,"TB":0},{"Id":78,"V":12,"NV":12,"TB":0},{"Id":72,"V":11,"NV":11,"TB":0},{"Id":80,"V":10,"NV":10,"TB":0},{"Id":67,"V":9,"NV":9,"TB":0},{"Id":70,"V":9,"NV":9,"TB":0},{"Id":81,"V":9,"NV":9,"TB":0},{"Id":66,"V":8,"NV":8,"TB":0},{"Id":68,"V":7,"NV":7,"TB":0},{"Id":82,"V":7,"NV":7,"TB":0},{"Id":79,"V":6,"NV":6,"TB":0},{"Id":65,"V":4,"NV":4,"TB":0},{"Id":83,"V":4,"NV":4,"TB":0},{"Id":69,"V":3,"NV":3,"TB":0},{"Id":77,"V":3,"NV":3,"TB":0},{"Id":76,"V":2,"NV":2,"TB":0},{"Id":75,"V":1,"NV":1,"TB":0}],[{"Id":74,"V":14,"NV":0,"TB":0},{"Id":71,"V":13,"NV":0,"TB":0},{"Id":73,"V":12,"NV":0,"TB":0},{"Id":78,"V":12,"NV":0,"TB":0},{"Id":72,"V":11,"NV":0,"TB":0},{"Id":80,"V":10,"NV":0,"TB":0},{"Id":67,"V":9,"NV":0,"TB":0},{"Id":70,"V":9,"NV":0,"TB":0},{"Id":81,"V":9,"NV":0,"TB":0},{"Id":66,"V":8,"NV":0,"TB":0},{"Id":68,"V":7,"NV":0,"TB":0},{"Id":82,"V":7,"NV":0,"TB":0},{"Id":79,"V":6,"NV":0,"TB":0},{"Id":65,"V":4,"NV":0,"TB":0},{"Id":69,"V":4,"NV":1,"TB":0},{"Id":83,"V":4,"NV":0,"TB":0},{"Id":77,"V":3,"NV":0,"TB":0},{"Id":76,"V":2,"NV":0,"TB":0}],[{"Id":74,"V":15,"NV":1,"TB":0},{"Id":71,"V":13,"NV":0,"TB":0},{"Id":73,"V":12,"NV":0,"TB":0},{"Id":78,"V":12,"NV":0,"TB":0},{"Id":72,"V":11,"NV":0,"TB":0},{"Id":80,"V":10,"NV":0,"TB":0},{"Id":66,"V":9,"NV":1,"TB":0},{"Id":67,"V":9,"NV":0,"TB":0},{"Id":70,"V":9,"NV":0,"TB":0},{"Id":81,"V":9,"NV":0,"TB":0},{"Id":68,"V":7,"NV":0,"TB":0},{"Id":82,"V":7,"NV":0,"TB":0},{"Id":79,"V":6,"NV":0,"TB":0},{"Id":65,"V":4,"NV":0,"TB":0},{"Id":69,"V":4,"NV":0,"TB":0},{"Id":83,"V":4,"NV":0,"TB":0},{"Id":77,"V":3,"NV":0,"TB":0}],[{"Id":74,"V":15,"NV":0,"TB":0},{"Id":71,"V":13,"NV":0,"TB":0},{"Id":78,"V":13,"NV":1,"TB":0},{"Id":73,"V":12,"NV":0,"TB":0},{"Id":72,"V":11,"NV":0,"TB":0},{"Id":67,"V":10,"NV":1,"TB":0},{"Id":70,"V":10,"NV":1,"TB":0},{"Id":80,"V":10,"NV":0,"TB":0},{"Id":66,"V":9,"NV":0,"TB":0},{"Id":81,"V":9,"NV":0,"TB":0},{"Id":68,"V":7,"NV":0,"TB":0},{"Id":82,"V":7,"NV":0,"TB":0},{"Id":79,"V":6,"NV":0,"TB":0},{"Id":65,"V":4,"NV":0,"TB":0},{"Id":69,"V":4,"NV":0,"TB":0},{"Id":83,"V":4,"NV":0,"TB":1}],[{"Id":74,"V":15,"NV":0,"TB":0},{"Id":78,"V":15,"NV":2,"TB":0},{"Id":71,"V":13,"NV":0,"TB":0},{"Id":72,"V":12,"NV":1,"TB":0},{"Id":73,"V":12,"NV":0,"TB":0},{"Id":70,"V":11,"NV":1,"TB":0},{"Id":67,"V":10,"NV":0,"TB":0},{"Id":80,"V":10,"NV":0,"TB":0},{"Id":66,"V":9,"NV":0,"TB":0},{"Id":81,"V":9,"NV":0,"TB":0},{"Id":68,"V":7,"NV":0,"TB":0},{"Id":82,"V":7,"NV":0,"TB":0},{"Id":79,"V":6,"NV":0,"TB":0},{"Id":65,"V":4,"NV":0,"TB":0},{"Id":69,"V":4,"NV":0,"TB":1}],[{"Id":74,"V":15,"NV":0,"TB":0},{"Id":78,"V":15,"NV":0,"TB":0},{"Id":71,"V":13,"NV":0,"TB":0},{"Id":73,"V":13,"NV":1,"TB":0},{"Id":72,"V":12,"NV":0,"TB":0},{"Id":70,"V":11,"NV":0,"TB":0},{"Id":67,"V":10,"NV":0,"TB":0},{"Id":80,"V":10,"NV":0,"TB":0},{"Id":81,"V":10,"NV":1,"TB":0},{"Id":66,"V":9,"NV":0,"TB":0},{"Id":68,"V":8,"NV":1,"TB":0},{"Id":82,"V":7,"NV":0,"TB":0},{"Id":79,"V":6,"NV":0,"TB":0},{"Id":65,"V":4,"NV":0,"TB":0}],[{"Id":74,"V":15,"NV":0,"TB":0},{"Id":78,"V":15,"NV":0,"TB":0},{"Id":71,"V":13,"NV":0,"TB":0},{"Id":72,"V":13,"NV":1,"TB":0},{"Id":73,"V":13,"NV":0,"TB":0},{"Id":70,"V":12,"NV":1,"TB":0},{"Id":80,"V":11,"NV":1,"TB":0},{"Id":67,"V":10,"NV":0,"TB":0},{"Id":81,"V":10,"NV":0,"TB":0},{"Id":66,"V":9,"NV":0,"TB":0},{"Id":68,"V":8,"NV":0,"TB":0},{"Id":82,"V":8,"NV":1,"TB":0},{"Id":79,"V":6,"NV":0,"TB":0}],[{"Id":73,"V":16,"NV":3,"TB":0},{"Id":78,"V":16,"NV":1,"TB":0},{"Id":74,"V":15,"NV":0,"TB":0},{"Id":71,"V":13,"NV":0,"TB":0},{"Id":72,"V":13,"NV":0,"TB":0},{"Id":67,"V":12,"NV":2,"TB":0},{"Id":70,"V":12,"NV":0,"TB":0},{"Id":80,"V":11,"NV":0,"TB":0},{"Id":81,"V":10,"NV":0,"TB":0},{"Id":66,"V":9,"NV":0,"TB":0},{"Id":82,"V":8,"NV":0,"TB":0},{"Id":68,"V":8,"NV":0,"TB":2}],[{"Id":73,"V":20,"NV":4,"TB":0},{"Id":78,"V":16,"NV":0,"TB":0},{"Id":74,"V":15,"NV":0,"TB":0},{"Id":70,"V":13,"NV":1,"TB":0},{"Id":71,"V":13,"NV":0,"TB":0},{"Id":72,"V":13,"NV":0,"TB":0},{"Id":67,"V":12,"NV":0,"TB":0},{"Id":80,"V":11,"NV":0,"TB":0},{"Id":81,"V":11,"NV":1,"TB":0},{"Id":66,"V":9,"NV":0,"TB":0},{"Id":82,"V":8,"NV":0,"TB":0}],[{"Id":73,"V":22,"NV":2,"TB":0},{"Id":74,"V":17,"NV":2,"TB":0},{"Id":78,"V":17,"NV":1,"TB":0},{"Id":70,"V":14,"NV":1,"TB":0},{"Id":71,"V":13,"NV":0,"TB":0},{"Id":72,"V":13,"NV":0,"TB":0},{"Id":67,"V":12,"NV":0,"TB":0},{"Id":80,"V":11,"NV":0,"TB":0},{"Id":81,"V":11,"NV":0,"TB":0},{"Id":66,"V":10,"NV":1,"TB":0}],[{"Id":73,"V":22,"NV":0,"TB":0},{"Id":78,"V":19,"NV":2,"TB":0},{"Id":74,"V":18,"NV":1,"TB":0},{"Id":70,"V":15,"NV":1,"TB":0},{"Id":71,"V":15,"NV":2,"TB":0},{"Id":72,"V":14,"NV":1,"TB":0},{"Id":80,"V":13,"NV":2,"TB":0},{"Id":67,"V":12,"NV":0,"TB":0},{"Id":81,"V":12,"NV":1,"TB":1}],[{"Id":73,"V":22,"NV":0,"TB":0},{"Id":74,"V":20,"NV":2,"TB":0},{"Id":78,"V":20,"NV":1,"TB":0},{"Id":71,"V":18,"NV":3,"TB":0},{"Id":70,"V":16,"NV":1,"TB":0},{"Id":80,"V":16,"NV":3,"TB":0},{"Id":72,"V":14,"NV":0,"TB":0},{"Id":67,"V":12,"NV":0,"TB":0}],[{"Id":73,"V":24,"NV":2,"TB":0},{"Id":74,"V":21,"NV":1,"TB":0},{"Id":78,"V":20,"NV":0,"TB":0},{"Id":70,"V":19,"NV":3,"TB":0},{"Id":71,"V":19,"NV":1,"TB":0},{"Id":72,"V":17,"NV":3,"TB":0},{"Id":80,"V":16,"NV":0,"TB":0}],[{"Id":73,"V":26,"NV":2,"TB":0},{"Id":78,"V":25,"NV":5,"TB":0},{"Id":74,"V":22,"NV":1,"TB":0},{"Id":70,"V":21,"NV":2,"TB":0},{"Id":71,"V":20,"NV":1,"TB":0},{"Id":72,"V":18,"NV":1,"TB":0}],[{"Id":73,"V":32,"NV":6,"TB":0},{"Id":78,"V":28,"NV":3,"TB":0},{"Id":70,"V":23,"NV":2,"TB":0},{"Id":74,"V":23,"NV":1,"TB":0},{"Id":71,"V":21,"NV":1,"TB":0}],[{"Id":73,"V":35,"NV":3,"TB":0},{"Id":78,"V":33,"NV":5,"TB":0},{"Id":70,"V":26,"NV":3,"TB":0},{"Id":74,"V":25,"NV":2,"TB":0}],[{"Id":73,"V":39,"NV":4,"TB":0},{"Id":78,"V":38,"NV":5,"TB":0},{"Id":70,"V":31,"NV":5,"TB":0}],[{"Id":73,"V":52,"NV":13,"TB":0},{"Id":78,"V":45,"NV":7,"TB":0}],[{"Id":73,"V":71,"NV":19,"TB":0}]],"Expires":1554675240,"SecondsLeft":0}