{"Mtype":"results","Title":"Round 3","PollStarted":"2019-04-21T23:48:34.206895913Z","PollDuration":600000000000,"Options":{"65":"Clovis dressed in a bunny suit by Nora, luckily Carver doesn't recognize his boss","66":"Anything from No Evil","67":"Kat in a cute Easter bunny costume","68":"Easter egg decorating with Kat and Maeve (kinda part two of the babysitting concept)","69":"Easter Raine and (male) Mike looking gone out at Reni carving a jack a lantern","70":"Natani (somehow) teaches trace how to fight","71":"Trace awakens the rebel inside himself and releases his persona! Trace takes the place of Joker from Persona 5","72":"Laura as a ghost laying on top of a sleeping Keith.","73":"Low-Gravity Magic","74":"Keidran Nibbly meets Scarlet (Sequential Art) Chaos ensues","75":"Twokinds Stargate SG-1 (Trace as O’Neill, Flora as Carter, Keith as Jackson, Natani as Teal’c)","76":"Raine WWII Navy Pinup","77":"Rose's day off: Trace returns to the manor early to find that Rose spent the day lazing in her pajamas. She instantly recovers to professional Rose, almost :D","78":"Flora as Elizabeth Bennet, and other characters as her sisters ala The Keira Knightly version of Pride and Prejudice promotional poster.","79":"The bunnies, wanting to keep him around a little longer, dress Mike up as the central figure in their spring, treats giving celebration (Easter Bunny).","80":"Azymondias from the Dragon Prince with Baby Dragon Trace","81":"Team B (Red, Raine, Sythe, Maren and Karen) meet face-to-face with their R63 counterparts.","82":"Maddie as a D\u0026D Rogue, either as a figurine next to a D20 or in an alleyway","83":"Maeve tells a tale about the taste of tails."},"ExpectedBallots":113,"CountedBallots":113,"Ballots":["CODFHSILQPMRAGNBEJK","DS","AJQEFKOMSNCPIRGBHDL","MADF","SIDOMFR","OJDAECNMISHLFK","MADICFOESLNQGPRHJKB","MGF","COSDEA","CLDI","AEC","LMSRHNFD","MDOF","JQAKO","HQACEL","C","OACG","MQFIRHGJSOADNCEKPLB","AMLQ","EDOCPASQIJMRNKBLGHF","MAFCROIHQ","SAQO","AQFOMSHDCE","F","PEMSORFACID","RHQ","QFKIA","PA","GQMADR","","EADPJMRI","OQACJB","FC","MJDSE","MISOJRFCHGQDAEKLPNB","NMIASDGKERPQOCFHBLJ","PJDHKAFO","RHK","FH","QAGOP","KAOQJ","JLCMFDS","LMI","QAGCI","HC","AM","HFC","OMSAF","EMLCF","FCAH","DHCMSO","NRSM","OHMAPEGDFIJ","A","JDMPFKHO","JAO","LSMOH","MFPLRH","OHAMEGPFIDJ","CDFRQMLSIEKGNOABPJH","MQL","SQLM","HIODNCS","IHMN","CHFM","LRCMSFAHBEDJKGOIPNQ","AMFQISJO","LNQIM","LGACSFDMEIHQRPONJKB","PCMNGOD","HMRLSOQFJIAKCDE","SJO","SDOK","RDOMCJA","LHNRS","RCAOMSJDQKPENHLFIBG","EL","KAMBPHDONFICEGSLJQR","MCD","FMI","HG","SMDJ","SDC","QSM","CDLH","EOH","ELQBHACODRMSGN","LHN","M","LCE","LCE","LEDQ","CHDMSJ","QLROM","LEDQ","ELQMH","LCE","SDH","DCOMJ","","IMCFADJOL","MCDAILFHR","MAOC","NH","QSMEA","ADCQ","NRSM","KRGMI","RLKFAB","FCDASLO","HJLDFC","G",""],"Placements":[[{"Id":77,"V":14,"NV":14,"TB":0},{"Id":76,"V":13,"NV":13,"TB":0},{"Id":65,"V":8,"NV":8,"TB":0},{"Id":67,"V":8,"NV":8,"TB":0},{"Id":83,"V":8,"NV":8,"TB":0},{"Id":69,"V":7,"NV":7,"TB":0},{"Id":72,"V":7,"NV":7,"TB":0},{"Id":70,"V":6,"NV":6,"TB":0},{"Id":79,"V":6,"NV":6,"TB":0},{"Id":81,"V":6,"NV":6,"TB":0},{"Id":82,"V":5,"NV":5,"TB":0},{"Id":74,"V":4,"NV":4,"TB":0},{"Id":78,"V":4,"NV":4,"TB":0},{"Id":80,"V":4,"NV":4,"TB":0},{"Id":68,"V":3,"NV":3,"TB":0},{"Id":75,"V":3,"NV":3,"TB":0},{"Id":71,"V":2,"NV":2,"TB":0},{"Id":73,"V":2,"NV":2,"TB":0},{"Id":66,"V":0,"NV":0,"TB":0}],[{"Id":77,"V":14,"NV":0,"TB":0},{"Id":76,"V":13,"NV":0,"TB":0},{"Id":65,"V":8,"NV":0,"TB":0},{"Id":67,"V":8,"NV":0,"TB":0},{"Id":83,"V":8,"NV":0,"TB":0},{"Id":69,"V":7,"NV":0,"TB":0},{"Id":72,"V":7,"NV":0,"TB":0},{"Id":70,"V":6,"NV":0,"TB":0},{"Id":79,"V":6,"NV":0,"TB":0},{"Id":81,"V":6,"NV":0,"TB":0},{"Id":82,"V":5,"NV":0,"TB":0},{"Id":74,"V":4,"NV":0,"TB":0},{"Id":78,"V":4,"NV":0,"TB":0},{"Id":80,"V":4,"NV":0,"TB":0},{"Id":68,"V":3,"NV":0,"TB":0},{"Id":75,"V":3,"NV":0,"TB":0},{"Id":73,"V":2,"NV":0,"TB":0},{"Id":71,"V":2,"NV":0,"TB":2}],[{"Id":77,"V":14,"NV":0,"TB":0},{"Id":76,"V":13,"NV":0,"TB":0},{"Id":65,"V":8,"NV":0,"TB":0},{"Id":67,"V":8,"NV":0,"TB":0},{"Id":83,"V":8,"NV":0,"TB":0},{"Id":69,"V":7,"NV":0,"TB":0},{"Id":72,"V":7,"NV":0,"TB":0},{"Id":81,"V":7,"NV":1,"TB":0},{"Id":70,"V":6,"NV":0,"TB":0},{"Id":79,"V":6,"NV":0,"TB":0},{"Id":82,"V":5,"NV":0,"TB":0},{"Id":74,"V":4,"NV":0,"TB":0},{"Id":78,"V":4,"NV":0,"TB":0},{"Id":80,"V":4,"NV":0,"TB":0},{"Id":68,"V":3,"NV":0,"TB":0},{"Id":75,"V":3,"NV":0,"TB":0},{"Id":73,"V":2,"NV":0,"TB":0}],[{"Id":77,"V":15,"NV":1,"TB":0},{"Id":76,"V":13,"NV":0,"TB":0},{"Id":65,"V":8,"NV":0,"TB":0},{"Id":67,"V":8,"NV":0,"TB":0},{"Id":72,"V":8,"NV":1,"TB":0},{"Id":83,"V":8,"NV":0,"TB":0},{"Id":69,"V":7,"NV":0,"TB":0},{"Id":81,"V":7,"NV":0,"TB":0},{"Id":70,"V":6,"NV":0,"TB":0},{"Id":79,"V":6,"NV":0,"TB":0},{"Id":82,"V":5,"NV":0,"TB":0},{"Id":74,"V":4,"NV":0,"TB":0},{"Id":78,"V":4,"NV":0,"TB":0},{"Id":80,"V":4,"NV":0,"TB":0},{"Id":68,"V":3,"NV":0,"TB":0},{"Id":75,"V":3,"NV":0,"TB":1}],[{"Id":77,"V":15,"NV":0,"TB":0},{"Id":76,"V":13,"NV":0,"TB":0},{"Id":65,"V":10,"NV":2,"TB":0},{"Id":67,"V":8,"NV":0,"TB":0},{"Id":72,"V":8,"NV":0,"TB":0},{"Id":83,"V":8,"NV":0,"TB":0},{"Id":69,"V":7,"NV":0,"TB":0},{"Id":81,"V":7,"NV":0,"TB":0},{"Id":70,"V":6,"NV":0,"TB":0},{"Id":79,"V":6,"NV":0,"TB":0},{"Id":82,"V":6,"NV":1,"TB":0},{"Id":74,"V":4,"NV":0,"TB":0},{"Id":78,"V":4,"NV":0,"TB":0},{"Id":80,"V":4,"NV":0,"TB":0},{"Id":68,"V":3,"NV":0,"TB":0}],[{"Id":77,"V":15,"NV":0,"TB":0},{"Id":76,"V":13,"NV":0,"TB":0},{"Id":65,"V":10,"NV":0,"TB":0},{"Id":67,"V":9,"NV":1,"TB":0},{"Id":72,"V":9,"NV":1,"TB":0},{"Id":83,"V":9,"NV":1,"TB":0},{"Id":69,"V":7,"NV":0,"TB":0},{"Id":81,"V":7,"NV":0,"TB":0},{"Id":70,"V":6,"NV":0,"TB":0},{"Id":79,"V":6,"NV":0,"TB":0},{"Id":82,"V":6,"NV":0,"TB":0},{"Id":78,"V":4,"NV":0,"TB":0},{"Id":80,"V":4,"NV":0,"TB":0},{"Id":74,"V":4,"NV":0,"TB":3}],[{"Id":77,"V":16,"NV":1,"TB":0},{"Id":76,"V":14,"NV":1,"TB":0},{"Id":65,"V":11,"NV":1,"TB":0},{"Id":67,"V":9,"NV":0,"TB":0},{"Id":72,"V":9,"NV":0,"TB":0},{"Id":83,"V":9,"NV":0,"TB":0},{"Id":81,"V":8,"NV":1,"TB":0},{"Id":69,"V":7,"NV":0,"TB":0},{"Id":70,"V":6,"NV":0,"TB":0},{"Id":79,"V":6,"NV":0,"TB":0},{"Id":82,"V":6,"NV":0,"TB":0},{"Id":80,"V":4,"NV":0,"TB":0},{"Id":78,"V":4,"NV":0,"TB":2}],[{"Id":77,"V":17,"NV":1,"TB":0},{"Id":76,"V":14,"NV":0,"TB":0},{"Id":65,"V":11,"NV":0,"TB":0},{"Id":72,"V":10,"NV":1,"TB":0},{"Id":67,"V":9,"NV":0,"TB":0},{"Id":83,"V":9,"NV":0,"TB":0},{"Id":81,"V":8,"NV":0,"TB":0},{"Id":82,"V":8,"NV":2,"TB":0},{"Id":69,"V":7,"NV":0,"TB":0},{"Id":70,"V":6,"NV":0,"TB":0},{"Id":79,"V":6,"NV":0,"TB":0},{"Id":80,"V":4,"NV":0,"TB":0}],[{"Id":77,"V":17,"NV":0,"TB":0},{"Id":76,"V":14,"NV":0,"TB":0},{"Id":65,"V":12,"NV":1,"TB":0},{"Id":72,"V":11,"NV":1,"TB":0},{"Id":67,"V":10,"NV":1,"TB":0},{"Id":83,"V":9,"NV":0,"TB":0},{"Id":69,"V":8,"NV":1,"TB":0},{"Id":81,"V":8,"NV":0,"TB":0},{"Id":82,"V":8,"NV":0,"TB":0},{"Id":79,"V":6,"NV":0,"TB":0},{"Id":70,"V":6,"NV":0,"TB":2}],[{"Id":77,"V":18,"NV":1,"TB":0},{"Id":76,"V":14,"NV":0,"TB":0},{"Id":67,"V":13,"NV":3,"TB":0},{"Id":65,"V":12,"NV":0,"TB":0},{"Id":72,"V":12,"NV":1,"TB":0},{"Id":83,"V":9,"NV":0,"TB":0},{"Id":69,"V":8,"NV":0,"TB":0},{"Id":81,"V":8,"NV":0,"TB":0},{"Id":82,"V":8,"NV":0,"TB":0},{"Id":79,"V":6,"NV":0,"TB":0}],[{"Id":77,"V":19,"NV":1,"TB":0},{"Id":65,"V":14,"NV":2,"TB":0},{"Id":72,"V":14,"NV":2,"TB":0},{"Id":76,"V":14,"NV":0,"TB":0},{"Id":67,"V":13,"NV":0,"TB":0},{"Id":81,"V":9,"NV":1,"TB":0},{"Id":83,"V":9,"NV":0,"TB":0},{"Id":69,"V":8,"NV":0,"TB":0},{"Id":82,"V":8,"NV":0,"TB":1}],[{"Id":77,"V":21,"NV":2,"TB":0},{"Id":72,"V":16,"NV":2,"TB":0},{"Id":76,"V":15,"NV":1,"TB":0},{"Id":65,"V":14,"NV":0,"TB":0},{"Id":67,"V":14,"NV":1,"TB":0},{"Id":83,"V":11,"NV":2,"TB":0},{"Id":81,"V":9,"NV":0,"TB":0},{"Id":69,"V":8,"NV":0,"TB":0}],[{"Id":77,"V":23,"NV":2,"TB":0},{"Id":76,"V":18,"NV":3,"TB":0},{"Id":72,"V":17,"NV":1,"TB":0},{"Id":65,"V":15,"NV":1,"TB":0},{"Id":67,"V":15,"NV":1,"TB":0},{"Id":83,"V":11,"NV":0,"TB":0},{"Id":81,"V":9,"NV":0,"TB":0}],[{"Id":77,"V":24,"NV":1,"TB":0},{"Id":65,"V":20,"NV":5,"TB":0},{"Id":76,"V":19,"NV":1,"TB":0},{"Id":72,"V":17,"NV":0,"TB":0},{"Id":67,"V":15,"NV":0,"TB":0},{"Id":83,"V":13,"NV":2,"TB":0}],[{"Id":77,"V":30,"NV":6,"TB":0},{"Id":65,"V":21,"NV":1,"TB":0},{"Id":76,"V":20,"NV":1,"TB":0},{"Id":72,"V":18,"NV":1,"TB":0},{"Id":67,"V":16,"NV":1,"TB":0}],[{"Id":77,"V":33,"NV":3,"TB":0},{"Id":65,"V":26,"NV":5,"TB":0},{"Id":76,"V":22,"NV":2,"TB":0},{"Id":72,"V":21,"NV":3,"TB":0}],[{"Id":77,"V":39,"NV":6,"TB":0},{"Id":65,"V":29,"NV":3,"TB":0},{"Id":76,"V":24,"NV":2,"TB":0}],[{"Id":77,"V":49,"NV":10,"TB":0},{"Id":65,"V":32,"NV":3,"TB":0}],[{"Id":77,"V":62,"NV":13,"TB":0}]],"Expires":1555891714,"SecondsLeft":0}