{"Mtype":"results","Title":"Round 7","PollStarted":"2019-03-18T00:58:07.285691107Z","PollDuration":600000000000,"Options":{"65":"Maren gets anthro-Nibblified! Except she doesn't realise it, and the others are trying to avoid her realising...","66":"Eric teaches kathrin to drive","67":"Continuation of Eric's “New” Twokind's : Alaric's Return strokes the fires of Basitin passion! co-written by Kathrin Vaughan","68":"Rose in her version of the Aladdin genie scene \"Phenomenal Cosmic Power....\"","69":"Kat giving a maternity massage to a pregnant Flora ","70":"Kathrin comforting a despondent Keith as they watch over Natani, who is suffering from the effects of having their mind link to Zen severed. (During the boat arc)","71":"One of the human girls from Two Kinds as a Sister of Battle from 40K","72":"Laura's burrowing instinct kicks in.  She goes into the woods and digs a foxhole/den.","73":"Keith as a sexy industrial worker, all sweaty and greasy, holding a big hammer in his hands.","74":"Fun Day: Roselyn and Young Raine going out for a picnic in the field and making a crown of flowers.","75":"Baywatch girls (wolf) Raine and Maren","76":"Red's week of Female Keidranification is over, only the collar left some \"unfortunate\" side effects from being left on for a week straight.","77":"Raine catching Kat staring at Zen's butt.","78":"Mike Ref sheet, for both male and female versions ","79":"Alaric signs himself and his fellow Generals up for a pole dancing class","80":"Keith dressed as \"Samurai Jack from the last season\" and natani dressed as \"ashi\" fighting Aku together","81":"Evals loses a bet and has to go on a date with Mike as Evalyn.  Except (s)he is totally into it."},"ExpectedBallots":156,"CountedBallots":156,"Ballots":["JFAO","MQEFNBCHDOJALKIPG","BFMEJAQ","KALJFHMNE","","JMNGHKQDELFPCABIO","A","DNQOFBEHKILMAJC","QNCJH","","QLINAH","O","DINQLFA","QFNAHKCMJ","BMEFC","NAECJKQMGLFBPHDOI","LAFNJB","QJOAIMGH","MPHJBKNAI","LAN","JEAFM","QHCAOILPEGM","B","ANQL","L","FBALOJGN","MPEFHJB","BKAEFLMCOJQIHDNPG","KMQO","FGKJELH","LFPBJQCKEADOIHMNG","MLPGCNDIEAFKBOJQH","FAILQHNJKMEBCOGPD","JDE","BMQE","FCAMQLIKBOH","EN","OIBQCELFJKNH","FEBM","LPBAIHCGMNJQDOEKF","LNQCOPIKMADBFH","KJGDFNE","M","GNJKOBPIQ","KGADFJQMICPOHBL","PIMLQJNBFDCHEGA","MAKFP","KPNE","J","OQKINCBMJH","KPIODJAFNMC","OFLCAMNIPHG","ALCIFKDBJGHPOEMQN","BKGNEMQ","EFM","MEFBHJP","LCN","CENLA","BM","HLA","QKADJMPLCN","LACGDKQFPJNMBEOHI","QHLNADKC","IKAHOC","HNJEF","FMBECQAILGHNOPDJK","HB","IFPC","OJKH","FIPCOK","","FCOHJKGLBINQPADE","BQNME","HGBOPC","QHNG","CHB","MHCFJB","IKBA","MNQ","JEABL","JLBIFHOKN","BHI","BGDMKJHAEPQLFINCO","QHALOMNBJKFIEDGCP","KFOEIM","GOAB","MFDEJBQHLAINPCKOG","CMBJ","H","QNMHL","OHFD","OKALJH","KDA","LEHPCO","MLDAK","","NJ","ABFMPO","HD","BFKEPQ","K","CBJHD","K","NIHAK","K","F","HFAKQB","JLEC","KB","HBDL","HJABG","NIKEOD","OHNI","OH","GKCM","INBD","OHPNL","DBQEL","MPBKNHJ","GBJH","HJD","BILJH","OHNBIAJCKELQPDG","LJGMOA","MBF","HMBG","FHNACOIJ","JHIDAO","AHKB","L","CQA","ALGFHPB","NAL","HOGB","DHO","FHBKGJ","HEC","OHA","JFDMQIBHANL","BA","HQF","IPOFGEBM","GKJMLON","BAON","HNJPOLEDGFQI","NKE","APDJ","CHDE","HLPMDAJ","LQDGKOBMHC","N","KH","BFHI","BIH","EJD","MKJGCBDHN"],"Placements":[[{"Id":66,"V":16,"NV":16,"TB":0},{"Id":72,"V":16,"NV":16,"TB":0},{"Id":77,"V":14,"NV":14,"TB":0},{"Id":75,"V":13,"NV":13,"TB":0},{"Id":76,"V":12,"NV":12,"TB":0},{"Id":79,"V":12,"NV":12,"TB":0},{"Id":70,"V":11,"NV":11,"TB":0},{"Id":74,"V":10,"NV":10,"TB":0},{"Id":81,"V":10,"NV":10,"TB":0},{"Id":65,"V":7,"NV":7,"TB":0},{"Id":78,"V":7,"NV":7,"TB":0},{"Id":67,"V":6,"NV":6,"TB":0},{"Id":71,"V":5,"NV":5,"TB":0},{"Id":73,"V":5,"NV":5,"TB":0},{"Id":68,"V":4,"NV":4,"TB":0},{"Id":69,"V":3,"NV":3,"TB":0},{"Id":80,"V":1,"NV":1,"TB":0}],[{"Id":66,"V":16,"NV":0,"TB":0},{"Id":72,"V":16,"NV":0,"TB":0},{"Id":77,"V":14,"NV":0,"TB":0},{"Id":75,"V":13,"NV":0,"TB":0},{"Id":76,"V":12,"NV":0,"TB":0},{"Id":79,"V":12,"NV":0,"TB":0},{"Id":70,"V":11,"NV":0,"TB":0},{"Id":74,"V":10,"NV":0,"TB":0},{"Id":81,"V":10,"NV":0,"TB":0},{"Id":65,"V":7,"NV":0,"TB":0},{"Id":78,"V":7,"NV":0,"TB":0},{"Id":67,"V":6,"NV":0,"TB":0},{"Id":73,"V":6,"NV":1,"TB":0},{"Id":71,"V":5,"NV":0,"TB":0},{"Id":68,"V":4,"NV":0,"TB":0},{"Id":69,"V":3,"NV":0,"TB":0}],[{"Id":66,"V":16,"NV":0,"TB":0},{"Id":72,"V":16,"NV":0,"TB":0},{"Id":77,"V":14,"NV":0,"TB":0},{"Id":75,"V":13,"NV":0,"TB":0},{"Id":70,"V":12,"NV":1,"TB":0},{"Id":76,"V":12,"NV":0,"TB":0},{"Id":79,"V":12,"NV":0,"TB":0},{"Id":74,"V":11,"NV":1,"TB":0},{"Id":81,"V":10,"NV":0,"TB":0},{"Id":78,"V":8,"NV":1,"TB":0},{"Id":65,"V":7,"NV":0,"TB":0},{"Id":67,"V":6,"NV":0,"TB":0},{"Id":73,"V":6,"NV":0,"TB":0},{"Id":71,"V":5,"NV":0,"TB":0},{"Id":68,"V":4,"NV":0,"TB":0}],[{"Id":66,"V":17,"NV":1,"TB":0},{"Id":72,"V":17,"NV":1,"TB":0},{"Id":77,"V":14,"NV":0,"TB":0},{"Id":75,"V":13,"NV":0,"TB":0},{"Id":70,"V":12,"NV":0,"TB":0},{"Id":76,"V":12,"NV":0,"TB":0},{"Id":79,"V":12,"NV":0,"TB":0},{"Id":74,"V":11,"NV":0,"TB":0},{"Id":81,"V":10,"NV":0,"TB":0},{"Id":78,"V":9,"NV":1,"TB":0},{"Id":65,"V":7,"NV":0,"TB":0},{"Id":73,"V":7,"NV":1,"TB":0},{"Id":67,"V":6,"NV":0,"TB":0},{"Id":71,"V":5,"NV":0,"TB":0}],[{"Id":66,"V":18,"NV":1,"TB":0},{"Id":72,"V":17,"NV":0,"TB":0},{"Id":75,"V":15,"NV":2,"TB":0},{"Id":77,"V":14,"NV":0,"TB":0},{"Id":79,"V":13,"NV":1,"TB":0},{"Id":70,"V":12,"NV":0,"TB":0},{"Id":76,"V":12,"NV":0,"TB":0},{"Id":74,"V":11,"NV":0,"TB":0},{"Id":78,"V":10,"NV":1,"TB":0},{"Id":81,"V":10,"NV":0,"TB":0},{"Id":65,"V":7,"NV":0,"TB":0},{"Id":73,"V":7,"NV":0,"TB":0},{"Id":67,"V":6,"NV":0,"TB":0}],[{"Id":66,"V":19,"NV":1,"TB":0},{"Id":72,"V":19,"NV":2,"TB":0},{"Id":75,"V":15,"NV":0,"TB":0},{"Id":77,"V":15,"NV":1,"TB":0},{"Id":79,"V":13,"NV":0,"TB":0},{"Id":70,"V":12,"NV":0,"TB":0},{"Id":76,"V":12,"NV":0,"TB":0},{"Id":74,"V":11,"NV":0,"TB":0},{"Id":78,"V":11,"NV":1,"TB":0},{"Id":81,"V":11,"NV":1,"TB":0},{"Id":73,"V":7,"NV":0,"TB":0},{"Id":65,"V":7,"NV":0,"TB":2}],[{"Id":66,"V":20,"NV":1,"TB":0},{"Id":72,"V":20,"NV":1,"TB":0},{"Id":75,"V":15,"NV":0,"TB":0},{"Id":77,"V":15,"NV":0,"TB":0},{"Id":76,"V":14,"NV":2,"TB":0},{"Id":79,"V":13,"NV":0,"TB":0},{"Id":70,"V":12,"NV":0,"TB":0},{"Id":74,"V":12,"NV":1,"TB":0},{"Id":78,"V":12,"NV":1,"TB":0},{"Id":81,"V":11,"NV":0,"TB":0},{"Id":73,"V":7,"NV":0,"TB":0}],[{"Id":66,"V":20,"NV":0,"TB":0},{"Id":72,"V":20,"NV":0,"TB":0},{"Id":75,"V":17,"NV":2,"TB":0},{"Id":77,"V":16,"NV":1,"TB":0},{"Id":76,"V":14,"NV":0,"TB":0},{"Id":78,"V":14,"NV":2,"TB":0},{"Id":79,"V":14,"NV":1,"TB":0},{"Id":70,"V":13,"NV":1,"TB":0},{"Id":74,"V":12,"NV":0,"TB":0},{"Id":81,"V":11,"NV":0,"TB":0}],[{"Id":72,"V":24,"NV":4,"TB":0},{"Id":66,"V":20,"NV":0,"TB":0},{"Id":75,"V":18,"NV":1,"TB":0},{"Id":77,"V":16,"NV":0,"TB":0},{"Id":78,"V":16,"NV":2,"TB":0},{"Id":76,"V":15,"NV":1,"TB":0},{"Id":70,"V":14,"NV":1,"TB":0},{"Id":79,"V":14,"NV":0,"TB":0},{"Id":74,"V":13,"NV":1,"TB":0}],[{"Id":72,"V":25,"NV":1,"TB":0},{"Id":66,"V":21,"NV":1,"TB":0},{"Id":75,"V":18,"NV":0,"TB":0},{"Id":70,"V":17,"NV":3,"TB":0},{"Id":76,"V":17,"NV":2,"TB":0},{"Id":77,"V":17,"NV":1,"TB":0},{"Id":78,"V":16,"NV":0,"TB":0},{"Id":79,"V":15,"NV":1,"TB":0}],[{"Id":72,"V":31,"NV":6,"TB":0},{"Id":66,"V":23,"NV":2,"TB":0},{"Id":75,"V":21,"NV":3,"TB":0},{"Id":70,"V":19,"NV":2,"TB":0},{"Id":77,"V":18,"NV":1,"TB":0},{"Id":76,"V":17,"NV":0,"TB":0},{"Id":78,"V":16,"NV":0,"TB":0}],[{"Id":72,"V":33,"NV":2,"TB":0},{"Id":75,"V":25,"NV":4,"TB":0},{"Id":66,"V":24,"NV":1,"TB":0},{"Id":76,"V":21,"NV":4,"TB":0},{"Id":70,"V":20,"NV":1,"TB":0},{"Id":77,"V":19,"NV":1,"TB":0}],[{"Id":72,"V":38,"NV":5,"TB":0},{"Id":66,"V":27,"NV":3,"TB":0},{"Id":75,"V":27,"NV":2,"TB":0},{"Id":76,"V":24,"NV":3,"TB":0},{"Id":70,"V":24,"NV":4,"TB":2}],[{"Id":72,"V":43,"NV":5,"TB":0},{"Id":66,"V":36,"NV":9,"TB":0},{"Id":75,"V":29,"NV":2,"TB":0},{"Id":76,"V":27,"NV":3,"TB":0}],[{"Id":72,"V":48,"NV":5,"TB":0},{"Id":66,"V":41,"NV":5,"TB":0},{"Id":75,"V":36,"NV":7,"TB":0}],[{"Id":72,"V":55,"NV":7,"TB":0},{"Id":66,"V":53,"NV":12,"TB":0}],[{"Id":72,"V":84,"NV":29,"TB":0}]],"Expires":1552871889,"SecondsLeft":0}