{"Mtype":"results","Title":"Round3","PollStarted":"2019-07-14T21:32:36.610719273Z","PollDuration":300000000000,"Options":{"65":"Kat makes Sythe new diplomat clothes. Maren likes his cleaned up appearance, but refuses to admit it.","66":"Keith just bought a motorcycle to try to be more of a bad boy to Natani, who's outwardly not impressed but secretly falling in love","67":"Drunk Natani sticking out the top of a party limo with a bottle of whiskey.","68":"Alice Reed tries on new summertime guard armor.  It must be very protective, because there's hardly anything to it.","69":"Keith, epic warrior and ambassador ","70":"The Twokinds tv show runs out of special effects budget and has to put in shameless out of place product placement.","71":"World War II pin-up Maren as sexy French maquis Resistance freedom fighter","72":"A tigress noble joins two male human cartographers map out the Tiger territory, similar to Lewis and Clark with Sacajawea.","73":"Maeve making clock poses with her arms.","74":"Colin and Sam Potts find themselves unexpectedly trading species. Colin is confused and flustered, especially as Sam gets into it.","75":"Cathleen teaching young Keith how to fight with a spear Western Basitin style","76":"Raine/Rose AU: Saria and Rose take young Raine to a library for the first time.","77":"Flora's Dating Service: In an attempt to beat Natani's blunt service, Flora tries to get Kathrin a date and introduces Kat to Raine. Flora isn't very tactful.","78":"Nora teasing Tiger Trace and Flora"},"ExpectedBallots":53,"CountedBallots":53,"Ballots":["MCKNDLEHBAGIJF","NHGBLAFECDIMKJ","CF","LJ","A","K","AJKDFGECNIMLHB","LMFIGABC","JH","AJD","I","HJAL","JN","CGHJDALIKMBFNE","DF","IEDKHC","MB","CBFDN","JFACGMDBLKENIH","CAHLFEBJI","DGKLAJMHBC","HLN","JNH","HDB","KHAJ","AJNDMIKCHLGEFB","JFCIBA","JE","DAGFH","N","NMHD","GBLHEJ","FHGAID","KEIFBCLANM","MANHFLGDJKBCIE","BHGD","FBCEH","IFNEDCBJLMAKHG","A","LHGEJ","DKB","N","KJCADELNGMIHB","HJKEDLCMBINGFA","EMGFN","NLAGJMKIEHD","MG","HNM","MJCGBLIKA","ADLNJK","GJFLNH","AIM","EIM"],"Placements":[[{"Id":65,"V":7,"NV":7,"TB":0},{"Id":74,"V":6,"NV":6,"TB":0},{"Id":72,"V":5,"NV":5,"TB":0},{"Id":77,"V":5,"NV":5,"TB":0},{"Id":78,"V":5,"NV":5,"TB":0},{"Id":67,"V":4,"NV":4,"TB":0},{"Id":68,"V":4,"NV":4,"TB":0},{"Id":75,"V":4,"NV":4,"TB":0},{"Id":73,"V":3,"NV":3,"TB":0},{"Id":76,"V":3,"NV":3,"TB":0},{"Id":69,"V":2,"NV":2,"TB":0},{"Id":70,"V":2,"NV":2,"TB":0},{"Id":71,"V":2,"NV":2,"TB":0},{"Id":66,"V":1,"NV":1,"TB":0}],[{"Id":65,"V":7,"NV":0,"TB":0},{"Id":72,"V":6,"NV":1,"TB":0},{"Id":74,"V":6,"NV":0,"TB":0},{"Id":77,"V":5,"NV":0,"TB":0},{"Id":78,"V":5,"NV":0,"TB":0},{"Id":67,"V":4,"NV":0,"TB":0},{"Id":68,"V":4,"NV":0,"TB":0},{"Id":75,"V":4,"NV":0,"TB":0},{"Id":73,"V":3,"NV":0,"TB":0},{"Id":76,"V":3,"NV":0,"TB":0},{"Id":70,"V":2,"NV":0,"TB":0},{"Id":71,"V":2,"NV":0,"TB":0},{"Id":69,"V":2,"NV":0,"TB":3}],[{"Id":65,"V":7,"NV":0,"TB":0},{"Id":72,"V":6,"NV":0,"TB":0},{"Id":74,"V":6,"NV":0,"TB":0},{"Id":77,"V":6,"NV":1,"TB":0},{"Id":78,"V":5,"NV":0,"TB":0},{"Id":67,"V":4,"NV":0,"TB":0},{"Id":68,"V":4,"NV":0,"TB":0},{"Id":73,"V":4,"NV":1,"TB":0},{"Id":75,"V":4,"NV":0,"TB":0},{"Id":76,"V":3,"NV":0,"TB":0},{"Id":70,"V":2,"NV":0,"TB":0},{"Id":71,"V":2,"NV":0,"TB":1}],[{"Id":65,"V":7,"NV":0,"TB":0},{"Id":74,"V":7,"NV":1,"TB":0},{"Id":72,"V":6,"NV":0,"TB":0},{"Id":77,"V":6,"NV":0,"TB":0},{"Id":78,"V":5,"NV":0,"TB":0},{"Id":67,"V":4,"NV":0,"TB":0},{"Id":68,"V":4,"NV":0,"TB":0},{"Id":73,"V":4,"NV":0,"TB":0},{"Id":75,"V":4,"NV":0,"TB":0},{"Id":76,"V":4,"NV":1,"TB":0},{"Id":70,"V":2,"NV":0,"TB":0}],[{"Id":65,"V":7,"NV":0,"TB":0},{"Id":72,"V":7,"NV":1,"TB":0},{"Id":74,"V":7,"NV":0,"TB":0},{"Id":77,"V":6,"NV":0,"TB":0},{"Id":67,"V":5,"NV":1,"TB":0},{"Id":78,"V":5,"NV":0,"TB":0},{"Id":68,"V":4,"NV":0,"TB":0},{"Id":73,"V":4,"NV":0,"TB":0},{"Id":76,"V":4,"NV":0,"TB":0},{"Id":75,"V":4,"NV":0,"TB":2}],[{"Id":72,"V":8,"NV":1,"TB":0},{"Id":74,"V":8,"NV":1,"TB":0},{"Id":65,"V":7,"NV":0,"TB":0},{"Id":77,"V":6,"NV":0,"TB":0},{"Id":67,"V":5,"NV":0,"TB":0},{"Id":73,"V":5,"NV":1,"TB":0},{"Id":78,"V":5,"NV":0,"TB":0},{"Id":68,"V":4,"NV":0,"TB":0},{"Id":76,"V":4,"NV":0,"TB":1}],[{"Id":72,"V":10,"NV":2,"TB":0},{"Id":74,"V":9,"NV":1,"TB":0},{"Id":65,"V":7,"NV":0,"TB":0},{"Id":77,"V":7,"NV":1,"TB":0},{"Id":67,"V":5,"NV":0,"TB":0},{"Id":73,"V":5,"NV":0,"TB":0},{"Id":78,"V":5,"NV":0,"TB":0},{"Id":68,"V":4,"NV":0,"TB":0}],[{"Id":72,"V":10,"NV":0,"TB":0},{"Id":65,"V":9,"NV":2,"TB":0},{"Id":74,"V":9,"NV":0,"TB":0},{"Id":77,"V":7,"NV":0,"TB":0},{"Id":67,"V":5,"NV":0,"TB":0},{"Id":78,"V":5,"NV":0,"TB":0},{"Id":73,"V":5,"NV":0,"TB":2}],[{"Id":72,"V":11,"NV":1,"TB":0},{"Id":65,"V":9,"NV":0,"TB":0},{"Id":74,"V":9,"NV":0,"TB":0},{"Id":77,"V":8,"NV":1,"TB":0},{"Id":67,"V":6,"NV":1,"TB":0},{"Id":78,"V":6,"NV":1,"TB":1}],[{"Id":72,"V":12,"NV":1,"TB":0},{"Id":65,"V":10,"NV":1,"TB":0},{"Id":74,"V":9,"NV":0,"TB":0},{"Id":77,"V":9,"NV":1,"TB":0},{"Id":67,"V":7,"NV":1,"TB":0}],[{"Id":72,"V":14,"NV":2,"TB":0},{"Id":65,"V":12,"NV":2,"TB":0},{"Id":74,"V":10,"NV":1,"TB":0},{"Id":77,"V":9,"NV":0,"TB":0}],[{"Id":72,"V":16,"NV":2,"TB":0},{"Id":65,"V":14,"NV":2,"TB":0},{"Id":74,"V":11,"NV":1,"TB":0}],[{"Id":65,"V":19,"NV":5,"TB":0},{"Id":72,"V":19,"NV":3,"TB":1}],[{"Id":65,"V":26,"NV":7,"TB":0}]],"Expires":1563140555,"SecondsLeft":0}