{"Mtype":"results","Title":"Round 3","PollStarted":"2019-03-17T22:21:49.860636787Z","PollDuration":600000000000,"Options":{"65":"“Nora’s Fantasy” but ‘Human’ Nora","66":"Iris, Aerith, and Therie play strip poker with some of the guards (and Eric) and they keep winning. They won’t stop until they find out if they have tails or not.","67":"Redux of Trace transforming Mary into a Keidran","68":"Laura Reference Sheet","69":"Older Maeve and Maddie share their first kiss. Maddie gets very flustered afterwards. ","70":"Raine as The Wheel of Fortune (tarot #10)","71":"Keith, Alaric, and Basitin Trace drink way too much on St. Patrick's Day","72":"(Young and adorable) Flora, Keith and Trace playing together in a more peaceful AU","73":"For Eric's misdeeds a horde of his \"victims\" led by Rambo Flora descend upon him brandishing baguettes.","74":"Nora teaching Reni on how to win over a human heart and Red blurts out how Nora never won over Trace, embarrassing Nora.","75":"Body Swap - Flora, in Trace's body, playing with the baby, to the dismay of Trace in her body!","76":"Flora Reference Sheet","77":"Eris is just about to creat frankenstein's monster as evil trace comes over and is stared at by the monster awakened to life","78":"FemKeith uses her chest bandages to banish Keith to the pocket dimension.","79":"WWII Pin Up : Tigress Trace Wearing a US Army Air force dress Uniform Sitting on the Wings of the P-40 While her likeness  is being painted on the plane for good luck.","80":"A re-draw of the sketch where Natani tastes basitin ice cream","81":"Nibs made a good advertisement for Kathrin's clothes. And now Kat has a new client human Nora."},"ExpectedBallots":166,"CountedBallots":165,"Ballots":["EF","APEJBN","D","QJAP","C","NKAQJOE","BPJFGIDHKOALQ","JPLDEABFNO","BAQPGIEC","PGN","PGEQIHJKNL","NBCI","","Q","D","CO","IDEJFNQPHMLC","NILCO","CNQJM","KLOEGFIH","BCQAEDGHJ","EQANOLDBCI","KQNHC","LBD","JHCGAQF","CFEHQBGAPIOMJ","BAEPI","DGNCEHLBKI","JG","CBNMOGJIFAPQDKELH","KEFOCJ","ELDCJF","JAPCFIQEGB","EPC","PFNGCO","POEDLN","PLDHGC","KHCPINBQJOEAGLFMD","CIPBOJFNG","FPNIMJ","OCLNABGMEPKIHJFDQ","PNQEBIJAKCDLMGHFO","QCP","LPIJH","J","BLQG","B","GPHDB","QCGJMENHPABOIKLDF","DCGNEKLIBJ","LD","OP","BAQCHLIJOEGKNDMFP","FOHCKMEBGI","BJOL","FE","OKDLN","AGPQNIHMBCEFOJKD","GFOHCE","PAED","FEGDH","ODLMJC","DOPL","ADFJ","JE","CBGANMIOQEJKFLPDH","E","KJICFGE","ODINL","BE","FCQB","COFH","MBLDNJCGKQIPHFOEA","DMBEA","FQHBCEPDLAMNKIOJG","EQJ","QEJG","HEPCNDJIMLB","PNLKQ","JDALO","POLE","BDL","DA","DHINFL","D","JDQN","DHFL","QAJCEPBDLOFGINKHM","D","AQFG","DE","IQ","BKQAPN","DF","ADL","F","F","MQDPC","GHC","HDE","","AJD","QHD","EB","DNKFQ","LEDHOJQBGACKFIMPN","DCL","F","EDBQJGCFPAHLIMONK","CDLO","CHFB","IDLFBO","IDL","EJQFGCMA","DOL","DC","GNEFDQPOCIKMBAHL","DLCBE","JDAL","DK","DIEL","DOML","GFNJIP","ADG","KPNHE","CLGJHAKEIPQMBDO","CDEQFH","GFKDHO","DNF","ADL","DJ","DLC","FDQCBHL","DBGEF","DKGLJQ","LH","DEI","D","IPD","BCOQ","P","","BE","IDELB","OP","NPB","LDEHQANKC","DLOQMCG","DLOH","DJPMCG","JFQHI","KDFL","DH","DJILF","DLCJG","CLOD","DNEAL","PDH","DQHCF","OGLDCBF","DLAQO","ODEC","DO","OHFEDLGQCB","DLCPEJGOBFKAHQI"],"Placements":[[{"Id":68,"V":39,"NV":39,"TB":0},{"Id":66,"V":13,"NV":13,"TB":0},{"Id":67,"V":13,"NV":13,"TB":0},{"Id":80,"V":11,"NV":11,"TB":0},{"Id":70,"V":10,"NV":10,"TB":0},{"Id":74,"V":10,"NV":10,"TB":0},{"Id":69,"V":9,"NV":9,"TB":0},{"Id":79,"V":9,"NV":9,"TB":0},{"Id":65,"V":8,"NV":8,"TB":0},{"Id":75,"V":7,"NV":7,"TB":0},{"Id":81,"V":7,"NV":7,"TB":0},{"Id":71,"V":6,"NV":6,"TB":0},{"Id":73,"V":6,"NV":6,"TB":0},{"Id":76,"V":6,"NV":6,"TB":0},{"Id":78,"V":4,"NV":4,"TB":0},{"Id":72,"V":2,"NV":2,"TB":0},{"Id":77,"V":2,"NV":2,"TB":1}],[{"Id":68,"V":39,"NV":0,"TB":0},{"Id":66,"V":14,"NV":1,"TB":0},{"Id":67,"V":13,"NV":0,"TB":0},{"Id":80,"V":11,"NV":0,"TB":0},{"Id":70,"V":10,"NV":0,"TB":0},{"Id":74,"V":10,"NV":0,"TB":0},{"Id":69,"V":9,"NV":0,"TB":0},{"Id":79,"V":9,"NV":0,"TB":0},{"Id":65,"V":8,"NV":0,"TB":0},{"Id":81,"V":8,"NV":1,"TB":0},{"Id":75,"V":7,"NV":0,"TB":0},{"Id":71,"V":6,"NV":0,"TB":0},{"Id":73,"V":6,"NV":0,"TB":0},{"Id":76,"V":6,"NV":0,"TB":0},{"Id":78,"V":4,"NV":0,"TB":0},{"Id":72,"V":2,"NV":0,"TB":0}],[{"Id":68,"V":40,"NV":1,"TB":0},{"Id":66,"V":14,"NV":0,"TB":0},{"Id":67,"V":13,"NV":0,"TB":0},{"Id":80,"V":11,"NV":0,"TB":0},{"Id":69,"V":10,"NV":1,"TB":0},{"Id":70,"V":10,"NV":0,"TB":0},{"Id":74,"V":10,"NV":0,"TB":0},{"Id":79,"V":9,"NV":0,"TB":0},{"Id":65,"V":8,"NV":0,"TB":0},{"Id":81,"V":8,"NV":0,"TB":0},{"Id":75,"V":7,"NV":0,"TB":0},{"Id":71,"V":6,"NV":0,"TB":0},{"Id":73,"V":6,"NV":0,"TB":0},{"Id":76,"V":6,"NV":0,"TB":0},{"Id":78,"V":4,"NV":0,"TB":0}],[{"Id":68,"V":40,"NV":0,"TB":0},{"Id":66,"V":15,"NV":1,"TB":0},{"Id":67,"V":13,"NV":0,"TB":0},{"Id":80,"V":12,"NV":1,"TB":0},{"Id":69,"V":10,"NV":0,"TB":0},{"Id":70,"V":10,"NV":0,"TB":0},{"Id":74,"V":10,"NV":0,"TB":0},{"Id":79,"V":9,"NV":0,"TB":0},{"Id":65,"V":8,"NV":0,"TB":0},{"Id":75,"V":8,"NV":1,"TB":0},{"Id":81,"V":8,"NV":0,"TB":0},{"Id":73,"V":7,"NV":1,"TB":0},{"Id":76,"V":6,"NV":0,"TB":0},{"Id":71,"V":6,"NV":0,"TB":2}],[{"Id":68,"V":40,"NV":0,"TB":0},{"Id":66,"V":15,"NV":0,"TB":0},{"Id":67,"V":14,"NV":1,"TB":0},{"Id":70,"V":13,"NV":3,"TB":0},{"Id":80,"V":13,"NV":1,"TB":0},{"Id":69,"V":11,"NV":1,"TB":0},{"Id":74,"V":10,"NV":0,"TB":0},{"Id":79,"V":9,"NV":0,"TB":0},{"Id":65,"V":8,"NV":0,"TB":0},{"Id":75,"V":8,"NV":0,"TB":0},{"Id":81,"V":8,"NV":0,"TB":0},{"Id":73,"V":7,"NV":0,"TB":0},{"Id":76,"V":6,"NV":0,"TB":0}],[{"Id":68,"V":42,"NV":2,"TB":0},{"Id":66,"V":16,"NV":1,"TB":0},{"Id":67,"V":14,"NV":0,"TB":0},{"Id":80,"V":14,"NV":1,"TB":0},{"Id":70,"V":13,"NV":0,"TB":0},{"Id":69,"V":12,"NV":1,"TB":0},{"Id":74,"V":10,"NV":0,"TB":0},{"Id":79,"V":9,"NV":0,"TB":0},{"Id":65,"V":8,"NV":0,"TB":0},{"Id":75,"V":8,"NV":0,"TB":0},{"Id":81,"V":8,"NV":0,"TB":0},{"Id":73,"V":7,"NV":0,"TB":0}],[{"Id":68,"V":46,"NV":4,"TB":0},{"Id":66,"V":16,"NV":0,"TB":0},{"Id":67,"V":15,"NV":1,"TB":0},{"Id":80,"V":15,"NV":1,"TB":0},{"Id":70,"V":13,"NV":0,"TB":0},{"Id":69,"V":12,"NV":0,"TB":0},{"Id":74,"V":10,"NV":0,"TB":0},{"Id":79,"V":9,"NV":0,"TB":0},{"Id":81,"V":9,"NV":1,"TB":0},{"Id":65,"V":8,"NV":0,"TB":0},{"Id":75,"V":8,"NV":0,"TB":1}],[{"Id":68,"V":47,"NV":1,"TB":0},{"Id":66,"V":16,"NV":0,"TB":0},{"Id":67,"V":16,"NV":1,"TB":0},{"Id":80,"V":16,"NV":1,"TB":0},{"Id":69,"V":13,"NV":1,"TB":0},{"Id":70,"V":13,"NV":0,"TB":0},{"Id":74,"V":11,"NV":1,"TB":0},{"Id":79,"V":10,"NV":1,"TB":0},{"Id":81,"V":10,"NV":1,"TB":0},{"Id":65,"V":9,"NV":1,"TB":0}],[{"Id":68,"V":51,"NV":4,"TB":0},{"Id":80,"V":18,"NV":2,"TB":0},{"Id":66,"V":16,"NV":0,"TB":0},{"Id":67,"V":16,"NV":0,"TB":0},{"Id":69,"V":13,"NV":0,"TB":0},{"Id":70,"V":13,"NV":0,"TB":0},{"Id":74,"V":12,"NV":1,"TB":0},{"Id":81,"V":12,"NV":2,"TB":0},{"Id":79,"V":10,"NV":0,"TB":0}],[{"Id":68,"V":56,"NV":5,"TB":0},{"Id":80,"V":20,"NV":2,"TB":0},{"Id":67,"V":17,"NV":1,"TB":0},{"Id":66,"V":16,"NV":0,"TB":0},{"Id":69,"V":14,"NV":1,"TB":0},{"Id":70,"V":14,"NV":1,"TB":0},{"Id":81,"V":12,"NV":0,"TB":0},{"Id":74,"V":12,"NV":0,"TB":2}],[{"Id":68,"V":60,"NV":4,"TB":0},{"Id":80,"V":22,"NV":2,"TB":0},{"Id":67,"V":19,"NV":2,"TB":0},{"Id":66,"V":16,"NV":0,"TB":0},{"Id":69,"V":15,"NV":1,"TB":0},{"Id":70,"V":15,"NV":1,"TB":0},{"Id":81,"V":12,"NV":0,"TB":0}],[{"Id":68,"V":62,"NV":2,"TB":0},{"Id":67,"V":23,"NV":4,"TB":0},{"Id":80,"V":23,"NV":1,"TB":0},{"Id":69,"V":17,"NV":2,"TB":0},{"Id":70,"V":16,"NV":1,"TB":0},{"Id":66,"V":16,"NV":0,"TB":2}],[{"Id":68,"V":65,"NV":3,"TB":0},{"Id":67,"V":27,"NV":4,"TB":0},{"Id":80,"V":26,"NV":3,"TB":0},{"Id":69,"V":20,"NV":3,"TB":0},{"Id":70,"V":16,"NV":0,"TB":0}],[{"Id":68,"V":67,"NV":2,"TB":0},{"Id":67,"V":31,"NV":4,"TB":0},{"Id":80,"V":28,"NV":2,"TB":0},{"Id":69,"V":23,"NV":3,"TB":0}],[{"Id":68,"V":74,"NV":7,"TB":0},{"Id":67,"V":33,"NV":2,"TB":0},{"Id":80,"V":31,"NV":3,"TB":0}],[{"Id":68,"V":82,"NV":8,"TB":0},{"Id":67,"V":40,"NV":7,"TB":0}],[{"Id":68,"V":98,"NV":16,"TB":0}]],"Expires":1552862518,"SecondsLeft":0}