{"Mtype":"results","Title":"Round 7","PollStarted":"2019-05-06T01:32:21.199622203Z","PollDuration":600000000000,"Options":{"65":"Trace Reference Sheet","66":"Clovis has been made a slave and ends up as a model for Eric","67":"Steampunk Natani","68":"Basitan Island arc \"What if\": Flora actually fights the guards holding them on Eric's ship... and somehow incapacitates them all. Everyone is baffled, including Flora and the guards.","69":"Smug Nibbles anthro version","70":"Wolf Raine, proudly howling and fully embracing herself as a wolf ","71":"Maren the ultra-judgemental genie.","72":"Deltarune! Maddie as Kris, Karen as Susie and Maeve as Ralsei","73":"Kat pressing her hands and chest up against a window (or the viewer's screen), with a happy or shy expression.","74":"Mike doing the fox dive into snow.","75":"Roselyn and The Guardian relaxing on a beach on their day off","76":"Laura World Order. What if Laura was Grand Templar instead of Trace?","77":"Kat in a cute Easter bunny costume","78":"The first time Rose figured out she could shapeshift","79":"WWII: Tigress Trace wearing a US Army Air Force Dress Uniform","80":"Keith and Natani get turned human while entering a fancy hot tub at the manor after ignoring the Humans Only pictograph sign with the odd symbols around it.","81":"Shelter From Heavy Rainfall","82":"Twokinds Stargate SG-1 (Trace as O’Neill, Flora as Carter, Keith as Jackson, Natani as Teal’c)","83":"Human Natani and tiger Keith"},"ExpectedBallots":36,"CountedBallots":36,"Ballots":["PDIRN","JEC","AIGEBDH","IPK","ANM","PJCINKAMEBFOLGDS","PLBKNIFDSEJCGOMRAQH","FCIPNGMHJBQKOLD","IGL","BSJPCQRGENKADFMIOLH","AEJPKFMC","GELNCMIFJBAKD","GJIFHDMCLKEPSNOA","BNKECF","BPSID","P","EJANPFSGLCRBDIKHOMQ","AOMPSNI","JANOBQF","PGINSM","BIPFJNMSAODGCEKRLQH","LDG","QLGRBO","JCE","LOEKI","PDFNKSJIGA","APNSIL","IMECGNRBHLDOAFPKJQ","LJ","BKECJNPFADGI","BJGF","NKFDMA","SPCALFI","SIBOE","AD","RFACHDSGIMLBOQKJPNE"],"Placements":[[{"Id":65,"V":6,"NV":6,"TB":0},{"Id":66,"V":6,"NV":6,"TB":0},{"Id":80,"V":6,"NV":6,"TB":0},{"Id":73,"V":3,"NV":3,"TB":0},{"Id":74,"V":3,"NV":3,"TB":0},{"Id":76,"V":3,"NV":3,"TB":0},{"Id":71,"V":2,"NV":2,"TB":0},{"Id":83,"V":2,"NV":2,"TB":0},{"Id":69,"V":1,"NV":1,"TB":0},{"Id":70,"V":1,"NV":1,"TB":0},{"Id":78,"V":1,"NV":1,"TB":0},{"Id":81,"V":1,"NV":1,"TB":0},{"Id":82,"V":1,"NV":1,"TB":0},{"Id":67,"V":0,"NV":0,"TB":0},{"Id":68,"V":0,"NV":0,"TB":0},{"Id":72,"V":0,"NV":0,"TB":0},{"Id":77,"V":0,"NV":0,"TB":0},{"Id":79,"V":0,"NV":0,"TB":0},{"Id":75,"V":0,"NV":0,"TB":3}],[{"Id":65,"V":6,"NV":0,"TB":0},{"Id":66,"V":6,"NV":0,"TB":0},{"Id":80,"V":6,"NV":0,"TB":0},{"Id":73,"V":3,"NV":0,"TB":0},{"Id":74,"V":3,"NV":0,"TB":0},{"Id":76,"V":3,"NV":0,"TB":0},{"Id":71,"V":2,"NV":0,"TB":0},{"Id":83,"V":2,"NV":0,"TB":0},{"Id":69,"V":1,"NV":0,"TB":0},{"Id":70,"V":1,"NV":0,"TB":0},{"Id":78,"V":1,"NV":0,"TB":0},{"Id":81,"V":1,"NV":0,"TB":0},{"Id":82,"V":1,"NV":0,"TB":0},{"Id":67,"V":0,"NV":0,"TB":0},{"Id":68,"V":0,"NV":0,"TB":0},{"Id":72,"V":0,"NV":0,"TB":0},{"Id":77,"V":0,"NV":0,"TB":0},{"Id":79,"V":0,"NV":0,"TB":1}],[{"Id":65,"V":6,"NV":0,"TB":0},{"Id":66,"V":6,"NV":0,"TB":0},{"Id":80,"V":6,"NV":0,"TB":0},{"Id":73,"V":3,"NV":0,"TB":0},{"Id":74,"V":3,"NV":0,"TB":0},{"Id":76,"V":3,"NV":0,"TB":0},{"Id":71,"V":2,"NV":0,"TB":0},{"Id":83,"V":2,"NV":0,"TB":0},{"Id":69,"V":1,"NV":0,"TB":0},{"Id":70,"V":1,"NV":0,"TB":0},{"Id":78,"V":1,"NV":0,"TB":0},{"Id":81,"V":1,"NV":0,"TB":0},{"Id":82,"V":1,"NV":0,"TB":0},{"Id":68,"V":0,"NV":0,"TB":0},{"Id":72,"V":0,"NV":0,"TB":0},{"Id":77,"V":0,"NV":0,"TB":0},{"Id":67,"V":0,"NV":0,"TB":4}],[{"Id":65,"V":6,"NV":0,"TB":0},{"Id":66,"V":6,"NV":0,"TB":0},{"Id":80,"V":6,"NV":0,"TB":0},{"Id":73,"V":3,"NV":0,"TB":0},{"Id":74,"V":3,"NV":0,"TB":0},{"Id":76,"V":3,"NV":0,"TB":0},{"Id":71,"V":2,"NV":0,"TB":0},{"Id":83,"V":2,"NV":0,"TB":0},{"Id":69,"V":1,"NV":0,"TB":0},{"Id":70,"V":1,"NV":0,"TB":0},{"Id":78,"V":1,"NV":0,"TB":0},{"Id":81,"V":1,"NV":0,"TB":0},{"Id":82,"V":1,"NV":0,"TB":0},{"Id":72,"V":0,"NV":0,"TB":0},{"Id":77,"V":0,"NV":0,"TB":0},{"Id":68,"V":0,"NV":0,"TB":3}],[{"Id":65,"V":6,"NV":0,"TB":0},{"Id":66,"V":6,"NV":0,"TB":0},{"Id":80,"V":6,"NV":0,"TB":0},{"Id":73,"V":3,"NV":0,"TB":0},{"Id":74,"V":3,"NV":0,"TB":0},{"Id":76,"V":3,"NV":0,"TB":0},{"Id":71,"V":2,"NV":0,"TB":0},{"Id":83,"V":2,"NV":0,"TB":0},{"Id":69,"V":1,"NV":0,"TB":0},{"Id":70,"V":1,"NV":0,"TB":0},{"Id":78,"V":1,"NV":0,"TB":0},{"Id":81,"V":1,"NV":0,"TB":0},{"Id":82,"V":1,"NV":0,"TB":0},{"Id":72,"V":0,"NV":0,"TB":0},{"Id":77,"V":0,"NV":0,"TB":1}],[{"Id":65,"V":6,"NV":0,"TB":0},{"Id":66,"V":6,"NV":0,"TB":0},{"Id":80,"V":6,"NV":0,"TB":0},{"Id":73,"V":3,"NV":0,"TB":0},{"Id":74,"V":3,"NV":0,"TB":0},{"Id":76,"V":3,"NV":0,"TB":0},{"Id":71,"V":2,"NV":0,"TB":0},{"Id":83,"V":2,"NV":0,"TB":0},{"Id":69,"V":1,"NV":0,"TB":0},{"Id":70,"V":1,"NV":0,"TB":0},{"Id":78,"V":1,"NV":0,"TB":0},{"Id":81,"V":1,"NV":0,"TB":0},{"Id":82,"V":1,"NV":0,"TB":0},{"Id":72,"V":0,"NV":0,"TB":0}],[{"Id":65,"V":6,"NV":0,"TB":0},{"Id":66,"V":6,"NV":0,"TB":0},{"Id":80,"V":6,"NV":0,"TB":0},{"Id":73,"V":3,"NV":0,"TB":0},{"Id":74,"V":3,"NV":0,"TB":0},{"Id":76,"V":3,"NV":0,"TB":0},{"Id":71,"V":2,"NV":0,"TB":0},{"Id":83,"V":2,"NV":0,"TB":0},{"Id":69,"V":1,"NV":0,"TB":0},{"Id":70,"V":1,"NV":0,"TB":0},{"Id":78,"V":1,"NV":0,"TB":0},{"Id":81,"V":1,"NV":0,"TB":0},{"Id":82,"V":1,"NV":0,"TB":1}],[{"Id":65,"V":6,"NV":0,"TB":0},{"Id":66,"V":6,"NV":0,"TB":0},{"Id":80,"V":6,"NV":0,"TB":0},{"Id":73,"V":3,"NV":0,"TB":0},{"Id":74,"V":3,"NV":0,"TB":0},{"Id":76,"V":3,"NV":0,"TB":0},{"Id":70,"V":2,"NV":1,"TB":0},{"Id":71,"V":2,"NV":0,"TB":0},{"Id":83,"V":2,"NV":0,"TB":0},{"Id":69,"V":1,"NV":0,"TB":0},{"Id":78,"V":1,"NV":0,"TB":0},{"Id":81,"V":1,"NV":0,"TB":1}],[{"Id":65,"V":6,"NV":0,"TB":0},{"Id":66,"V":6,"NV":0,"TB":0},{"Id":80,"V":6,"NV":0,"TB":0},{"Id":76,"V":4,"NV":1,"TB":0},{"Id":73,"V":3,"NV":0,"TB":0},{"Id":74,"V":3,"NV":0,"TB":0},{"Id":70,"V":2,"NV":0,"TB":0},{"Id":71,"V":2,"NV":0,"TB":0},{"Id":83,"V":2,"NV":0,"TB":0},{"Id":78,"V":1,"NV":0,"TB":0},{"Id":69,"V":1,"NV":0,"TB":2}],[{"Id":65,"V":6,"NV":0,"TB":0},{"Id":66,"V":6,"NV":0,"TB":0},{"Id":80,"V":6,"NV":0,"TB":0},{"Id":74,"V":4,"NV":1,"TB":0},{"Id":76,"V":4,"NV":0,"TB":0},{"Id":73,"V":3,"NV":0,"TB":0},{"Id":70,"V":2,"NV":0,"TB":0},{"Id":71,"V":2,"NV":0,"TB":0},{"Id":83,"V":2,"NV":0,"TB":0},{"Id":78,"V":1,"NV":0,"TB":0}],[{"Id":65,"V":6,"NV":0,"TB":0},{"Id":66,"V":6,"NV":0,"TB":0},{"Id":80,"V":6,"NV":0,"TB":0},{"Id":74,"V":4,"NV":0,"TB":0},{"Id":76,"V":4,"NV":0,"TB":0},{"Id":70,"V":3,"NV":1,"TB":0},{"Id":73,"V":3,"NV":0,"TB":0},{"Id":83,"V":2,"NV":0,"TB":0},{"Id":71,"V":2,"NV":0,"TB":2}],[{"Id":65,"V":6,"NV":0,"TB":0},{"Id":66,"V":6,"NV":0,"TB":0},{"Id":80,"V":6,"NV":0,"TB":0},{"Id":74,"V":5,"NV":1,"TB":0},{"Id":76,"V":5,"NV":1,"TB":0},{"Id":70,"V":3,"NV":0,"TB":0},{"Id":73,"V":3,"NV":0,"TB":0},{"Id":83,"V":2,"NV":0,"TB":0}],[{"Id":80,"V":7,"NV":1,"TB":0},{"Id":65,"V":6,"NV":0,"TB":0},{"Id":66,"V":6,"NV":0,"TB":0},{"Id":74,"V":5,"NV":0,"TB":0},{"Id":76,"V":5,"NV":0,"TB":0},{"Id":73,"V":4,"NV":1,"TB":0},{"Id":70,"V":3,"NV":0,"TB":0}],[{"Id":65,"V":8,"NV":2,"TB":0},{"Id":80,"V":7,"NV":0,"TB":0},{"Id":66,"V":6,"NV":0,"TB":0},{"Id":73,"V":5,"NV":1,"TB":0},{"Id":74,"V":5,"NV":0,"TB":0},{"Id":76,"V":5,"NV":0,"TB":1}],[{"Id":65,"V":8,"NV":0,"TB":0},{"Id":66,"V":7,"NV":1,"TB":0},{"Id":73,"V":7,"NV":2,"TB":0},{"Id":80,"V":7,"NV":0,"TB":0},{"Id":74,"V":6,"NV":1,"TB":0}],[{"Id":65,"V":10,"NV":2,"TB":0},{"Id":73,"V":8,"NV":1,"TB":0},{"Id":80,"V":7,"NV":0,"TB":0},{"Id":66,"V":7,"NV":0,"TB":2}],[{"Id":65,"V":10,"NV":0,"TB":0},{"Id":80,"V":10,"NV":3,"TB":0},{"Id":73,"V":9,"NV":1,"TB":0}],[{"Id":80,"V":14,"NV":4,"TB":0},{"Id":65,"V":12,"NV":2,"TB":0}],[{"Id":80,"V":20,"NV":6,"TB":0}]],"Expires":1557107542,"SecondsLeft":0}