{"Mtype":"results","Title":"Round 5","PollStarted":"2019-08-19T00:15:34.707355723Z","PollDuration":600000000000,"Options":{"65":"Saria and Trace's child playing with Rose","66":"The return of Pet Daughter: Confusion on what to wear for her first date","67":"Laura in the Coast Guard","68":"Natani and Zen dressed as Sam and Dean from Supernatural with Natani using Sam's demon blood powers and Zen using the Colt pistol","69":"Mike as an old mountain sage giving “wisdom” to passing pilgrims,","70":"Flora and Kat in the “Human Only” bath much to the surprise of ( Human ) Raine and Maren!","71":"Keith gets a turn being the big spoon","72":"Trace dressed as Tanjiro and Flora dressed as his sister from the anime demon slayer","73":"Princess Reni, in dog form, accidentally gets pet by Kei. Who doesn’t recognize her.","74":"Four Nora's forms, dragon, cat, anthro-cat and half-human in one picture.","75":"A sequel to Exploring Tiger Lands: the explorers arrive to a Tiger village and are welcomed by the locals","76":"At the beach, a playful and flirty Sam asks a very nervous Colin to help her put sunblock on her back. It doesn't help Sam is wearing a bikini with dog bones print","77":"White Keidran Nora meets Black Cat Keidran Reni.","78":"Remake of Kathrin and Flora pressed together","79":"In the bunny village Mike is bowled over, bunny piled and questioned by a fluffle of curious young bunnies who have realized that this fox with his big fluffy tail is mostly harmless.","80":"The Cartographers and Tigress noble invited to a show by a tribe of Tiger actors/actress. The Tigress embarrassed by the show, with the Cartographers intrigued by it.","81":"Eris is traveling to catch several critters to fulfill their Frankenstein project. But she has to be careful how she was not allowed to get caught by the Templars back then","82":"Page 217 redux","83":"Tiger Trace riding piggy back on Adrakeist Flora as she flies through the air.","84":"Kat removes clothes from her puppets to make way for new outfits. Meanwhile in the Oasis Room some people on the beach suddenly feel compelled to get naked.","85":"Mike gets seduced and taken home by a Wolf girl \u0026 Coyote girl.","86":"Reni in a bikini, at the beach"},"ExpectedBallots":46,"CountedBallots":46,"Ballots":["DLBI","OTLBIVGECJPRFNKUSM","PKVOBM","F","OUBPKR","BOCIGUVMFTLRENA","OPIKT","UPGEOJKTLNVIA","NLBTFMUIGV","CRNFOAKLUJTPE","LGIRBNCVTUPKO","APLDKN","DIMJABTLOURPKEFQCSGVHN","GULTONB","AKOFPE","NTFGRV","NTJ","OUMKVCT","UFCGRAMTHE","UIEPBC","PKSBOV","UPLEBOHTAIKRDQMCVJSGFN","SJFKPTIGMUVDLOEHNRABQC","JFARTSUMN","LETAIBNHSUQOGKP","PAIELR","FNTPKIMUOJEQSALDBRCHVG","NC","GVINFEU","E","CAPK","BUMIP","QIUJMAOCKDRPETLGFBNVSH","CUBJGLTQMFORNKIEPV","C","U","HMCBJ","TIMRNVL","MCJP","KAPBSLUO","JNFLT","CMJF","VMLIABPKUGT","SARGPKIT","SCMQJ","GT"],"Placements":[[{"Id":67,"V":5,"NV":5,"TB":0},{"Id":85,"V":5,"NV":5,"TB":0},{"Id":78,"V":4,"NV":4,"TB":0},{"Id":79,"V":4,"NV":4,"TB":0},{"Id":71,"V":3,"NV":3,"TB":0},{"Id":80,"V":3,"NV":3,"TB":0},{"Id":83,"V":3,"NV":3,"TB":0},{"Id":65,"V":2,"NV":2,"TB":0},{"Id":66,"V":2,"NV":2,"TB":0},{"Id":68,"V":2,"NV":2,"TB":0},{"Id":70,"V":2,"NV":2,"TB":0},{"Id":74,"V":2,"NV":2,"TB":0},{"Id":76,"V":2,"NV":2,"TB":0},{"Id":69,"V":1,"NV":1,"TB":0},{"Id":72,"V":1,"NV":1,"TB":0},{"Id":75,"V":1,"NV":1,"TB":0},{"Id":77,"V":1,"NV":1,"TB":0},{"Id":81,"V":1,"NV":1,"TB":0},{"Id":84,"V":1,"NV":1,"TB":0},{"Id":86,"V":1,"NV":1,"TB":0},{"Id":73,"V":0,"NV":0,"TB":0},{"Id":82,"V":0,"NV":0,"TB":1}],[{"Id":67,"V":5,"NV":0,"TB":0},{"Id":85,"V":5,"NV":0,"TB":0},{"Id":78,"V":4,"NV":0,"TB":0},{"Id":79,"V":4,"NV":0,"TB":0},{"Id":71,"V":3,"NV":0,"TB":0},{"Id":80,"V":3,"NV":0,"TB":0},{"Id":83,"V":3,"NV":0,"TB":0},{"Id":65,"V":2,"NV":0,"TB":0},{"Id":66,"V":2,"NV":0,"TB":0},{"Id":68,"V":2,"NV":0,"TB":0},{"Id":70,"V":2,"NV":0,"TB":0},{"Id":74,"V":2,"NV":0,"TB":0},{"Id":76,"V":2,"NV":0,"TB":0},{"Id":69,"V":1,"NV":0,"TB":0},{"Id":72,"V":1,"NV":0,"TB":0},{"Id":75,"V":1,"NV":0,"TB":0},{"Id":77,"V":1,"NV":0,"TB":0},{"Id":81,"V":1,"NV":0,"TB":0},{"Id":84,"V":1,"NV":0,"TB":0},{"Id":86,"V":1,"NV":0,"TB":0},{"Id":73,"V":0,"NV":0,"TB":0}],[{"Id":67,"V":5,"NV":0,"TB":0},{"Id":85,"V":5,"NV":0,"TB":0},{"Id":78,"V":4,"NV":0,"TB":0},{"Id":79,"V":4,"NV":0,"TB":0},{"Id":71,"V":3,"NV":0,"TB":0},{"Id":80,"V":3,"NV":0,"TB":0},{"Id":83,"V":3,"NV":0,"TB":0},{"Id":65,"V":2,"NV":0,"TB":0},{"Id":66,"V":2,"NV":0,"TB":0},{"Id":68,"V":2,"NV":0,"TB":0},{"Id":70,"V":2,"NV":0,"TB":0},{"Id":74,"V":2,"NV":0,"TB":0},{"Id":76,"V":2,"NV":0,"TB":0},{"Id":69,"V":1,"NV":0,"TB":0},{"Id":72,"V":1,"NV":0,"TB":0},{"Id":75,"V":1,"NV":0,"TB":0},{"Id":77,"V":1,"NV":0,"TB":0},{"Id":81,"V":1,"NV":0,"TB":0},{"Id":84,"V":1,"NV":0,"TB":0},{"Id":86,"V":1,"NV":0,"TB":1}],[{"Id":67,"V":5,"NV":0,"TB":0},{"Id":85,"V":5,"NV":0,"TB":0},{"Id":78,"V":4,"NV":0,"TB":0},{"Id":79,"V":4,"NV":0,"TB":0},{"Id":71,"V":3,"NV":0,"TB":0},{"Id":80,"V":3,"NV":0,"TB":0},{"Id":83,"V":3,"NV":0,"TB":0},{"Id":65,"V":2,"NV":0,"TB":0},{"Id":66,"V":2,"NV":0,"TB":0},{"Id":68,"V":2,"NV":0,"TB":0},{"Id":70,"V":2,"NV":0,"TB":0},{"Id":74,"V":2,"NV":0,"TB":0},{"Id":76,"V":2,"NV":0,"TB":0},{"Id":77,"V":2,"NV":1,"TB":0},{"Id":69,"V":1,"NV":0,"TB":0},{"Id":75,"V":1,"NV":0,"TB":0},{"Id":81,"V":1,"NV":0,"TB":0},{"Id":84,"V":1,"NV":0,"TB":0},{"Id":72,"V":1,"NV":0,"TB":4}],[{"Id":67,"V":5,"NV":0,"TB":0},{"Id":85,"V":5,"NV":0,"TB":0},{"Id":78,"V":4,"NV":0,"TB":0},{"Id":79,"V":4,"NV":0,"TB":0},{"Id":71,"V":3,"NV":0,"TB":0},{"Id":77,"V":3,"NV":1,"TB":0},{"Id":80,"V":3,"NV":0,"TB":0},{"Id":83,"V":3,"NV":0,"TB":0},{"Id":65,"V":2,"NV":0,"TB":0},{"Id":66,"V":2,"NV":0,"TB":0},{"Id":68,"V":2,"NV":0,"TB":0},{"Id":70,"V":2,"NV":0,"TB":0},{"Id":74,"V":2,"NV":0,"TB":0},{"Id":76,"V":2,"NV":0,"TB":0},{"Id":69,"V":1,"NV":0,"TB":0},{"Id":75,"V":1,"NV":0,"TB":0},{"Id":81,"V":1,"NV":0,"TB":0},{"Id":84,"V":1,"NV":0,"TB":1}],[{"Id":67,"V":5,"NV":0,"TB":0},{"Id":85,"V":5,"NV":0,"TB":0},{"Id":77,"V":4,"NV":1,"TB":0},{"Id":78,"V":4,"NV":0,"TB":0},{"Id":79,"V":4,"NV":0,"TB":0},{"Id":71,"V":3,"NV":0,"TB":0},{"Id":80,"V":3,"NV":0,"TB":0},{"Id":83,"V":3,"NV":0,"TB":0},{"Id":65,"V":2,"NV":0,"TB":0},{"Id":66,"V":2,"NV":0,"TB":0},{"Id":68,"V":2,"NV":0,"TB":0},{"Id":70,"V":2,"NV":0,"TB":0},{"Id":74,"V":2,"NV":0,"TB":0},{"Id":76,"V":2,"NV":0,"TB":0},{"Id":69,"V":1,"NV":0,"TB":0},{"Id":75,"V":1,"NV":0,"TB":0},{"Id":81,"V":1,"NV":0,"TB":1}],[{"Id":85,"V":6,"NV":1,"TB":0},{"Id":67,"V":5,"NV":0,"TB":0},{"Id":77,"V":4,"NV":0,"TB":0},{"Id":78,"V":4,"NV":0,"TB":0},{"Id":79,"V":4,"NV":0,"TB":0},{"Id":71,"V":3,"NV":0,"TB":0},{"Id":80,"V":3,"NV":0,"TB":0},{"Id":83,"V":3,"NV":0,"TB":0},{"Id":65,"V":2,"NV":0,"TB":0},{"Id":66,"V":2,"NV":0,"TB":0},{"Id":68,"V":2,"NV":0,"TB":0},{"Id":70,"V":2,"NV":0,"TB":0},{"Id":74,"V":2,"NV":0,"TB":0},{"Id":76,"V":2,"NV":0,"TB":0},{"Id":75,"V":1,"NV":0,"TB":0},{"Id":69,"V":1,"NV":0,"TB":2}],[{"Id":85,"V":6,"NV":0,"TB":0},{"Id":67,"V":5,"NV":0,"TB":0},{"Id":77,"V":4,"NV":0,"TB":0},{"Id":78,"V":4,"NV":0,"TB":0},{"Id":79,"V":4,"NV":0,"TB":0},{"Id":71,"V":3,"NV":0,"TB":0},{"Id":80,"V":3,"NV":0,"TB":0},{"Id":83,"V":3,"NV":0,"TB":0},{"Id":65,"V":2,"NV":0,"TB":0},{"Id":66,"V":2,"NV":0,"TB":0},{"Id":68,"V":2,"NV":0,"TB":0},{"Id":70,"V":2,"NV":0,"TB":0},{"Id":74,"V":2,"NV":0,"TB":0},{"Id":76,"V":2,"NV":0,"TB":0},{"Id":75,"V":1,"NV":0,"TB":0}],[{"Id":85,"V":6,"NV":0,"TB":0},{"Id":67,"V":5,"NV":0,"TB":0},{"Id":77,"V":4,"NV":0,"TB":0},{"Id":78,"V":4,"NV":0,"TB":0},{"Id":79,"V":4,"NV":0,"TB":0},{"Id":65,"V":3,"NV":1,"TB":0},{"Id":71,"V":3,"NV":0,"TB":0},{"Id":80,"V":3,"NV":0,"TB":0},{"Id":83,"V":3,"NV":0,"TB":0},{"Id":66,"V":2,"NV":0,"TB":0},{"Id":68,"V":2,"NV":0,"TB":0},{"Id":70,"V":2,"NV":0,"TB":0},{"Id":74,"V":2,"NV":0,"TB":0},{"Id":76,"V":2,"NV":0,"TB":1}],[{"Id":85,"V":6,"NV":0,"TB":0},{"Id":67,"V":5,"NV":0,"TB":0},{"Id":65,"V":4,"NV":1,"TB":0},{"Id":71,"V":4,"NV":1,"TB":0},{"Id":77,"V":4,"NV":0,"TB":0},{"Id":78,"V":4,"NV":0,"TB":0},{"Id":79,"V":4,"NV":0,"TB":0},{"Id":80,"V":3,"NV":0,"TB":0},{"Id":83,"V":3,"NV":0,"TB":0},{"Id":66,"V":2,"NV":0,"TB":0},{"Id":68,"V":2,"NV":0,"TB":0},{"Id":74,"V":2,"NV":0,"TB":0},{"Id":70,"V":2,"NV":0,"TB":2}],[{"Id":85,"V":6,"NV":0,"TB":0},{"Id":67,"V":5,"NV":0,"TB":0},{"Id":78,"V":5,"NV":1,"TB":0},{"Id":65,"V":4,"NV":0,"TB":0},{"Id":71,"V":4,"NV":0,"TB":0},{"Id":77,"V":4,"NV":0,"TB":0},{"Id":79,"V":4,"NV":0,"TB":0},{"Id":80,"V":3,"NV":0,"TB":0},{"Id":83,"V":3,"NV":0,"TB":0},{"Id":66,"V":2,"NV":0,"TB":0},{"Id":74,"V":2,"NV":0,"TB":0},{"Id":68,"V":2,"NV":0,"TB":2}],[{"Id":85,"V":6,"NV":0,"TB":0},{"Id":67,"V":5,"NV":0,"TB":0},{"Id":77,"V":5,"NV":1,"TB":0},{"Id":78,"V":5,"NV":0,"TB":0},{"Id":65,"V":4,"NV":0,"TB":0},{"Id":71,"V":4,"NV":0,"TB":0},{"Id":79,"V":4,"NV":0,"TB":0},{"Id":66,"V":3,"NV":1,"TB":0},{"Id":80,"V":3,"NV":0,"TB":0},{"Id":83,"V":3,"NV":0,"TB":0},{"Id":74,"V":2,"NV":0,"TB":0}],[{"Id":78,"V":6,"NV":1,"TB":0},{"Id":85,"V":6,"NV":0,"TB":0},{"Id":65,"V":5,"NV":1,"TB":0},{"Id":67,"V":5,"NV":0,"TB":0},{"Id":77,"V":5,"NV":0,"TB":0},{"Id":71,"V":4,"NV":0,"TB":0},{"Id":79,"V":4,"NV":0,"TB":0},{"Id":66,"V":3,"NV":0,"TB":0},{"Id":83,"V":3,"NV":0,"TB":0},{"Id":80,"V":3,"NV":0,"TB":2}],[{"Id":65,"V":6,"NV":1,"TB":0},{"Id":78,"V":6,"NV":0,"TB":0},{"Id":85,"V":6,"NV":0,"TB":0},{"Id":67,"V":5,"NV":0,"TB":0},{"Id":77,"V":5,"NV":0,"TB":0},{"Id":79,"V":5,"NV":1,"TB":0},{"Id":71,"V":4,"NV":0,"TB":0},{"Id":83,"V":4,"NV":1,"TB":0},{"Id":66,"V":3,"NV":0,"TB":0}],[{"Id":85,"V":7,"NV":1,"TB":0},{"Id":65,"V":6,"NV":0,"TB":0},{"Id":78,"V":6,"NV":0,"TB":0},{"Id":79,"V":6,"NV":1,"TB":0},{"Id":67,"V":5,"NV":0,"TB":0},{"Id":77,"V":5,"NV":0,"TB":0},{"Id":83,"V":4,"NV":0,"TB":0},{"Id":71,"V":4,"NV":0,"TB":2}],[{"Id":78,"V":8,"NV":2,"TB":0},{"Id":85,"V":8,"NV":1,"TB":0},{"Id":65,"V":6,"NV":0,"TB":0},{"Id":79,"V":6,"NV":0,"TB":0},{"Id":67,"V":5,"NV":0,"TB":0},{"Id":77,"V":5,"NV":0,"TB":0},{"Id":83,"V":4,"NV":0,"TB":0}],[{"Id":78,"V":8,"NV":0,"TB":0},{"Id":85,"V":8,"NV":0,"TB":0},{"Id":65,"V":7,"NV":1,"TB":0},{"Id":79,"V":7,"NV":1,"TB":0},{"Id":67,"V":6,"NV":1,"TB":0},{"Id":77,"V":6,"NV":1,"TB":1}],[{"Id":65,"V":9,"NV":2,"TB":0},{"Id":78,"V":9,"NV":1,"TB":0},{"Id":85,"V":9,"NV":1,"TB":0},{"Id":67,"V":8,"NV":2,"TB":0},{"Id":79,"V":7,"NV":0,"TB":0}],[{"Id":85,"V":11,"NV":2,"TB":0},{"Id":67,"V":10,"NV":2,"TB":0},{"Id":65,"V":9,"NV":0,"TB":0},{"Id":78,"V":9,"NV":0,"TB":1}],[{"Id":85,"V":14,"NV":3,"TB":0},{"Id":67,"V":12,"NV":2,"TB":0},{"Id":65,"V":9,"NV":0,"TB":0}],[{"Id":85,"V":19,"NV":5,"TB":0},{"Id":67,"V":12,"NV":0,"TB":0}],[{"Id":85,"V":24,"NV":5,"TB":0}]],"Expires":1566174937,"SecondsLeft":0}