{"Mtype":"results","Title":"Round 3","PollStarted":"2019-02-17T22:42:40.64548004Z","PollDuration":600000000000,"Options":{"65":"Keith begrudgingly accepts he’s the little spoon ","66":"The mains as characters of world of warcraft ","67":"Flora asks Trace if he can explain magic to her. After a long explaination on theoretical magic \u0026 mana particles called Noraton, Flora resolves to never ask Trace about it again.","68":"Eris is just about to create frankenstein's monster as evil trace comes over and is stared at by the monster awakened to life","69":"Laura Harem (Laurem). A room full of Lauras t-talking to one another. Keith watching in bewilderment.","70":"Adelaide actually comes from an island of Amazon Basitins who are looking for their lost offspring. King Adelaide finally meets her Amazon mother!*","71":"Natani walks out Keith on a leash - lost bet.","72":"Raine and Roselyn enjoying family bonding time together at a festival. ","73":"Trace and Flora have switched bodies (again) Trace is realizing that he might end up giving birth to their child while inhabiting Flora's body.","74":"Keith dressed up as cupid, shoots magic love arrows into trace and flora making them kiss.","75":"A re-draw of the pic where Natani tries out Basitin ice cream","76":"Flora’s Extended reaction to Trace being called papa: Attempt at Motherhood","77":"Vixen Keith and Mike really wish Tom would stop drawing them like this","78":"Keith's goatbeard goes too far.","79":"FemKeith uses her chest bandages to banish Keith to the pocket dimension.","80":"Pinup series(Beefcake)-Hardworking sailors Mike \u0026 Evals keep their mighty naval guns ready for any action in the hot, muggy South Seas.","81":"Young Natani being caught as a girl and / or dealing with the person that caught her","82":"Pg. 30 Sythe x Flora Wedding Day Redux. Dapper couple strolling-out post-ceremony","83":"Halo Raine 2 - Raine trains with the Master Chief, while RED chats with Cortana. (Human form).","84":"Eric has gone mad and is trying to get the collar of keidrenification on everyone to paint."},"ExpectedBallots":175,"CountedBallots":173,"Ballots":["H","PQEF","EH","MK","TINKOMAEPJ","PMFNJKAHQGT","O","","CPHQM","MTNPBKC","QKGLAONRTPF","ET","MOGTIAE","M","EHKC","NPMQR","LNKHPCTMEBRJSIFDQOAG","TO","A","MKLTSCQNPGFE","IGOCQLNTFRSAKEBJDPMH","RFH","TONM","EMK","LKRJ","HLOK","OQDKEJHCGILFMTANSRPB","MAGTOHQJ","FLAGMHNKODJSPQICTBER","PTQMFHEIOLDRCSBKNJAG","HLR","QA","PRHJQMKAONTGSBEFL","ECMAGTOL","JG","AQGMTPILKOFRCJESBNHD","KMPAE","","CLAHTIBME","HNTF","IMESBCHOKTLQAGFDRJPN","AMLPKF","HQLCMDPSNOETKRF","EOQFM","GKANFTIPELHOJCR","MOK","QHLJC","OMGEKJTBLSRQHPDNAFCI","GMTOE","FETMO","HFNK","QM","E","EP","HFINLJ","EKMDJGCLTP","MCSOQIEL","JHMRL","AT","KAEO","FLKCGQHABJOI","IOMT","IONLKAESPJRM","HPNLR","E","E","EOMIQ","BERSA","HMNR","HKALPRTQJEIDGNSCOMB","EMOGTFIDQLCKJRPN","REO","KAHGQLC","GRPQ","GAQMKTOJE","HRE","KNOAH","SHGQKMTO","FTHAO","Q","EOMIGT","FMRQHL","ETS","NHRCQEOIPJTFK","DQOMNGAFHPJLCEITRKBS","SBNHGFRKOTDPAMQLCIEJ","NQGFTOSLKHAIERMJCB","TAGOBMINERKQHLPCFDJS","MEP","TQHIMK","I","PGKAJOC","SE","KGHTLCEJQPIOARDF","GMCBOKNAFQLRJTPEDSIH","QMNGALTFKC","HR","M","ENT","NEG","PEL","E","GAPK","HFNI","H","ETA","GLSQTM","S","IQT","LJCTF","NRAGQOHPKJEFDM","LTENHMQO","EOR","CER","HT","MGNR","TM","BEHQFGAKCMRLSTNIDJOP","ECB","HP","IOTS","KEP","ILFG","IE","HE","MITO","HTF","AECB","","E","EJS","","SKEM","EHSPNRL","HTF","OEN","EG","IPCALJMGORDBTQKNSFHE","EAL","TED","LEA","ERT","RESJ","EBM","ENLA","EPKTOJNL","HTQKMN","EM","TQAR","IQ","REF","GLSQTM","TPQMEFHRIDLOSBKCNAJG","HRTMAFON","ETF","EKM","CBTJM","EPOK","","EMTL","BES","EKP","EHC","ESAN","BE","SHC","BEIGC","FED","MHE","EQMB","EL","PHANJTOKG","HLPESMARQGTCK"],"Placements":[[{"Id":69,"V":39,"NV":39,"TB":0},{"Id":72,"V":22,"NV":22,"TB":0},{"Id":77,"V":13,"NV":13,"TB":0},{"Id":73,"V":11,"NV":11,"TB":0},{"Id":84,"V":9,"NV":9,"TB":0},{"Id":71,"V":8,"NV":8,"TB":0},{"Id":80,"V":7,"NV":7,"TB":0},{"Id":70,"V":6,"NV":6,"TB":0},{"Id":75,"V":6,"NV":6,"TB":0},{"Id":81,"V":6,"NV":6,"TB":0},{"Id":83,"V":6,"NV":6,"TB":0},{"Id":65,"V":5,"NV":5,"TB":0},{"Id":66,"V":5,"NV":5,"TB":0},{"Id":76,"V":5,"NV":5,"TB":0},{"Id":78,"V":5,"NV":5,"TB":0},{"Id":67,"V":4,"NV":4,"TB":0},{"Id":79,"V":4,"NV":4,"TB":0},{"Id":82,"V":4,"NV":4,"TB":0},{"Id":74,"V":2,"NV":2,"TB":0},{"Id":68,"V":1,"NV":1,"TB":0}],[{"Id":69,"V":39,"NV":0,"TB":0},{"Id":72,"V":22,"NV":0,"TB":0},{"Id":77,"V":13,"NV":0,"TB":0},{"Id":73,"V":11,"NV":0,"TB":0},{"Id":84,"V":9,"NV":0,"TB":0},{"Id":71,"V":8,"NV":0,"TB":0},{"Id":80,"V":7,"NV":0,"TB":0},{"Id":81,"V":7,"NV":1,"TB":0},{"Id":70,"V":6,"NV":0,"TB":0},{"Id":75,"V":6,"NV":0,"TB":0},{"Id":83,"V":6,"NV":0,"TB":0},{"Id":65,"V":5,"NV":0,"TB":0},{"Id":66,"V":5,"NV":0,"TB":0},{"Id":76,"V":5,"NV":0,"TB":0},{"Id":78,"V":5,"NV":0,"TB":0},{"Id":67,"V":4,"NV":0,"TB":0},{"Id":79,"V":4,"NV":0,"TB":0},{"Id":82,"V":4,"NV":0,"TB":0},{"Id":74,"V":2,"NV":0,"TB":0}],[{"Id":69,"V":39,"NV":0,"TB":0},{"Id":72,"V":23,"NV":1,"TB":0},{"Id":77,"V":13,"NV":0,"TB":0},{"Id":73,"V":11,"NV":0,"TB":0},{"Id":71,"V":9,"NV":1,"TB":0},{"Id":84,"V":9,"NV":0,"TB":0},{"Id":80,"V":7,"NV":0,"TB":0},{"Id":81,"V":7,"NV":0,"TB":0},{"Id":70,"V":6,"NV":0,"TB":0},{"Id":75,"V":6,"NV":0,"TB":0},{"Id":83,"V":6,"NV":0,"TB":0},{"Id":65,"V":5,"NV":0,"TB":0},{"Id":66,"V":5,"NV":0,"TB":0},{"Id":76,"V":5,"NV":0,"TB":0},{"Id":78,"V":5,"NV":0,"TB":0},{"Id":67,"V":4,"NV":0,"TB":0},{"Id":82,"V":4,"NV":0,"TB":0},{"Id":79,"V":4,"NV":0,"TB":2}],[{"Id":69,"V":40,"NV":1,"TB":0},{"Id":72,"V":23,"NV":0,"TB":0},{"Id":77,"V":14,"NV":1,"TB":0},{"Id":73,"V":11,"NV":0,"TB":0},{"Id":71,"V":9,"NV":0,"TB":0},{"Id":84,"V":9,"NV":0,"TB":0},{"Id":81,"V":8,"NV":1,"TB":0},{"Id":80,"V":7,"NV":0,"TB":0},{"Id":70,"V":6,"NV":0,"TB":0},{"Id":75,"V":6,"NV":0,"TB":0},{"Id":83,"V":6,"NV":0,"TB":0},{"Id":65,"V":5,"NV":0,"TB":0},{"Id":66,"V":5,"NV":0,"TB":0},{"Id":76,"V":5,"NV":0,"TB":0},{"Id":78,"V":5,"NV":0,"TB":0},{"Id":82,"V":4,"NV":0,"TB":0},{"Id":67,"V":4,"NV":0,"TB":2}],[{"Id":69,"V":41,"NV":1,"TB":0},{"Id":72,"V":23,"NV":0,"TB":0},{"Id":77,"V":14,"NV":0,"TB":0},{"Id":73,"V":11,"NV":0,"TB":0},{"Id":71,"V":9,"NV":0,"TB":0},{"Id":84,"V":9,"NV":0,"TB":0},{"Id":80,"V":8,"NV":1,"TB":0},{"Id":81,"V":8,"NV":0,"TB":0},{"Id":66,"V":6,"NV":1,"TB":0},{"Id":70,"V":6,"NV":0,"TB":0},{"Id":75,"V":6,"NV":0,"TB":0},{"Id":76,"V":6,"NV":1,"TB":0},{"Id":83,"V":6,"NV":0,"TB":0},{"Id":65,"V":5,"NV":0,"TB":0},{"Id":78,"V":5,"NV":0,"TB":0},{"Id":82,"V":4,"NV":0,"TB":0}],[{"Id":69,"V":44,"NV":3,"TB":0},{"Id":72,"V":23,"NV":0,"TB":0},{"Id":77,"V":14,"NV":0,"TB":0},{"Id":73,"V":11,"NV":0,"TB":0},{"Id":71,"V":9,"NV":0,"TB":0},{"Id":84,"V":9,"NV":0,"TB":0},{"Id":80,"V":8,"NV":0,"TB":0},{"Id":81,"V":8,"NV":0,"TB":0},{"Id":70,"V":7,"NV":1,"TB":0},{"Id":66,"V":6,"NV":0,"TB":0},{"Id":75,"V":6,"NV":0,"TB":0},{"Id":76,"V":6,"NV":0,"TB":0},{"Id":83,"V":6,"NV":0,"TB":0},{"Id":65,"V":5,"NV":0,"TB":0},{"Id":78,"V":5,"NV":0,"TB":1}],[{"Id":69,"V":45,"NV":1,"TB":0},{"Id":72,"V":24,"NV":1,"TB":0},{"Id":77,"V":14,"NV":0,"TB":0},{"Id":73,"V":11,"NV":0,"TB":0},{"Id":71,"V":9,"NV":0,"TB":0},{"Id":80,"V":9,"NV":1,"TB":0},{"Id":81,"V":9,"NV":1,"TB":0},{"Id":84,"V":9,"NV":0,"TB":0},{"Id":70,"V":7,"NV":0,"TB":0},{"Id":65,"V":6,"NV":1,"TB":0},{"Id":66,"V":6,"NV":0,"TB":0},{"Id":75,"V":6,"NV":0,"TB":0},{"Id":83,"V":6,"NV":0,"TB":0},{"Id":76,"V":6,"NV":0,"TB":2}],[{"Id":69,"V":46,"NV":1,"TB":0},{"Id":72,"V":24,"NV":0,"TB":0},{"Id":77,"V":14,"NV":0,"TB":0},{"Id":73,"V":11,"NV":0,"TB":0},{"Id":84,"V":11,"NV":2,"TB":0},{"Id":71,"V":9,"NV":0,"TB":0},{"Id":80,"V":9,"NV":0,"TB":0},{"Id":81,"V":9,"NV":0,"TB":0},{"Id":75,"V":8,"NV":2,"TB":0},{"Id":65,"V":7,"NV":1,"TB":0},{"Id":70,"V":7,"NV":0,"TB":0},{"Id":83,"V":6,"NV":0,"TB":0},{"Id":66,"V":6,"NV":0,"TB":2}],[{"Id":69,"V":51,"NV":5,"TB":0},{"Id":72,"V":24,"NV":0,"TB":0},{"Id":77,"V":14,"NV":0,"TB":0},{"Id":84,"V":12,"NV":1,"TB":0},{"Id":73,"V":11,"NV":0,"TB":0},{"Id":71,"V":9,"NV":0,"TB":0},{"Id":80,"V":9,"NV":0,"TB":0},{"Id":81,"V":9,"NV":0,"TB":0},{"Id":75,"V":8,"NV":0,"TB":0},{"Id":65,"V":7,"NV":0,"TB":0},{"Id":70,"V":7,"NV":0,"TB":0},{"Id":83,"V":6,"NV":0,"TB":0}],[{"Id":69,"V":52,"NV":1,"TB":0},{"Id":72,"V":27,"NV":3,"TB":0},{"Id":77,"V":14,"NV":0,"TB":0},{"Id":84,"V":12,"NV":0,"TB":0},{"Id":73,"V":11,"NV":0,"TB":0},{"Id":71,"V":9,"NV":0,"TB":0},{"Id":75,"V":9,"NV":1,"TB":0},{"Id":80,"V":9,"NV":0,"TB":0},{"Id":81,"V":9,"NV":0,"TB":0},{"Id":70,"V":7,"NV":0,"TB":0},{"Id":65,"V":7,"NV":0,"TB":2}],[{"Id":69,"V":53,"NV":1,"TB":0},{"Id":72,"V":28,"NV":1,"TB":0},{"Id":77,"V":15,"NV":1,"TB":0},{"Id":84,"V":13,"NV":1,"TB":0},{"Id":73,"V":11,"NV":0,"TB":0},{"Id":71,"V":10,"NV":1,"TB":0},{"Id":81,"V":10,"NV":1,"TB":0},{"Id":75,"V":9,"NV":0,"TB":0},{"Id":80,"V":9,"NV":0,"TB":0},{"Id":70,"V":7,"NV":0,"TB":0}],[{"Id":69,"V":55,"NV":2,"TB":0},{"Id":72,"V":29,"NV":1,"TB":0},{"Id":77,"V":16,"NV":1,"TB":0},{"Id":84,"V":14,"NV":1,"TB":0},{"Id":71,"V":11,"NV":1,"TB":0},{"Id":73,"V":11,"NV":0,"TB":0},{"Id":75,"V":10,"NV":1,"TB":0},{"Id":81,"V":10,"NV":0,"TB":0},{"Id":80,"V":9,"NV":0,"TB":0}],[{"Id":69,"V":56,"NV":1,"TB":0},{"Id":72,"V":32,"NV":3,"TB":0},{"Id":77,"V":18,"NV":2,"TB":0},{"Id":84,"V":15,"NV":1,"TB":0},{"Id":71,"V":12,"NV":1,"TB":0},{"Id":73,"V":11,"NV":0,"TB":0},{"Id":81,"V":11,"NV":1,"TB":0},{"Id":75,"V":10,"NV":0,"TB":0}],[{"Id":69,"V":59,"NV":3,"TB":0},{"Id":72,"V":35,"NV":3,"TB":0},{"Id":77,"V":19,"NV":1,"TB":0},{"Id":84,"V":15,"NV":0,"TB":0},{"Id":71,"V":14,"NV":2,"TB":0},{"Id":73,"V":11,"NV":0,"TB":0},{"Id":81,"V":11,"NV":0,"TB":1}],[{"Id":69,"V":61,"NV":2,"TB":0},{"Id":72,"V":36,"NV":1,"TB":0},{"Id":77,"V":22,"NV":3,"TB":0},{"Id":71,"V":17,"NV":3,"TB":0},{"Id":84,"V":15,"NV":0,"TB":0},{"Id":73,"V":11,"NV":0,"TB":0}],[{"Id":69,"V":63,"NV":2,"TB":0},{"Id":72,"V":36,"NV":0,"TB":0},{"Id":77,"V":25,"NV":3,"TB":0},{"Id":71,"V":19,"NV":2,"TB":0},{"Id":84,"V":17,"NV":2,"TB":0}],[{"Id":69,"V":65,"NV":2,"TB":0},{"Id":72,"V":38,"NV":2,"TB":0},{"Id":77,"V":31,"NV":6,"TB":0},{"Id":71,"V":20,"NV":1,"TB":0}],[{"Id":69,"V":67,"NV":2,"TB":0},{"Id":72,"V":42,"NV":4,"TB":0},{"Id":77,"V":39,"NV":8,"TB":0}],[{"Id":69,"V":81,"NV":14,"TB":0},{"Id":72,"V":50,"NV":8,"TB":0}],[{"Id":69,"V":99,"NV":18,"TB":0}]],"Expires":1550444569,"SecondsLeft":0}