{"Mtype":"results","Title":"Round 3","PollStarted":"2019-05-12T22:14:07.785821501Z","PollDuration":600000000000,"Options":{"65":"Laura as the Firefox logo.","66":"Flora Sphinx near Pharaoh Trace. Pyramid(s) is at the background.","67":"Raine and Red (both in halfkind forms) share a heartwarming kiss under a waterfall.","68":"Lady Nora Reference Sheet","69":"Love Zap part 2: Flora’s zap backfired and makes her all floofy and puffball-like","70":"Kat discovers Zen is very ticklish. Meanwhile Keith is surprised by Natani’s sudden uncontrollable laughter","71":"Raine and Zen's snapshot at the top of a rollercoaster. One is freaking out, while the other tries to comfort them.","72":"Laura as a ghost (with cute ghost tail) laying on a sleeping Keith.","73":"Older Maeve and Maddie share their first kiss. Maddie gets extremely flustered afterwards. ","74":"Twokinds Stargate SG-1 (Trace as O’Neill, Flora as Carter, Keith as Jackson, Natani as Teal’c)","75":"While at dinner, Natani tells Raine funny embarrassing stories about Zen, making him visibly flustered and uncomfortable.","76":"Kat pressing her hands and chest up against a window, with a happy expression.","77":"Tavern master drink off: Maren vs. Adira.","78":"Nora teaching Reni on how to win over a human heart and Red blurts out how Nora never won over Trace, embarrassing Nora.","79":"Flora playing video games with trace but Flora is winning and getting obnoxious.","80":"Natani and Keith in the Warhammer 40,000 universe","81":"Laura daki","82":"Adira Reference Sheet","83":"Trace and Flora touring on a bike through the mountains on a summer day.","84":"Victorian style Keith and Natani exploring a steampunk city."},"ExpectedBallots":46,"CountedBallots":46,"Ballots":["KG","EDALRHBSNMQIGJCTOFKP","BCJDA","DRAFTNKLMSHOBEICQGJ","DNSEOC","CLATOSIQFEN","MRGLASD","HQ","DRL","MRILD","MNIFODR","IHMEFASKLGJQRDOCBTPN","FC","QAHEFTLRO","EODLNF","TRIKFBLQ","NEFDBCMPGKASRTHQOJIL","LCFKAEMDRINSBGTQHJPO","ROEBMN","LFEOPNCDKTBIMSRGJAQH","DBCAETMQSJOIGLHNRKPF","DIM","H","MBNSKFOEA","AQCOHSG","LRM","AQHRD","CSAOG","DKFRELA","QMCDHIFRAGETKBSPN","QEOL","CBEGTFRD","QLEC","FITSKGMELRDNH","KMDRLNFEO","DOREFTIMAQ","JPBLK","DNHRFKEBL","DNRQAEFKHTLICMSG","LAEQIHMR","EDOB","KMR","CGFKAJLRBO","KGBEMTRDHA","QAJEGSHOB","ACMSQ"],"Placements":[[{"Id":68,"V":9,"NV":9,"TB":0},{"Id":81,"V":5,"NV":5,"TB":0},{"Id":67,"V":4,"NV":4,"TB":0},{"Id":75,"V":4,"NV":4,"TB":0},{"Id":76,"V":4,"NV":4,"TB":0},{"Id":77,"V":4,"NV":4,"TB":0},{"Id":65,"V":3,"NV":3,"TB":0},{"Id":69,"V":3,"NV":3,"TB":0},{"Id":70,"V":2,"NV":2,"TB":0},{"Id":72,"V":2,"NV":2,"TB":0},{"Id":66,"V":1,"NV":1,"TB":0},{"Id":73,"V":1,"NV":1,"TB":0},{"Id":74,"V":1,"NV":1,"TB":0},{"Id":78,"V":1,"NV":1,"TB":0},{"Id":82,"V":1,"NV":1,"TB":0},{"Id":84,"V":1,"NV":1,"TB":0},{"Id":71,"V":0,"NV":0,"TB":0},{"Id":80,"V":0,"NV":0,"TB":0},{"Id":83,"V":0,"NV":0,"TB":0},{"Id":79,"V":0,"NV":0,"TB":3}],[{"Id":68,"V":9,"NV":0,"TB":0},{"Id":81,"V":5,"NV":0,"TB":0},{"Id":67,"V":4,"NV":0,"TB":0},{"Id":75,"V":4,"NV":0,"TB":0},{"Id":76,"V":4,"NV":0,"TB":0},{"Id":77,"V":4,"NV":0,"TB":0},{"Id":65,"V":3,"NV":0,"TB":0},{"Id":69,"V":3,"NV":0,"TB":0},{"Id":70,"V":2,"NV":0,"TB":0},{"Id":72,"V":2,"NV":0,"TB":0},{"Id":66,"V":1,"NV":0,"TB":0},{"Id":73,"V":1,"NV":0,"TB":0},{"Id":74,"V":1,"NV":0,"TB":0},{"Id":78,"V":1,"NV":0,"TB":0},{"Id":82,"V":1,"NV":0,"TB":0},{"Id":84,"V":1,"NV":0,"TB":0},{"Id":71,"V":0,"NV":0,"TB":0},{"Id":83,"V":0,"NV":0,"TB":0},{"Id":80,"V":0,"NV":0,"TB":2}],[{"Id":68,"V":9,"NV":0,"TB":0},{"Id":81,"V":5,"NV":0,"TB":0},{"Id":67,"V":4,"NV":0,"TB":0},{"Id":75,"V":4,"NV":0,"TB":0},{"Id":76,"V":4,"NV":0,"TB":0},{"Id":77,"V":4,"NV":0,"TB":0},{"Id":65,"V":3,"NV":0,"TB":0},{"Id":69,"V":3,"NV":0,"TB":0},{"Id":70,"V":2,"NV":0,"TB":0},{"Id":72,"V":2,"NV":0,"TB":0},{"Id":66,"V":1,"NV":0,"TB":0},{"Id":73,"V":1,"NV":0,"TB":0},{"Id":74,"V":1,"NV":0,"TB":0},{"Id":78,"V":1,"NV":0,"TB":0},{"Id":82,"V":1,"NV":0,"TB":0},{"Id":84,"V":1,"NV":0,"TB":0},{"Id":83,"V":0,"NV":0,"TB":0},{"Id":71,"V":0,"NV":0,"TB":2}],[{"Id":68,"V":9,"NV":0,"TB":0},{"Id":81,"V":5,"NV":0,"TB":0},{"Id":67,"V":4,"NV":0,"TB":0},{"Id":75,"V":4,"NV":0,"TB":0},{"Id":76,"V":4,"NV":0,"TB":0},{"Id":77,"V":4,"NV":0,"TB":0},{"Id":65,"V":3,"NV":0,"TB":0},{"Id":69,"V":3,"NV":0,"TB":0},{"Id":70,"V":2,"NV":0,"TB":0},{"Id":72,"V":2,"NV":0,"TB":0},{"Id":66,"V":1,"NV":0,"TB":0},{"Id":73,"V":1,"NV":0,"TB":0},{"Id":74,"V":1,"NV":0,"TB":0},{"Id":78,"V":1,"NV":0,"TB":0},{"Id":82,"V":1,"NV":0,"TB":0},{"Id":84,"V":1,"NV":0,"TB":0},{"Id":83,"V":0,"NV":0,"TB":0}],[{"Id":68,"V":9,"NV":0,"TB":0},{"Id":81,"V":5,"NV":0,"TB":0},{"Id":67,"V":4,"NV":0,"TB":0},{"Id":75,"V":4,"NV":0,"TB":0},{"Id":76,"V":4,"NV":0,"TB":0},{"Id":77,"V":4,"NV":0,"TB":0},{"Id":65,"V":3,"NV":0,"TB":0},{"Id":69,"V":3,"NV":0,"TB":0},{"Id":70,"V":2,"NV":0,"TB":0},{"Id":72,"V":2,"NV":0,"TB":0},{"Id":66,"V":1,"NV":0,"TB":0},{"Id":73,"V":1,"NV":0,"TB":0},{"Id":78,"V":1,"NV":0,"TB":0},{"Id":82,"V":1,"NV":0,"TB":0},{"Id":84,"V":1,"NV":0,"TB":0},{"Id":74,"V":1,"NV":0,"TB":4}],[{"Id":68,"V":9,"NV":0,"TB":0},{"Id":81,"V":5,"NV":0,"TB":0},{"Id":67,"V":4,"NV":0,"TB":0},{"Id":75,"V":4,"NV":0,"TB":0},{"Id":76,"V":4,"NV":0,"TB":0},{"Id":77,"V":4,"NV":0,"TB":0},{"Id":65,"V":3,"NV":0,"TB":0},{"Id":69,"V":3,"NV":0,"TB":0},{"Id":66,"V":2,"NV":1,"TB":0},{"Id":70,"V":2,"NV":0,"TB":0},{"Id":72,"V":2,"NV":0,"TB":0},{"Id":73,"V":1,"NV":0,"TB":0},{"Id":78,"V":1,"NV":0,"TB":0},{"Id":82,"V":1,"NV":0,"TB":0},{"Id":84,"V":1,"NV":0,"TB":1}],[{"Id":68,"V":9,"NV":0,"TB":0},{"Id":81,"V":5,"NV":0,"TB":0},{"Id":67,"V":4,"NV":0,"TB":0},{"Id":75,"V":4,"NV":0,"TB":0},{"Id":76,"V":4,"NV":0,"TB":0},{"Id":77,"V":4,"NV":0,"TB":0},{"Id":65,"V":3,"NV":0,"TB":0},{"Id":69,"V":3,"NV":0,"TB":0},{"Id":66,"V":2,"NV":0,"TB":0},{"Id":70,"V":2,"NV":0,"TB":0},{"Id":72,"V":2,"NV":0,"TB":0},{"Id":82,"V":2,"NV":1,"TB":0},{"Id":73,"V":1,"NV":0,"TB":0},{"Id":78,"V":1,"NV":0,"TB":1}],[{"Id":68,"V":9,"NV":0,"TB":0},{"Id":81,"V":5,"NV":0,"TB":0},{"Id":67,"V":4,"NV":0,"TB":0},{"Id":69,"V":4,"NV":1,"TB":0},{"Id":75,"V":4,"NV":0,"TB":0},{"Id":76,"V":4,"NV":0,"TB":0},{"Id":77,"V":4,"NV":0,"TB":0},{"Id":65,"V":3,"NV":0,"TB":0},{"Id":66,"V":2,"NV":0,"TB":0},{"Id":70,"V":2,"NV":0,"TB":0},{"Id":72,"V":2,"NV":0,"TB":0},{"Id":82,"V":2,"NV":0,"TB":0},{"Id":73,"V":1,"NV":0,"TB":0}],[{"Id":68,"V":9,"NV":0,"TB":0},{"Id":81,"V":5,"NV":0,"TB":0},{"Id":67,"V":4,"NV":0,"TB":0},{"Id":69,"V":4,"NV":0,"TB":0},{"Id":75,"V":4,"NV":0,"TB":0},{"Id":76,"V":4,"NV":0,"TB":0},{"Id":77,"V":4,"NV":0,"TB":0},{"Id":65,"V":3,"NV":0,"TB":0},{"Id":72,"V":3,"NV":1,"TB":0},{"Id":70,"V":2,"NV":0,"TB":0},{"Id":82,"V":2,"NV":0,"TB":0},{"Id":66,"V":2,"NV":0,"TB":3}],[{"Id":68,"V":9,"NV":0,"TB":0},{"Id":67,"V":5,"NV":1,"TB":0},{"Id":76,"V":5,"NV":1,"TB":0},{"Id":81,"V":5,"NV":0,"TB":0},{"Id":69,"V":4,"NV":0,"TB":0},{"Id":75,"V":4,"NV":0,"TB":0},{"Id":77,"V":4,"NV":0,"TB":0},{"Id":65,"V":3,"NV":0,"TB":0},{"Id":72,"V":3,"NV":0,"TB":0},{"Id":70,"V":2,"NV":0,"TB":0},{"Id":82,"V":2,"NV":0,"TB":1}],[{"Id":68,"V":9,"NV":0,"TB":0},{"Id":67,"V":5,"NV":0,"TB":0},{"Id":69,"V":5,"NV":1,"TB":0},{"Id":75,"V":5,"NV":1,"TB":0},{"Id":76,"V":5,"NV":0,"TB":0},{"Id":81,"V":5,"NV":0,"TB":0},{"Id":77,"V":4,"NV":0,"TB":0},{"Id":65,"V":3,"NV":0,"TB":0},{"Id":72,"V":3,"NV":0,"TB":0},{"Id":70,"V":2,"NV":0,"TB":0}],[{"Id":68,"V":9,"NV":0,"TB":0},{"Id":67,"V":6,"NV":1,"TB":0},{"Id":75,"V":6,"NV":1,"TB":0},{"Id":69,"V":5,"NV":0,"TB":0},{"Id":76,"V":5,"NV":0,"TB":0},{"Id":81,"V":5,"NV":0,"TB":0},{"Id":77,"V":4,"NV":0,"TB":0},{"Id":65,"V":3,"NV":0,"TB":0},{"Id":72,"V":3,"NV":0,"TB":1}],[{"Id":68,"V":9,"NV":0,"TB":0},{"Id":67,"V":6,"NV":0,"TB":0},{"Id":75,"V":6,"NV":0,"TB":0},{"Id":81,"V":6,"NV":1,"TB":0},{"Id":69,"V":5,"NV":0,"TB":0},{"Id":76,"V":5,"NV":0,"TB":0},{"Id":77,"V":5,"NV":1,"TB":0},{"Id":65,"V":3,"NV":0,"TB":0}],[{"Id":68,"V":9,"NV":0,"TB":0},{"Id":81,"V":8,"NV":2,"TB":0},{"Id":67,"V":7,"NV":1,"TB":0},{"Id":75,"V":6,"NV":0,"TB":0},{"Id":69,"V":5,"NV":0,"TB":0},{"Id":76,"V":5,"NV":0,"TB":0},{"Id":77,"V":5,"NV":0,"TB":1}],[{"Id":68,"V":10,"NV":1,"TB":0},{"Id":81,"V":8,"NV":0,"TB":0},{"Id":67,"V":7,"NV":0,"TB":0},{"Id":75,"V":7,"NV":1,"TB":0},{"Id":76,"V":7,"NV":2,"TB":0},{"Id":69,"V":6,"NV":1,"TB":0}],[{"Id":68,"V":14,"NV":4,"TB":0},{"Id":75,"V":8,"NV":1,"TB":0},{"Id":81,"V":8,"NV":0,"TB":0},{"Id":76,"V":7,"NV":0,"TB":0},{"Id":67,"V":7,"NV":0,"TB":2}],[{"Id":68,"V":16,"NV":2,"TB":0},{"Id":75,"V":9,"NV":1,"TB":0},{"Id":81,"V":9,"NV":1,"TB":0},{"Id":76,"V":8,"NV":1,"TB":0}],[{"Id":68,"V":19,"NV":3,"TB":0},{"Id":75,"V":11,"NV":2,"TB":0},{"Id":81,"V":11,"NV":2,"TB":1}],[{"Id":68,"V":21,"NV":2,"TB":0},{"Id":75,"V":11,"NV":0,"TB":0}],[{"Id":68,"V":26,"NV":5,"TB":0}]],"Expires":1557700447,"SecondsLeft":0}