{"Mtype":"results","Title":"Round 5","PollStarted":"2019-03-17T23:47:20.616957352Z","PollDuration":600000000000,"Options":{"65":"The Assassin brothers take Kat and Keith on a traditional wolf keidran double date","66":"Kei is turned into an anthro-dragon; Reni's first attempt at transformation magic goes very right.","67":"Human Flora and Kat Back to Back (similar to the old incentive)","68":"Trace as jotaro kujo and demon tiger trace as star platinum","69":"Adira pole dancing","70":"Nora and Euchre sit down to a \"friendly\" games of chess. Both are cheating and they both know it :D","71":"Flora and Kathrin asks Trace if he can explain magic to them. After a long explaination Flora and Kathrin decide that they should have asked Natani instead.","72":"Raine helps Zen get accustomed to using a walking cane, but he trips and falls landing on Raine.  ","73":"Karen introduces Maddie to Magpie. Maddie is critical at the sight of such an unorthodox Basitin.","74":"\"Tail Hug\" but with Natani and Keith","75":"Cyberpunk-style netrunner Raine.","76":"Keith begrudgingly accepts he’s the little spoon ","77":"Reference sheet of Adelaide the Basitin King","78":"Flora and Kat discover a group of tiny mouse keidran","79":"Jedi Trace battles his dark sides-Black Mana and Templar Trace-in an epic 2v1 lightsaber battle, with both Sith Traces using crossguard lightsabers.","80":"Having been made a slave, Clovis ends up as a model for Eric","81":"Puptani and kid Zen play hide and seek in the forest near their house"},"ExpectedBallots":164,"CountedBallots":164,"Ballots":["HK","PQFEL","BFPIM","CGLMNFEHKJ","GBANC","JBFIMNHQLECGP","MHCAJKNPLFQEBGIDO","LJANMI","BOFMI","FN","PA","BDPLNJ","EH","AQFIBLM","GOB","KEAOBQCPFHGINDLJM","PLHACB","GNAC","NAF","EIA","PKBELQFNM","CDFNJ","J","A","BFKE","OJAHQ","","EPBCKDN","AQCBNGE","DJAMOBFQLGIHPECKN","FNOBQK","JGPIFACMBKLEHQNOD","PBIMFKCEHO","CQEKALINHJOPBFG","","LJ","KEANMC","K","DCEAJQ","QMLJ","MK","PNELGJHQMBIFCKADO","BCMGN","AMBJEH","HQPCEN","BF","KFPNLBHJAQGOIDC","OIBC","MDGEHA","A","IMQA","NCGA","IOGQMFPAHBJL","AHM","ENPAHGFJOMBQLIKDC","NP","GJNFD","NC","","BFCNMKOALIJPEQHDG","ENLKM","ACGNPIFBQLKDJOHEM","","KENMJ","QKHCE","MKAPFGJ","EFOGN","QBIMAFKN","MAQLJIGP","AMG","KMQPNFA","CNKFLEMBDQHGOIPJ","MJAL","FNBKOG","GM","NE","QEP","LJAKH","KHBQ","GCFH","QBCAGK","C","NFGPBLKJ","EN","MNPFEBLCAQJIGKDHO","KHAJ","PJHGQALCNIFBOMEDK","EFJPH","EAJLNKHQGCIMBODPF","","MLFNPBIAGJQECH","JGQMHN","LAJKN","OKHIG","CDLIB","EC","MAPEIQ","","DGIAF","DEP","FAB","KC","CG","IAMFLPBCKJQEHGN","LEN","KH","CEB","KFEM","ICLEO","KH","KGLFH","QAME","JMB","NPQHJB","LDMCON","MKBH","KH","Q","HLC","OG","PALE","MP","JE","IBNLKCM","CNL","","FHIMALECKOJPBGQND","ACN","LNBAQK","NB","DCBGM","HCIDEA","FPMI","GEIA","KEPAJ","CGAJEP","ANFKE","NC","NCOJ","MBLJPIGQF","HCGLPF","AG","FNHG","M","OACHE","J","GIBKJP","FQBN","CGLH","DECI","CHMK","BOIN","HKQCIFDNBGO","QAHJLMIGFBO","HMEKFA","PBHAMFGK","BJDAKGF","MFB","HMJB","DOCG","MBDK","JF","MCJ","MKJEQAPDGNICHLOFB"],"Placements":[[{"Id":77,"V":17,"NV":17,"TB":0},{"Id":75,"V":15,"NV":15,"TB":0},{"Id":67,"V":12,"NV":12,"TB":0},{"Id":65,"V":11,"NV":11,"TB":0},{"Id":69,"V":10,"NV":10,"TB":0},{"Id":78,"V":10,"NV":10,"TB":0},{"Id":66,"V":9,"NV":9,"TB":0},{"Id":80,"V":9,"NV":9,"TB":0},{"Id":70,"V":8,"NV":8,"TB":0},{"Id":71,"V":8,"NV":8,"TB":0},{"Id":72,"V":8,"NV":8,"TB":0},{"Id":74,"V":8,"NV":8,"TB":0},{"Id":81,"V":8,"NV":8,"TB":0},{"Id":68,"V":7,"NV":7,"TB":0},{"Id":76,"V":7,"NV":7,"TB":0},{"Id":79,"V":5,"NV":5,"TB":0},{"Id":73,"V":5,"NV":5,"TB":2}],[{"Id":77,"V":18,"NV":1,"TB":0},{"Id":75,"V":15,"NV":0,"TB":0},{"Id":67,"V":13,"NV":1,"TB":0},{"Id":65,"V":12,"NV":1,"TB":0},{"Id":66,"V":10,"NV":1,"TB":0},{"Id":69,"V":10,"NV":0,"TB":0},{"Id":78,"V":10,"NV":0,"TB":0},{"Id":80,"V":9,"NV":0,"TB":0},{"Id":70,"V":8,"NV":0,"TB":0},{"Id":71,"V":8,"NV":0,"TB":0},{"Id":72,"V":8,"NV":0,"TB":0},{"Id":74,"V":8,"NV":0,"TB":0},{"Id":81,"V":8,"NV":0,"TB":0},{"Id":68,"V":7,"NV":0,"TB":0},{"Id":76,"V":7,"NV":0,"TB":0},{"Id":79,"V":6,"NV":1,"TB":0}],[{"Id":77,"V":18,"NV":0,"TB":0},{"Id":75,"V":16,"NV":1,"TB":0},{"Id":65,"V":13,"NV":1,"TB":0},{"Id":67,"V":13,"NV":0,"TB":0},{"Id":66,"V":11,"NV":1,"TB":0},{"Id":69,"V":10,"NV":0,"TB":0},{"Id":71,"V":10,"NV":2,"TB":0},{"Id":78,"V":10,"NV":0,"TB":0},{"Id":74,"V":9,"NV":1,"TB":0},{"Id":80,"V":9,"NV":0,"TB":0},{"Id":70,"V":8,"NV":0,"TB":0},{"Id":72,"V":8,"NV":0,"TB":0},{"Id":81,"V":8,"NV":0,"TB":0},{"Id":68,"V":7,"NV":0,"TB":0},{"Id":76,"V":7,"NV":0,"TB":1}],[{"Id":77,"V":18,"NV":0,"TB":0},{"Id":75,"V":16,"NV":0,"TB":0},{"Id":65,"V":14,"NV":1,"TB":0},{"Id":67,"V":13,"NV":0,"TB":0},{"Id":74,"V":12,"NV":3,"TB":0},{"Id":66,"V":11,"NV":0,"TB":0},{"Id":69,"V":11,"NV":1,"TB":0},{"Id":78,"V":11,"NV":1,"TB":0},{"Id":71,"V":10,"NV":0,"TB":0},{"Id":80,"V":9,"NV":0,"TB":0},{"Id":68,"V":8,"NV":1,"TB":0},{"Id":70,"V":8,"NV":0,"TB":0},{"Id":72,"V":8,"NV":0,"TB":0},{"Id":81,"V":8,"NV":0,"TB":1}],[{"Id":77,"V":19,"NV":1,"TB":0},{"Id":75,"V":17,"NV":1,"TB":0},{"Id":65,"V":16,"NV":2,"TB":0},{"Id":66,"V":13,"NV":2,"TB":0},{"Id":67,"V":13,"NV":0,"TB":0},{"Id":69,"V":12,"NV":1,"TB":0},{"Id":74,"V":12,"NV":0,"TB":0},{"Id":78,"V":11,"NV":0,"TB":0},{"Id":71,"V":10,"NV":0,"TB":0},{"Id":80,"V":9,"NV":0,"TB":0},{"Id":70,"V":8,"NV":0,"TB":0},{"Id":72,"V":8,"NV":0,"TB":0},{"Id":68,"V":8,"NV":0,"TB":3}],[{"Id":77,"V":20,"NV":1,"TB":0},{"Id":75,"V":17,"NV":0,"TB":0},{"Id":65,"V":16,"NV":0,"TB":0},{"Id":67,"V":16,"NV":3,"TB":0},{"Id":69,"V":14,"NV":2,"TB":0},{"Id":66,"V":13,"NV":0,"TB":0},{"Id":74,"V":13,"NV":1,"TB":0},{"Id":71,"V":11,"NV":1,"TB":0},{"Id":78,"V":11,"NV":0,"TB":0},{"Id":80,"V":9,"NV":0,"TB":0},{"Id":70,"V":8,"NV":0,"TB":0},{"Id":72,"V":8,"NV":0,"TB":1}],[{"Id":77,"V":22,"NV":2,"TB":0},{"Id":67,"V":19,"NV":3,"TB":0},{"Id":75,"V":19,"NV":2,"TB":0},{"Id":65,"V":16,"NV":0,"TB":0},{"Id":69,"V":14,"NV":0,"TB":0},{"Id":66,"V":13,"NV":0,"TB":0},{"Id":74,"V":13,"NV":0,"TB":0},{"Id":71,"V":11,"NV":0,"TB":0},{"Id":78,"V":11,"NV":0,"TB":0},{"Id":80,"V":10,"NV":1,"TB":0},{"Id":70,"V":8,"NV":0,"TB":0}],[{"Id":77,"V":23,"NV":1,"TB":0},{"Id":67,"V":19,"NV":0,"TB":0},{"Id":75,"V":19,"NV":0,"TB":0},{"Id":65,"V":17,"NV":1,"TB":0},{"Id":78,"V":15,"NV":4,"TB":0},{"Id":66,"V":14,"NV":1,"TB":0},{"Id":69,"V":14,"NV":0,"TB":0},{"Id":74,"V":13,"NV":0,"TB":0},{"Id":71,"V":11,"NV":0,"TB":0},{"Id":80,"V":11,"NV":1,"TB":1}],[{"Id":77,"V":24,"NV":1,"TB":0},{"Id":65,"V":20,"NV":3,"TB":0},{"Id":67,"V":20,"NV":1,"TB":0},{"Id":75,"V":20,"NV":1,"TB":0},{"Id":66,"V":16,"NV":2,"TB":0},{"Id":78,"V":16,"NV":1,"TB":0},{"Id":69,"V":15,"NV":1,"TB":0},{"Id":74,"V":14,"NV":1,"TB":0},{"Id":71,"V":11,"NV":0,"TB":0}],[{"Id":77,"V":26,"NV":2,"TB":0},{"Id":65,"V":21,"NV":1,"TB":0},{"Id":67,"V":21,"NV":1,"TB":0},{"Id":75,"V":20,"NV":0,"TB":0},{"Id":66,"V":19,"NV":3,"TB":0},{"Id":78,"V":17,"NV":1,"TB":0},{"Id":69,"V":16,"NV":1,"TB":0},{"Id":74,"V":15,"NV":1,"TB":0}],[{"Id":77,"V":28,"NV":2,"TB":0},{"Id":65,"V":27,"NV":6,"TB":0},{"Id":67,"V":21,"NV":0,"TB":0},{"Id":66,"V":20,"NV":1,"TB":0},{"Id":75,"V":20,"NV":0,"TB":0},{"Id":78,"V":18,"NV":1,"TB":0},{"Id":69,"V":17,"NV":1,"TB":0}],[{"Id":65,"V":30,"NV":3,"TB":0},{"Id":77,"V":28,"NV":0,"TB":0},{"Id":67,"V":23,"NV":2,"TB":0},{"Id":78,"V":23,"NV":5,"TB":0},{"Id":66,"V":21,"NV":1,"TB":0},{"Id":75,"V":20,"NV":0,"TB":0}],[{"Id":65,"V":34,"NV":4,"TB":0},{"Id":77,"V":30,"NV":2,"TB":0},{"Id":67,"V":26,"NV":3,"TB":0},{"Id":78,"V":25,"NV":2,"TB":0},{"Id":66,"V":23,"NV":2,"TB":0}],[{"Id":65,"V":37,"NV":3,"TB":0},{"Id":77,"V":35,"NV":5,"TB":0},{"Id":67,"V":31,"NV":5,"TB":0},{"Id":78,"V":30,"NV":5,"TB":0}],[{"Id":65,"V":42,"NV":5,"TB":0},{"Id":77,"V":39,"NV":4,"TB":0},{"Id":67,"V":36,"NV":5,"TB":0}],[{"Id":65,"V":48,"NV":6,"TB":0},{"Id":77,"V":46,"NV":7,"TB":0}],[{"Id":65,"V":65,"NV":17,"TB":0}]],"Expires":1552867641,"SecondsLeft":0}