{"Mtype":"results","Title":"Round 6","PollStarted":"2019-07-15T00:00:35.978672939Z","PollDuration":300000000000,"Options":{"65":"Kathrin in a wedding dress ","66":"Toms Birthday: Page 92 - Redrawn","67":"Eris is traveling to catch several critters to fulfill their frankenstein project. But she has to be careful how she was not allowed to get caught by the Templars back then","68":"Cornelius trying to bond with little Keith ","69":"Mike visits Kat's psychiatry booth (Peanuts spoof)","70":"Magical boy Keith ","71":"Raine and Red (both in halfkind forms) share a heartwarming kiss beneath a waterfall.","72":"Keith trying to Natani into bed after a long night of drinking and feasting","73":"Tiger Trace and Keith find themselves wearing the control collars. Flora sees this and decides to make them her servants.","74":"Sythe roof running (cyber punk themed)","75":"Maddy tries to stop Natani and Keith from kissing. She fails spectacularly ","76":"Adult Maeve tries to get Maddie to wear a bathing suit, and the Basitin freaks out about wearing almost nothing in public","77":"Trace, Flora, Keith and Natani form a rock group: Trace on vocals, Flora as hyper guitar, Keith on drums and Natani on base.","78":"Eric teaches Kat how to drive"},"ExpectedBallots":41,"CountedBallots":41,"Ballots":["AKNEL","AGJKMIFLDNHBCE","DFBG","BEDLHNMAKG","GBNADHILEJ","BE","BMCJG","EJALGBFINKDMHC","MGIK","LBKD","","LGNMHKEBJADFIC","EDKACLHGJMB","ABEMKGFH","D","DIAJK","GDN","","KBLIHG","I","ENAICJKGDLMBHF","BNAEJFMILGK","G","BMIA","BLKFJ","NLKG","JHEBLAKIFDNGMC","KAHLGMJD","LG","HKLMD","HDFLGIJCNBMA","LIGJ","EAN","AELND","DAKIHBFNCMEJG","JMIKNBA","IL","KGH","DNHKLMAE","JDBK","NIFCMJ"],"Placements":[[{"Id":66,"V":6,"NV":6,"TB":0},{"Id":68,"V":5,"NV":5,"TB":0},{"Id":65,"V":4,"NV":4,"TB":0},{"Id":69,"V":4,"NV":4,"TB":0},{"Id":76,"V":4,"NV":4,"TB":0},{"Id":71,"V":3,"NV":3,"TB":0},{"Id":74,"V":3,"NV":3,"TB":0},{"Id":75,"V":3,"NV":3,"TB":0},{"Id":72,"V":2,"NV":2,"TB":0},{"Id":73,"V":2,"NV":2,"TB":0},{"Id":78,"V":2,"NV":2,"TB":0},{"Id":77,"V":1,"NV":1,"TB":0},{"Id":67,"V":0,"NV":0,"TB":0},{"Id":70,"V":0,"NV":0,"TB":1}],[{"Id":66,"V":6,"NV":0,"TB":0},{"Id":68,"V":5,"NV":0,"TB":0},{"Id":65,"V":4,"NV":0,"TB":0},{"Id":69,"V":4,"NV":0,"TB":0},{"Id":76,"V":4,"NV":0,"TB":0},{"Id":71,"V":3,"NV":0,"TB":0},{"Id":74,"V":3,"NV":0,"TB":0},{"Id":75,"V":3,"NV":0,"TB":0},{"Id":72,"V":2,"NV":0,"TB":0},{"Id":73,"V":2,"NV":0,"TB":0},{"Id":78,"V":2,"NV":0,"TB":0},{"Id":77,"V":1,"NV":0,"TB":0},{"Id":67,"V":0,"NV":0,"TB":0}],[{"Id":66,"V":6,"NV":0,"TB":0},{"Id":68,"V":5,"NV":0,"TB":0},{"Id":65,"V":4,"NV":0,"TB":0},{"Id":69,"V":4,"NV":0,"TB":0},{"Id":76,"V":4,"NV":0,"TB":0},{"Id":71,"V":3,"NV":0,"TB":0},{"Id":74,"V":3,"NV":0,"TB":0},{"Id":75,"V":3,"NV":0,"TB":0},{"Id":72,"V":2,"NV":0,"TB":0},{"Id":73,"V":2,"NV":0,"TB":0},{"Id":78,"V":2,"NV":0,"TB":0},{"Id":77,"V":1,"NV":0,"TB":0}],[{"Id":66,"V":6,"NV":0,"TB":0},{"Id":68,"V":5,"NV":0,"TB":0},{"Id":65,"V":4,"NV":0,"TB":0},{"Id":69,"V":4,"NV":0,"TB":0},{"Id":71,"V":4,"NV":1,"TB":0},{"Id":76,"V":4,"NV":0,"TB":0},{"Id":74,"V":3,"NV":0,"TB":0},{"Id":75,"V":3,"NV":0,"TB":0},{"Id":72,"V":2,"NV":0,"TB":0},{"Id":73,"V":2,"NV":0,"TB":0},{"Id":78,"V":2,"NV":0,"TB":1}],[{"Id":66,"V":6,"NV":0,"TB":0},{"Id":68,"V":5,"NV":0,"TB":0},{"Id":76,"V":5,"NV":1,"TB":0},{"Id":65,"V":4,"NV":0,"TB":0},{"Id":69,"V":4,"NV":0,"TB":0},{"Id":71,"V":4,"NV":0,"TB":0},{"Id":73,"V":3,"NV":1,"TB":0},{"Id":74,"V":3,"NV":0,"TB":0},{"Id":75,"V":3,"NV":0,"TB":0},{"Id":72,"V":2,"NV":0,"TB":0}],[{"Id":66,"V":6,"NV":0,"TB":0},{"Id":68,"V":6,"NV":1,"TB":0},{"Id":76,"V":5,"NV":0,"TB":0},{"Id":65,"V":4,"NV":0,"TB":0},{"Id":69,"V":4,"NV":0,"TB":0},{"Id":71,"V":4,"NV":0,"TB":0},{"Id":75,"V":4,"NV":1,"TB":0},{"Id":74,"V":3,"NV":0,"TB":0},{"Id":73,"V":3,"NV":0,"TB":2}],[{"Id":66,"V":6,"NV":0,"TB":0},{"Id":68,"V":6,"NV":0,"TB":0},{"Id":76,"V":6,"NV":1,"TB":0},{"Id":65,"V":4,"NV":0,"TB":0},{"Id":69,"V":4,"NV":0,"TB":0},{"Id":71,"V":4,"NV":0,"TB":0},{"Id":75,"V":4,"NV":0,"TB":0},{"Id":74,"V":4,"NV":1,"TB":2}],[{"Id":68,"V":7,"NV":1,"TB":0},{"Id":66,"V":6,"NV":0,"TB":0},{"Id":76,"V":6,"NV":0,"TB":0},{"Id":69,"V":5,"NV":1,"TB":0},{"Id":75,"V":5,"NV":1,"TB":0},{"Id":65,"V":4,"NV":0,"TB":0},{"Id":71,"V":4,"NV":0,"TB":1}],[{"Id":68,"V":8,"NV":1,"TB":0},{"Id":66,"V":7,"NV":1,"TB":0},{"Id":75,"V":6,"NV":1,"TB":0},{"Id":76,"V":6,"NV":0,"TB":0},{"Id":69,"V":5,"NV":0,"TB":0},{"Id":65,"V":4,"NV":0,"TB":0}],[{"Id":66,"V":8,"NV":1,"TB":0},{"Id":68,"V":8,"NV":0,"TB":0},{"Id":75,"V":8,"NV":2,"TB":0},{"Id":69,"V":6,"NV":1,"TB":0},{"Id":76,"V":6,"NV":0,"TB":1}],[{"Id":75,"V":10,"NV":2,"TB":0},{"Id":66,"V":9,"NV":1,"TB":0},{"Id":68,"V":8,"NV":0,"TB":0},{"Id":69,"V":6,"NV":0,"TB":0}],[{"Id":66,"V":11,"NV":2,"TB":0},{"Id":75,"V":11,"NV":1,"TB":0},{"Id":68,"V":10,"NV":2,"TB":0}],[{"Id":75,"V":15,"NV":4,"TB":0},{"Id":66,"V":14,"NV":3,"TB":0}],[{"Id":75,"V":23,"NV":8,"TB":0}]],"Expires":1563149436,"SecondsLeft":0}