{"Mtype":"results","Title":"Round 1","PollStarted":"2019-01-20T21:04:23.453336603Z","PollDuration":600000000000,"Options":{"65":"Natani in N7 outfit and equip. Female (Mass) and male (effect) versions.","66":"Follow-up to the Clovis Transformation pic: Brutus walks in right after, and Clovis scrambles to hide herself.","67":"Trace reveals his transcendent magic potential. Lady Nora is impressed, he is not just eye candy. ","68":"Nora plays cupid again, and hits Flora!","69":"Karen introduces Maddie to Magpie. Maddie is critical at the sight of such an unorthodox Basitin.","70":"King Adelaide actually comes from an island of Amazon Basitins who are looking for their lost offspring","71":"Raine howls with Red, Scythe is not amused","72":"Keith doing mechanic work on a submarine","73":"Sequel to Kat kissing Golem: Kat gets a Valentine's gift from a secret admirer: a box full of smooth rocks shaped like hearts.","74":"Trace, Flora, Keith, and Natani as classic video game characters.","75":"Adelaide punishing the guardian statue like its a stray dog that hurt her daughter.","76":"Natani's Magical Chest Wraps store, customers include Fem-Clovis and Shiro from Rascals","77":"Trace and Keith play magically enforced truth or dare again, this time Flora makes them be her servant.","78":"Flora gives Trace a traditional tiger gift for Valentine's Day","79":"Flora learns to sing metal from Retsuko","80":"Keidran Nibbly gets a tummy ache, Sythe comforts her with a belly rub."},"ExpectedBallots":142,"CountedBallots":141,"Ballots":["IEMKOBL","BGEFK","BLGKFJ","IPKNE","FNLGHIKEBCP","DBGHILPMOEFCAKNJ","NJMEDLFKP","LEIKG","BGDMCIPN","HI","N","E","HKFBLNIEPCMDGOJA","LOIBHKJDCGAMENPF","BLGM","JKG","I","BFK","OKIC","K","CDLEBIOGJNKFHP","FKEOCGI","LCEDNBMFIKHGJPAO","DOPBGK","OJANFB","GE","BL","GEKJICH","GN","NMEPBHCDFJ","PGHNCEI","BLJMGDCPKNEOFHA","AINCHDBGJ","GBLIJMKOFPAECHND","O","EKHIPOGN","IPNDBJCE","OJKHN","GOEAINMJHC","PCEOMLBN","MEHAPOJ","FNMEDKIPACGJBHLO","CKBLGEHIPOFNJDA","BPLG","FPNBO","KGB","P","BGJECFO","BLFAGIEHDKCMNOJ","CHEMPGBI","BAL","DOJANHICPFBMEGLK","MIKO","GKL","JLABKICPEHMNOGDF","AHJKLFDEIG","GBDIJCOMHFLPAKEN","FPNBOD","IELGH","NEMOLDBFGJKAHICP","NBIOM","MCBGNPKDEIOHFJAL","HINGA","PBJNHDIFGO","BDEHCINAGFJLPMOK","NI","JO","JAGO","GOEIKP","MLGBPE","BLHEFGIKCNAMDJ","JLO","GIP","AHLMBNGDIFPCOKEJ","PGKDNMOCBJHIALE","PNM","JEF","MGCJNPIBK","GHFIJBCLEPKDOMNA","JCGIP","JOM","BFKL","BLCM","IKELNDHG","GHCKI","PB","DCMNEIAHBLFJKP","BGCLJOFIPEKN","HLPEMFCGJIKDN","L","PGENCDIKOFMHJBAL","GF","KONMDI","MJO","LCPKMENJ","ADLJOGPKNIFMEBHC","NMJPDO","GNBIDLK","FKJB","JLO","JD","MNBJICP","JO","NOJ","NBE","JPCLIDNH","OBGPEIKF","CKP","DMNCO","PGI","GI","HAGCJI","C","NFI","DO","MLJH","GF","CLKGDMAB","CFK","","PFJHCOGNKELMIDAB","","CLEM","CHJE","JCO","GPBL","OJF","NF","I","ELNCGJKM","JMOC","ENJ","NMCGIKDEFH","MIGDJ","CDNB","FKJIMPG","GCKNBD","NDFOELCKGHBAPMJI","EJGPKND","GLONCPHAFKJMIEBD","E"],"Placements":[[{"Id":71,"V":18,"NV":18,"TB":0},{"Id":66,"V":16,"NV":16,"TB":0},{"Id":74,"V":14,"NV":14,"TB":0},{"Id":78,"V":13,"NV":13,"TB":0},{"Id":67,"V":10,"NV":10,"TB":0},{"Id":80,"V":10,"NV":10,"TB":0},{"Id":77,"V":9,"NV":9,"TB":0},{"Id":70,"V":7,"NV":7,"TB":0},{"Id":73,"V":7,"NV":7,"TB":0},{"Id":68,"V":6,"NV":6,"TB":0},{"Id":69,"V":6,"NV":6,"TB":0},{"Id":79,"V":6,"NV":6,"TB":0},{"Id":72,"V":5,"NV":5,"TB":0},{"Id":76,"V":5,"NV":5,"TB":0},{"Id":65,"V":4,"NV":4,"TB":0},{"Id":75,"V":3,"NV":3,"TB":0}],[{"Id":71,"V":19,"NV":1,"TB":0},{"Id":66,"V":16,"NV":0,"TB":0},{"Id":74,"V":14,"NV":0,"TB":0},{"Id":78,"V":13,"NV":0,"TB":0},{"Id":67,"V":10,"NV":0,"TB":0},{"Id":80,"V":10,"NV":0,"TB":0},{"Id":77,"V":9,"NV":0,"TB":0},{"Id":70,"V":7,"NV":0,"TB":0},{"Id":73,"V":7,"NV":0,"TB":0},{"Id":79,"V":7,"NV":1,"TB":0},{"Id":68,"V":6,"NV":0,"TB":0},{"Id":69,"V":6,"NV":0,"TB":0},{"Id":72,"V":5,"NV":0,"TB":0},{"Id":76,"V":5,"NV":0,"TB":0},{"Id":65,"V":4,"NV":0,"TB":0}],[{"Id":71,"V":19,"NV":0,"TB":0},{"Id":66,"V":16,"NV":0,"TB":0},{"Id":74,"V":14,"NV":0,"TB":0},{"Id":78,"V":13,"NV":0,"TB":0},{"Id":67,"V":10,"NV":0,"TB":0},{"Id":80,"V":10,"NV":0,"TB":0},{"Id":77,"V":9,"NV":0,"TB":0},{"Id":73,"V":8,"NV":1,"TB":0},{"Id":68,"V":7,"NV":1,"TB":0},{"Id":70,"V":7,"NV":0,"TB":0},{"Id":72,"V":7,"NV":2,"TB":0},{"Id":79,"V":7,"NV":0,"TB":0},{"Id":69,"V":6,"NV":0,"TB":0},{"Id":76,"V":5,"NV":0,"TB":0}],[{"Id":71,"V":19,"NV":0,"TB":0},{"Id":66,"V":16,"NV":0,"TB":0},{"Id":74,"V":14,"NV":0,"TB":0},{"Id":78,"V":13,"NV":0,"TB":0},{"Id":67,"V":12,"NV":2,"TB":0},{"Id":80,"V":10,"NV":0,"TB":0},{"Id":77,"V":9,"NV":0,"TB":0},{"Id":73,"V":8,"NV":0,"TB":0},{"Id":79,"V":8,"NV":1,"TB":0},{"Id":68,"V":7,"NV":0,"TB":0},{"Id":69,"V":7,"NV":1,"TB":0},{"Id":70,"V":7,"NV":0,"TB":0},{"Id":72,"V":7,"NV":0,"TB":1}],[{"Id":71,"V":20,"NV":1,"TB":0},{"Id":66,"V":16,"NV":0,"TB":0},{"Id":74,"V":15,"NV":1,"TB":0},{"Id":78,"V":13,"NV":0,"TB":0},{"Id":67,"V":12,"NV":0,"TB":0},{"Id":80,"V":11,"NV":1,"TB":0},{"Id":73,"V":10,"NV":2,"TB":0},{"Id":77,"V":10,"NV":1,"TB":0},{"Id":70,"V":8,"NV":1,"TB":0},{"Id":79,"V":8,"NV":0,"TB":0},{"Id":68,"V":7,"NV":0,"TB":0},{"Id":69,"V":7,"NV":0,"TB":1}],[{"Id":71,"V":20,"NV":0,"TB":0},{"Id":66,"V":16,"NV":0,"TB":0},{"Id":74,"V":16,"NV":1,"TB":0},{"Id":78,"V":15,"NV":2,"TB":0},{"Id":67,"V":12,"NV":0,"TB":0},{"Id":73,"V":12,"NV":2,"TB":0},{"Id":80,"V":11,"NV":0,"TB":0},{"Id":77,"V":10,"NV":0,"TB":0},{"Id":70,"V":8,"NV":0,"TB":0},{"Id":79,"V":8,"NV":0,"TB":0},{"Id":68,"V":7,"NV":0,"TB":0}],[{"Id":71,"V":20,"NV":0,"TB":0},{"Id":66,"V":17,"NV":1,"TB":0},{"Id":74,"V":17,"NV":1,"TB":0},{"Id":78,"V":15,"NV":0,"TB":0},{"Id":67,"V":13,"NV":1,"TB":0},{"Id":73,"V":12,"NV":0,"TB":0},{"Id":77,"V":11,"NV":1,"TB":0},{"Id":79,"V":11,"NV":3,"TB":0},{"Id":80,"V":11,"NV":0,"TB":0},{"Id":70,"V":8,"NV":0,"TB":0}],[{"Id":71,"V":20,"NV":0,"TB":0},{"Id":74,"V":19,"NV":2,"TB":0},{"Id":66,"V":18,"NV":1,"TB":0},{"Id":78,"V":17,"NV":2,"TB":0},{"Id":67,"V":13,"NV":0,"TB":0},{"Id":80,"V":13,"NV":2,"TB":0},{"Id":73,"V":12,"NV":0,"TB":0},{"Id":79,"V":12,"NV":1,"TB":0},{"Id":77,"V":11,"NV":0,"TB":0}],[{"Id":71,"V":22,"NV":2,"TB":0},{"Id":74,"V":21,"NV":2,"TB":0},{"Id":66,"V":19,"NV":1,"TB":0},{"Id":78,"V":19,"NV":2,"TB":0},{"Id":67,"V":14,"NV":1,"TB":0},{"Id":73,"V":14,"NV":2,"TB":0},{"Id":80,"V":14,"NV":1,"TB":0},{"Id":79,"V":12,"NV":0,"TB":0}],[{"Id":74,"V":25,"NV":4,"TB":0},{"Id":71,"V":22,"NV":0,"TB":0},{"Id":66,"V":20,"NV":1,"TB":0},{"Id":78,"V":20,"NV":1,"TB":0},{"Id":73,"V":16,"NV":2,"TB":0},{"Id":67,"V":15,"NV":1,"TB":0},{"Id":80,"V":15,"NV":1,"TB":1}],[{"Id":74,"V":27,"NV":2,"TB":0},{"Id":71,"V":26,"NV":4,"TB":0},{"Id":66,"V":23,"NV":3,"TB":0},{"Id":78,"V":23,"NV":3,"TB":0},{"Id":67,"V":17,"NV":2,"TB":0},{"Id":73,"V":16,"NV":0,"TB":0}],[{"Id":71,"V":30,"NV":4,"TB":0},{"Id":78,"V":28,"NV":5,"TB":0},{"Id":74,"V":27,"NV":0,"TB":0},{"Id":66,"V":25,"NV":2,"TB":0},{"Id":67,"V":18,"NV":1,"TB":0}],[{"Id":71,"V":34,"NV":4,"TB":0},{"Id":78,"V":32,"NV":4,"TB":0},{"Id":66,"V":29,"NV":4,"TB":0},{"Id":74,"V":28,"NV":1,"TB":0}],[{"Id":71,"V":42,"NV":8,"TB":0},{"Id":78,"V":36,"NV":4,"TB":0},{"Id":66,"V":31,"NV":2,"TB":0}],[{"Id":71,"V":59,"NV":17,"TB":0},{"Id":78,"V":42,"NV":6,"TB":0}],[{"Id":71,"V":75,"NV":16,"TB":0}]],"Expires":1548019472,"SecondsLeft":0}