{"Mtype":"results","Title":"Round 5","PollStarted":"2019-10-06T23:16:47.926935096Z","PollDuration":600000000000,"Options":{"65":"Kat and Flora race into the kitchen after hearing a can of tuna fish open, pouncing on an unsuspecting Keith.","66":"Rose decides to further test Raine's magical abilities with a stronger magic collar. Cut to everyone staring at the smoking remains of the mansion","67":"Keith and Laura surfing at the beach. Laura is having lots of fun, while Keith has trouble staying on the board at all.","68":"Natani in a groom outfit (tuxedo, suit, etc) Carrying his \"bride\" (Keith in a wedding dress) bridal style, having him very embarrassed","69":"Kat's evil clone beating the crap out of Roderick or chaining him up and treating him like a slave.","70":"In the rabbit village Mike is bowled over, bunny piled and questioned by a small fluffle of curious young rabbits.","71":"Adira at work costumed as Elvira for the season.","72":"Clovis squirming at his desk trying to work, knees together, frustrated. He hasn't yet put it together, but it's spring for the first time since getting his new body.","73":"Zoroark Mike. Male or female. Having fun when he's in control of the illusions.","74":"Vampire Clovis tries to seduce Kat, but she is more intrigued by his costume","75":"For Breast Cancer Awareness Month, Nora inspects everyone’s chest (except Flora’s).","76":"Wolf Raine in sexy lingerie","77":"Keith and Natani in the scene from Titanic where Jack is holding Rose up on the front of the ship, with Keith as Rose?","78":"Pumpkin carving contest!","79":"Nora pulls Red and Sythe into Raine's dream, where they are made to act out one of her fanfictions, one that stars only them...","80":"Trace and flora as news anchors talking about something to do with Nibbly.","81":"Maren, Roselyn, and Fem! Eric as the Sanderson sisters from Hocus Pocus.","82":"Adelaide and Maddie's Father: Forbidden First Date edition. Maddie's father sneaking his way into the castle to see Adelaide ","83":"Halloween Cosplay: Adelaide as Cassandra (Soul Calibur) Natani as Mai Shiranu (Fatal Fury) Raine as Kasumi (Dead or Alive), Flora as Chun-Li (Street Fighter)","84":"That is the Bibliothiki (https://wapsisquare.fandom.com/wiki/Bibliothiki)  in \"The Library\" and Phix comes to greet new visitor Raine.","85":"A tiger huntress makes first contact with humans, by sneaking into a human tavern in the night. The owner tries repeatedly to whack her with a broom whilst the huntress tries to calm her down.","86":"Sythe’s personal thoughts on Maren","87":"Nora The Magnificent, Nora decides to put on a cheesy magic act. Everyone is confused as to why she isn't showing off her actual magic prowess","88":"Keith as Frankenstein, in the process of creating Monster Natani"},"ExpectedBallots":46,"CountedBallots":46,"Ballots":["BQVO","NVRFPISJUWDEB","AVNLJIKUDEPHCSQWOGXMFTRB","ANXOC","FLBJGNMQPXKWUHDSVCTR","LRSB","ARCVFUOHL","VUO","LOBWQKSJTN","VFNUQKTS","A","QMFAHL","HK","GFWKASPRVHUBLJM","QCGJLFVAMOBEHIRD","VRSUECNP","ABWXON","XDIHLFV","QIBJFCVO","QSGLVTRAICJO","SCUBDGVKRNPQWF","AUCKO","RL","QHPNAKBSMVG","QUNR","RUNJGQVO","AREJKHULFO","REVBIC","CK","OL","QNPMDWVBHARIC","RUCINKJFLDXWABMSPQHTOVEG","RHFIWXBUVMGLPKQOSTCDJNAE","GAEP","NAW","CRJXDEUMHVGAPWSQ","CKMN","NHKDLW","LJ","U","OBIAV","RCBSPKOAULNDWG","RVSQGU","RU","TCNIHLX","CEPXAW"],"Placements":[[{"Id":82,"V":8,"NV":8,"TB":0},{"Id":65,"V":7,"NV":7,"TB":0},{"Id":81,"V":7,"NV":7,"TB":0},{"Id":67,"V":4,"NV":4,"TB":0},{"Id":76,"V":3,"NV":3,"TB":0},{"Id":78,"V":3,"NV":3,"TB":0},{"Id":86,"V":3,"NV":3,"TB":0},{"Id":71,"V":2,"NV":2,"TB":0},{"Id":79,"V":2,"NV":2,"TB":0},{"Id":66,"V":1,"NV":1,"TB":0},{"Id":70,"V":1,"NV":1,"TB":0},{"Id":72,"V":1,"NV":1,"TB":0},{"Id":83,"V":1,"NV":1,"TB":0},{"Id":84,"V":1,"NV":1,"TB":0},{"Id":85,"V":1,"NV":1,"TB":0},{"Id":88,"V":1,"NV":1,"TB":0},{"Id":68,"V":0,"NV":0,"TB":0},{"Id":69,"V":0,"NV":0,"TB":0},{"Id":73,"V":0,"NV":0,"TB":0},{"Id":74,"V":0,"NV":0,"TB":0},{"Id":77,"V":0,"NV":0,"TB":0},{"Id":80,"V":0,"NV":0,"TB":0},{"Id":87,"V":0,"NV":0,"TB":0},{"Id":75,"V":0,"NV":0,"TB":4}],[{"Id":82,"V":8,"NV":0,"TB":0},{"Id":65,"V":7,"NV":0,"TB":0},{"Id":81,"V":7,"NV":0,"TB":0},{"Id":67,"V":4,"NV":0,"TB":0},{"Id":76,"V":3,"NV":0,"TB":0},{"Id":78,"V":3,"NV":0,"TB":0},{"Id":86,"V":3,"NV":0,"TB":0},{"Id":71,"V":2,"NV":0,"TB":0},{"Id":79,"V":2,"NV":0,"TB":0},{"Id":66,"V":1,"NV":0,"TB":0},{"Id":70,"V":1,"NV":0,"TB":0},{"Id":72,"V":1,"NV":0,"TB":0},{"Id":83,"V":1,"NV":0,"TB":0},{"Id":84,"V":1,"NV":0,"TB":0},{"Id":85,"V":1,"NV":0,"TB":0},{"Id":88,"V":1,"NV":0,"TB":0},{"Id":68,"V":0,"NV":0,"TB":0},{"Id":69,"V":0,"NV":0,"TB":0},{"Id":73,"V":0,"NV":0,"TB":0},{"Id":77,"V":0,"NV":0,"TB":0},{"Id":80,"V":0,"NV":0,"TB":0},{"Id":87,"V":0,"NV":0,"TB":0},{"Id":74,"V":0,"NV":0,"TB":4}],[{"Id":82,"V":8,"NV":0,"TB":0},{"Id":65,"V":7,"NV":0,"TB":0},{"Id":81,"V":7,"NV":0,"TB":0},{"Id":67,"V":4,"NV":0,"TB":0},{"Id":76,"V":3,"NV":0,"TB":0},{"Id":78,"V":3,"NV":0,"TB":0},{"Id":86,"V":3,"NV":0,"TB":0},{"Id":71,"V":2,"NV":0,"TB":0},{"Id":79,"V":2,"NV":0,"TB":0},{"Id":66,"V":1,"NV":0,"TB":0},{"Id":70,"V":1,"NV":0,"TB":0},{"Id":72,"V":1,"NV":0,"TB":0},{"Id":83,"V":1,"NV":0,"TB":0},{"Id":84,"V":1,"NV":0,"TB":0},{"Id":85,"V":1,"NV":0,"TB":0},{"Id":88,"V":1,"NV":0,"TB":0},{"Id":68,"V":0,"NV":0,"TB":0},{"Id":73,"V":0,"NV":0,"TB":0},{"Id":77,"V":0,"NV":0,"TB":0},{"Id":80,"V":0,"NV":0,"TB":0},{"Id":87,"V":0,"NV":0,"TB":0},{"Id":69,"V":0,"NV":0,"TB":5}],[{"Id":82,"V":8,"NV":0,"TB":0},{"Id":65,"V":7,"NV":0,"TB":0},{"Id":81,"V":7,"NV":0,"TB":0},{"Id":67,"V":4,"NV":0,"TB":0},{"Id":76,"V":3,"NV":0,"TB":0},{"Id":78,"V":3,"NV":0,"TB":0},{"Id":86,"V":3,"NV":0,"TB":0},{"Id":71,"V":2,"NV":0,"TB":0},{"Id":79,"V":2,"NV":0,"TB":0},{"Id":66,"V":1,"NV":0,"TB":0},{"Id":70,"V":1,"NV":0,"TB":0},{"Id":72,"V":1,"NV":0,"TB":0},{"Id":83,"V":1,"NV":0,"TB":0},{"Id":84,"V":1,"NV":0,"TB":0},{"Id":85,"V":1,"NV":0,"TB":0},{"Id":88,"V":1,"NV":0,"TB":0},{"Id":68,"V":0,"NV":0,"TB":0},{"Id":73,"V":0,"NV":0,"TB":0},{"Id":80,"V":0,"NV":0,"TB":0},{"Id":87,"V":0,"NV":0,"TB":0},{"Id":77,"V":0,"NV":0,"TB":3}],[{"Id":82,"V":8,"NV":0,"TB":0},{"Id":65,"V":7,"NV":0,"TB":0},{"Id":81,"V":7,"NV":0,"TB":0},{"Id":67,"V":4,"NV":0,"TB":0},{"Id":76,"V":3,"NV":0,"TB":0},{"Id":78,"V":3,"NV":0,"TB":0},{"Id":86,"V":3,"NV":0,"TB":0},{"Id":71,"V":2,"NV":0,"TB":0},{"Id":79,"V":2,"NV":0,"TB":0},{"Id":66,"V":1,"NV":0,"TB":0},{"Id":70,"V":1,"NV":0,"TB":0},{"Id":72,"V":1,"NV":0,"TB":0},{"Id":83,"V":1,"NV":0,"TB":0},{"Id":84,"V":1,"NV":0,"TB":0},{"Id":85,"V":1,"NV":0,"TB":0},{"Id":88,"V":1,"NV":0,"TB":0},{"Id":73,"V":0,"NV":0,"TB":0},{"Id":80,"V":0,"NV":0,"TB":0},{"Id":87,"V":0,"NV":0,"TB":0},{"Id":68,"V":0,"NV":0,"TB":4}],[{"Id":82,"V":8,"NV":0,"TB":0},{"Id":65,"V":7,"NV":0,"TB":0},{"Id":81,"V":7,"NV":0,"TB":0},{"Id":67,"V":4,"NV":0,"TB":0},{"Id":76,"V":3,"NV":0,"TB":0},{"Id":78,"V":3,"NV":0,"TB":0},{"Id":86,"V":3,"NV":0,"TB":0},{"Id":71,"V":2,"NV":0,"TB":0},{"Id":79,"V":2,"NV":0,"TB":0},{"Id":66,"V":1,"NV":0,"TB":0},{"Id":70,"V":1,"NV":0,"TB":0},{"Id":72,"V":1,"NV":0,"TB":0},{"Id":83,"V":1,"NV":0,"TB":0},{"Id":84,"V":1,"NV":0,"TB":0},{"Id":85,"V":1,"NV":0,"TB":0},{"Id":88,"V":1,"NV":0,"TB":0},{"Id":80,"V":0,"NV":0,"TB":0},{"Id":87,"V":0,"NV":0,"TB":0},{"Id":73,"V":0,"NV":0,"TB":3}],[{"Id":82,"V":8,"NV":0,"TB":0},{"Id":65,"V":7,"NV":0,"TB":0},{"Id":81,"V":7,"NV":0,"TB":0},{"Id":67,"V":4,"NV":0,"TB":0},{"Id":76,"V":3,"NV":0,"TB":0},{"Id":78,"V":3,"NV":0,"TB":0},{"Id":86,"V":3,"NV":0,"TB":0},{"Id":71,"V":2,"NV":0,"TB":0},{"Id":79,"V":2,"NV":0,"TB":0},{"Id":66,"V":1,"NV":0,"TB":0},{"Id":70,"V":1,"NV":0,"TB":0},{"Id":72,"V":1,"NV":0,"TB":0},{"Id":83,"V":1,"NV":0,"TB":0},{"Id":84,"V":1,"NV":0,"TB":0},{"Id":85,"V":1,"NV":0,"TB":0},{"Id":88,"V":1,"NV":0,"TB":0},{"Id":80,"V":0,"NV":0,"TB":0},{"Id":87,"V":0,"NV":0,"TB":1}],[{"Id":82,"V":8,"NV":0,"TB":0},{"Id":65,"V":7,"NV":0,"TB":0},{"Id":81,"V":7,"NV":0,"TB":0},{"Id":67,"V":4,"NV":0,"TB":0},{"Id":76,"V":3,"NV":0,"TB":0},{"Id":78,"V":3,"NV":0,"TB":0},{"Id":86,"V":3,"NV":0,"TB":0},{"Id":71,"V":2,"NV":0,"TB":0},{"Id":79,"V":2,"NV":0,"TB":0},{"Id":66,"V":1,"NV":0,"TB":0},{"Id":70,"V":1,"NV":0,"TB":0},{"Id":72,"V":1,"NV":0,"TB":0},{"Id":83,"V":1,"NV":0,"TB":0},{"Id":84,"V":1,"NV":0,"TB":0},{"Id":85,"V":1,"NV":0,"TB":0},{"Id":88,"V":1,"NV":0,"TB":0},{"Id":80,"V":0,"NV":0,"TB":0}],[{"Id":82,"V":8,"NV":0,"TB":0},{"Id":65,"V":7,"NV":0,"TB":0},{"Id":81,"V":7,"NV":0,"TB":0},{"Id":67,"V":4,"NV":0,"TB":0},{"Id":76,"V":3,"NV":0,"TB":0},{"Id":78,"V":3,"NV":0,"TB":0},{"Id":86,"V":3,"NV":0,"TB":0},{"Id":71,"V":2,"NV":0,"TB":0},{"Id":79,"V":2,"NV":0,"TB":0},{"Id":66,"V":1,"NV":0,"TB":0},{"Id":70,"V":1,"NV":0,"TB":0},{"Id":72,"V":1,"NV":0,"TB":0},{"Id":83,"V":1,"NV":0,"TB":0},{"Id":84,"V":1,"NV":0,"TB":0},{"Id":85,"V":1,"NV":0,"TB":0},{"Id":88,"V":1,"NV":0,"TB":1}],[{"Id":82,"V":8,"NV":0,"TB":0},{"Id":65,"V":7,"NV":0,"TB":0},{"Id":81,"V":7,"NV":0,"TB":0},{"Id":67,"V":4,"NV":0,"TB":0},{"Id":76,"V":3,"NV":0,"TB":0},{"Id":78,"V":3,"NV":0,"TB":0},{"Id":86,"V":3,"NV":0,"TB":0},{"Id":71,"V":2,"NV":0,"TB":0},{"Id":72,"V":2,"NV":1,"TB":0},{"Id":79,"V":2,"NV":0,"TB":0},{"Id":66,"V":1,"NV":0,"TB":0},{"Id":70,"V":1,"NV":0,"TB":0},{"Id":84,"V":1,"NV":0,"TB":0},{"Id":85,"V":1,"NV":0,"TB":0},{"Id":83,"V":1,"NV":0,"TB":3}],[{"Id":82,"V":8,"NV":0,"TB":0},{"Id":65,"V":7,"NV":0,"TB":0},{"Id":81,"V":7,"NV":0,"TB":0},{"Id":67,"V":5,"NV":1,"TB":0},{"Id":76,"V":3,"NV":0,"TB":0},{"Id":78,"V":3,"NV":0,"TB":0},{"Id":86,"V":3,"NV":0,"TB":0},{"Id":71,"V":2,"NV":0,"TB":0},{"Id":72,"V":2,"NV":0,"TB":0},{"Id":79,"V":2,"NV":0,"TB":0},{"Id":70,"V":1,"NV":0,"TB":0},{"Id":84,"V":1,"NV":0,"TB":0},{"Id":85,"V":1,"NV":0,"TB":0},{"Id":66,"V":1,"NV":0,"TB":4}],[{"Id":81,"V":8,"NV":1,"TB":0},{"Id":82,"V":8,"NV":0,"TB":0},{"Id":65,"V":7,"NV":0,"TB":0},{"Id":67,"V":5,"NV":0,"TB":0},{"Id":76,"V":3,"NV":0,"TB":0},{"Id":78,"V":3,"NV":0,"TB":0},{"Id":86,"V":3,"NV":0,"TB":0},{"Id":71,"V":2,"NV":0,"TB":0},{"Id":72,"V":2,"NV":0,"TB":0},{"Id":79,"V":2,"NV":0,"TB":0},{"Id":84,"V":1,"NV":0,"TB":0},{"Id":85,"V":1,"NV":0,"TB":0},{"Id":70,"V":1,"NV":0,"TB":3}],[{"Id":81,"V":8,"NV":0,"TB":0},{"Id":82,"V":8,"NV":0,"TB":0},{"Id":65,"V":7,"NV":0,"TB":0},{"Id":67,"V":5,"NV":0,"TB":0},{"Id":76,"V":4,"NV":1,"TB":0},{"Id":78,"V":3,"NV":0,"TB":0},{"Id":86,"V":3,"NV":0,"TB":0},{"Id":71,"V":2,"NV":0,"TB":0},{"Id":72,"V":2,"NV":0,"TB":0},{"Id":79,"V":2,"NV":0,"TB":0},{"Id":84,"V":1,"NV":0,"TB":0},{"Id":85,"V":1,"NV":0,"TB":1}],[{"Id":81,"V":8,"NV":0,"TB":0},{"Id":82,"V":8,"NV":0,"TB":0},{"Id":65,"V":7,"NV":0,"TB":0},{"Id":67,"V":5,"NV":0,"TB":0},{"Id":76,"V":4,"NV":0,"TB":0},{"Id":78,"V":3,"NV":0,"TB":0},{"Id":86,"V":3,"NV":0,"TB":0},{"Id":71,"V":2,"NV":0,"TB":0},{"Id":72,"V":2,"NV":0,"TB":0},{"Id":79,"V":2,"NV":0,"TB":0},{"Id":84,"V":1,"NV":0,"TB":0}],[{"Id":81,"V":8,"NV":0,"TB":0},{"Id":82,"V":8,"NV":0,"TB":0},{"Id":65,"V":7,"NV":0,"TB":0},{"Id":67,"V":6,"NV":1,"TB":0},{"Id":76,"V":4,"NV":0,"TB":0},{"Id":78,"V":3,"NV":0,"TB":0},{"Id":86,"V":3,"NV":0,"TB":0},{"Id":71,"V":2,"NV":0,"TB":0},{"Id":72,"V":2,"NV":0,"TB":0},{"Id":79,"V":2,"NV":0,"TB":1}],[{"Id":65,"V":8,"NV":1,"TB":0},{"Id":81,"V":8,"NV":0,"TB":0},{"Id":82,"V":8,"NV":0,"TB":0},{"Id":67,"V":6,"NV":0,"TB":0},{"Id":76,"V":5,"NV":1,"TB":0},{"Id":78,"V":3,"NV":0,"TB":0},{"Id":86,"V":3,"NV":0,"TB":0},{"Id":71,"V":2,"NV":0,"TB":0},{"Id":72,"V":2,"NV":0,"TB":1}],[{"Id":65,"V":8,"NV":0,"TB":0},{"Id":81,"V":8,"NV":0,"TB":0},{"Id":82,"V":8,"NV":0,"TB":0},{"Id":67,"V":6,"NV":0,"TB":0},{"Id":76,"V":6,"NV":1,"TB":0},{"Id":78,"V":3,"NV":0,"TB":0},{"Id":86,"V":3,"NV":0,"TB":0},{"Id":71,"V":2,"NV":0,"TB":0}],[{"Id":65,"V":10,"NV":2,"TB":0},{"Id":81,"V":8,"NV":0,"TB":0},{"Id":82,"V":8,"NV":0,"TB":0},{"Id":67,"V":6,"NV":0,"TB":0},{"Id":76,"V":6,"NV":0,"TB":0},{"Id":78,"V":3,"NV":0,"TB":0},{"Id":86,"V":3,"NV":0,"TB":1}],[{"Id":65,"V":10,"NV":0,"TB":0},{"Id":82,"V":9,"NV":1,"TB":0},{"Id":81,"V":8,"NV":0,"TB":0},{"Id":67,"V":6,"NV":0,"TB":0},{"Id":76,"V":6,"NV":0,"TB":0},{"Id":78,"V":4,"NV":1,"TB":0}],[{"Id":65,"V":11,"NV":1,"TB":0},{"Id":82,"V":10,"NV":1,"TB":0},{"Id":81,"V":9,"NV":1,"TB":0},{"Id":76,"V":7,"NV":1,"TB":0},{"Id":67,"V":6,"NV":0,"TB":0}],[{"Id":65,"V":12,"NV":1,"TB":0},{"Id":82,"V":12,"NV":2,"TB":0},{"Id":81,"V":9,"NV":0,"TB":0},{"Id":76,"V":8,"NV":1,"TB":0}],[{"Id":82,"V":13,"NV":1,"TB":0},{"Id":65,"V":12,"NV":0,"TB":0},{"Id":81,"V":11,"NV":2,"TB":0}],[{"Id":65,"V":16,"NV":4,"TB":0},{"Id":82,"V":16,"NV":3,"TB":1}],[{"Id":65,"V":21,"NV":5,"TB":0}]],"Expires":1570405008,"SecondsLeft":0}