{"Mtype":"results","Title":"Round 4","PollStarted":"2019-12-09T02:50:20.8374533Z","PollDuration":600000000000,"Options":{"65":"Nora makes Kathrin's friend dolls come to life and tie her down with threads, ala Gulliver's Travels","66":"Old Alabaster sharing his ultimate Christmas revenge plan with his wife.   ","67":"Reni finds an old Santa costume and delivers presents to everyone!","68":"Natani and Keith set up a trap to catch Santa.","69":"Trace, Flora, Keith, and Natani relaxing around a Christmas tree","70":"Reni on her back eating pizza | Reni Spotting the viewer | Reni offering a slice of pizza to the viewer","71":"Raine realizes she forgot to get dressed, and runs back to her room! she runs straight into Red around a corner, knocking him to the ground and landing on top of him","72":"Kei giving Reni a magical artifact for Christmas cause he knows she collects them. It's unfortunately a dud and he's sorry about that but she loves the present anyway.","73":"Flora and Tiger Trace as 1920's era mobsters","74":"Laura \u0026 Keith share a romantic dance","75":"King Kong spoof: King Kat climbs a Templar tower with ‘damsel in distress’ Eric in her hand/paw.","76":"A Husky Keidran in a wintry forest.","77":"Sexy Santa Flora","78":"Flora and Kathrin setting up the Xmas tree","79":"Remake of Kathrin and Flora pressed together","80":"Species Swapped First Kiss (Flora and Trace)","81":"Maeve cuddling up to Maddie while looking out the window watching the snow falling","82":"Keith experiencing his first Keidran Christmas Day with Laura since his exile.","83":"Sequel of \"Wedding Nightmares\": Maren sighs in relief but then turns her head and sees that Sythe is lying in bed with her. Maren wakes up screaming again.","84":"Human Reni in a mall, asking Santa for some magical artifacts.","85":"Trace dressed as Santa, Flora and Kat dressed as Christmas Elves. And they are giving presents to the children's in Edinmire.","86":"Christmas morning: Young Zen and Natani get a NINTENDO SIXTY FOUUUUR!","87":"Colin let's loose his inner pup frolicking in the snow, much to Sam's amusement"},"ExpectedBallots":32,"CountedBallots":32,"Ballots":["TCV","PITVUGKWCORQHSNMLAJFEDB","GDUMCKHTRWSLAJNEFOPBQI","HGSKWVLU","GO","UEPDOM","LPONMEAIDJRUSQGTHVWKFCB","JREIUPMQL","UEPDOM","PHMSR","VSOK","UMPRHFEONTIBAV","SLDOCHQJTMGNFRIVUKEPWAB","","WKDR","FPSHEMKNGRWUOLV","NOTMUAKQW","JPWV","TCHFSWD","SL","AUKNOFCHLIS","RVACW","WMJVIUEDQOSGLBFCHP","GA","ELFQDNS","IPUOSGLCDMVKNE","G","MWP","GLKWSVF","OIRJSN","PMRDTSL","RJNQUKBIGFVT"],"Placements":[[{"Id":71,"V":5,"NV":5,"TB":0},{"Id":80,"V":3,"NV":3,"TB":0},{"Id":85,"V":3,"NV":3,"TB":0},{"Id":74,"V":2,"NV":2,"TB":0},{"Id":82,"V":2,"NV":2,"TB":0},{"Id":83,"V":2,"NV":2,"TB":0},{"Id":84,"V":2,"NV":2,"TB":0},{"Id":87,"V":2,"NV":2,"TB":0},{"Id":65,"V":1,"NV":1,"TB":0},{"Id":69,"V":1,"NV":1,"TB":0},{"Id":70,"V":1,"NV":1,"TB":0},{"Id":72,"V":1,"NV":1,"TB":0},{"Id":73,"V":1,"NV":1,"TB":0},{"Id":76,"V":1,"NV":1,"TB":0},{"Id":77,"V":1,"NV":1,"TB":0},{"Id":78,"V":1,"NV":1,"TB":0},{"Id":79,"V":1,"NV":1,"TB":0},{"Id":86,"V":1,"NV":1,"TB":0},{"Id":67,"V":0,"NV":0,"TB":0},{"Id":68,"V":0,"NV":0,"TB":0},{"Id":75,"V":0,"NV":0,"TB":0},{"Id":81,"V":0,"NV":0,"TB":0},{"Id":66,"V":0,"NV":0,"TB":5}],[{"Id":71,"V":5,"NV":0,"TB":0},{"Id":80,"V":3,"NV":0,"TB":0},{"Id":85,"V":3,"NV":0,"TB":0},{"Id":74,"V":2,"NV":0,"TB":0},{"Id":82,"V":2,"NV":0,"TB":0},{"Id":83,"V":2,"NV":0,"TB":0},{"Id":84,"V":2,"NV":0,"TB":0},{"Id":87,"V":2,"NV":0,"TB":0},{"Id":65,"V":1,"NV":0,"TB":0},{"Id":69,"V":1,"NV":0,"TB":0},{"Id":70,"V":1,"NV":0,"TB":0},{"Id":72,"V":1,"NV":0,"TB":0},{"Id":73,"V":1,"NV":0,"TB":0},{"Id":76,"V":1,"NV":0,"TB":0},{"Id":77,"V":1,"NV":0,"TB":0},{"Id":78,"V":1,"NV":0,"TB":0},{"Id":79,"V":1,"NV":0,"TB":0},{"Id":86,"V":1,"NV":0,"TB":0},{"Id":68,"V":0,"NV":0,"TB":0},{"Id":75,"V":0,"NV":0,"TB":0},{"Id":81,"V":0,"NV":0,"TB":0},{"Id":67,"V":0,"NV":0,"TB":4}],[{"Id":71,"V":5,"NV":0,"TB":0},{"Id":80,"V":3,"NV":0,"TB":0},{"Id":85,"V":3,"NV":0,"TB":0},{"Id":74,"V":2,"NV":0,"TB":0},{"Id":82,"V":2,"NV":0,"TB":0},{"Id":83,"V":2,"NV":0,"TB":0},{"Id":84,"V":2,"NV":0,"TB":0},{"Id":87,"V":2,"NV":0,"TB":0},{"Id":65,"V":1,"NV":0,"TB":0},{"Id":69,"V":1,"NV":0,"TB":0},{"Id":70,"V":1,"NV":0,"TB":0},{"Id":72,"V":1,"NV":0,"TB":0},{"Id":73,"V":1,"NV":0,"TB":0},{"Id":76,"V":1,"NV":0,"TB":0},{"Id":77,"V":1,"NV":0,"TB":0},{"Id":78,"V":1,"NV":0,"TB":0},{"Id":79,"V":1,"NV":0,"TB":0},{"Id":86,"V":1,"NV":0,"TB":0},{"Id":75,"V":0,"NV":0,"TB":0},{"Id":81,"V":0,"NV":0,"TB":0},{"Id":68,"V":0,"NV":0,"TB":3}],[{"Id":71,"V":5,"NV":0,"TB":0},{"Id":80,"V":3,"NV":0,"TB":0},{"Id":85,"V":3,"NV":0,"TB":0},{"Id":74,"V":2,"NV":0,"TB":0},{"Id":82,"V":2,"NV":0,"TB":0},{"Id":83,"V":2,"NV":0,"TB":0},{"Id":84,"V":2,"NV":0,"TB":0},{"Id":87,"V":2,"NV":0,"TB":0},{"Id":65,"V":1,"NV":0,"TB":0},{"Id":69,"V":1,"NV":0,"TB":0},{"Id":70,"V":1,"NV":0,"TB":0},{"Id":72,"V":1,"NV":0,"TB":0},{"Id":73,"V":1,"NV":0,"TB":0},{"Id":76,"V":1,"NV":0,"TB":0},{"Id":77,"V":1,"NV":0,"TB":0},{"Id":78,"V":1,"NV":0,"TB":0},{"Id":79,"V":1,"NV":0,"TB":0},{"Id":86,"V":1,"NV":0,"TB":0},{"Id":81,"V":0,"NV":0,"TB":0},{"Id":75,"V":0,"NV":0,"TB":2}],[{"Id":71,"V":5,"NV":0,"TB":0},{"Id":80,"V":3,"NV":0,"TB":0},{"Id":85,"V":3,"NV":0,"TB":0},{"Id":74,"V":2,"NV":0,"TB":0},{"Id":82,"V":2,"NV":0,"TB":0},{"Id":83,"V":2,"NV":0,"TB":0},{"Id":84,"V":2,"NV":0,"TB":0},{"Id":87,"V":2,"NV":0,"TB":0},{"Id":65,"V":1,"NV":0,"TB":0},{"Id":69,"V":1,"NV":0,"TB":0},{"Id":70,"V":1,"NV":0,"TB":0},{"Id":72,"V":1,"NV":0,"TB":0},{"Id":73,"V":1,"NV":0,"TB":0},{"Id":76,"V":1,"NV":0,"TB":0},{"Id":77,"V":1,"NV":0,"TB":0},{"Id":78,"V":1,"NV":0,"TB":0},{"Id":79,"V":1,"NV":0,"TB":0},{"Id":86,"V":1,"NV":0,"TB":0},{"Id":81,"V":0,"NV":0,"TB":0}],[{"Id":71,"V":5,"NV":0,"TB":0},{"Id":80,"V":3,"NV":0,"TB":0},{"Id":85,"V":3,"NV":0,"TB":0},{"Id":74,"V":2,"NV":0,"TB":0},{"Id":82,"V":2,"NV":0,"TB":0},{"Id":83,"V":2,"NV":0,"TB":0},{"Id":84,"V":2,"NV":0,"TB":0},{"Id":87,"V":2,"NV":0,"TB":0},{"Id":65,"V":1,"NV":0,"TB":0},{"Id":69,"V":1,"NV":0,"TB":0},{"Id":70,"V":1,"NV":0,"TB":0},{"Id":73,"V":1,"NV":0,"TB":0},{"Id":76,"V":1,"NV":0,"TB":0},{"Id":77,"V":1,"NV":0,"TB":0},{"Id":78,"V":1,"NV":0,"TB":0},{"Id":79,"V":1,"NV":0,"TB":0},{"Id":86,"V":1,"NV":0,"TB":0},{"Id":72,"V":1,"NV":0,"TB":7}],[{"Id":71,"V":6,"NV":1,"TB":0},{"Id":80,"V":3,"NV":0,"TB":0},{"Id":85,"V":3,"NV":0,"TB":0},{"Id":74,"V":2,"NV":0,"TB":0},{"Id":82,"V":2,"NV":0,"TB":0},{"Id":83,"V":2,"NV":0,"TB":0},{"Id":84,"V":2,"NV":0,"TB":0},{"Id":87,"V":2,"NV":0,"TB":0},{"Id":65,"V":1,"NV":0,"TB":0},{"Id":69,"V":1,"NV":0,"TB":0},{"Id":70,"V":1,"NV":0,"TB":0},{"Id":73,"V":1,"NV":0,"TB":0},{"Id":76,"V":1,"NV":0,"TB":0},{"Id":77,"V":1,"NV":0,"TB":0},{"Id":78,"V":1,"NV":0,"TB":0},{"Id":79,"V":1,"NV":0,"TB":0},{"Id":86,"V":1,"NV":0,"TB":1}],[{"Id":71,"V":6,"NV":0,"TB":0},{"Id":80,"V":3,"NV":0,"TB":0},{"Id":83,"V":3,"NV":1,"TB":0},{"Id":85,"V":3,"NV":0,"TB":0},{"Id":74,"V":2,"NV":0,"TB":0},{"Id":82,"V":2,"NV":0,"TB":0},{"Id":84,"V":2,"NV":0,"TB":0},{"Id":87,"V":2,"NV":0,"TB":0},{"Id":65,"V":1,"NV":0,"TB":0},{"Id":69,"V":1,"NV":0,"TB":0},{"Id":70,"V":1,"NV":0,"TB":0},{"Id":73,"V":1,"NV":0,"TB":0},{"Id":76,"V":1,"NV":0,"TB":0},{"Id":77,"V":1,"NV":0,"TB":0},{"Id":79,"V":1,"NV":0,"TB":0},{"Id":78,"V":1,"NV":0,"TB":2}],[{"Id":71,"V":6,"NV":0,"TB":0},{"Id":80,"V":3,"NV":0,"TB":0},{"Id":83,"V":3,"NV":0,"TB":0},{"Id":85,"V":3,"NV":0,"TB":0},{"Id":74,"V":2,"NV":0,"TB":0},{"Id":79,"V":2,"NV":1,"TB":0},{"Id":82,"V":2,"NV":0,"TB":0},{"Id":84,"V":2,"NV":0,"TB":0},{"Id":87,"V":2,"NV":0,"TB":0},{"Id":69,"V":1,"NV":0,"TB":0},{"Id":70,"V":1,"NV":0,"TB":0},{"Id":73,"V":1,"NV":0,"TB":0},{"Id":76,"V":1,"NV":0,"TB":0},{"Id":77,"V":1,"NV":0,"TB":0},{"Id":65,"V":1,"NV":0,"TB":6}],[{"Id":71,"V":6,"NV":0,"TB":0},{"Id":85,"V":4,"NV":1,"TB":0},{"Id":80,"V":3,"NV":0,"TB":0},{"Id":83,"V":3,"NV":0,"TB":0},{"Id":74,"V":2,"NV":0,"TB":0},{"Id":79,"V":2,"NV":0,"TB":0},{"Id":82,"V":2,"NV":0,"TB":0},{"Id":84,"V":2,"NV":0,"TB":0},{"Id":87,"V":2,"NV":0,"TB":0},{"Id":70,"V":1,"NV":0,"TB":0},{"Id":73,"V":1,"NV":0,"TB":0},{"Id":76,"V":1,"NV":0,"TB":0},{"Id":77,"V":1,"NV":0,"TB":0},{"Id":69,"V":1,"NV":0,"TB":5}],[{"Id":71,"V":6,"NV":0,"TB":0},{"Id":85,"V":4,"NV":0,"TB":0},{"Id":80,"V":3,"NV":0,"TB":0},{"Id":83,"V":3,"NV":0,"TB":0},{"Id":74,"V":2,"NV":0,"TB":0},{"Id":76,"V":2,"NV":1,"TB":0},{"Id":79,"V":2,"NV":0,"TB":0},{"Id":82,"V":2,"NV":0,"TB":0},{"Id":84,"V":2,"NV":0,"TB":0},{"Id":87,"V":2,"NV":0,"TB":0},{"Id":70,"V":1,"NV":0,"TB":0},{"Id":77,"V":1,"NV":0,"TB":0},{"Id":73,"V":1,"NV":0,"TB":2}],[{"Id":71,"V":6,"NV":0,"TB":0},{"Id":80,"V":4,"NV":1,"TB":0},{"Id":85,"V":4,"NV":0,"TB":0},{"Id":83,"V":3,"NV":0,"TB":0},{"Id":74,"V":2,"NV":0,"TB":0},{"Id":76,"V":2,"NV":0,"TB":0},{"Id":79,"V":2,"NV":0,"TB":0},{"Id":82,"V":2,"NV":0,"TB":0},{"Id":84,"V":2,"NV":0,"TB":0},{"Id":87,"V":2,"NV":0,"TB":0},{"Id":77,"V":1,"NV":0,"TB":0},{"Id":70,"V":1,"NV":0,"TB":2}],[{"Id":71,"V":6,"NV":0,"TB":0},{"Id":80,"V":5,"NV":1,"TB":0},{"Id":85,"V":4,"NV":0,"TB":0},{"Id":83,"V":3,"NV":0,"TB":0},{"Id":74,"V":2,"NV":0,"TB":0},{"Id":76,"V":2,"NV":0,"TB":0},{"Id":79,"V":2,"NV":0,"TB":0},{"Id":82,"V":2,"NV":0,"TB":0},{"Id":84,"V":2,"NV":0,"TB":0},{"Id":87,"V":2,"NV":0,"TB":0},{"Id":77,"V":1,"NV":0,"TB":0}],[{"Id":71,"V":6,"NV":0,"TB":0},{"Id":80,"V":5,"NV":0,"TB":0},{"Id":85,"V":4,"NV":0,"TB":0},{"Id":83,"V":3,"NV":0,"TB":0},{"Id":87,"V":3,"NV":1,"TB":0},{"Id":74,"V":2,"NV":0,"TB":0},{"Id":76,"V":2,"NV":0,"TB":0},{"Id":79,"V":2,"NV":0,"TB":0},{"Id":82,"V":2,"NV":0,"TB":0},{"Id":84,"V":2,"NV":0,"TB":1}],[{"Id":71,"V":6,"NV":0,"TB":0},{"Id":80,"V":5,"NV":0,"TB":0},{"Id":83,"V":4,"NV":1,"TB":0},{"Id":85,"V":4,"NV":0,"TB":0},{"Id":87,"V":3,"NV":0,"TB":0},{"Id":76,"V":2,"NV":0,"TB":0},{"Id":79,"V":2,"NV":0,"TB":0},{"Id":82,"V":2,"NV":0,"TB":0},{"Id":74,"V":2,"NV":0,"TB":4}],[{"Id":71,"V":6,"NV":0,"TB":0},{"Id":80,"V":6,"NV":1,"TB":0},{"Id":83,"V":4,"NV":0,"TB":0},{"Id":85,"V":4,"NV":0,"TB":0},{"Id":82,"V":3,"NV":1,"TB":0},{"Id":87,"V":3,"NV":0,"TB":0},{"Id":76,"V":2,"NV":0,"TB":0},{"Id":79,"V":2,"NV":0,"TB":1}],[{"Id":71,"V":6,"NV":0,"TB":0},{"Id":80,"V":6,"NV":0,"TB":0},{"Id":85,"V":5,"NV":1,"TB":0},{"Id":82,"V":4,"NV":1,"TB":0},{"Id":83,"V":4,"NV":0,"TB":0},{"Id":87,"V":3,"NV":0,"TB":0},{"Id":76,"V":2,"NV":0,"TB":0}],[{"Id":80,"V":7,"NV":1,"TB":0},{"Id":71,"V":6,"NV":0,"TB":0},{"Id":83,"V":5,"NV":1,"TB":0},{"Id":85,"V":5,"NV":0,"TB":0},{"Id":82,"V":4,"NV":0,"TB":0},{"Id":87,"V":3,"NV":0,"TB":0}],[{"Id":80,"V":8,"NV":1,"TB":0},{"Id":71,"V":6,"NV":0,"TB":0},{"Id":85,"V":6,"NV":1,"TB":0},{"Id":82,"V":5,"NV":1,"TB":0},{"Id":83,"V":5,"NV":0,"TB":1}],[{"Id":80,"V":8,"NV":0,"TB":0},{"Id":71,"V":7,"NV":1,"TB":0},{"Id":85,"V":6,"NV":0,"TB":0},{"Id":82,"V":5,"NV":0,"TB":0}],[{"Id":80,"V":8,"NV":0,"TB":0},{"Id":85,"V":8,"NV":2,"TB":0},{"Id":71,"V":7,"NV":0,"TB":0}],[{"Id":85,"V":11,"NV":3,"TB":0},{"Id":80,"V":8,"NV":0,"TB":0}],[{"Id":85,"V":15,"NV":4,"TB":0}]],"Expires":1575861021,"SecondsLeft":0}