{"Mtype":"results","Title":"Round 1","PollStarted":"2019-02-17T21:03:31.311546809Z","PollDuration":600000000000,"Options":{"65":"Flora doing downward dog in the yoga scene ;)","66":"Trace and Flora on an evening motorcycle ride through the mountains ","67":"Trace turning Mary into a Wolf Keidran (Comic Panel Redraw)","68":"Cute panda/red panda keidran","69":"What if: Sealeen \u0026 Lynn Family portrait","70":"Vixen Keith and Fox Natini","71":"Eric's reaction to Human-Kathrin.","72":"Sealeen gives Lynn a Valentine's Day gift: herself, minimally wrapped","73":"A confused Brutus walks in on Clovis getting out of the bath","74":"Keith naked with a gift box on his crotch beckoning Natani to come unwrap her present.","75":"Reno slips love potion in Keiren’s drink. It backfires.","76":"Cheetah Keidran Species","77":"Luchador Adelaide and Skye and/or Izzy from Rascals meet in the ring","78":"Keith Keiser as Venom Snake (from Metal Gear Solid V)","79":"British spy Zen interrogates/flirts with Soviet Kat who is flustered by his charms","80":"WWII: Tigress Trace In a US Army Air Force Uniform sitting on the wings of the P-40","81":"Cornelius convincing Alabaster to forge Cathleen’s papers ","82":"Role Reversal: Trace in a male version of Rose's outfit waiting on Rose dressed as the mistress of the house.","83":"Pirate captain Raine makes Clovis walk the plank.","84":"Girls night! Sleepover at Raine’s house"},"ExpectedBallots":177,"CountedBallots":177,"Ballots":["TGSDIFCH","ILE","JFAKR","KGOLN","F","AFLOG","RSJGOTFHIQLDBPA","RCB","CQ","NH","HE","FLJIDANQCEHSOTMRPGKB","OIJNLBSCTAHDR","TPSIBLJ","CJFIKLR","O","LAMODGFKITNSBRHJCPEQ","","DKBLGRSFTC","GO","RGTDIB","QJEHKCITB","PALJSRBD","QJTHEGIAMBSDC","GHRIQABTCEJOLMSKFDPN","HED","JC","HECRQD","ECDHLIGQ","ICFGTSDALQKBHRNPJMOE","SIBC","FDPBG","OA","OA","OA","ICEKHSATNORMDQGJPFBL","EHCLQN","SITFJCAHOD","RLJFHOPAKD","GMTCPROBKDIFHSAENQJL","PBCG","BJTSG","OLTAG","TCFDRKNBGOIQAEPMSHLJ","HEOJI","OP","PBFT","PL","CHKEQLDGF","ICGNRLDT","FRTC","LDT","FCI","FRTHIP","PLMDBAOJ","PCGFLNADHMBERQTJSKIO","IRHAMLP","","IAFT","GLPSBIDFO","HCGQTIEJBOSAK","LIH","","P","EQGS","QCREHLO","CQFJRGIKHOSAEBTMNPLD","PBGRCF","FBD","LAD","C","CQIONKTFBPREGMDS","DQIEGRSTBCHNALJMKPF","IDLFAC","PLF","IND","FOJIGD","IBFL","S","EHGC","ALFJGDOTC","GREDHT","GTIH","TJGFABCOSRIKDPLMQHEN","GLFHADITJPOBREQKSMCN","CTBGK","RQIBESCT","FO","DKTG","CQIGEDR","ITJ","TSLHEDKGFIOPQNBJMRAC","FCAGLT","PLADTFOKRGCJIBHEMNSQ","AIJLTGDF","IGCLDFTS","GLP","NMJHL","BFIPTAORDCM","CIOPJBTHFLDGNSRAEMQK","OJSTGFI","GI","CMITPJADQ","GCELP","BOTSDI","LD","HGTCQEBIJOSDRF","GCFD","CIHAFGD","OFPISJTLRNCMBDAHKEGQ","KH","REHCT","BIPRLONDSTA","FHJOQPCBEISRAGNTLDK","AEDPF","AJPTLBH","","LMF","","N","OGLD","FT","OSLFT","ABLTDFSPONCQIGEMHKJR","FHOA","FJCAOSTNGLIDMBQPRKEH","GIA","AGBPFTO","DGTSNIBR","OIDTFGQPCRS","LPODCBNGFETKIRHSQAMJ","GFPDBALTIQRCNKEOJSHM","FMPJL","GHF","LBJFDK","PI","RSEHNTKGPMLIQ","LFS","STO","QOB","GAL","GEDLF","","","","DF","PQNF","AEF","STIO","TBPLF","TLMFHD","ASBD","CIHAFGD","CIGREB","TS","DEF","RLDC","FA","ICHEKSNMJGTQAPFDROBL","EHJFAD","JPG","DLFP","GAFTIRCHL","TFDKAS","IFGC","EPOD","LFH","EHOKD","GDHT","HSGKCDJIBREQLFANMTP","PF","FS","TG","IRHA","FOK","REHCT","TSGRNQEOCD"],"Placements":[[{"Id":70,"V":18,"NV":18,"TB":0},{"Id":71,"V":18,"NV":18,"TB":0},{"Id":73,"V":14,"NV":14,"TB":0},{"Id":67,"V":13,"NV":13,"TB":0},{"Id":80,"V":13,"NV":13,"TB":0},{"Id":79,"V":12,"NV":12,"TB":0},{"Id":84,"V":11,"NV":11,"TB":0},{"Id":76,"V":10,"NV":10,"TB":0},{"Id":65,"V":9,"NV":9,"TB":0},{"Id":82,"V":9,"NV":9,"TB":0},{"Id":68,"V":7,"NV":7,"TB":0},{"Id":69,"V":7,"NV":7,"TB":0},{"Id":72,"V":7,"NV":7,"TB":0},{"Id":83,"V":5,"NV":5,"TB":0},{"Id":66,"V":4,"NV":4,"TB":0},{"Id":81,"V":4,"NV":4,"TB":0},{"Id":74,"V":3,"NV":3,"TB":0},{"Id":78,"V":3,"NV":3,"TB":0},{"Id":75,"V":2,"NV":2,"TB":0},{"Id":77,"V":0,"NV":0,"TB":0}],[{"Id":70,"V":18,"NV":0,"TB":0},{"Id":71,"V":18,"NV":0,"TB":0},{"Id":73,"V":14,"NV":0,"TB":0},{"Id":67,"V":13,"NV":0,"TB":0},{"Id":80,"V":13,"NV":0,"TB":0},{"Id":79,"V":12,"NV":0,"TB":0},{"Id":84,"V":11,"NV":0,"TB":0},{"Id":76,"V":10,"NV":0,"TB":0},{"Id":65,"V":9,"NV":0,"TB":0},{"Id":82,"V":9,"NV":0,"TB":0},{"Id":68,"V":7,"NV":0,"TB":0},{"Id":69,"V":7,"NV":0,"TB":0},{"Id":72,"V":7,"NV":0,"TB":0},{"Id":83,"V":5,"NV":0,"TB":0},{"Id":66,"V":4,"NV":0,"TB":0},{"Id":81,"V":4,"NV":0,"TB":0},{"Id":74,"V":3,"NV":0,"TB":0},{"Id":78,"V":3,"NV":0,"TB":0},{"Id":75,"V":2,"NV":0,"TB":0}],[{"Id":71,"V":19,"NV":1,"TB":0},{"Id":70,"V":18,"NV":0,"TB":0},{"Id":73,"V":14,"NV":0,"TB":0},{"Id":67,"V":13,"NV":0,"TB":0},{"Id":80,"V":13,"NV":0,"TB":0},{"Id":79,"V":12,"NV":0,"TB":0},{"Id":84,"V":11,"NV":0,"TB":0},{"Id":76,"V":10,"NV":0,"TB":0},{"Id":65,"V":9,"NV":0,"TB":0},{"Id":82,"V":9,"NV":0,"TB":0},{"Id":72,"V":8,"NV":1,"TB":0},{"Id":68,"V":7,"NV":0,"TB":0},{"Id":69,"V":7,"NV":0,"TB":0},{"Id":83,"V":5,"NV":0,"TB":0},{"Id":66,"V":4,"NV":0,"TB":0},{"Id":81,"V":4,"NV":0,"TB":0},{"Id":78,"V":3,"NV":0,"TB":0},{"Id":74,"V":3,"NV":0,"TB":2}],[{"Id":70,"V":19,"NV":1,"TB":0},{"Id":71,"V":19,"NV":0,"TB":0},{"Id":67,"V":14,"NV":1,"TB":0},{"Id":73,"V":14,"NV":0,"TB":0},{"Id":80,"V":14,"NV":1,"TB":0},{"Id":79,"V":12,"NV":0,"TB":0},{"Id":84,"V":11,"NV":0,"TB":0},{"Id":76,"V":10,"NV":0,"TB":0},{"Id":65,"V":9,"NV":0,"TB":0},{"Id":82,"V":9,"NV":0,"TB":0},{"Id":72,"V":8,"NV":0,"TB":0},{"Id":68,"V":7,"NV":0,"TB":0},{"Id":69,"V":7,"NV":0,"TB":0},{"Id":83,"V":5,"NV":0,"TB":0},{"Id":66,"V":4,"NV":0,"TB":0},{"Id":81,"V":4,"NV":0,"TB":0},{"Id":78,"V":3,"NV":0,"TB":0}],[{"Id":70,"V":19,"NV":0,"TB":0},{"Id":71,"V":19,"NV":0,"TB":0},{"Id":67,"V":14,"NV":0,"TB":0},{"Id":73,"V":14,"NV":0,"TB":0},{"Id":80,"V":14,"NV":0,"TB":0},{"Id":79,"V":12,"NV":0,"TB":0},{"Id":84,"V":11,"NV":0,"TB":0},{"Id":72,"V":10,"NV":2,"TB":0},{"Id":76,"V":10,"NV":0,"TB":0},{"Id":65,"V":9,"NV":0,"TB":0},{"Id":82,"V":9,"NV":0,"TB":0},{"Id":68,"V":7,"NV":0,"TB":0},{"Id":69,"V":7,"NV":0,"TB":0},{"Id":83,"V":5,"NV":0,"TB":0},{"Id":81,"V":4,"NV":0,"TB":0},{"Id":66,"V":4,"NV":0,"TB":2}],[{"Id":70,"V":20,"NV":1,"TB":0},{"Id":71,"V":19,"NV":0,"TB":0},{"Id":73,"V":15,"NV":1,"TB":0},{"Id":67,"V":14,"NV":0,"TB":0},{"Id":80,"V":14,"NV":0,"TB":0},{"Id":79,"V":13,"NV":1,"TB":0},{"Id":84,"V":12,"NV":1,"TB":0},{"Id":72,"V":10,"NV":0,"TB":0},{"Id":76,"V":10,"NV":0,"TB":0},{"Id":65,"V":9,"NV":0,"TB":0},{"Id":82,"V":9,"NV":0,"TB":0},{"Id":68,"V":7,"NV":0,"TB":0},{"Id":69,"V":7,"NV":0,"TB":0},{"Id":83,"V":5,"NV":0,"TB":0},{"Id":81,"V":4,"NV":0,"TB":0}],[{"Id":70,"V":20,"NV":0,"TB":0},{"Id":71,"V":19,"NV":0,"TB":0},{"Id":67,"V":15,"NV":1,"TB":0},{"Id":73,"V":15,"NV":0,"TB":0},{"Id":79,"V":14,"NV":1,"TB":0},{"Id":80,"V":14,"NV":0,"TB":0},{"Id":84,"V":13,"NV":1,"TB":0},{"Id":72,"V":10,"NV":0,"TB":0},{"Id":76,"V":10,"NV":0,"TB":0},{"Id":65,"V":9,"NV":0,"TB":0},{"Id":82,"V":9,"NV":0,"TB":0},{"Id":69,"V":8,"NV":1,"TB":0},{"Id":68,"V":7,"NV":0,"TB":0},{"Id":83,"V":5,"NV":0,"TB":0}],[{"Id":70,"V":20,"NV":0,"TB":0},{"Id":71,"V":19,"NV":0,"TB":0},{"Id":73,"V":17,"NV":2,"TB":0},{"Id":67,"V":15,"NV":0,"TB":0},{"Id":84,"V":15,"NV":2,"TB":0},{"Id":79,"V":14,"NV":0,"TB":0},{"Id":80,"V":14,"NV":0,"TB":0},{"Id":72,"V":10,"NV":0,"TB":0},{"Id":76,"V":10,"NV":0,"TB":0},{"Id":65,"V":9,"NV":0,"TB":0},{"Id":82,"V":9,"NV":0,"TB":0},{"Id":69,"V":8,"NV":0,"TB":0},{"Id":68,"V":7,"NV":0,"TB":0}],[{"Id":70,"V":21,"NV":1,"TB":0},{"Id":71,"V":20,"NV":1,"TB":0},{"Id":73,"V":18,"NV":1,"TB":0},{"Id":84,"V":16,"NV":1,"TB":0},{"Id":67,"V":15,"NV":0,"TB":0},{"Id":79,"V":14,"NV":0,"TB":0},{"Id":80,"V":14,"NV":0,"TB":0},{"Id":76,"V":12,"NV":2,"TB":0},{"Id":72,"V":10,"NV":0,"TB":0},{"Id":69,"V":9,"NV":1,"TB":0},{"Id":82,"V":9,"NV":0,"TB":0},{"Id":65,"V":9,"NV":0,"TB":3}],[{"Id":70,"V":22,"NV":1,"TB":0},{"Id":71,"V":21,"NV":1,"TB":0},{"Id":73,"V":19,"NV":1,"TB":0},{"Id":84,"V":16,"NV":0,"TB":0},{"Id":67,"V":15,"NV":0,"TB":0},{"Id":80,"V":15,"NV":1,"TB":0},{"Id":76,"V":14,"NV":2,"TB":0},{"Id":79,"V":14,"NV":0,"TB":0},{"Id":69,"V":11,"NV":2,"TB":0},{"Id":72,"V":10,"NV":0,"TB":0},{"Id":82,"V":9,"NV":0,"TB":0}],[{"Id":71,"V":23,"NV":2,"TB":0},{"Id":70,"V":22,"NV":0,"TB":0},{"Id":73,"V":20,"NV":1,"TB":0},{"Id":67,"V":16,"NV":1,"TB":0},{"Id":76,"V":16,"NV":2,"TB":0},{"Id":84,"V":16,"NV":0,"TB":0},{"Id":80,"V":15,"NV":0,"TB":0},{"Id":69,"V":14,"NV":3,"TB":0},{"Id":79,"V":14,"NV":0,"TB":0},{"Id":72,"V":10,"NV":0,"TB":0}],[{"Id":71,"V":25,"NV":2,"TB":0},{"Id":70,"V":22,"NV":0,"TB":0},{"Id":73,"V":20,"NV":0,"TB":0},{"Id":69,"V":18,"NV":4,"TB":0},{"Id":67,"V":17,"NV":1,"TB":0},{"Id":76,"V":17,"NV":1,"TB":0},{"Id":84,"V":16,"NV":0,"TB":0},{"Id":80,"V":15,"NV":0,"TB":0},{"Id":79,"V":14,"NV":0,"TB":0}],[{"Id":71,"V":26,"NV":1,"TB":0},{"Id":70,"V":23,"NV":1,"TB":0},{"Id":73,"V":22,"NV":2,"TB":0},{"Id":76,"V":19,"NV":2,"TB":0},{"Id":69,"V":18,"NV":0,"TB":0},{"Id":84,"V":18,"NV":2,"TB":0},{"Id":67,"V":17,"NV":0,"TB":0},{"Id":80,"V":16,"NV":1,"TB":0}],[{"Id":71,"V":28,"NV":2,"TB":0},{"Id":70,"V":26,"NV":3,"TB":0},{"Id":76,"V":24,"NV":5,"TB":0},{"Id":73,"V":23,"NV":1,"TB":0},{"Id":67,"V":19,"NV":2,"TB":0},{"Id":84,"V":19,"NV":1,"TB":0},{"Id":69,"V":18,"NV":0,"TB":0}],[{"Id":70,"V":30,"NV":4,"TB":0},{"Id":71,"V":30,"NV":2,"TB":0},{"Id":67,"V":25,"NV":6,"TB":0},{"Id":73,"V":24,"NV":1,"TB":0},{"Id":76,"V":24,"NV":0,"TB":0},{"Id":84,"V":20,"NV":1,"TB":0}],[{"Id":71,"V":39,"NV":9,"TB":0},{"Id":70,"V":31,"NV":1,"TB":0},{"Id":76,"V":28,"NV":4,"TB":0},{"Id":73,"V":27,"NV":3,"TB":0},{"Id":67,"V":26,"NV":1,"TB":0}],[{"Id":71,"V":43,"NV":4,"TB":0},{"Id":73,"V":35,"NV":8,"TB":0},{"Id":70,"V":34,"NV":3,"TB":0},{"Id":76,"V":32,"NV":4,"TB":0}],[{"Id":71,"V":49,"NV":6,"TB":0},{"Id":70,"V":47,"NV":13,"TB":0},{"Id":73,"V":37,"NV":2,"TB":0}],[{"Id":70,"V":58,"NV":11,"TB":0},{"Id":71,"V":58,"NV":9,"TB":1}],[{"Id":70,"V":86,"NV":28,"TB":0}]],"Expires":1550438612,"SecondsLeft":0}