{"Mtype":"results","Title":"Round 1","PollStarted":"2019-03-17T20:09:07.409515805Z","PollDuration":600000000000,"Options":{"65":"Sarah displays her Adrakist power.  Flying with fire everywhere!","66":"Keidran Nibbly gets a tummy ache, Sythe comforts her with a belly rub.","67":"A Tigress Noble helps guide two male human cartographers thought a expedition into Tiger territory to map out the region.","68":"Kei wearing the Collar of Keidrafication is turned into an Anthro Dragon, causing Reni to swoon in surprise, and others look with confusion.","69":"Eric \"studies\" Chimera to see what kind of Keidran she actually is, and he also adds a new painting to his collection","70":"Trace reveals his transcendent magic potential. Lady Nora is amazed and impressed, he is not just another eye candy anymore. ","71":"Trace and Flora enact the balcony scene from Romeo and Juliet","72":"Rose's arrangement for Trace's demise, except it's just humiliating him in front of Flora","73":"The Greatest Showman: Rewrite The Stars - Keith and Natani","74":"Tiger trace and Flora Evil clones","75":"Young Rose Ref Sheet","76":"Red dressed as Dante from Devil May Cry series, carrying Dante's big sword","77":"World War II pin-up Raine as wholesome Army Nurse.  (Both human and wolf please)","78":"Dragon Natani and Keith, as Dragonborn (TES V: Skyrim)","79":"Sythe as a half-human and half-keidran","80":"Laura and Keith riding a motorcycle through the Basitian mountains ","81":"Backstory on how Mike and Evals ended up as the crew of Na'rella","82":"Genderswapped Laura trying to seduce Keith, who doesn't know how to handle the situation.(Whether Keith is gendeswapped too or not is for Tom to decide)"},"ExpectedBallots":223,"CountedBallots":222,"Ballots":["IOD","JPGFMKQEDH","QHFKELOIPRGDBANCJM","JBNDHEG","KBQJOD","QDMBOCGEJRKFP","DONPCLFE","","GICQ","ROHFQD","DRHBO","RODK","KEHRPDQNF","QL","G","M","D","HFBEDGPJMCKR","I","KLA","HMDRPAJ","DOMKA","DERF","MKDCGIBRHEQOP","PK","KHAFMEO","ER","IDCHEBLMRONPAGFQJK","HCQBGRPFD","OECQKHFADIPBRGJMNL","ADN","HEBIODPRJFNCLKGMQA","JCOFQHDGMKBNARELP","LMRIDJQCENFOBAPKGH","IKOHJNMBLEGQDPRFCA","MN","DAOHRGIEFPQMCNJLBK","CKQNJ","KBC","LCQK","DOA","CHK","HNDC","DORHQ","QRDOKFEJMLACI","BCKHMQ","CPMR","DBOPC","KDERJBNALHFIMQPCOG","MLDOKRP","NALQEC","DJOCEFGAIKRPLBMQNH","JRGDCOK","AFDCQRHMELN","CJNDOR","FQOHDMGCKJPEALBNRI","MONHIDG","PNIHAOQC","CEKMB","DFL","CEMQ","B","B","QDABKCHO","B","JQHCFDOGRMEAKBPLNI","BCKHJ","QPCA","B","PGKHA","EIMP","J","LQO","QMKDEORFHJCABPGILN","KHC","JRP","J","PODR","J","KMIH","BOLQGDCP","J","B","MKBEC","QRCOHEG","BECPNFHKGJIRADQOML","AOP","J","KMPBCHD","J","KCQ","FDKCPJAQMBGENH","RJKH","","B","EDOFHNPJRGIBCLAMQK","PR","J","CEJ","J","RP","RPAOLI","RPQKBCDAMEJFIOHN","ERMBKDA","FRP","FRM","RIH","GKQ","GRECQP","J","RPG","IRO","ROJGEIP","J","RD","HQNKR","DBQJOF","PEQCH","RCNQ","MK","MPENJ","J","J","J","DPF","GPIOJQ","EGPR","J","ARFP","J","J","MK","ORE","B","MK","ERJGHN","CQ","HKDANROGMQFJPCBLE","MK","RNDAMKJ","EPFMBGD","MK","J","MK","RHFOP","MRKBO","OLBQCNKFPDIJERGMHA","","J","J","J","CPHK","B","KHC","INP","J","ERIC","B","HPNQ","QOECRDB","RMP","PMER","IRC","","GR","IEPALR","RLFC","RN","DRALQH","B","B","OPM","J","KB","DFNBH","NRPE","DR","DQGH","QBDKOG","CPOLMR","MREC","J","B","","MQLEOKRH","J","J","J","J","J","J","QCDORFKELHAIJBM","KIRPGLQMHCDEOANFBJ","RMN","J","NI","J","QIP","PLFGCM","J","ROKHA","J","J","CIOME","J","PCOHQMRE","J","KRPE","J","J","RLJICFP","J","J","J","PI","PER","DRHEIL","HPER","J","BD","JNGB","NFQCJKPEGRIAHBMDLO"],"Placements":[[{"Id":74,"V":49,"NV":49,"TB":0},{"Id":82,"V":19,"NV":19,"TB":0},{"Id":68,"V":18,"NV":18,"TB":0},{"Id":66,"V":17,"NV":17,"TB":0},{"Id":77,"V":16,"NV":16,"TB":0},{"Id":75,"V":14,"NV":14,"TB":0},{"Id":81,"V":12,"NV":12,"TB":0},{"Id":67,"V":11,"NV":11,"TB":0},{"Id":80,"V":11,"NV":11,"TB":0},{"Id":72,"V":9,"NV":9,"TB":0},{"Id":69,"V":8,"NV":8,"TB":0},{"Id":73,"V":8,"NV":8,"TB":0},{"Id":71,"V":6,"NV":6,"TB":0},{"Id":65,"V":4,"NV":4,"TB":0},{"Id":70,"V":4,"NV":4,"TB":0},{"Id":78,"V":4,"NV":4,"TB":0},{"Id":79,"V":4,"NV":4,"TB":0},{"Id":76,"V":3,"NV":3,"TB":0}],[{"Id":74,"V":49,"NV":0,"TB":0},{"Id":82,"V":19,"NV":0,"TB":0},{"Id":68,"V":18,"NV":0,"TB":0},{"Id":66,"V":17,"NV":0,"TB":0},{"Id":77,"V":17,"NV":1,"TB":0},{"Id":75,"V":14,"NV":0,"TB":0},{"Id":81,"V":13,"NV":1,"TB":0},{"Id":67,"V":12,"NV":1,"TB":0},{"Id":80,"V":11,"NV":0,"TB":0},{"Id":72,"V":9,"NV":0,"TB":0},{"Id":69,"V":8,"NV":0,"TB":0},{"Id":73,"V":8,"NV":0,"TB":0},{"Id":71,"V":6,"NV":0,"TB":0},{"Id":70,"V":4,"NV":0,"TB":0},{"Id":78,"V":4,"NV":0,"TB":0},{"Id":79,"V":4,"NV":0,"TB":0},{"Id":65,"V":4,"NV":0,"TB":4}],[{"Id":74,"V":49,"NV":0,"TB":0},{"Id":82,"V":20,"NV":1,"TB":0},{"Id":68,"V":19,"NV":1,"TB":0},{"Id":66,"V":17,"NV":0,"TB":0},{"Id":77,"V":17,"NV":0,"TB":0},{"Id":75,"V":14,"NV":0,"TB":0},{"Id":81,"V":13,"NV":0,"TB":0},{"Id":67,"V":12,"NV":0,"TB":0},{"Id":80,"V":11,"NV":0,"TB":0},{"Id":72,"V":9,"NV":0,"TB":0},{"Id":69,"V":8,"NV":0,"TB":0},{"Id":73,"V":8,"NV":0,"TB":0},{"Id":71,"V":6,"NV":0,"TB":0},{"Id":70,"V":5,"NV":1,"TB":0},{"Id":79,"V":5,"NV":1,"TB":0},{"Id":78,"V":4,"NV":0,"TB":0}],[{"Id":74,"V":49,"NV":0,"TB":0},{"Id":82,"V":21,"NV":1,"TB":0},{"Id":68,"V":19,"NV":0,"TB":0},{"Id":66,"V":17,"NV":0,"TB":0},{"Id":77,"V":17,"NV":0,"TB":0},{"Id":75,"V":14,"NV":0,"TB":0},{"Id":81,"V":14,"NV":1,"TB":0},{"Id":67,"V":12,"NV":0,"TB":0},{"Id":80,"V":11,"NV":0,"TB":0},{"Id":72,"V":9,"NV":0,"TB":0},{"Id":73,"V":9,"NV":1,"TB":0},{"Id":69,"V":8,"NV":0,"TB":0},{"Id":70,"V":6,"NV":1,"TB":0},{"Id":71,"V":6,"NV":0,"TB":0},{"Id":79,"V":5,"NV":0,"TB":0}],[{"Id":74,"V":49,"NV":0,"TB":0},{"Id":82,"V":22,"NV":1,"TB":0},{"Id":68,"V":19,"NV":0,"TB":0},{"Id":66,"V":18,"NV":1,"TB":0},{"Id":77,"V":17,"NV":0,"TB":0},{"Id":75,"V":14,"NV":0,"TB":0},{"Id":81,"V":14,"NV":0,"TB":0},{"Id":80,"V":13,"NV":2,"TB":0},{"Id":67,"V":12,"NV":0,"TB":0},{"Id":69,"V":9,"NV":1,"TB":0},{"Id":72,"V":9,"NV":0,"TB":0},{"Id":73,"V":9,"NV":0,"TB":0},{"Id":71,"V":6,"NV":0,"TB":0},{"Id":70,"V":6,"NV":0,"TB":2}],[{"Id":74,"V":49,"NV":0,"TB":0},{"Id":82,"V":24,"NV":2,"TB":0},{"Id":68,"V":21,"NV":2,"TB":0},{"Id":66,"V":18,"NV":0,"TB":0},{"Id":77,"V":17,"NV":0,"TB":0},{"Id":81,"V":16,"NV":2,"TB":0},{"Id":75,"V":14,"NV":0,"TB":0},{"Id":80,"V":13,"NV":0,"TB":0},{"Id":67,"V":12,"NV":0,"TB":0},{"Id":69,"V":9,"NV":0,"TB":0},{"Id":72,"V":9,"NV":0,"TB":0},{"Id":73,"V":9,"NV":0,"TB":0},{"Id":71,"V":6,"NV":0,"TB":0}],[{"Id":74,"V":49,"NV":0,"TB":0},{"Id":82,"V":26,"NV":2,"TB":0},{"Id":68,"V":21,"NV":0,"TB":0},{"Id":66,"V":18,"NV":0,"TB":0},{"Id":77,"V":17,"NV":0,"TB":0},{"Id":81,"V":16,"NV":0,"TB":0},{"Id":75,"V":15,"NV":1,"TB":0},{"Id":80,"V":14,"NV":1,"TB":0},{"Id":67,"V":12,"NV":0,"TB":0},{"Id":73,"V":10,"NV":1,"TB":0},{"Id":69,"V":9,"NV":0,"TB":0},{"Id":72,"V":9,"NV":0,"TB":1}],[{"Id":74,"V":49,"NV":0,"TB":0},{"Id":82,"V":26,"NV":0,"TB":0},{"Id":68,"V":22,"NV":1,"TB":0},{"Id":66,"V":19,"NV":1,"TB":0},{"Id":77,"V":18,"NV":1,"TB":0},{"Id":81,"V":17,"NV":1,"TB":0},{"Id":75,"V":16,"NV":1,"TB":0},{"Id":80,"V":16,"NV":2,"TB":0},{"Id":67,"V":13,"NV":1,"TB":0},{"Id":69,"V":10,"NV":1,"TB":0},{"Id":73,"V":10,"NV":0,"TB":1}],[{"Id":74,"V":49,"NV":0,"TB":0},{"Id":82,"V":28,"NV":2,"TB":0},{"Id":68,"V":24,"NV":2,"TB":0},{"Id":66,"V":19,"NV":0,"TB":0},{"Id":77,"V":18,"NV":0,"TB":0},{"Id":75,"V":17,"NV":1,"TB":0},{"Id":80,"V":17,"NV":1,"TB":0},{"Id":81,"V":17,"NV":0,"TB":0},{"Id":67,"V":14,"NV":1,"TB":0},{"Id":69,"V":11,"NV":1,"TB":0}],[{"Id":74,"V":49,"NV":0,"TB":0},{"Id":82,"V":32,"NV":4,"TB":0},{"Id":68,"V":25,"NV":1,"TB":0},{"Id":66,"V":20,"NV":1,"TB":0},{"Id":80,"V":20,"NV":3,"TB":0},{"Id":77,"V":19,"NV":1,"TB":0},{"Id":75,"V":17,"NV":0,"TB":0},{"Id":81,"V":17,"NV":0,"TB":0},{"Id":67,"V":15,"NV":1,"TB":0}],[{"Id":74,"V":51,"NV":2,"TB":0},{"Id":82,"V":32,"NV":0,"TB":0},{"Id":68,"V":25,"NV":0,"TB":0},{"Id":80,"V":23,"NV":3,"TB":0},{"Id":81,"V":22,"NV":5,"TB":0},{"Id":77,"V":21,"NV":2,"TB":0},{"Id":75,"V":20,"NV":3,"TB":0},{"Id":66,"V":20,"NV":0,"TB":2}],[{"Id":74,"V":51,"NV":0,"TB":0},{"Id":82,"V":32,"NV":0,"TB":0},{"Id":68,"V":28,"NV":3,"TB":0},{"Id":80,"V":24,"NV":1,"TB":0},{"Id":81,"V":24,"NV":2,"TB":0},{"Id":75,"V":22,"NV":2,"TB":0},{"Id":77,"V":21,"NV":0,"TB":0}],[{"Id":74,"V":51,"NV":0,"TB":0},{"Id":82,"V":35,"NV":3,"TB":0},{"Id":68,"V":31,"NV":3,"TB":0},{"Id":75,"V":30,"NV":8,"TB":0},{"Id":80,"V":26,"NV":2,"TB":0},{"Id":81,"V":26,"NV":2,"TB":1}],[{"Id":74,"V":52,"NV":1,"TB":0},{"Id":82,"V":39,"NV":4,"TB":0},{"Id":68,"V":37,"NV":6,"TB":0},{"Id":75,"V":37,"NV":7,"TB":0},{"Id":80,"V":28,"NV":2,"TB":0}],[{"Id":74,"V":54,"NV":2,"TB":0},{"Id":82,"V":48,"NV":9,"TB":0},{"Id":75,"V":41,"NV":4,"TB":0},{"Id":68,"V":39,"NV":2,"TB":0}],[{"Id":82,"V":61,"NV":13,"TB":0},{"Id":74,"V":59,"NV":5,"TB":0},{"Id":75,"V":47,"NV":6,"TB":0}],[{"Id":82,"V":73,"NV":12,"TB":0},{"Id":74,"V":67,"NV":8,"TB":0}],[{"Id":82,"V":87,"NV":14,"TB":0}]],"Expires":1552854556,"SecondsLeft":0}