{"Mtype":"results","Title":"Round 5","PollStarted":"2019-10-13T23:15:48.215111589Z","PollDuration":600000000000,"Options":{"65":"Lynn and Sealeen They get their first kiss","66":"Zen, Raine decorate for their Spooktacular Halloween party in a high-rise apartment.","67":"Kat in a cute pose, holding her legs up and smiling","68":"Flora dressed as a \"sexy\" maid for Halloween to surprise trace, but trace also tries to dresses as a \"sexy\" maid in his female tiger form thanks to Nora","69":"Brutus brings Clovis a dress to wear after helping her bathe","70":"Kat's evil clone having Roderick chained up and treating him like a slave with normal Kat enjoying the service. Slave revenge.","71":"Since Zombieland 2 is coming up have team A dress up as the main characters and team B as a few zombies","72":"Flora running through town with the TF gun from Addictive Science zapping everyone into half-kinds.","73":"A Norwegian Forest Cat Keidran, dressed in Viking warrior armor/garb, riding aboard a Viking ship with other fellow Viking cats, all sailing for war.","74":"An older, grizzled Keith drinking away his sorrows at a tavern/bar, crying about how he couldn't save Alaric or Laura and now Natani ","75":"Young Trace attempts to open the portal to another world, but as the portal opens he realizes he read from a cookbook instead of a spellbook. He summoned a dinner.","76":"Remake of the first color art: Flora in the middle of pumpkin lanterns.","77":"What if Laura was Grand Templar instead of Trace?","78":"Brutus offers “services” to Clovis, who’s all “Heck No” but gives in, and then we get to see a Melted Clovis as Brutus turns out to be a good masseuse.","79":"Pseudo-sequel to Ghostbuster. Natani and Keith busting the ghosts of Alaric and Laura.","80":"Halloween: Zen, with realistic looking gashes and blood matted spots, teaches Raine how to use her Keidran form to scare people.","81":"Roselyn takes a break and relaxes in the oasis room","82":"Vampire Alaric tries to bite Keith.","83":"Spooky Maeve scaring her Mother  ","84":"Keith and Natani carving pumpkins together. Natani is going on about how great she is at it and Keith is asking \"So why are we doing this again?\"","85":"Guys-to-Girls Night 3: This time it's Sythe and Zen, and Zen is drunkenly hitting on Sythe not recognizing him.","86":"Magical Boy Keith","87":"WWII: Tigress Trace in a US Army Air Force Dress Uniform."},"ExpectedBallots":36,"CountedBallots":35,"Ballots":["BRIKTPMQWFD","PB","ENRUVQKIHLDJATMPSCBFGO","LISHDKFWQCET","PD","DCLUHWFG","QDSPKILUCBJ","QSLPDRBHAUFIOKT","OTSPBHAGIQ","N","RQLA","AIGMJ","QASECF","AERNFUS","RMQKBPI","DHISU","JQRLGVA","DWUEKLH","RKTPBL","IESWQNLBKJRFGOHCPMTUVAD","RTOJVQAM","J","NAMGCSVUJTIRQFPOEB","PCKQR","UOVRDPECQAFSWKNBLTHI","QUDNLWTF","ORBJDIKU","PCB","MARFVI","MJO","RSTKW","UBIPKOHWQRASG","NEDC","JWQPB","OJLMHR"],"Placements":[[{"Id":82,"V":5,"NV":5,"TB":0},{"Id":80,"V":4,"NV":4,"TB":0},{"Id":81,"V":4,"NV":4,"TB":0},{"Id":68,"V":3,"NV":3,"TB":0},{"Id":74,"V":3,"NV":3,"TB":0},{"Id":78,"V":3,"NV":3,"TB":0},{"Id":79,"V":3,"NV":3,"TB":0},{"Id":65,"V":2,"NV":2,"TB":0},{"Id":77,"V":2,"NV":2,"TB":0},{"Id":85,"V":2,"NV":2,"TB":0},{"Id":66,"V":1,"NV":1,"TB":0},{"Id":69,"V":1,"NV":1,"TB":0},{"Id":73,"V":1,"NV":1,"TB":0},{"Id":76,"V":1,"NV":1,"TB":0},{"Id":67,"V":0,"NV":0,"TB":0},{"Id":71,"V":0,"NV":0,"TB":0},{"Id":72,"V":0,"NV":0,"TB":0},{"Id":75,"V":0,"NV":0,"TB":0},{"Id":83,"V":0,"NV":0,"TB":0},{"Id":84,"V":0,"NV":0,"TB":0},{"Id":86,"V":0,"NV":0,"TB":0},{"Id":87,"V":0,"NV":0,"TB":0},{"Id":70,"V":0,"NV":0,"TB":8}],[{"Id":82,"V":5,"NV":0,"TB":0},{"Id":80,"V":4,"NV":0,"TB":0},{"Id":81,"V":4,"NV":0,"TB":0},{"Id":68,"V":3,"NV":0,"TB":0},{"Id":74,"V":3,"NV":0,"TB":0},{"Id":78,"V":3,"NV":0,"TB":0},{"Id":79,"V":3,"NV":0,"TB":0},{"Id":65,"V":2,"NV":0,"TB":0},{"Id":77,"V":2,"NV":0,"TB":0},{"Id":85,"V":2,"NV":0,"TB":0},{"Id":66,"V":1,"NV":0,"TB":0},{"Id":69,"V":1,"NV":0,"TB":0},{"Id":73,"V":1,"NV":0,"TB":0},{"Id":76,"V":1,"NV":0,"TB":0},{"Id":67,"V":0,"NV":0,"TB":0},{"Id":71,"V":0,"NV":0,"TB":0},{"Id":75,"V":0,"NV":0,"TB":0},{"Id":83,"V":0,"NV":0,"TB":0},{"Id":84,"V":0,"NV":0,"TB":0},{"Id":86,"V":0,"NV":0,"TB":0},{"Id":87,"V":0,"NV":0,"TB":0},{"Id":72,"V":0,"NV":0,"TB":6}],[{"Id":82,"V":5,"NV":0,"TB":0},{"Id":80,"V":4,"NV":0,"TB":0},{"Id":81,"V":4,"NV":0,"TB":0},{"Id":68,"V":3,"NV":0,"TB":0},{"Id":74,"V":3,"NV":0,"TB":0},{"Id":78,"V":3,"NV":0,"TB":0},{"Id":79,"V":3,"NV":0,"TB":0},{"Id":65,"V":2,"NV":0,"TB":0},{"Id":77,"V":2,"NV":0,"TB":0},{"Id":85,"V":2,"NV":0,"TB":0},{"Id":66,"V":1,"NV":0,"TB":0},{"Id":69,"V":1,"NV":0,"TB":0},{"Id":73,"V":1,"NV":0,"TB":0},{"Id":76,"V":1,"NV":0,"TB":0},{"Id":67,"V":0,"NV":0,"TB":0},{"Id":71,"V":0,"NV":0,"TB":0},{"Id":75,"V":0,"NV":0,"TB":0},{"Id":83,"V":0,"NV":0,"TB":0},{"Id":84,"V":0,"NV":0,"TB":0},{"Id":86,"V":0,"NV":0,"TB":0},{"Id":87,"V":0,"NV":0,"TB":1}],[{"Id":82,"V":5,"NV":0,"TB":0},{"Id":80,"V":4,"NV":0,"TB":0},{"Id":81,"V":4,"NV":0,"TB":0},{"Id":68,"V":3,"NV":0,"TB":0},{"Id":74,"V":3,"NV":0,"TB":0},{"Id":78,"V":3,"NV":0,"TB":0},{"Id":79,"V":3,"NV":0,"TB":0},{"Id":65,"V":2,"NV":0,"TB":0},{"Id":77,"V":2,"NV":0,"TB":0},{"Id":85,"V":2,"NV":0,"TB":0},{"Id":66,"V":1,"NV":0,"TB":0},{"Id":69,"V":1,"NV":0,"TB":0},{"Id":73,"V":1,"NV":0,"TB":0},{"Id":76,"V":1,"NV":0,"TB":0},{"Id":71,"V":0,"NV":0,"TB":0},{"Id":75,"V":0,"NV":0,"TB":0},{"Id":83,"V":0,"NV":0,"TB":0},{"Id":84,"V":0,"NV":0,"TB":0},{"Id":86,"V":0,"NV":0,"TB":0},{"Id":67,"V":0,"NV":0,"TB":6}],[{"Id":82,"V":5,"NV":0,"TB":0},{"Id":80,"V":4,"NV":0,"TB":0},{"Id":81,"V":4,"NV":0,"TB":0},{"Id":68,"V":3,"NV":0,"TB":0},{"Id":74,"V":3,"NV":0,"TB":0},{"Id":78,"V":3,"NV":0,"TB":0},{"Id":79,"V":3,"NV":0,"TB":0},{"Id":65,"V":2,"NV":0,"TB":0},{"Id":77,"V":2,"NV":0,"TB":0},{"Id":85,"V":2,"NV":0,"TB":0},{"Id":66,"V":1,"NV":0,"TB":0},{"Id":69,"V":1,"NV":0,"TB":0},{"Id":73,"V":1,"NV":0,"TB":0},{"Id":76,"V":1,"NV":0,"TB":0},{"Id":75,"V":0,"NV":0,"TB":0},{"Id":83,"V":0,"NV":0,"TB":0},{"Id":84,"V":0,"NV":0,"TB":0},{"Id":86,"V":0,"NV":0,"TB":0},{"Id":71,"V":0,"NV":0,"TB":5}],[{"Id":82,"V":5,"NV":0,"TB":0},{"Id":80,"V":4,"NV":0,"TB":0},{"Id":81,"V":4,"NV":0,"TB":0},{"Id":68,"V":3,"NV":0,"TB":0},{"Id":74,"V":3,"NV":0,"TB":0},{"Id":78,"V":3,"NV":0,"TB":0},{"Id":79,"V":3,"NV":0,"TB":0},{"Id":65,"V":2,"NV":0,"TB":0},{"Id":77,"V":2,"NV":0,"TB":0},{"Id":85,"V":2,"NV":0,"TB":0},{"Id":66,"V":1,"NV":0,"TB":0},{"Id":69,"V":1,"NV":0,"TB":0},{"Id":73,"V":1,"NV":0,"TB":0},{"Id":76,"V":1,"NV":0,"TB":0},{"Id":75,"V":0,"NV":0,"TB":0},{"Id":84,"V":0,"NV":0,"TB":0},{"Id":86,"V":0,"NV":0,"TB":0},{"Id":83,"V":0,"NV":0,"TB":3}],[{"Id":82,"V":5,"NV":0,"TB":0},{"Id":80,"V":4,"NV":0,"TB":0},{"Id":81,"V":4,"NV":0,"TB":0},{"Id":68,"V":3,"NV":0,"TB":0},{"Id":74,"V":3,"NV":0,"TB":0},{"Id":78,"V":3,"NV":0,"TB":0},{"Id":79,"V":3,"NV":0,"TB":0},{"Id":65,"V":2,"NV":0,"TB":0},{"Id":77,"V":2,"NV":0,"TB":0},{"Id":85,"V":2,"NV":0,"TB":0},{"Id":66,"V":1,"NV":0,"TB":0},{"Id":69,"V":1,"NV":0,"TB":0},{"Id":73,"V":1,"NV":0,"TB":0},{"Id":76,"V":1,"NV":0,"TB":0},{"Id":75,"V":0,"NV":0,"TB":0},{"Id":86,"V":0,"NV":0,"TB":0},{"Id":84,"V":0,"NV":0,"TB":2}],[{"Id":82,"V":5,"NV":0,"TB":0},{"Id":80,"V":4,"NV":0,"TB":0},{"Id":81,"V":4,"NV":0,"TB":0},{"Id":68,"V":3,"NV":0,"TB":0},{"Id":74,"V":3,"NV":0,"TB":0},{"Id":78,"V":3,"NV":0,"TB":0},{"Id":79,"V":3,"NV":0,"TB":0},{"Id":65,"V":2,"NV":0,"TB":0},{"Id":77,"V":2,"NV":0,"TB":0},{"Id":85,"V":2,"NV":0,"TB":0},{"Id":66,"V":1,"NV":0,"TB":0},{"Id":69,"V":1,"NV":0,"TB":0},{"Id":73,"V":1,"NV":0,"TB":0},{"Id":76,"V":1,"NV":0,"TB":0},{"Id":75,"V":0,"NV":0,"TB":0},{"Id":86,"V":0,"NV":0,"TB":1}],[{"Id":82,"V":5,"NV":0,"TB":0},{"Id":80,"V":4,"NV":0,"TB":0},{"Id":81,"V":4,"NV":0,"TB":0},{"Id":68,"V":3,"NV":0,"TB":0},{"Id":74,"V":3,"NV":0,"TB":0},{"Id":78,"V":3,"NV":0,"TB":0},{"Id":79,"V":3,"NV":0,"TB":0},{"Id":65,"V":2,"NV":0,"TB":0},{"Id":77,"V":2,"NV":0,"TB":0},{"Id":85,"V":2,"NV":0,"TB":0},{"Id":66,"V":1,"NV":0,"TB":0},{"Id":69,"V":1,"NV":0,"TB":0},{"Id":73,"V":1,"NV":0,"TB":0},{"Id":76,"V":1,"NV":0,"TB":0},{"Id":75,"V":0,"NV":0,"TB":0}],[{"Id":82,"V":5,"NV":0,"TB":0},{"Id":80,"V":4,"NV":0,"TB":0},{"Id":81,"V":4,"NV":0,"TB":0},{"Id":68,"V":3,"NV":0,"TB":0},{"Id":74,"V":3,"NV":0,"TB":0},{"Id":78,"V":3,"NV":0,"TB":0},{"Id":79,"V":3,"NV":0,"TB":0},{"Id":65,"V":2,"NV":0,"TB":0},{"Id":77,"V":2,"NV":0,"TB":0},{"Id":85,"V":2,"NV":0,"TB":0},{"Id":66,"V":1,"NV":0,"TB":0},{"Id":69,"V":1,"NV":0,"TB":0},{"Id":76,"V":1,"NV":0,"TB":0},{"Id":73,"V":1,"NV":0,"TB":2}],[{"Id":82,"V":5,"NV":0,"TB":0},{"Id":80,"V":4,"NV":0,"TB":0},{"Id":81,"V":4,"NV":0,"TB":0},{"Id":68,"V":3,"NV":0,"TB":0},{"Id":74,"V":3,"NV":0,"TB":0},{"Id":78,"V":3,"NV":0,"TB":0},{"Id":79,"V":3,"NV":0,"TB":0},{"Id":65,"V":2,"NV":0,"TB":0},{"Id":69,"V":2,"NV":1,"TB":0},{"Id":77,"V":2,"NV":0,"TB":0},{"Id":85,"V":2,"NV":0,"TB":0},{"Id":66,"V":1,"NV":0,"TB":0},{"Id":76,"V":1,"NV":0,"TB":1}],[{"Id":82,"V":5,"NV":0,"TB":0},{"Id":68,"V":4,"NV":1,"TB":0},{"Id":80,"V":4,"NV":0,"TB":0},{"Id":81,"V":4,"NV":0,"TB":0},{"Id":74,"V":3,"NV":0,"TB":0},{"Id":78,"V":3,"NV":0,"TB":0},{"Id":79,"V":3,"NV":0,"TB":0},{"Id":65,"V":2,"NV":0,"TB":0},{"Id":69,"V":2,"NV":0,"TB":0},{"Id":77,"V":2,"NV":0,"TB":0},{"Id":85,"V":2,"NV":0,"TB":0},{"Id":66,"V":1,"NV":0,"TB":0}],[{"Id":82,"V":6,"NV":1,"TB":0},{"Id":68,"V":4,"NV":0,"TB":0},{"Id":80,"V":4,"NV":0,"TB":0},{"Id":81,"V":4,"NV":0,"TB":0},{"Id":74,"V":3,"NV":0,"TB":0},{"Id":78,"V":3,"NV":0,"TB":0},{"Id":79,"V":3,"NV":0,"TB":0},{"Id":65,"V":2,"NV":0,"TB":0},{"Id":77,"V":2,"NV":0,"TB":0},{"Id":85,"V":2,"NV":0,"TB":0},{"Id":69,"V":2,"NV":0,"TB":3}],[{"Id":82,"V":6,"NV":0,"TB":0},{"Id":81,"V":5,"NV":1,"TB":0},{"Id":68,"V":4,"NV":0,"TB":0},{"Id":78,"V":4,"NV":1,"TB":0},{"Id":80,"V":4,"NV":0,"TB":0},{"Id":74,"V":3,"NV":0,"TB":0},{"Id":79,"V":3,"NV":0,"TB":0},{"Id":65,"V":2,"NV":0,"TB":0},{"Id":85,"V":2,"NV":0,"TB":0},{"Id":77,"V":2,"NV":0,"TB":2}],[{"Id":82,"V":6,"NV":0,"TB":0},{"Id":81,"V":5,"NV":0,"TB":0},{"Id":68,"V":4,"NV":0,"TB":0},{"Id":74,"V":4,"NV":1,"TB":0},{"Id":78,"V":4,"NV":0,"TB":0},{"Id":80,"V":4,"NV":0,"TB":0},{"Id":65,"V":3,"NV":1,"TB":0},{"Id":79,"V":3,"NV":0,"TB":0},{"Id":85,"V":2,"NV":0,"TB":0}],[{"Id":82,"V":6,"NV":0,"TB":0},{"Id":80,"V":5,"NV":1,"TB":0},{"Id":81,"V":5,"NV":0,"TB":0},{"Id":68,"V":4,"NV":0,"TB":0},{"Id":74,"V":4,"NV":0,"TB":0},{"Id":78,"V":4,"NV":0,"TB":0},{"Id":79,"V":4,"NV":1,"TB":0},{"Id":65,"V":3,"NV":0,"TB":0}],[{"Id":82,"V":8,"NV":2,"TB":0},{"Id":74,"V":5,"NV":1,"TB":0},{"Id":80,"V":5,"NV":0,"TB":0},{"Id":81,"V":5,"NV":0,"TB":0},{"Id":78,"V":4,"NV":0,"TB":0},{"Id":79,"V":4,"NV":0,"TB":0},{"Id":68,"V":4,"NV":0,"TB":3}],[{"Id":82,"V":8,"NV":0,"TB":0},{"Id":81,"V":6,"NV":1,"TB":0},{"Id":74,"V":5,"NV":0,"TB":0},{"Id":80,"V":5,"NV":0,"TB":0},{"Id":78,"V":4,"NV":0,"TB":0},{"Id":79,"V":4,"NV":0,"TB":1}],[{"Id":82,"V":10,"NV":2,"TB":0},{"Id":74,"V":6,"NV":1,"TB":0},{"Id":80,"V":6,"NV":1,"TB":0},{"Id":81,"V":6,"NV":0,"TB":0},{"Id":78,"V":4,"NV":0,"TB":0}],[{"Id":82,"V":11,"NV":1,"TB":0},{"Id":74,"V":7,"NV":1,"TB":0},{"Id":80,"V":6,"NV":0,"TB":0},{"Id":81,"V":6,"NV":0,"TB":1}],[{"Id":82,"V":11,"NV":0,"TB":0},{"Id":80,"V":8,"NV":2,"TB":0},{"Id":74,"V":8,"NV":1,"TB":2}],[{"Id":82,"V":15,"NV":4,"TB":0},{"Id":80,"V":9,"NV":1,"TB":0}],[{"Id":82,"V":18,"NV":3,"TB":0}]],"Expires":1571009757,"SecondsLeft":0}