{"Mtype":"results","Title":"Second Test","PollStarted":"2019-05-05T19:50:41.0608522Z","PollDuration":60000000000,"Options":{"65":"Tiger","66":"Wolf","67":"Cat","68":"Fox","69":"Dog","70":"Human","71":"Snow Leopard","72":"West Basitin","73":"East Basitin"},"ExpectedBallots":13,"CountedBallots":13,"Ballots":["BE","F","EBGFDC","GIHDABC","A","ABFGH","GADIH","BDHFACGEI","HBI","GHD","ACD","GFA","AGHIBDCEF"],"Placements":[[{"Id":65,"V":4,"NV":4,"TB":0},{"Id":71,"V":4,"NV":4,"TB":0},{"Id":66,"V":2,"NV":2,"TB":0},{"Id":69,"V":1,"NV":1,"TB":0},{"Id":70,"V":1,"NV":1,"TB":0},{"Id":72,"V":1,"NV":1,"TB":0},{"Id":68,"V":0,"NV":0,"TB":0},{"Id":73,"V":0,"NV":0,"TB":0},{"Id":67,"V":0,"NV":0,"TB":3}],[{"Id":65,"V":4,"NV":0,"TB":0},{"Id":71,"V":4,"NV":0,"TB":0},{"Id":66,"V":2,"NV":0,"TB":0},{"Id":69,"V":1,"NV":0,"TB":0},{"Id":70,"V":1,"NV":0,"TB":0},{"Id":72,"V":1,"NV":0,"TB":0},{"Id":68,"V":0,"NV":0,"TB":0},{"Id":73,"V":0,"NV":0,"TB":1}],[{"Id":65,"V":4,"NV":0,"TB":0},{"Id":71,"V":4,"NV":0,"TB":0},{"Id":66,"V":2,"NV":0,"TB":0},{"Id":69,"V":1,"NV":0,"TB":0},{"Id":70,"V":1,"NV":0,"TB":0},{"Id":72,"V":1,"NV":0,"TB":0},{"Id":68,"V":0,"NV":0,"TB":0}],[{"Id":65,"V":4,"NV":0,"TB":0},{"Id":71,"V":4,"NV":0,"TB":0},{"Id":66,"V":2,"NV":0,"TB":0},{"Id":69,"V":1,"NV":0,"TB":0},{"Id":72,"V":1,"NV":0,"TB":0},{"Id":70,"V":1,"NV":0,"TB":2}],[{"Id":65,"V":4,"NV":0,"TB":0},{"Id":71,"V":4,"NV":0,"TB":0},{"Id":66,"V":2,"NV":0,"TB":0},{"Id":69,"V":1,"NV":0,"TB":0},{"Id":72,"V":1,"NV":0,"TB":1}],[{"Id":65,"V":4,"NV":0,"TB":0},{"Id":71,"V":4,"NV":0,"TB":0},{"Id":66,"V":3,"NV":1,"TB":0},{"Id":69,"V":1,"NV":0,"TB":0}],[{"Id":66,"V":4,"NV":1,"TB":0},{"Id":71,"V":4,"NV":0,"TB":0},{"Id":65,"V":4,"NV":0,"TB":3}],[{"Id":66,"V":5,"NV":1,"TB":0},{"Id":71,"V":5,"NV":1,"TB":1}],[{"Id":66,"V":7,"NV":2,"TB":0}]],"Expires":1557085960,"SecondsLeft":0}