{"Mtype":"results","Title":"Round ","PollStarted":"2019-06-30T20:06:37.531555765Z","PollDuration":600000000000,"Options":{"65":"In the alt universe where Natani and Zen live on the Basitin islands, young Natani and Keith meet for the first time. Keith offers Natani a flower who bashfully accepts.","66":"Drunk Zen and Kat sing who let the dogs out. Natani is not amused but Keith is","67":"Eris is traveling to catch several critters to fulfill their frankenstein project.","68":"Cat Nora posing with an american SBD-Dauntless Divebomber","69":"Tiger trace and flora being teased by Nora","70":"Keith and Natani embarrassed by Trace and Flora's overly affectionate behavior during a double date. ","71":"Raine WWII Navy Pinup","72":"Older Frisk and Asriel (from Undertale) with Asriel suddenly turned into a lady and Frisk getting all *Flirty","73":"Maren chasing Sythe with the pet-brush. Maren is tired of finding fur everywhere, but Sythe doesnt want to change is scruffy look.","74":"Overseer Nora thinks that Mike and Evals are in need of some changes as well, Transforming both of them into girls","75":"The main gang of Team A or B as a punk rock band with maybe one out of place member","76":"Natani teaching Kat to swim in the oasis room","77":"Sequel to Subtleseed: Natani proposes to Keith, in the traditional basitin way","78":"Feline Nora Transformed Trace into a Tigress and hugs her from behind.","79":"Team A as Kingdom Hearts and Team B as Final Fantasy.","80":"Flora's Dating Service: After Natani's blunt one doesn't go well for Kat, Flora takes it upon herself to one-up Natani and introduce Kat to Raine.","81":"TK characters as Fellowship of the Ring.","82":"Kat is having the perfect dream of having Eric be hers. Before they can kiss, she is woken up by Keith. She throws pillows at Keith in anger.","83":"Keith and Natani having a \"traditional\" Basitin marriage with both dressed as grooms","84":"Trace teaches Roselyn magic while Saria watches with a smile.","85":"Laura, now in HD!  A close up of Laura, but with as much detail added as possible.","86":"Mike asks Cat Nora on a date and Nora rewards his boldness with a relevant fantasy.","87":"Sythe reference sheet"},"ExpectedBallots":40,"CountedBallots":40,"Ballots":["IATRWVJG","MSLFAEVNK","VJWBNIDLTOQAPRUKFEGSCMH","NEVGQCRBKIDFMSJWUHLTAOP","TFWCUARI","JVLIBAWGRFNMEUT","RVEBNQCU","BFERV","TAFLGICPWRMVJQBKEHS","VTJIWSRPLAMONEGKBCFUQHD","BF","IOQALVJW","WIVR","ILATRMWVUBJP","NEV","DGTQVIRFMCBK","PRLVBENGDJTIUWQFKAHOCMS","MRSFALKU","VNIJTCBWPSEQKHLAGRFUDMO","ETR","WITFUSQHK","GMTOED","PLERITVFJBMW","VWBMQ","VMIFJTBWLNRUCEGSAPDQ","E","CVSWIUANETLKMJPHBGFRQDO","WLITR","LPFTR","PGLI","EIFVJRN","EVNITDULFJGPRB","NILREB","RJPM","UITW","TQFA","LR","WIS","LPJIATERWVN","VJSPMLEIFNTURKWGDAOQBHC"],"Placements":[[{"Id":86,"V":6,"NV":6,"TB":0},{"Id":69,"V":4,"NV":4,"TB":0},{"Id":87,"V":4,"NV":4,"TB":0},{"Id":73,"V":3,"NV":3,"TB":0},{"Id":76,"V":3,"NV":3,"TB":0},{"Id":78,"V":3,"NV":3,"TB":0},{"Id":80,"V":3,"NV":3,"TB":0},{"Id":84,"V":3,"NV":3,"TB":0},{"Id":66,"V":2,"NV":2,"TB":0},{"Id":77,"V":2,"NV":2,"TB":0},{"Id":82,"V":2,"NV":2,"TB":0},{"Id":67,"V":1,"NV":1,"TB":0},{"Id":68,"V":1,"NV":1,"TB":0},{"Id":71,"V":1,"NV":1,"TB":0},{"Id":74,"V":1,"NV":1,"TB":0},{"Id":85,"V":1,"NV":1,"TB":0},{"Id":70,"V":0,"NV":0,"TB":0},{"Id":72,"V":0,"NV":0,"TB":0},{"Id":75,"V":0,"NV":0,"TB":0},{"Id":79,"V":0,"NV":0,"TB":0},{"Id":81,"V":0,"NV":0,"TB":0},{"Id":83,"V":0,"NV":0,"TB":0},{"Id":65,"V":0,"NV":0,"TB":7}],[{"Id":86,"V":6,"NV":0,"TB":0},{"Id":69,"V":4,"NV":0,"TB":0},{"Id":87,"V":4,"NV":0,"TB":0},{"Id":73,"V":3,"NV":0,"TB":0},{"Id":76,"V":3,"NV":0,"TB":0},{"Id":78,"V":3,"NV":0,"TB":0},{"Id":80,"V":3,"NV":0,"TB":0},{"Id":84,"V":3,"NV":0,"TB":0},{"Id":66,"V":2,"NV":0,"TB":0},{"Id":77,"V":2,"NV":0,"TB":0},{"Id":82,"V":2,"NV":0,"TB":0},{"Id":67,"V":1,"NV":0,"TB":0},{"Id":68,"V":1,"NV":0,"TB":0},{"Id":71,"V":1,"NV":0,"TB":0},{"Id":74,"V":1,"NV":0,"TB":0},{"Id":85,"V":1,"NV":0,"TB":0},{"Id":70,"V":0,"NV":0,"TB":0},{"Id":75,"V":0,"NV":0,"TB":0},{"Id":79,"V":0,"NV":0,"TB":0},{"Id":81,"V":0,"NV":0,"TB":0},{"Id":83,"V":0,"NV":0,"TB":0},{"Id":72,"V":0,"NV":0,"TB":5}],[{"Id":86,"V":6,"NV":0,"TB":0},{"Id":69,"V":4,"NV":0,"TB":0},{"Id":87,"V":4,"NV":0,"TB":0},{"Id":73,"V":3,"NV":0,"TB":0},{"Id":76,"V":3,"NV":0,"TB":0},{"Id":78,"V":3,"NV":0,"TB":0},{"Id":80,"V":3,"NV":0,"TB":0},{"Id":84,"V":3,"NV":0,"TB":0},{"Id":66,"V":2,"NV":0,"TB":0},{"Id":77,"V":2,"NV":0,"TB":0},{"Id":82,"V":2,"NV":0,"TB":0},{"Id":67,"V":1,"NV":0,"TB":0},{"Id":68,"V":1,"NV":0,"TB":0},{"Id":71,"V":1,"NV":0,"TB":0},{"Id":74,"V":1,"NV":0,"TB":0},{"Id":85,"V":1,"NV":0,"TB":0},{"Id":70,"V":0,"NV":0,"TB":0},{"Id":75,"V":0,"NV":0,"TB":0},{"Id":79,"V":0,"NV":0,"TB":0},{"Id":81,"V":0,"NV":0,"TB":0},{"Id":83,"V":0,"NV":0,"TB":1}],[{"Id":86,"V":6,"NV":0,"TB":0},{"Id":69,"V":4,"NV":0,"TB":0},{"Id":87,"V":4,"NV":0,"TB":0},{"Id":73,"V":3,"NV":0,"TB":0},{"Id":76,"V":3,"NV":0,"TB":0},{"Id":78,"V":3,"NV":0,"TB":0},{"Id":80,"V":3,"NV":0,"TB":0},{"Id":84,"V":3,"NV":0,"TB":0},{"Id":66,"V":2,"NV":0,"TB":0},{"Id":77,"V":2,"NV":0,"TB":0},{"Id":82,"V":2,"NV":0,"TB":0},{"Id":67,"V":1,"NV":0,"TB":0},{"Id":68,"V":1,"NV":0,"TB":0},{"Id":71,"V":1,"NV":0,"TB":0},{"Id":74,"V":1,"NV":0,"TB":0},{"Id":85,"V":1,"NV":0,"TB":0},{"Id":75,"V":0,"NV":0,"TB":0},{"Id":79,"V":0,"NV":0,"TB":0},{"Id":81,"V":0,"NV":0,"TB":0},{"Id":70,"V":0,"NV":0,"TB":4}],[{"Id":86,"V":6,"NV":0,"TB":0},{"Id":69,"V":4,"NV":0,"TB":0},{"Id":87,"V":4,"NV":0,"TB":0},{"Id":73,"V":3,"NV":0,"TB":0},{"Id":76,"V":3,"NV":0,"TB":0},{"Id":78,"V":3,"NV":0,"TB":0},{"Id":80,"V":3,"NV":0,"TB":0},{"Id":84,"V":3,"NV":0,"TB":0},{"Id":66,"V":2,"NV":0,"TB":0},{"Id":77,"V":2,"NV":0,"TB":0},{"Id":82,"V":2,"NV":0,"TB":0},{"Id":67,"V":1,"NV":0,"TB":0},{"Id":68,"V":1,"NV":0,"TB":0},{"Id":71,"V":1,"NV":0,"TB":0},{"Id":74,"V":1,"NV":0,"TB":0},{"Id":85,"V":1,"NV":0,"TB":0},{"Id":75,"V":0,"NV":0,"TB":0},{"Id":81,"V":0,"NV":0,"TB":0},{"Id":79,"V":0,"NV":0,"TB":2}],[{"Id":86,"V":6,"NV":0,"TB":0},{"Id":69,"V":4,"NV":0,"TB":0},{"Id":87,"V":4,"NV":0,"TB":0},{"Id":73,"V":3,"NV":0,"TB":0},{"Id":76,"V":3,"NV":0,"TB":0},{"Id":78,"V":3,"NV":0,"TB":0},{"Id":80,"V":3,"NV":0,"TB":0},{"Id":84,"V":3,"NV":0,"TB":0},{"Id":66,"V":2,"NV":0,"TB":0},{"Id":77,"V":2,"NV":0,"TB":0},{"Id":82,"V":2,"NV":0,"TB":0},{"Id":67,"V":1,"NV":0,"TB":0},{"Id":68,"V":1,"NV":0,"TB":0},{"Id":71,"V":1,"NV":0,"TB":0},{"Id":74,"V":1,"NV":0,"TB":0},{"Id":85,"V":1,"NV":0,"TB":0},{"Id":81,"V":0,"NV":0,"TB":0},{"Id":75,"V":0,"NV":0,"TB":2}],[{"Id":86,"V":6,"NV":0,"TB":0},{"Id":69,"V":4,"NV":0,"TB":0},{"Id":87,"V":4,"NV":0,"TB":0},{"Id":73,"V":3,"NV":0,"TB":0},{"Id":76,"V":3,"NV":0,"TB":0},{"Id":78,"V":3,"NV":0,"TB":0},{"Id":80,"V":3,"NV":0,"TB":0},{"Id":84,"V":3,"NV":0,"TB":0},{"Id":66,"V":2,"NV":0,"TB":0},{"Id":77,"V":2,"NV":0,"TB":0},{"Id":82,"V":2,"NV":0,"TB":0},{"Id":67,"V":1,"NV":0,"TB":0},{"Id":68,"V":1,"NV":0,"TB":0},{"Id":71,"V":1,"NV":0,"TB":0},{"Id":74,"V":1,"NV":0,"TB":0},{"Id":85,"V":1,"NV":0,"TB":0},{"Id":81,"V":0,"NV":0,"TB":0}],[{"Id":86,"V":6,"NV":0,"TB":0},{"Id":69,"V":4,"NV":0,"TB":0},{"Id":87,"V":4,"NV":0,"TB":0},{"Id":73,"V":3,"NV":0,"TB":0},{"Id":76,"V":3,"NV":0,"TB":0},{"Id":78,"V":3,"NV":0,"TB":0},{"Id":80,"V":3,"NV":0,"TB":0},{"Id":84,"V":3,"NV":0,"TB":0},{"Id":66,"V":2,"NV":0,"TB":0},{"Id":77,"V":2,"NV":0,"TB":0},{"Id":82,"V":2,"NV":0,"TB":0},{"Id":67,"V":1,"NV":0,"TB":0},{"Id":68,"V":1,"NV":0,"TB":0},{"Id":71,"V":1,"NV":0,"TB":0},{"Id":85,"V":1,"NV":0,"TB":0},{"Id":74,"V":1,"NV":0,"TB":2}],[{"Id":86,"V":7,"NV":1,"TB":0},{"Id":69,"V":4,"NV":0,"TB":0},{"Id":87,"V":4,"NV":0,"TB":0},{"Id":73,"V":3,"NV":0,"TB":0},{"Id":76,"V":3,"NV":0,"TB":0},{"Id":78,"V":3,"NV":0,"TB":0},{"Id":80,"V":3,"NV":0,"TB":0},{"Id":84,"V":3,"NV":0,"TB":0},{"Id":66,"V":2,"NV":0,"TB":0},{"Id":77,"V":2,"NV":0,"TB":0},{"Id":82,"V":2,"NV":0,"TB":0},{"Id":67,"V":1,"NV":0,"TB":0},{"Id":71,"V":1,"NV":0,"TB":0},{"Id":85,"V":1,"NV":0,"TB":0},{"Id":68,"V":1,"NV":0,"TB":3}],[{"Id":86,"V":7,"NV":0,"TB":0},{"Id":69,"V":4,"NV":0,"TB":0},{"Id":87,"V":4,"NV":0,"TB":0},{"Id":73,"V":3,"NV":0,"TB":0},{"Id":76,"V":3,"NV":0,"TB":0},{"Id":78,"V":3,"NV":0,"TB":0},{"Id":80,"V":3,"NV":0,"TB":0},{"Id":84,"V":3,"NV":0,"TB":0},{"Id":66,"V":2,"NV":0,"TB":0},{"Id":71,"V":2,"NV":1,"TB":0},{"Id":77,"V":2,"NV":0,"TB":0},{"Id":82,"V":2,"NV":0,"TB":0},{"Id":67,"V":1,"NV":0,"TB":0},{"Id":85,"V":1,"NV":0,"TB":1}],[{"Id":86,"V":7,"NV":0,"TB":0},{"Id":69,"V":4,"NV":0,"TB":0},{"Id":73,"V":4,"NV":1,"TB":0},{"Id":87,"V":4,"NV":0,"TB":0},{"Id":76,"V":3,"NV":0,"TB":0},{"Id":78,"V":3,"NV":0,"TB":0},{"Id":80,"V":3,"NV":0,"TB":0},{"Id":84,"V":3,"NV":0,"TB":0},{"Id":66,"V":2,"NV":0,"TB":0},{"Id":71,"V":2,"NV":0,"TB":0},{"Id":77,"V":2,"NV":0,"TB":0},{"Id":82,"V":2,"NV":0,"TB":0},{"Id":67,"V":1,"NV":0,"TB":0}],[{"Id":86,"V":8,"NV":1,"TB":0},{"Id":69,"V":4,"NV":0,"TB":0},{"Id":73,"V":4,"NV":0,"TB":0},{"Id":87,"V":4,"NV":0,"TB":0},{"Id":76,"V":3,"NV":0,"TB":0},{"Id":78,"V":3,"NV":0,"TB":0},{"Id":80,"V":3,"NV":0,"TB":0},{"Id":84,"V":3,"NV":0,"TB":0},{"Id":66,"V":2,"NV":0,"TB":0},{"Id":77,"V":2,"NV":0,"TB":0},{"Id":82,"V":2,"NV":0,"TB":0},{"Id":71,"V":2,"NV":0,"TB":3}],[{"Id":86,"V":8,"NV":0,"TB":0},{"Id":69,"V":4,"NV":0,"TB":0},{"Id":73,"V":4,"NV":0,"TB":0},{"Id":84,"V":4,"NV":1,"TB":0},{"Id":87,"V":4,"NV":0,"TB":0},{"Id":76,"V":3,"NV":0,"TB":0},{"Id":77,"V":3,"NV":1,"TB":0},{"Id":78,"V":3,"NV":0,"TB":0},{"Id":80,"V":3,"NV":0,"TB":0},{"Id":82,"V":2,"NV":0,"TB":0},{"Id":66,"V":2,"NV":0,"TB":2}],[{"Id":86,"V":8,"NV":0,"TB":0},{"Id":69,"V":5,"NV":1,"TB":0},{"Id":73,"V":4,"NV":0,"TB":0},{"Id":84,"V":4,"NV":0,"TB":0},{"Id":87,"V":4,"NV":0,"TB":0},{"Id":76,"V":3,"NV":0,"TB":0},{"Id":77,"V":3,"NV":0,"TB":0},{"Id":78,"V":3,"NV":0,"TB":0},{"Id":80,"V":3,"NV":0,"TB":0},{"Id":82,"V":2,"NV":0,"TB":0}],[{"Id":86,"V":9,"NV":1,"TB":0},{"Id":69,"V":5,"NV":0,"TB":0},{"Id":73,"V":4,"NV":0,"TB":0},{"Id":80,"V":4,"NV":1,"TB":0},{"Id":84,"V":4,"NV":0,"TB":0},{"Id":87,"V":4,"NV":0,"TB":0},{"Id":76,"V":3,"NV":0,"TB":0},{"Id":77,"V":3,"NV":0,"TB":0},{"Id":78,"V":3,"NV":0,"TB":1}],[{"Id":86,"V":9,"NV":0,"TB":0},{"Id":69,"V":7,"NV":2,"TB":0},{"Id":73,"V":5,"NV":1,"TB":0},{"Id":80,"V":4,"NV":0,"TB":0},{"Id":84,"V":4,"NV":0,"TB":0},{"Id":87,"V":4,"NV":0,"TB":0},{"Id":77,"V":3,"NV":0,"TB":0},{"Id":76,"V":3,"NV":0,"TB":2}],[{"Id":86,"V":9,"NV":0,"TB":0},{"Id":69,"V":7,"NV":0,"TB":0},{"Id":80,"V":6,"NV":2,"TB":0},{"Id":73,"V":5,"NV":0,"TB":0},{"Id":84,"V":4,"NV":0,"TB":0},{"Id":87,"V":4,"NV":0,"TB":0},{"Id":77,"V":3,"NV":0,"TB":0}],[{"Id":86,"V":9,"NV":0,"TB":0},{"Id":69,"V":8,"NV":1,"TB":0},{"Id":80,"V":6,"NV":0,"TB":0},{"Id":73,"V":5,"NV":0,"TB":0},{"Id":84,"V":5,"NV":1,"TB":0},{"Id":87,"V":4,"NV":0,"TB":0}],[{"Id":73,"V":9,"NV":4,"TB":0},{"Id":86,"V":9,"NV":0,"TB":0},{"Id":69,"V":8,"NV":0,"TB":0},{"Id":80,"V":6,"NV":0,"TB":0},{"Id":84,"V":5,"NV":0,"TB":0}],[{"Id":73,"V":11,"NV":2,"TB":0},{"Id":86,"V":10,"NV":1,"TB":0},{"Id":69,"V":9,"NV":1,"TB":0},{"Id":80,"V":6,"NV":0,"TB":0}],[{"Id":73,"V":13,"NV":2,"TB":0},{"Id":86,"V":11,"NV":1,"TB":0},{"Id":69,"V":10,"NV":1,"TB":0}],[{"Id":86,"V":16,"NV":5,"TB":0},{"Id":73,"V":15,"NV":2,"TB":0}],[{"Id":86,"V":24,"NV":8,"TB":0}]],"Expires":1561926396,"SecondsLeft":0}