{"Mtype":"results","Title":"Round 5","PollStarted":"2019-05-06T00:16:47.534407552Z","PollDuration":600000000000,"Options":{"65":"Redraw of Tail Malfunction, but with fem Clovis","66":"Kat discovers Zen is very ticklish and has too much fun with it. Meanwhile Keith is frightened by Natani’s sudden and uncomfortable laughter ","67":"Iris, Aerith, and Therie wear Kat’s clothing she made","68":"Ms. Nibbly pointing a gun at Clovis and his scaredy cat reaction. Her wearing a Blue Brothers outfit with a Colt M1911 pointed at him while saying \"I'm on a mission from God\".","69":"Raine and Maren on a day-trip to the statue of liberty.","70":"Natani finds out about her really feminine Doppelgänger","71":"Kathrin puts on a fashion show for more of her outfits, with female Trace, Keith, and/or Mike and Evals as the models.","72":"Body Swap - Flora, in Trace's body, decides she wants to play with her unborn baby, to the dismay of Trace in her body!","73":"Laura (as a ghost, with cute ghost tail instead of legs) is laying on top of sleeping Keith.","74":"Tiger Trace and Keith find themselves wearing the control collars. Flora sees this and decides to make them her servants, plus wear embarrassing uniforms.","75":"Nitani as a Sister of battle, and Keith as a Commissar next to her ","76":"Natani has recently started his heat, and is trying to get up close and personal with Keith.","77":"Cathleen telling Cornelius she’s pregnant ","78":"World War II pin-up Maren as sexy French marquis Resistance freedom fighter","79":"Kat as puss in boots.","80":"\"Vindictive Twin Tigers Vs Vindictive Twin Foxes\" (Panty \u0026 Stocking vs Scanty \u0026 Kneesocks)","81":"No shirt, no pants, no service. Adira throws Sythe out of the tavern for wearing only his loincloth","82":"Flora finds a harp in the estate but accidentally snaps the strings with her claws. An unhappy Roselyn shows up. ","83":"Maren and Raine eat out together and enjoy some tacos"},"ExpectedBallots":43,"CountedBallots":43,"Ballots":["QAR","JGNPAEHMFDOIBRCQLSK","AQ","GABNORLCFMSQPIE","R","JLPGHFIBQKO","SEOGRLBJAQND","I","MLQFBSHRAG","SNQMBRLGOECIPAFK","QSNJAIGLBCEMOFRPKHD","AFLGBQJHSMRPEIOCKND","SCGMKQNLRE","HRME","JGFPBCQAL","BAL","P","AOGCSP","HLABQJMS","AJGH","JQCPLRFMKO","DHRQN","JINRG","IONRJ","QCMN","O","ERQHADF","MHRBLCF","DIMJRC","MBKIHLGJANSFQDCEOPR","OSFLEMCNJRAPHDKQGI","LFBGJ","IRNEP","QOI","LAGIBSJFQDOM","SQE","HJRGBO","NLOPBK","FOCDHNIEQRSBMKJGPAL","MRGQCNO","CQLPF","CHGPANFJ","LKCDBFPHAMNOREQIGJ"],"Placements":[[{"Id":74,"V":5,"NV":5,"TB":0},{"Id":65,"V":4,"NV":4,"TB":0},{"Id":77,"V":4,"NV":4,"TB":0},{"Id":81,"V":4,"NV":4,"TB":0},{"Id":83,"V":4,"NV":4,"TB":0},{"Id":72,"V":3,"NV":3,"TB":0},{"Id":73,"V":3,"NV":3,"TB":0},{"Id":76,"V":3,"NV":3,"TB":0},{"Id":67,"V":2,"NV":2,"TB":0},{"Id":68,"V":2,"NV":2,"TB":0},{"Id":79,"V":2,"NV":2,"TB":0},{"Id":66,"V":1,"NV":1,"TB":0},{"Id":69,"V":1,"NV":1,"TB":0},{"Id":70,"V":1,"NV":1,"TB":0},{"Id":71,"V":1,"NV":1,"TB":0},{"Id":78,"V":1,"NV":1,"TB":0},{"Id":80,"V":1,"NV":1,"TB":0},{"Id":82,"V":1,"NV":1,"TB":0},{"Id":75,"V":0,"NV":0,"TB":0}],[{"Id":74,"V":5,"NV":0,"TB":0},{"Id":65,"V":4,"NV":0,"TB":0},{"Id":77,"V":4,"NV":0,"TB":0},{"Id":81,"V":4,"NV":0,"TB":0},{"Id":83,"V":4,"NV":0,"TB":0},{"Id":72,"V":3,"NV":0,"TB":0},{"Id":73,"V":3,"NV":0,"TB":0},{"Id":76,"V":3,"NV":0,"TB":0},{"Id":67,"V":2,"NV":0,"TB":0},{"Id":68,"V":2,"NV":0,"TB":0},{"Id":79,"V":2,"NV":0,"TB":0},{"Id":66,"V":1,"NV":0,"TB":0},{"Id":69,"V":1,"NV":0,"TB":0},{"Id":70,"V":1,"NV":0,"TB":0},{"Id":78,"V":1,"NV":0,"TB":0},{"Id":80,"V":1,"NV":0,"TB":0},{"Id":82,"V":1,"NV":0,"TB":0},{"Id":71,"V":1,"NV":0,"TB":4}],[{"Id":65,"V":5,"NV":1,"TB":0},{"Id":74,"V":5,"NV":0,"TB":0},{"Id":77,"V":4,"NV":0,"TB":0},{"Id":81,"V":4,"NV":0,"TB":0},{"Id":83,"V":4,"NV":0,"TB":0},{"Id":72,"V":3,"NV":0,"TB":0},{"Id":73,"V":3,"NV":0,"TB":0},{"Id":76,"V":3,"NV":0,"TB":0},{"Id":67,"V":2,"NV":0,"TB":0},{"Id":68,"V":2,"NV":0,"TB":0},{"Id":79,"V":2,"NV":0,"TB":0},{"Id":66,"V":1,"NV":0,"TB":0},{"Id":69,"V":1,"NV":0,"TB":0},{"Id":70,"V":1,"NV":0,"TB":0},{"Id":80,"V":1,"NV":0,"TB":0},{"Id":82,"V":1,"NV":0,"TB":0},{"Id":78,"V":1,"NV":0,"TB":3}],[{"Id":65,"V":5,"NV":0,"TB":0},{"Id":74,"V":5,"NV":0,"TB":0},{"Id":76,"V":4,"NV":1,"TB":0},{"Id":77,"V":4,"NV":0,"TB":0},{"Id":81,"V":4,"NV":0,"TB":0},{"Id":83,"V":4,"NV":0,"TB":0},{"Id":72,"V":3,"NV":0,"TB":0},{"Id":73,"V":3,"NV":0,"TB":0},{"Id":67,"V":2,"NV":0,"TB":0},{"Id":68,"V":2,"NV":0,"TB":0},{"Id":79,"V":2,"NV":0,"TB":0},{"Id":66,"V":1,"NV":0,"TB":0},{"Id":69,"V":1,"NV":0,"TB":0},{"Id":80,"V":1,"NV":0,"TB":0},{"Id":82,"V":1,"NV":0,"TB":0},{"Id":70,"V":1,"NV":0,"TB":3}],[{"Id":65,"V":5,"NV":0,"TB":0},{"Id":74,"V":5,"NV":0,"TB":0},{"Id":76,"V":4,"NV":0,"TB":0},{"Id":77,"V":4,"NV":0,"TB":0},{"Id":81,"V":4,"NV":0,"TB":0},{"Id":83,"V":4,"NV":0,"TB":0},{"Id":72,"V":3,"NV":0,"TB":0},{"Id":73,"V":3,"NV":0,"TB":0},{"Id":79,"V":3,"NV":1,"TB":0},{"Id":67,"V":2,"NV":0,"TB":0},{"Id":68,"V":2,"NV":0,"TB":0},{"Id":69,"V":1,"NV":0,"TB":0},{"Id":80,"V":1,"NV":0,"TB":0},{"Id":82,"V":1,"NV":0,"TB":0},{"Id":66,"V":1,"NV":0,"TB":4}],[{"Id":65,"V":6,"NV":1,"TB":0},{"Id":74,"V":5,"NV":0,"TB":0},{"Id":76,"V":4,"NV":0,"TB":0},{"Id":77,"V":4,"NV":0,"TB":0},{"Id":81,"V":4,"NV":0,"TB":0},{"Id":83,"V":4,"NV":0,"TB":0},{"Id":72,"V":3,"NV":0,"TB":0},{"Id":73,"V":3,"NV":0,"TB":0},{"Id":79,"V":3,"NV":0,"TB":0},{"Id":67,"V":2,"NV":0,"TB":0},{"Id":68,"V":2,"NV":0,"TB":0},{"Id":69,"V":1,"NV":0,"TB":0},{"Id":82,"V":1,"NV":0,"TB":0},{"Id":80,"V":1,"NV":0,"TB":2}],[{"Id":65,"V":6,"NV":0,"TB":0},{"Id":74,"V":5,"NV":0,"TB":0},{"Id":76,"V":4,"NV":0,"TB":0},{"Id":77,"V":4,"NV":0,"TB":0},{"Id":81,"V":4,"NV":0,"TB":0},{"Id":83,"V":4,"NV":0,"TB":0},{"Id":72,"V":3,"NV":0,"TB":0},{"Id":73,"V":3,"NV":0,"TB":0},{"Id":79,"V":3,"NV":0,"TB":0},{"Id":67,"V":2,"NV":0,"TB":0},{"Id":68,"V":2,"NV":0,"TB":0},{"Id":82,"V":1,"NV":0,"TB":0},{"Id":69,"V":1,"NV":0,"TB":2}],[{"Id":65,"V":6,"NV":0,"TB":0},{"Id":74,"V":5,"NV":0,"TB":0},{"Id":76,"V":4,"NV":0,"TB":0},{"Id":77,"V":4,"NV":0,"TB":0},{"Id":81,"V":4,"NV":0,"TB":0},{"Id":83,"V":4,"NV":0,"TB":0},{"Id":72,"V":3,"NV":0,"TB":0},{"Id":73,"V":3,"NV":0,"TB":0},{"Id":79,"V":3,"NV":0,"TB":0},{"Id":67,"V":2,"NV":0,"TB":0},{"Id":68,"V":2,"NV":0,"TB":0},{"Id":82,"V":2,"NV":1,"TB":1}],[{"Id":65,"V":6,"NV":0,"TB":0},{"Id":74,"V":5,"NV":0,"TB":0},{"Id":81,"V":5,"NV":1,"TB":0},{"Id":76,"V":4,"NV":0,"TB":0},{"Id":77,"V":4,"NV":0,"TB":0},{"Id":83,"V":4,"NV":0,"TB":0},{"Id":72,"V":3,"NV":0,"TB":0},{"Id":73,"V":3,"NV":0,"TB":0},{"Id":79,"V":3,"NV":0,"TB":0},{"Id":68,"V":2,"NV":0,"TB":0},{"Id":67,"V":2,"NV":0,"TB":2}],[{"Id":65,"V":6,"NV":0,"TB":0},{"Id":81,"V":6,"NV":1,"TB":0},{"Id":74,"V":5,"NV":0,"TB":0},{"Id":72,"V":4,"NV":1,"TB":0},{"Id":76,"V":4,"NV":0,"TB":0},{"Id":77,"V":4,"NV":0,"TB":0},{"Id":83,"V":4,"NV":0,"TB":0},{"Id":73,"V":3,"NV":0,"TB":0},{"Id":79,"V":3,"NV":0,"TB":0},{"Id":68,"V":2,"NV":0,"TB":0}],[{"Id":65,"V":6,"NV":0,"TB":0},{"Id":81,"V":6,"NV":0,"TB":0},{"Id":72,"V":5,"NV":1,"TB":0},{"Id":74,"V":5,"NV":0,"TB":0},{"Id":73,"V":4,"NV":1,"TB":0},{"Id":76,"V":4,"NV":0,"TB":0},{"Id":77,"V":4,"NV":0,"TB":0},{"Id":83,"V":4,"NV":0,"TB":0},{"Id":79,"V":3,"NV":0,"TB":0}],[{"Id":65,"V":6,"NV":0,"TB":0},{"Id":72,"V":6,"NV":1,"TB":0},{"Id":81,"V":6,"NV":0,"TB":0},{"Id":74,"V":5,"NV":0,"TB":0},{"Id":83,"V":5,"NV":1,"TB":0},{"Id":73,"V":4,"NV":0,"TB":0},{"Id":77,"V":4,"NV":0,"TB":0},{"Id":76,"V":4,"NV":0,"TB":2}],[{"Id":65,"V":7,"NV":1,"TB":0},{"Id":72,"V":7,"NV":1,"TB":0},{"Id":74,"V":6,"NV":1,"TB":0},{"Id":81,"V":6,"NV":0,"TB":0},{"Id":83,"V":5,"NV":0,"TB":0},{"Id":73,"V":4,"NV":0,"TB":0},{"Id":77,"V":4,"NV":0,"TB":1}],[{"Id":72,"V":8,"NV":1,"TB":0},{"Id":81,"V":8,"NV":2,"TB":0},{"Id":65,"V":7,"NV":0,"TB":0},{"Id":74,"V":6,"NV":0,"TB":0},{"Id":73,"V":5,"NV":1,"TB":0},{"Id":83,"V":5,"NV":0,"TB":1}],[{"Id":81,"V":11,"NV":3,"TB":0},{"Id":72,"V":8,"NV":0,"TB":0},{"Id":74,"V":8,"NV":2,"TB":0},{"Id":65,"V":7,"NV":0,"TB":0},{"Id":73,"V":5,"NV":0,"TB":0}],[{"Id":81,"V":11,"NV":0,"TB":0},{"Id":74,"V":10,"NV":2,"TB":0},{"Id":72,"V":9,"NV":1,"TB":0},{"Id":65,"V":7,"NV":0,"TB":0}],[{"Id":81,"V":14,"NV":3,"TB":0},{"Id":74,"V":12,"NV":2,"TB":0},{"Id":72,"V":9,"NV":0,"TB":0}],[{"Id":81,"V":18,"NV":4,"TB":0},{"Id":74,"V":15,"NV":3,"TB":0}],[{"Id":81,"V":26,"NV":8,"TB":0}]],"Expires":1557103008,"SecondsLeft":0}