{"Mtype":"results","Title":"Round 3","PollStarted":"2019-05-05T21:42:58.437551425Z","PollDuration":600000000000,"Options":{"65":"Keith Reference Sheet","66":"Flora walks across a big wool rug in the manor and helps Trace experience the power of a love tap","67":"Eris is just about to create Frankenstein's monster as evil trace comes over and is stared at by the monster awakened to life","68":"Trace and flora and Nibbly are teleported into a steampunk universe with their clothing change. Trace is mechanic and flora is an adventurer and nibs turned into clockwork.","69":"Human' Nora attempts to seduce Flora to make Trace jealous.","70":"Young Rose as Angel from Borderlands 2","71":"Raine and Zen's snapshot at the top of a rollercoaster. One is freaking out trying to hold on to the other, while the other chuckles and tries to  comfort them.","72":"Raine WWII Navy Pinup","73":"Adelaide Reference Sheet","74":"Retsuko teaches Flora to sing death metal","75":"Nora teaching Reni on how to win over a human heart and Red blurts out how Nora never won over Trace, embarrassing Nora.","76":"How would the fight between Trace and Mary have gone if she had somehow reflected his spell back at him","77":"Eric's “New” Twokind's Vol2: Alaric's return sparks the fires of Basitin Passion in an old friend?! Co-written by Kathrin Vaughn (gender-bent Keith is the old friend)","78":"Trace, Flora, Keith and Natani playing Dungeons and Dragons with Kathrin as the Dungeon Master. (Bonus points if they are all in costume to represent their class. XP) ","79":"Kat \u0026 Raine excitedly dictating scenes from their \"friend-fictions\" for a confused Eric to paint.","80":"Trace and Red heading a Templar procession, carrying the banner of their local chapter.","81":"Clovis gets hold of transformation amulets without labels, but they are all the opposite of what he wanted. ","82":"Adrakist Nibbly learning how to fly from Reni"},"ExpectedBallots":50,"CountedBallots":50,"Ballots":["AF","G","LRQEBMOPAIDJHNKFCG","QOM","KIGCNDJQEARFPLMOBH","G","KBHIAONGQDPE","QRMKEJ","H","HOFQLBEMDNJ","PKMNEOBLHA","AGOQHPRIKDBFENLJMC","IELAMOK","GLFBQR","EQR","FAIKQLNGMDERO","BI","QHBFEN","FAMOJDH","QMOE","LGBIAQ","HKCNGABLQPIRDOMJEF","PLCD","NFI","OMI","IAEOJR","GHPNDL","LQPIKEOA","NBJ","IA","PRGC","OQGLNBHEMIAKPRDJCF","PDFL","AIHQBDNELFCORMGPKJ","CAIHPONKRGBFEDLJQM","EO","QDGOBI","IOEH","EBKN","BAEFIJG","KEHRIAFBGLND","AILOBM","HOL","QDOEIANGR","LIEJFH","AIR","QGBKJORIAENMPLHFDC","IRAOFEPBLHMQKNGD","BAIONQPDMKJRGL","KIAB"],"Placements":[[{"Id":81,"V":7,"NV":7,"TB":0},{"Id":65,"V":5,"NV":5,"TB":0},{"Id":73,"V":5,"NV":5,"TB":0},{"Id":71,"V":4,"NV":4,"TB":0},{"Id":72,"V":4,"NV":4,"TB":0},{"Id":75,"V":4,"NV":4,"TB":0},{"Id":76,"V":4,"NV":4,"TB":0},{"Id":80,"V":4,"NV":4,"TB":0},{"Id":66,"V":3,"NV":3,"TB":0},{"Id":69,"V":3,"NV":3,"TB":0},{"Id":70,"V":2,"NV":2,"TB":0},{"Id":78,"V":2,"NV":2,"TB":0},{"Id":79,"V":2,"NV":2,"TB":0},{"Id":67,"V":1,"NV":1,"TB":0},{"Id":68,"V":0,"NV":0,"TB":0},{"Id":74,"V":0,"NV":0,"TB":0},{"Id":82,"V":0,"NV":0,"TB":0},{"Id":77,"V":0,"NV":0,"TB":2}],[{"Id":81,"V":7,"NV":0,"TB":0},{"Id":65,"V":5,"NV":0,"TB":0},{"Id":73,"V":5,"NV":0,"TB":0},{"Id":71,"V":4,"NV":0,"TB":0},{"Id":72,"V":4,"NV":0,"TB":0},{"Id":75,"V":4,"NV":0,"TB":0},{"Id":76,"V":4,"NV":0,"TB":0},{"Id":80,"V":4,"NV":0,"TB":0},{"Id":66,"V":3,"NV":0,"TB":0},{"Id":69,"V":3,"NV":0,"TB":0},{"Id":70,"V":2,"NV":0,"TB":0},{"Id":78,"V":2,"NV":0,"TB":0},{"Id":79,"V":2,"NV":0,"TB":0},{"Id":67,"V":1,"NV":0,"TB":0},{"Id":68,"V":0,"NV":0,"TB":0},{"Id":74,"V":0,"NV":0,"TB":0},{"Id":82,"V":0,"NV":0,"TB":1}],[{"Id":81,"V":7,"NV":0,"TB":0},{"Id":65,"V":5,"NV":0,"TB":0},{"Id":73,"V":5,"NV":0,"TB":0},{"Id":71,"V":4,"NV":0,"TB":0},{"Id":72,"V":4,"NV":0,"TB":0},{"Id":75,"V":4,"NV":0,"TB":0},{"Id":76,"V":4,"NV":0,"TB":0},{"Id":80,"V":4,"NV":0,"TB":0},{"Id":66,"V":3,"NV":0,"TB":0},{"Id":69,"V":3,"NV":0,"TB":0},{"Id":70,"V":2,"NV":0,"TB":0},{"Id":78,"V":2,"NV":0,"TB":0},{"Id":79,"V":2,"NV":0,"TB":0},{"Id":67,"V":1,"NV":0,"TB":0},{"Id":74,"V":0,"NV":0,"TB":0},{"Id":68,"V":0,"NV":0,"TB":2}],[{"Id":81,"V":7,"NV":0,"TB":0},{"Id":65,"V":5,"NV":0,"TB":0},{"Id":73,"V":5,"NV":0,"TB":0},{"Id":71,"V":4,"NV":0,"TB":0},{"Id":72,"V":4,"NV":0,"TB":0},{"Id":75,"V":4,"NV":0,"TB":0},{"Id":76,"V":4,"NV":0,"TB":0},{"Id":80,"V":4,"NV":0,"TB":0},{"Id":66,"V":3,"NV":0,"TB":0},{"Id":69,"V":3,"NV":0,"TB":0},{"Id":70,"V":2,"NV":0,"TB":0},{"Id":78,"V":2,"NV":0,"TB":0},{"Id":79,"V":2,"NV":0,"TB":0},{"Id":67,"V":1,"NV":0,"TB":0},{"Id":74,"V":0,"NV":0,"TB":0}],[{"Id":81,"V":7,"NV":0,"TB":0},{"Id":65,"V":5,"NV":0,"TB":0},{"Id":73,"V":5,"NV":0,"TB":0},{"Id":71,"V":4,"NV":0,"TB":0},{"Id":72,"V":4,"NV":0,"TB":0},{"Id":75,"V":4,"NV":0,"TB":0},{"Id":76,"V":4,"NV":0,"TB":0},{"Id":80,"V":4,"NV":0,"TB":0},{"Id":66,"V":3,"NV":0,"TB":0},{"Id":69,"V":3,"NV":0,"TB":0},{"Id":70,"V":2,"NV":0,"TB":0},{"Id":78,"V":2,"NV":0,"TB":0},{"Id":79,"V":2,"NV":0,"TB":0},{"Id":67,"V":1,"NV":0,"TB":0}],[{"Id":81,"V":7,"NV":0,"TB":0},{"Id":65,"V":6,"NV":1,"TB":0},{"Id":73,"V":5,"NV":0,"TB":0},{"Id":71,"V":4,"NV":0,"TB":0},{"Id":72,"V":4,"NV":0,"TB":0},{"Id":75,"V":4,"NV":0,"TB":0},{"Id":76,"V":4,"NV":0,"TB":0},{"Id":80,"V":4,"NV":0,"TB":0},{"Id":66,"V":3,"NV":0,"TB":0},{"Id":69,"V":3,"NV":0,"TB":0},{"Id":70,"V":2,"NV":0,"TB":0},{"Id":79,"V":2,"NV":0,"TB":0},{"Id":78,"V":2,"NV":0,"TB":2}],[{"Id":81,"V":7,"NV":0,"TB":0},{"Id":65,"V":6,"NV":0,"TB":0},{"Id":73,"V":5,"NV":0,"TB":0},{"Id":66,"V":4,"NV":1,"TB":0},{"Id":71,"V":4,"NV":0,"TB":0},{"Id":72,"V":4,"NV":0,"TB":0},{"Id":75,"V":4,"NV":0,"TB":0},{"Id":76,"V":4,"NV":0,"TB":0},{"Id":80,"V":4,"NV":0,"TB":0},{"Id":69,"V":3,"NV":0,"TB":0},{"Id":70,"V":3,"NV":1,"TB":0},{"Id":79,"V":2,"NV":0,"TB":0}],[{"Id":81,"V":8,"NV":1,"TB":0},{"Id":65,"V":6,"NV":0,"TB":0},{"Id":73,"V":6,"NV":1,"TB":0},{"Id":66,"V":4,"NV":0,"TB":0},{"Id":71,"V":4,"NV":0,"TB":0},{"Id":72,"V":4,"NV":0,"TB":0},{"Id":75,"V":4,"NV":0,"TB":0},{"Id":76,"V":4,"NV":0,"TB":0},{"Id":80,"V":4,"NV":0,"TB":0},{"Id":69,"V":3,"NV":0,"TB":0},{"Id":70,"V":3,"NV":0,"TB":1}],[{"Id":65,"V":8,"NV":2,"TB":0},{"Id":81,"V":8,"NV":0,"TB":0},{"Id":73,"V":7,"NV":1,"TB":0},{"Id":66,"V":4,"NV":0,"TB":0},{"Id":71,"V":4,"NV":0,"TB":0},{"Id":72,"V":4,"NV":0,"TB":0},{"Id":75,"V":4,"NV":0,"TB":0},{"Id":76,"V":4,"NV":0,"TB":0},{"Id":80,"V":4,"NV":0,"TB":0},{"Id":69,"V":3,"NV":0,"TB":0}],[{"Id":81,"V":9,"NV":1,"TB":0},{"Id":65,"V":8,"NV":0,"TB":0},{"Id":73,"V":7,"NV":0,"TB":0},{"Id":66,"V":5,"NV":1,"TB":0},{"Id":71,"V":4,"NV":0,"TB":0},{"Id":72,"V":4,"NV":0,"TB":0},{"Id":75,"V":4,"NV":0,"TB":0},{"Id":80,"V":4,"NV":0,"TB":0},{"Id":76,"V":4,"NV":0,"TB":2}],[{"Id":81,"V":11,"NV":2,"TB":0},{"Id":65,"V":8,"NV":0,"TB":0},{"Id":73,"V":8,"NV":1,"TB":0},{"Id":66,"V":5,"NV":0,"TB":0},{"Id":71,"V":5,"NV":1,"TB":0},{"Id":75,"V":4,"NV":0,"TB":0},{"Id":80,"V":4,"NV":0,"TB":0},{"Id":72,"V":4,"NV":0,"TB":3}],[{"Id":81,"V":12,"NV":1,"TB":0},{"Id":65,"V":8,"NV":0,"TB":0},{"Id":73,"V":8,"NV":0,"TB":0},{"Id":66,"V":5,"NV":0,"TB":0},{"Id":71,"V":5,"NV":0,"TB":0},{"Id":75,"V":5,"NV":1,"TB":0},{"Id":80,"V":4,"NV":0,"TB":0}],[{"Id":81,"V":12,"NV":0,"TB":0},{"Id":65,"V":8,"NV":0,"TB":0},{"Id":73,"V":8,"NV":0,"TB":0},{"Id":71,"V":6,"NV":1,"TB":0},{"Id":75,"V":6,"NV":1,"TB":0},{"Id":66,"V":5,"NV":0,"TB":0}],[{"Id":81,"V":12,"NV":0,"TB":0},{"Id":65,"V":10,"NV":2,"TB":0},{"Id":73,"V":9,"NV":1,"TB":0},{"Id":75,"V":7,"NV":1,"TB":0},{"Id":71,"V":6,"NV":0,"TB":0}],[{"Id":81,"V":13,"NV":1,"TB":0},{"Id":65,"V":10,"NV":0,"TB":0},{"Id":73,"V":10,"NV":1,"TB":0},{"Id":75,"V":7,"NV":0,"TB":0}],[{"Id":73,"V":14,"NV":4,"TB":0},{"Id":81,"V":13,"NV":0,"TB":0},{"Id":65,"V":12,"NV":2,"TB":0}],[{"Id":73,"V":21,"NV":7,"TB":0},{"Id":81,"V":15,"NV":2,"TB":0}],[{"Id":73,"V":29,"NV":8,"TB":0}]],"Expires":1557093778,"SecondsLeft":0}