{"Mtype":"results","Title":"Round 1","PollStarted":"2019-03-10T20:01:37.885930909Z","PollDuration":600000000000,"Options":{"65":"Eris is just about to create Frankenstein's monster as evil trace comes over and is stared at by the monster awakened to life","66":"Trace questions why his evil self made so many vixen collars.","67":"Raine catching Kat staring at Zen's butt.","68":"Mike is becoming jealous of all the new vixens because he was the first one","69":"Trace and Flora enact the balcony scene from Romeo and Juliet","70":"Portal Kathrin Continuation: Kat in her portal attire meeting GlaDOS-Nora. ","71":"In honor is Keith’s service, Nick’s completely decent statue of him has been erected on full display for the public.","72":"How would the fight between Trace and Mary have gone if she had somehow reflected his spell back at him?","73":"FemKeith uses her chest bandages to banish Keith to the pocket dimension.","74":"Kat cosplaying as a Sister of Battle from Warhammer ","75":"Alaric and Keith’s nude beach vacation ","76":"When Rose is contemplating whether or not she would kill Trace she fantasies using her new power to put him in a maid outfit cleaning the Manor instead.","77":"Nora is not sleeping in her cave at all, but playing video games on dragon sized console. “I should be asleep? Okay, just one more level!”","78":"Date night at a fancy restaurant for Keith in a suit and Natani in a fancy dress","79":"Trace and Flora on a motorcycle riding through the mountains of Tennessee on a clear spring day","80":"Puptani and kid Zen play hide and seek in the forest near their house \t","81":"Twokinds 40K. Adrakist from the Reni Empire fights a Nora Zealot.","82":"Natani, Maddie, Karen, and Raine as a heavy metal band doing a cover of a heavy metal song"},"ExpectedBallots":167,"CountedBallots":166,"Ballots":["MLKDI","IQPK","HM","PDMLCBFRHGEAIOJKQ","IBAMQ","DGBPMCLKNER","MBCED","RD","BAHM","QK","IMO","ECMJQ","J","HNMBGLK","DKCGIB","HLAFEMR","GB","RPMBI","KCLDBE","FRO","CFLKBO","JLH","CKPL","","KD","JRO","ECPM","C","HMIBLPDEGQOJKCRNAF","QCNJIBLEPFHDKMAROG","BQL","CK","CDPMN","PDLB","PRGEHB","LICMHNKFAGPORJQBED","","CMNRBG","FJC","HBLODAEPMFRCN","FOPIDLEGK","MHOLP","C","MBLCDNPHRIQEOGFAKJ","BLKP","BNRE","DPBINKG","DKHQGLIRFMCBJANEOP","LNCMBDPHKOFERIGJQA","HPOKGFBDCLJRQEINAM","","ICDBJOPNMAHELQGFKR","CKRPLF","RO","IMHBDLFNARQPJGEKCO","KGBRLPMIHEO","GKNPLRCQ","BEDCRGHNI","HBD","BEIFML","HPAK","HBMDRQAKLFCNOGPJEI","HDFBIQGCNR","KRFBM","LHBRIM","RQABOHM","KPGHEIROBLMADCQFJN","EBLJ","GP","F","FPK","GOMRPQJ","LDB","CRND","HLPNEFB","HQDEF","J","FRL","JFR","AMDIFNPLHOBGJCKERQ","FDG","FODLNP","B","","MHLBGOCK","FQO","LPNCRBD","RECNML","FNA","CRPQ","PG","RLJQ","IDFKBHGPRCJQOMN","FOQIR","","CFRO","NICLGMRD","FHPJGA","JEF","FCKPGO","OELQRCBDPNHIGJMFKA","C","LIB","MFDJ","FAP","CL","MFE","FIAEQH","OLAG","FEIKMJ","F","FN","CJ","FR","EHG","C","P","CJ","PECM","FKRQC","C","GJFH","DF","HPMF","AHEJ","CPOFNIBADMLHGEJKQR","CIF","FOJELH","LNPHCKRJEIAGBOFDQM","","CFBOP","C","AOG","RNFHCPIDMLOBAJKGEQ","IF","F","FRKB","CF","FNCQK","BIJFO","GFQ","LDB","FHPNJ","NBOPL","LJ","FKEGDI","HF","JQPCRMBDFHENLAOIKG","IFHJ","FE","NMBFO","RBFKAPOJHIDQEGLMN","FQK","CNPRBJ","AFI","AFRJKG","DCIB","QOPJF","RCGPHJQFEM","RJL","NPFQ","D","RQJP","BLGH","FEADCB","PCHLINQMKBRDFJAGEO"],"Placements":[[{"Id":70,"V":29,"NV":29,"TB":0},{"Id":67,"V":23,"NV":23,"TB":0},{"Id":72,"V":14,"NV":14,"TB":0},{"Id":82,"V":11,"NV":11,"TB":0},{"Id":66,"V":9,"NV":9,"TB":0},{"Id":76,"V":9,"NV":9,"TB":0},{"Id":73,"V":8,"NV":8,"TB":0},{"Id":68,"V":7,"NV":7,"TB":0},{"Id":74,"V":7,"NV":7,"TB":0},{"Id":77,"V":7,"NV":7,"TB":0},{"Id":80,"V":7,"NV":7,"TB":0},{"Id":71,"V":6,"NV":6,"TB":0},{"Id":65,"V":5,"NV":5,"TB":0},{"Id":75,"V":5,"NV":5,"TB":0},{"Id":69,"V":4,"NV":4,"TB":0},{"Id":78,"V":4,"NV":4,"TB":0},{"Id":81,"V":3,"NV":3,"TB":0},{"Id":79,"V":2,"NV":2,"TB":0}],[{"Id":70,"V":29,"NV":0,"TB":0},{"Id":67,"V":23,"NV":0,"TB":0},{"Id":72,"V":14,"NV":0,"TB":0},{"Id":82,"V":11,"NV":0,"TB":0},{"Id":76,"V":10,"NV":1,"TB":0},{"Id":66,"V":9,"NV":0,"TB":0},{"Id":73,"V":8,"NV":0,"TB":0},{"Id":68,"V":7,"NV":0,"TB":0},{"Id":74,"V":7,"NV":0,"TB":0},{"Id":77,"V":7,"NV":0,"TB":0},{"Id":80,"V":7,"NV":0,"TB":0},{"Id":71,"V":6,"NV":0,"TB":0},{"Id":65,"V":5,"NV":0,"TB":0},{"Id":69,"V":5,"NV":1,"TB":0},{"Id":75,"V":5,"NV":0,"TB":0},{"Id":78,"V":4,"NV":0,"TB":0},{"Id":81,"V":3,"NV":0,"TB":0}],[{"Id":70,"V":29,"NV":0,"TB":0},{"Id":67,"V":24,"NV":1,"TB":0},{"Id":72,"V":14,"NV":0,"TB":0},{"Id":82,"V":11,"NV":0,"TB":0},{"Id":76,"V":10,"NV":0,"TB":0},{"Id":66,"V":9,"NV":0,"TB":0},{"Id":73,"V":8,"NV":0,"TB":0},{"Id":80,"V":8,"NV":1,"TB":0},{"Id":68,"V":7,"NV":0,"TB":0},{"Id":74,"V":7,"NV":0,"TB":0},{"Id":77,"V":7,"NV":0,"TB":0},{"Id":71,"V":6,"NV":0,"TB":0},{"Id":75,"V":6,"NV":1,"TB":0},{"Id":65,"V":5,"NV":0,"TB":0},{"Id":69,"V":5,"NV":0,"TB":0},{"Id":78,"V":4,"NV":0,"TB":0}],[{"Id":70,"V":29,"NV":0,"TB":0},{"Id":67,"V":24,"NV":0,"TB":0},{"Id":72,"V":14,"NV":0,"TB":0},{"Id":82,"V":11,"NV":0,"TB":0},{"Id":66,"V":10,"NV":1,"TB":0},{"Id":76,"V":10,"NV":0,"TB":0},{"Id":73,"V":9,"NV":1,"TB":0},{"Id":80,"V":9,"NV":1,"TB":0},{"Id":77,"V":8,"NV":1,"TB":0},{"Id":68,"V":7,"NV":0,"TB":0},{"Id":74,"V":7,"NV":0,"TB":0},{"Id":71,"V":6,"NV":0,"TB":0},{"Id":75,"V":6,"NV":0,"TB":0},{"Id":65,"V":5,"NV":0,"TB":0},{"Id":69,"V":5,"NV":0,"TB":1}],[{"Id":70,"V":29,"NV":0,"TB":0},{"Id":67,"V":26,"NV":2,"TB":0},{"Id":72,"V":15,"NV":1,"TB":0},{"Id":66,"V":11,"NV":1,"TB":0},{"Id":76,"V":11,"NV":1,"TB":0},{"Id":82,"V":11,"NV":0,"TB":0},{"Id":73,"V":9,"NV":0,"TB":0},{"Id":80,"V":9,"NV":0,"TB":0},{"Id":77,"V":8,"NV":0,"TB":0},{"Id":68,"V":7,"NV":0,"TB":0},{"Id":74,"V":7,"NV":0,"TB":0},{"Id":71,"V":6,"NV":0,"TB":0},{"Id":75,"V":6,"NV":0,"TB":0},{"Id":65,"V":5,"NV":0,"TB":0}],[{"Id":70,"V":31,"NV":2,"TB":0},{"Id":67,"V":26,"NV":0,"TB":0},{"Id":72,"V":16,"NV":1,"TB":0},{"Id":66,"V":11,"NV":0,"TB":0},{"Id":76,"V":11,"NV":0,"TB":0},{"Id":82,"V":11,"NV":0,"TB":0},{"Id":73,"V":9,"NV":0,"TB":0},{"Id":77,"V":9,"NV":1,"TB":0},{"Id":80,"V":9,"NV":0,"TB":0},{"Id":68,"V":7,"NV":0,"TB":0},{"Id":71,"V":7,"NV":1,"TB":0},{"Id":74,"V":7,"NV":0,"TB":0},{"Id":75,"V":6,"NV":0,"TB":0}],[{"Id":70,"V":31,"NV":0,"TB":0},{"Id":67,"V":27,"NV":1,"TB":0},{"Id":72,"V":16,"NV":0,"TB":0},{"Id":82,"V":12,"NV":1,"TB":0},{"Id":66,"V":11,"NV":0,"TB":0},{"Id":76,"V":11,"NV":0,"TB":0},{"Id":80,"V":10,"NV":1,"TB":0},{"Id":73,"V":9,"NV":0,"TB":0},{"Id":77,"V":9,"NV":0,"TB":0},{"Id":68,"V":8,"NV":1,"TB":0},{"Id":71,"V":8,"NV":1,"TB":0},{"Id":74,"V":7,"NV":0,"TB":0}],[{"Id":70,"V":33,"NV":2,"TB":0},{"Id":67,"V":27,"NV":0,"TB":0},{"Id":72,"V":16,"NV":0,"TB":0},{"Id":82,"V":13,"NV":1,"TB":0},{"Id":76,"V":12,"NV":1,"TB":0},{"Id":66,"V":11,"NV":0,"TB":0},{"Id":80,"V":11,"NV":1,"TB":0},{"Id":73,"V":9,"NV":0,"TB":0},{"Id":77,"V":9,"NV":0,"TB":0},{"Id":71,"V":8,"NV":0,"TB":0},{"Id":68,"V":8,"NV":0,"TB":2}],[{"Id":70,"V":34,"NV":1,"TB":0},{"Id":67,"V":29,"NV":2,"TB":0},{"Id":72,"V":17,"NV":1,"TB":0},{"Id":82,"V":13,"NV":0,"TB":0},{"Id":76,"V":12,"NV":0,"TB":0},{"Id":80,"V":12,"NV":1,"TB":0},{"Id":66,"V":11,"NV":0,"TB":0},{"Id":71,"V":9,"NV":1,"TB":0},{"Id":73,"V":9,"NV":0,"TB":0},{"Id":77,"V":9,"NV":0,"TB":1}],[{"Id":70,"V":36,"NV":2,"TB":0},{"Id":67,"V":29,"NV":0,"TB":0},{"Id":72,"V":19,"NV":2,"TB":0},{"Id":66,"V":14,"NV":3,"TB":0},{"Id":76,"V":13,"NV":1,"TB":0},{"Id":82,"V":13,"NV":0,"TB":0},{"Id":80,"V":12,"NV":0,"TB":0},{"Id":73,"V":10,"NV":1,"TB":0},{"Id":71,"V":9,"NV":0,"TB":0}],[{"Id":70,"V":38,"NV":2,"TB":0},{"Id":67,"V":29,"NV":0,"TB":0},{"Id":72,"V":19,"NV":0,"TB":0},{"Id":66,"V":17,"NV":3,"TB":0},{"Id":80,"V":14,"NV":2,"TB":0},{"Id":82,"V":14,"NV":1,"TB":0},{"Id":76,"V":13,"NV":0,"TB":0},{"Id":73,"V":10,"NV":0,"TB":0}],[{"Id":70,"V":42,"NV":4,"TB":0},{"Id":67,"V":31,"NV":2,"TB":0},{"Id":72,"V":20,"NV":1,"TB":0},{"Id":66,"V":18,"NV":1,"TB":0},{"Id":80,"V":15,"NV":1,"TB":0},{"Id":82,"V":14,"NV":0,"TB":0},{"Id":76,"V":13,"NV":0,"TB":0}],[{"Id":70,"V":42,"NV":0,"TB":0},{"Id":67,"V":33,"NV":2,"TB":0},{"Id":72,"V":22,"NV":2,"TB":0},{"Id":66,"V":21,"NV":3,"TB":0},{"Id":80,"V":17,"NV":2,"TB":0},{"Id":82,"V":15,"NV":1,"TB":0}],[{"Id":70,"V":44,"NV":2,"TB":0},{"Id":67,"V":36,"NV":3,"TB":0},{"Id":66,"V":23,"NV":2,"TB":0},{"Id":72,"V":22,"NV":0,"TB":0},{"Id":80,"V":20,"NV":3,"TB":0}],[{"Id":70,"V":46,"NV":2,"TB":0},{"Id":67,"V":42,"NV":6,"TB":0},{"Id":66,"V":26,"NV":3,"TB":0},{"Id":72,"V":25,"NV":3,"TB":0}],[{"Id":70,"V":54,"NV":8,"TB":0},{"Id":67,"V":43,"NV":1,"TB":0},{"Id":66,"V":36,"NV":10,"TB":0}],[{"Id":70,"V":61,"NV":7,"TB":0},{"Id":67,"V":50,"NV":7,"TB":0}],[{"Id":70,"V":81,"NV":20,"TB":0}]],"Expires":1552249306,"SecondsLeft":0}