{"Mtype":"results","Title":"Round 3","PollStarted":"2019-03-03T23:20:50.817894144Z","PollDuration":600000000000,"Options":{"65":"Trace out in the snow. Maybe have others in the background having fun. Alternatively Keith can be winters punching bag.","66":"Flora doesn't wear green on Saint Patrick's, and gets pinched because of it!","67":"\"Nora's Fantasy\" but 'Human' Nora","68":"Body Swap - Flora in Trace's body, having fun playing with the baby, to the dismay of Trace in Flora's body!","69":"Origami Nibbly.","70":"Red and Sythe duel for Raine","71":"Young Adelaide plays with other basitin children.","72":"Roselyn and young Raine baking cookies together.","73":"Older Maddie finally hits a growth spurt, and ends up even taller than Adelaide, much to Maeve's surprise.","74":"Kat’s Day Dream: Kat falls asleep reading and dreams that she and Eric are the protagonists of a cheesy romance novel.","75":"Sailor Laura pinup. Laura leaning over the rails, staring into the ocean.","76":"Mike and Evals meet a red fox dog mix","77":"\"No Items, Fox Only, Final Destination!\" (Fem Mike, Vxn. Keith, Fox Natani, \u0026 Laura in SSB:U)","78":"Mike and Clovis drink away embarrassment of being gender cursed together","79":"Hueyhueycoyotl from No Evil","80":"Zen celebrating in victory lane after winning the NASCAR Cup Series championship","81":"Raine catching Kat staring at Zen's butt.","82":"Nat and Zen with Keith. SW scene on Hoth where han (keith) is jealous of Leia (nat) kissing Han (zen)","83":"Squirrel tamer Sythe (whip and chair included)","84":"Human Kat poledancing"},"ExpectedBallots":169,"CountedBallots":168,"Ballots":["HNJBE","NHMFRQLSIECKA","ETMHN","AFHE","INCJQDLG","QJI","HOGLTCFIKJ","NDTMCLI","I","QI","B","LNIGSJFCHEQKRDP","LEIJKMNB","GRQLSBHTI","NILJGDAMKR","RNTQLM","GIJTBMF","LME","GILFMEC","LTGS","KQB","IGBMNSF","HN","MOQD","GIMQFK","FNHTJC","GKHTQEJRNCMLFSIA","QBPCGJ","QDTBGHCNLKMAJISEFPRO","IGQAL","HGIFNCJ","TEAH","HMGIENJC","HGCISQLMDBNK","NCTM","MQTKDEBFPRHSANOJCLGI","HQILDFMTGNAJEKBRSPCO","","JQS","LITGAMOECH","QNG","Q","NCIJDAMQFTKBELH","MNH","GMTINQCBJ","TCQNJLHF","QNRTM","HDMI","DM","IGESN","NSCLQFJTKDGIAEHRMPOB","DT","HIMGNKSBLEAFQPJT","RNLGMHB","DCBA","GNHI","CNQI","KCTHRQMBN","TJQ","JEFGA","CBFMDQGEOIJHLTSANPRK","DMN","JGINEASDH","DIFNCAREJBM","DCEB","MIDKANPGCBHLFRESO","P","HGELJN","BGLMAF","TEIQRAGCSNJFOBLPHMDK","TDKQNM","OFRIKNHLBE","MDAKINPGLFCRHBSEO","TJ","HEGK","KQPISC","AFHIN","QTINLJEGB","TQJN","KMC","CJHTKGFRADLINBSPEOM","KHQ","","CFLMT","SQE","KIGNLSQACTDRJMHEFBPO","EI","JH","IGHQE","JI","TLJKSQADCIOHGENPRFMB","HQFNMK","JHKEGRSA","HPIAB","LMFGECQAONIKJSTDHPRB","QIRCDLNBSKTG","MKPI","QKNF","MNFIHSEKADB","I","LMHDEBJNQKIAFGTCOSPR","LJFQTHM","K","CTIJQSEFHGDNBKP","PNKQITMS","IAPGKH","KNAM","CLM","HDJ","IQ","EIQH","QRCTJ","KM","TKHL","EI","JKMO","CGTINQ","GHANE","D","QF","NABCJHIDT","MKCOAB","FN","QCTBDJ","JG","QI","JDMQTFKNIRSPHC","KFBS","EKMB","FQITHNRGDJS","DCATQ","MKQP","KMN","","BKAM","OMK","GIRNPQLMDJEKABTCOHSF","TQJDABLKGMEPCINSROHF","FAK","QKLM","CQT","NCMDTL","MK","IMK","EKPM","NKM","KTM","DMK","QK","KL","J","TQNDMCLKBRJSEFHIGAPO","SKM","CIGHBSEJA","CKM","IK","K","K","BK","QCTBDJ","OK","KM","DQTLNIMAR","NFJLMGHESRTPAIDKOCQB","JAIH","DHBM","IGQMJ","HQFJAOLBKCPG"],"Placements":[[{"Id":81,"V":17,"NV":17,"TB":0},{"Id":75,"V":16,"NV":16,"TB":0},{"Id":72,"V":15,"NV":15,"TB":0},{"Id":73,"V":12,"NV":12,"TB":0},{"Id":68,"V":11,"NV":11,"TB":0},{"Id":74,"V":11,"NV":11,"TB":0},{"Id":84,"V":11,"NV":11,"TB":0},{"Id":67,"V":10,"NV":10,"TB":0},{"Id":77,"V":10,"NV":10,"TB":0},{"Id":78,"V":10,"NV":10,"TB":0},{"Id":71,"V":9,"NV":9,"TB":0},{"Id":76,"V":8,"NV":8,"TB":0},{"Id":69,"V":6,"NV":6,"TB":0},{"Id":66,"V":4,"NV":4,"TB":0},{"Id":70,"V":4,"NV":4,"TB":0},{"Id":79,"V":3,"NV":3,"TB":0},{"Id":65,"V":2,"NV":2,"TB":0},{"Id":80,"V":2,"NV":2,"TB":0},{"Id":82,"V":2,"NV":2,"TB":0},{"Id":83,"V":2,"NV":2,"TB":1}],[{"Id":81,"V":18,"NV":1,"TB":0},{"Id":75,"V":17,"NV":1,"TB":0},{"Id":72,"V":15,"NV":0,"TB":0},{"Id":73,"V":12,"NV":0,"TB":0},{"Id":68,"V":11,"NV":0,"TB":0},{"Id":74,"V":11,"NV":0,"TB":0},{"Id":84,"V":11,"NV":0,"TB":0},{"Id":67,"V":10,"NV":0,"TB":0},{"Id":77,"V":10,"NV":0,"TB":0},{"Id":78,"V":10,"NV":0,"TB":0},{"Id":71,"V":9,"NV":0,"TB":0},{"Id":76,"V":8,"NV":0,"TB":0},{"Id":69,"V":6,"NV":0,"TB":0},{"Id":66,"V":4,"NV":0,"TB":0},{"Id":70,"V":4,"NV":0,"TB":0},{"Id":79,"V":3,"NV":0,"TB":0},{"Id":65,"V":2,"NV":0,"TB":0},{"Id":82,"V":2,"NV":0,"TB":0},{"Id":80,"V":2,"NV":0,"TB":2}],[{"Id":81,"V":18,"NV":0,"TB":0},{"Id":75,"V":17,"NV":0,"TB":0},{"Id":72,"V":15,"NV":0,"TB":0},{"Id":73,"V":12,"NV":0,"TB":0},{"Id":68,"V":11,"NV":0,"TB":0},{"Id":74,"V":11,"NV":0,"TB":0},{"Id":78,"V":11,"NV":1,"TB":0},{"Id":84,"V":11,"NV":0,"TB":0},{"Id":67,"V":10,"NV":0,"TB":0},{"Id":77,"V":10,"NV":0,"TB":0},{"Id":71,"V":9,"NV":0,"TB":0},{"Id":76,"V":8,"NV":0,"TB":0},{"Id":69,"V":6,"NV":0,"TB":0},{"Id":66,"V":4,"NV":0,"TB":0},{"Id":70,"V":4,"NV":0,"TB":0},{"Id":79,"V":3,"NV":0,"TB":0},{"Id":82,"V":2,"NV":0,"TB":0},{"Id":65,"V":2,"NV":0,"TB":2}],[{"Id":81,"V":18,"NV":0,"TB":0},{"Id":75,"V":17,"NV":0,"TB":0},{"Id":72,"V":15,"NV":0,"TB":0},{"Id":73,"V":12,"NV":0,"TB":0},{"Id":68,"V":11,"NV":0,"TB":0},{"Id":74,"V":11,"NV":0,"TB":0},{"Id":78,"V":11,"NV":0,"TB":0},{"Id":84,"V":11,"NV":0,"TB":0},{"Id":67,"V":10,"NV":0,"TB":0},{"Id":77,"V":10,"NV":0,"TB":0},{"Id":71,"V":9,"NV":0,"TB":0},{"Id":76,"V":8,"NV":0,"TB":0},{"Id":69,"V":6,"NV":0,"TB":0},{"Id":70,"V":6,"NV":2,"TB":0},{"Id":66,"V":4,"NV":0,"TB":0},{"Id":79,"V":3,"NV":0,"TB":0},{"Id":82,"V":2,"NV":0,"TB":0}],[{"Id":81,"V":18,"NV":0,"TB":0},{"Id":75,"V":17,"NV":0,"TB":0},{"Id":72,"V":15,"NV":0,"TB":0},{"Id":78,"V":13,"NV":2,"TB":0},{"Id":73,"V":12,"NV":0,"TB":0},{"Id":68,"V":11,"NV":0,"TB":0},{"Id":74,"V":11,"NV":0,"TB":0},{"Id":84,"V":11,"NV":0,"TB":0},{"Id":67,"V":10,"NV":0,"TB":0},{"Id":77,"V":10,"NV":0,"TB":0},{"Id":71,"V":9,"NV":0,"TB":0},{"Id":76,"V":8,"NV":0,"TB":0},{"Id":69,"V":6,"NV":0,"TB":0},{"Id":70,"V":6,"NV":0,"TB":0},{"Id":66,"V":4,"NV":0,"TB":0},{"Id":79,"V":3,"NV":0,"TB":0}],[{"Id":75,"V":18,"NV":1,"TB":0},{"Id":81,"V":18,"NV":0,"TB":0},{"Id":72,"V":15,"NV":0,"TB":0},{"Id":78,"V":13,"NV":0,"TB":0},{"Id":73,"V":12,"NV":0,"TB":0},{"Id":68,"V":11,"NV":0,"TB":0},{"Id":74,"V":11,"NV":0,"TB":0},{"Id":77,"V":11,"NV":1,"TB":0},{"Id":84,"V":11,"NV":0,"TB":0},{"Id":67,"V":10,"NV":0,"TB":0},{"Id":71,"V":9,"NV":0,"TB":0},{"Id":76,"V":8,"NV":0,"TB":0},{"Id":70,"V":7,"NV":1,"TB":0},{"Id":69,"V":6,"NV":0,"TB":0},{"Id":66,"V":4,"NV":0,"TB":0}],[{"Id":75,"V":20,"NV":2,"TB":0},{"Id":81,"V":18,"NV":0,"TB":0},{"Id":72,"V":15,"NV":0,"TB":0},{"Id":78,"V":13,"NV":0,"TB":0},{"Id":73,"V":12,"NV":0,"TB":0},{"Id":68,"V":11,"NV":0,"TB":0},{"Id":74,"V":11,"NV":0,"TB":0},{"Id":77,"V":11,"NV":0,"TB":0},{"Id":84,"V":11,"NV":0,"TB":0},{"Id":67,"V":10,"NV":0,"TB":0},{"Id":71,"V":10,"NV":1,"TB":0},{"Id":76,"V":8,"NV":0,"TB":0},{"Id":70,"V":7,"NV":0,"TB":0},{"Id":69,"V":6,"NV":0,"TB":0}],[{"Id":75,"V":22,"NV":2,"TB":0},{"Id":81,"V":18,"NV":0,"TB":0},{"Id":72,"V":15,"NV":0,"TB":0},{"Id":73,"V":15,"NV":3,"TB":0},{"Id":78,"V":13,"NV":0,"TB":0},{"Id":84,"V":12,"NV":1,"TB":0},{"Id":68,"V":11,"NV":0,"TB":0},{"Id":74,"V":11,"NV":0,"TB":0},{"Id":77,"V":11,"NV":0,"TB":0},{"Id":67,"V":10,"NV":0,"TB":0},{"Id":71,"V":10,"NV":0,"TB":0},{"Id":76,"V":8,"NV":0,"TB":0},{"Id":70,"V":7,"NV":0,"TB":0}],[{"Id":75,"V":23,"NV":1,"TB":0},{"Id":81,"V":19,"NV":1,"TB":0},{"Id":72,"V":17,"NV":2,"TB":0},{"Id":73,"V":16,"NV":1,"TB":0},{"Id":78,"V":15,"NV":2,"TB":0},{"Id":84,"V":12,"NV":0,"TB":0},{"Id":68,"V":11,"NV":0,"TB":0},{"Id":74,"V":11,"NV":0,"TB":0},{"Id":77,"V":11,"NV":0,"TB":0},{"Id":67,"V":10,"NV":0,"TB":0},{"Id":71,"V":10,"NV":0,"TB":0},{"Id":76,"V":8,"NV":0,"TB":0}],[{"Id":75,"V":23,"NV":0,"TB":0},{"Id":81,"V":19,"NV":0,"TB":0},{"Id":73,"V":18,"NV":2,"TB":0},{"Id":72,"V":17,"NV":0,"TB":0},{"Id":78,"V":16,"NV":1,"TB":0},{"Id":77,"V":14,"NV":3,"TB":0},{"Id":84,"V":13,"NV":1,"TB":0},{"Id":74,"V":12,"NV":1,"TB":0},{"Id":68,"V":11,"NV":0,"TB":0},{"Id":71,"V":10,"NV":0,"TB":0},{"Id":67,"V":10,"NV":0,"TB":2}],[{"Id":75,"V":24,"NV":1,"TB":0},{"Id":81,"V":20,"NV":1,"TB":0},{"Id":73,"V":19,"NV":1,"TB":0},{"Id":72,"V":17,"NV":0,"TB":0},{"Id":77,"V":17,"NV":3,"TB":0},{"Id":78,"V":17,"NV":1,"TB":0},{"Id":84,"V":14,"NV":1,"TB":0},{"Id":74,"V":13,"NV":1,"TB":0},{"Id":68,"V":11,"NV":0,"TB":0},{"Id":71,"V":11,"NV":1,"TB":1}],[{"Id":75,"V":25,"NV":1,"TB":0},{"Id":73,"V":23,"NV":4,"TB":0},{"Id":81,"V":21,"NV":1,"TB":0},{"Id":77,"V":19,"NV":2,"TB":0},{"Id":72,"V":18,"NV":1,"TB":0},{"Id":78,"V":18,"NV":1,"TB":0},{"Id":84,"V":15,"NV":1,"TB":0},{"Id":74,"V":13,"NV":0,"TB":0},{"Id":68,"V":11,"NV":0,"TB":0}],[{"Id":75,"V":25,"NV":0,"TB":0},{"Id":73,"V":24,"NV":1,"TB":0},{"Id":77,"V":22,"NV":3,"TB":0},{"Id":81,"V":22,"NV":1,"TB":0},{"Id":72,"V":19,"NV":1,"TB":0},{"Id":78,"V":18,"NV":0,"TB":0},{"Id":84,"V":17,"NV":2,"TB":0},{"Id":74,"V":13,"NV":0,"TB":0}],[{"Id":73,"V":27,"NV":3,"TB":0},{"Id":75,"V":26,"NV":1,"TB":0},{"Id":81,"V":24,"NV":2,"TB":0},{"Id":77,"V":23,"NV":1,"TB":0},{"Id":72,"V":22,"NV":3,"TB":0},{"Id":78,"V":18,"NV":0,"TB":0},{"Id":84,"V":17,"NV":0,"TB":0}],[{"Id":73,"V":30,"NV":3,"TB":0},{"Id":81,"V":30,"NV":6,"TB":0},{"Id":75,"V":29,"NV":3,"TB":0},{"Id":77,"V":24,"NV":1,"TB":0},{"Id":72,"V":23,"NV":1,"TB":0},{"Id":78,"V":18,"NV":0,"TB":0}],[{"Id":73,"V":33,"NV":3,"TB":0},{"Id":81,"V":33,"NV":3,"TB":0},{"Id":75,"V":31,"NV":2,"TB":0},{"Id":77,"V":29,"NV":5,"TB":0},{"Id":72,"V":27,"NV":4,"TB":0}],[{"Id":73,"V":41,"NV":8,"TB":0},{"Id":81,"V":36,"NV":3,"TB":0},{"Id":75,"V":34,"NV":3,"TB":0},{"Id":77,"V":33,"NV":4,"TB":0}],[{"Id":73,"V":48,"NV":7,"TB":0},{"Id":81,"V":43,"NV":7,"TB":0},{"Id":75,"V":41,"NV":7,"TB":0}],[{"Id":73,"V":52,"NV":4,"TB":0},{"Id":81,"V":52,"NV":9,"TB":1}],[{"Id":73,"V":76,"NV":24,"TB":0}]],"Expires":1551656459,"SecondsLeft":0}