{"Mtype":"results","Title":"Round 7","PollStarted":"2019-02-04T02:10:46.116414345Z","PollDuration":600000000000,"Options":{"65":"Continued Body Swap Subplot: Morning after with Keith and Natani","66":"King Adelaide actually comes from an island of Amazon Basitins who are looking for their lost offspring.","67":"Continuation of the Halloween body swap. Keith gives Natani (in Keith's body) an ear rub","68":"With so many wolves under one roof Rose aggressively enforces the estate’s No Awoo policy.","69":"How would the fight between Trace and Mary have gone if she had somehow reflected his spell back at him?","70":"Adira comes back home to find Kat and Maeve all cuddled up and sleep on the couch. ","71":"The Stone Guardian Family (w/Wife \u0026 Child)","72":"Trace and Reni reacting to Dragon Natani.","73":"Luchador Adelaide supplexing a mask.","74":"Raine thinks she can give as good massage as Kathrin. Let's test it on Maren. (Raine in keidran form)","75":"Natani gets her own bikini/beach pinup","76":"Human Laura","77":"Flora hanging off the barrel of a tiger tank","78":"Red and Sythe have an old western-style duel for Raine","79":"Raine(wolf-form) on the beach having trouble with a bikini that keeps falling off. Cat-Nora responsible.","80":"Madelyn \u0026 Karen vs. Flora \u0026 Kathryn: Beach Volleyball","81":"Rose's day off: Trace returns early from a trip and finds an unkempt Rose spending the day in bed. She instantly recovers to professional Rose... almost"},"ExpectedBallots":88,"CountedBallots":86,"Ballots":["FO","BHCPJDOMKAFNLGQ","ACKDE","JHQI","EQFBLACGDNHJPIKOM","I","LDPAF","EN","ELQIJN","ACLPFQGKJOD","NDIF","NOFDQPLMGEH","DQC","OAKHDQCF","QDEFPK","PDMCJ","JLEKOQINFPDAHCG","PLJKQOMBFAECGNIHD","BCADQ","ADGJOCKEMQNPBFHLI","GLBI","CHBGFDJQE","PK","NICAKMQF","EQCHNDIFLGMAKPJOB","GJLFAHOD","BFCAOHK","BEFQNID","KOP","ELHJODMFGQCBPAKNI","AGCQDE","BIDMJLFPQGOHACENK","AD","QAGDNEHFK","LAPMCEOQ","BMQC","NCAFD","HEALQIDNCFOBPJMGK","OQFP","EQDM","QFDPLBJ","FQKPDGJLA","BN","ADGMBQHCPFEINKLOJ","FIGP","FAC","QDEGNL","OCKMALPE","FNIGOPLKQHEADCMJ","LHNGC","OKNDE","IADKO","OJALDNK","LC","DFIQ","L","AOKQHD","IOHKD","LN","DPILHCAKQGN","FJ","LHGNE","FDN","LF","FQ","PL","PCMD","ELQBG","LJ","LEINK","GLJ","ILM","INL","FMHL","LOEH","LAQC","MIL","ICLGHQ","OL","CJL","CAKOQPB","QL","LIM","LQE","EL","ACBIDFQGNOMHEJKLP"],"Placements":[[{"Id":76,"V":14,"NV":14,"TB":0},{"Id":70,"V":9,"NV":9,"TB":0},{"Id":65,"V":8,"NV":8,"TB":0},{"Id":69,"V":8,"NV":8,"TB":0},{"Id":66,"V":7,"NV":7,"TB":0},{"Id":73,"V":6,"NV":6,"TB":0},{"Id":79,"V":6,"NV":6,"TB":0},{"Id":80,"V":5,"NV":5,"TB":0},{"Id":81,"V":5,"NV":5,"TB":0},{"Id":78,"V":4,"NV":4,"TB":0},{"Id":67,"V":3,"NV":3,"TB":0},{"Id":68,"V":3,"NV":3,"TB":0},{"Id":71,"V":3,"NV":3,"TB":0},{"Id":74,"V":2,"NV":2,"TB":0},{"Id":72,"V":1,"NV":1,"TB":0},{"Id":75,"V":1,"NV":1,"TB":0},{"Id":77,"V":1,"NV":1,"TB":1}],[{"Id":76,"V":14,"NV":0,"TB":0},{"Id":70,"V":9,"NV":0,"TB":0},{"Id":65,"V":8,"NV":0,"TB":0},{"Id":69,"V":8,"NV":0,"TB":0},{"Id":66,"V":7,"NV":0,"TB":0},{"Id":73,"V":7,"NV":1,"TB":0},{"Id":79,"V":6,"NV":0,"TB":0},{"Id":80,"V":5,"NV":0,"TB":0},{"Id":81,"V":5,"NV":0,"TB":0},{"Id":78,"V":4,"NV":0,"TB":0},{"Id":67,"V":3,"NV":0,"TB":0},{"Id":68,"V":3,"NV":0,"TB":0},{"Id":71,"V":3,"NV":0,"TB":0},{"Id":74,"V":2,"NV":0,"TB":0},{"Id":75,"V":1,"NV":0,"TB":0},{"Id":72,"V":1,"NV":0,"TB":2}],[{"Id":76,"V":14,"NV":0,"TB":0},{"Id":69,"V":9,"NV":1,"TB":0},{"Id":70,"V":9,"NV":0,"TB":0},{"Id":65,"V":8,"NV":0,"TB":0},{"Id":66,"V":7,"NV":0,"TB":0},{"Id":73,"V":7,"NV":0,"TB":0},{"Id":79,"V":6,"NV":0,"TB":0},{"Id":80,"V":5,"NV":0,"TB":0},{"Id":81,"V":5,"NV":0,"TB":0},{"Id":78,"V":4,"NV":0,"TB":0},{"Id":67,"V":3,"NV":0,"TB":0},{"Id":68,"V":3,"NV":0,"TB":0},{"Id":71,"V":3,"NV":0,"TB":0},{"Id":74,"V":2,"NV":0,"TB":0},{"Id":75,"V":1,"NV":0,"TB":0}],[{"Id":76,"V":14,"NV":0,"TB":0},{"Id":69,"V":9,"NV":0,"TB":0},{"Id":70,"V":9,"NV":0,"TB":0},{"Id":65,"V":8,"NV":0,"TB":0},{"Id":66,"V":7,"NV":0,"TB":0},{"Id":73,"V":7,"NV":0,"TB":0},{"Id":79,"V":7,"NV":1,"TB":0},{"Id":80,"V":5,"NV":0,"TB":0},{"Id":81,"V":5,"NV":0,"TB":0},{"Id":78,"V":4,"NV":0,"TB":0},{"Id":67,"V":3,"NV":0,"TB":0},{"Id":68,"V":3,"NV":0,"TB":0},{"Id":71,"V":3,"NV":0,"TB":0},{"Id":74,"V":2,"NV":0,"TB":0}],[{"Id":76,"V":15,"NV":1,"TB":0},{"Id":69,"V":9,"NV":0,"TB":0},{"Id":70,"V":9,"NV":0,"TB":0},{"Id":65,"V":8,"NV":0,"TB":0},{"Id":66,"V":7,"NV":0,"TB":0},{"Id":73,"V":7,"NV":0,"TB":0},{"Id":79,"V":7,"NV":0,"TB":0},{"Id":81,"V":6,"NV":1,"TB":0},{"Id":80,"V":5,"NV":0,"TB":0},{"Id":78,"V":4,"NV":0,"TB":0},{"Id":67,"V":3,"NV":0,"TB":0},{"Id":71,"V":3,"NV":0,"TB":0},{"Id":68,"V":3,"NV":0,"TB":2}],[{"Id":76,"V":15,"NV":0,"TB":0},{"Id":70,"V":10,"NV":1,"TB":0},{"Id":69,"V":9,"NV":0,"TB":0},{"Id":65,"V":8,"NV":0,"TB":0},{"Id":66,"V":7,"NV":0,"TB":0},{"Id":73,"V":7,"NV":0,"TB":0},{"Id":79,"V":7,"NV":0,"TB":0},{"Id":81,"V":7,"NV":1,"TB":0},{"Id":80,"V":6,"NV":1,"TB":0},{"Id":78,"V":4,"NV":0,"TB":0},{"Id":71,"V":3,"NV":0,"TB":0},{"Id":67,"V":3,"NV":0,"TB":2}],[{"Id":76,"V":16,"NV":1,"TB":0},{"Id":70,"V":10,"NV":0,"TB":0},{"Id":65,"V":9,"NV":1,"TB":0},{"Id":69,"V":9,"NV":0,"TB":0},{"Id":66,"V":8,"NV":1,"TB":0},{"Id":73,"V":7,"NV":0,"TB":0},{"Id":79,"V":7,"NV":0,"TB":0},{"Id":81,"V":7,"NV":0,"TB":0},{"Id":80,"V":6,"NV":0,"TB":0},{"Id":78,"V":4,"NV":0,"TB":0},{"Id":71,"V":3,"NV":0,"TB":0}],[{"Id":76,"V":19,"NV":3,"TB":0},{"Id":70,"V":10,"NV":0,"TB":0},{"Id":65,"V":9,"NV":0,"TB":0},{"Id":69,"V":9,"NV":0,"TB":0},{"Id":66,"V":8,"NV":0,"TB":0},{"Id":73,"V":7,"NV":0,"TB":0},{"Id":79,"V":7,"NV":0,"TB":0},{"Id":81,"V":7,"NV":0,"TB":0},{"Id":80,"V":6,"NV":0,"TB":0},{"Id":78,"V":4,"NV":0,"TB":0}],[{"Id":76,"V":19,"NV":0,"TB":0},{"Id":65,"V":10,"NV":1,"TB":0},{"Id":70,"V":10,"NV":0,"TB":0},{"Id":69,"V":9,"NV":0,"TB":0},{"Id":73,"V":9,"NV":2,"TB":0},{"Id":66,"V":8,"NV":0,"TB":0},{"Id":79,"V":8,"NV":1,"TB":0},{"Id":81,"V":7,"NV":0,"TB":0},{"Id":80,"V":6,"NV":0,"TB":0}],[{"Id":76,"V":21,"NV":2,"TB":0},{"Id":65,"V":10,"NV":0,"TB":0},{"Id":70,"V":10,"NV":0,"TB":0},{"Id":73,"V":10,"NV":1,"TB":0},{"Id":69,"V":9,"NV":0,"TB":0},{"Id":66,"V":8,"NV":0,"TB":0},{"Id":79,"V":8,"NV":0,"TB":0},{"Id":81,"V":7,"NV":0,"TB":0}],[{"Id":76,"V":22,"NV":1,"TB":0},{"Id":65,"V":11,"NV":1,"TB":0},{"Id":69,"V":11,"NV":2,"TB":0},{"Id":70,"V":11,"NV":1,"TB":0},{"Id":73,"V":11,"NV":1,"TB":0},{"Id":66,"V":8,"NV":0,"TB":0},{"Id":79,"V":8,"NV":0,"TB":1}],[{"Id":76,"V":23,"NV":1,"TB":0},{"Id":65,"V":14,"NV":3,"TB":0},{"Id":70,"V":13,"NV":2,"TB":0},{"Id":69,"V":12,"NV":1,"TB":0},{"Id":73,"V":11,"NV":0,"TB":0},{"Id":66,"V":8,"NV":0,"TB":0}],[{"Id":76,"V":23,"NV":0,"TB":0},{"Id":65,"V":16,"NV":2,"TB":0},{"Id":70,"V":15,"NV":2,"TB":0},{"Id":69,"V":13,"NV":1,"TB":0},{"Id":73,"V":12,"NV":1,"TB":0}],[{"Id":76,"V":29,"NV":6,"TB":0},{"Id":65,"V":18,"NV":2,"TB":0},{"Id":70,"V":16,"NV":1,"TB":0},{"Id":69,"V":13,"NV":0,"TB":0}],[{"Id":76,"V":34,"NV":5,"TB":0},{"Id":70,"V":20,"NV":4,"TB":0},{"Id":65,"V":19,"NV":1,"TB":0}],[{"Id":76,"V":38,"NV":4,"TB":0},{"Id":70,"V":28,"NV":8,"TB":0}],[{"Id":76,"V":49,"NV":11,"TB":0}]],"Expires":1549247455,"SecondsLeft":0}