{"Mtype":"results","Title":"Round 4","PollStarted":"2019-12-16T02:07:00.966836437Z","PollDuration":600000000000,"Options":{"65":"The main cast (Trace, Flora, Keith and Natani) as pilots (Titanfall 1/2), in a titan hangar","66":"Flora and Tiger Trace as 1920's era mobsters","67":"Festive Flora baby bump!","68":"Flora receives tons of gifts from everyone, but finds out their all baby supplies/items to help with the baby. Flora is not amused.","69":"Sam asks Colin for help getting a book from a high shelf. Colin helps by lifting Sam up instead of getting the book down.","70":"Trace being sultry for Flora in the bedroom. Bathrobe and rose as goes the trope. Flora likes \u003c3","71":"A Husky Keidran in a wintry forest.","72":"Nib Nab 3: hijinks at the Oasis","73":"Natani's bindings slip off at the beach, leading to a very disappointed and distraught Flora","74":"Trace playfully tying a bow around Flora's belly. “Won't be much longer until our present arrives.”","75":"Natani and Keith bundled up in matching sweaters for winter","76":"As a slave, Mike receives his first gift ever from Evals.","77":"Remake of \"Flora and Slavegirl bathing\"","78":"Legosi an Haru meet Trace and Flora","79":"Mike finds Eric's secret whiskey-loaded christmas pudding and falls overboard","80":"Natani, Zen, Trace, Flora and Keith all take a ride and have some fun in that tank Natani fixed up (Sequel to mechanic Natani). Panzer Vor!","81":"The Basidian world war armor core; their Panercorps.","82":"Nora and Reni compare human forms. Nora is dismissive of Reni's, until Trace comes by and only compliments Reni.","83":"Saria gets a Tiger Trace slave boy for Christmas","84":"Kat gets tangled in Christmas lights in a totally not suggestive way"},"ExpectedBallots":40,"CountedBallots":39,"Ballots":["E","JMGFIRHSLCKTNEAPD","LISGHMPRCTEKJDFOQ","GTIRM","TREIF","F","RTS","LNFS","PLARGEHM","IEGKFMRNS","CJDF","FLEOTCJHBIMDGKNA","CJDSFKITLO","GEORTHK","HFRI","BIJCFSMDAGT","IKCGP","ITH","JRIDF","HSMGPILAKETR","TMG","CJTD","DCJFNSGMEPRAKTIHLOQB","RFHITCKJDEGPS","REHF","TREIDBGMH","TLGRSMIOB","GCHBFSQ","ITMJRLKCDSFGOEBQNPAH","JCSTLGB","IHGK","ETHSLIBFKMGQPR","OLM","TJOKLR","MKASR","","JICD","TBIGCFJ","GSKBEITA"],"Placements":[[{"Id":84,"V":6,"NV":6,"TB":0},{"Id":73,"V":5,"NV":5,"TB":0},{"Id":71,"V":4,"NV":4,"TB":0},{"Id":74,"V":4,"NV":4,"TB":0},{"Id":67,"V":3,"NV":3,"TB":0},{"Id":82,"V":3,"NV":3,"TB":0},{"Id":69,"V":2,"NV":2,"TB":0},{"Id":70,"V":2,"NV":2,"TB":0},{"Id":72,"V":2,"NV":2,"TB":0},{"Id":76,"V":2,"NV":2,"TB":0},{"Id":66,"V":1,"NV":1,"TB":0},{"Id":68,"V":1,"NV":1,"TB":0},{"Id":77,"V":1,"NV":1,"TB":0},{"Id":79,"V":1,"NV":1,"TB":0},{"Id":80,"V":1,"NV":1,"TB":0},{"Id":65,"V":0,"NV":0,"TB":0},{"Id":75,"V":0,"NV":0,"TB":0},{"Id":78,"V":0,"NV":0,"TB":0},{"Id":83,"V":0,"NV":0,"TB":0},{"Id":81,"V":0,"NV":0,"TB":2}],[{"Id":84,"V":6,"NV":0,"TB":0},{"Id":73,"V":5,"NV":0,"TB":0},{"Id":71,"V":4,"NV":0,"TB":0},{"Id":74,"V":4,"NV":0,"TB":0},{"Id":67,"V":3,"NV":0,"TB":0},{"Id":82,"V":3,"NV":0,"TB":0},{"Id":69,"V":2,"NV":0,"TB":0},{"Id":70,"V":2,"NV":0,"TB":0},{"Id":72,"V":2,"NV":0,"TB":0},{"Id":76,"V":2,"NV":0,"TB":0},{"Id":66,"V":1,"NV":0,"TB":0},{"Id":68,"V":1,"NV":0,"TB":0},{"Id":77,"V":1,"NV":0,"TB":0},{"Id":79,"V":1,"NV":0,"TB":0},{"Id":80,"V":1,"NV":0,"TB":0},{"Id":65,"V":0,"NV":0,"TB":0},{"Id":78,"V":0,"NV":0,"TB":0},{"Id":83,"V":0,"NV":0,"TB":0},{"Id":75,"V":0,"NV":0,"TB":3}],[{"Id":84,"V":6,"NV":0,"TB":0},{"Id":73,"V":5,"NV":0,"TB":0},{"Id":71,"V":4,"NV":0,"TB":0},{"Id":74,"V":4,"NV":0,"TB":0},{"Id":67,"V":3,"NV":0,"TB":0},{"Id":82,"V":3,"NV":0,"TB":0},{"Id":69,"V":2,"NV":0,"TB":0},{"Id":70,"V":2,"NV":0,"TB":0},{"Id":72,"V":2,"NV":0,"TB":0},{"Id":76,"V":2,"NV":0,"TB":0},{"Id":66,"V":1,"NV":0,"TB":0},{"Id":68,"V":1,"NV":0,"TB":0},{"Id":77,"V":1,"NV":0,"TB":0},{"Id":79,"V":1,"NV":0,"TB":0},{"Id":80,"V":1,"NV":0,"TB":0},{"Id":65,"V":0,"NV":0,"TB":0},{"Id":78,"V":0,"NV":0,"TB":0},{"Id":83,"V":0,"NV":0,"TB":1}],[{"Id":84,"V":6,"NV":0,"TB":0},{"Id":73,"V":5,"NV":0,"TB":0},{"Id":71,"V":4,"NV":0,"TB":0},{"Id":74,"V":4,"NV":0,"TB":0},{"Id":67,"V":3,"NV":0,"TB":0},{"Id":82,"V":3,"NV":0,"TB":0},{"Id":69,"V":2,"NV":0,"TB":0},{"Id":70,"V":2,"NV":0,"TB":0},{"Id":72,"V":2,"NV":0,"TB":0},{"Id":76,"V":2,"NV":0,"TB":0},{"Id":66,"V":1,"NV":0,"TB":0},{"Id":68,"V":1,"NV":0,"TB":0},{"Id":77,"V":1,"NV":0,"TB":0},{"Id":79,"V":1,"NV":0,"TB":0},{"Id":80,"V":1,"NV":0,"TB":0},{"Id":65,"V":0,"NV":0,"TB":0},{"Id":78,"V":0,"NV":0,"TB":1}],[{"Id":84,"V":6,"NV":0,"TB":0},{"Id":73,"V":5,"NV":0,"TB":0},{"Id":71,"V":4,"NV":0,"TB":0},{"Id":74,"V":4,"NV":0,"TB":0},{"Id":67,"V":3,"NV":0,"TB":0},{"Id":82,"V":3,"NV":0,"TB":0},{"Id":69,"V":2,"NV":0,"TB":0},{"Id":70,"V":2,"NV":0,"TB":0},{"Id":72,"V":2,"NV":0,"TB":0},{"Id":76,"V":2,"NV":0,"TB":0},{"Id":66,"V":1,"NV":0,"TB":0},{"Id":68,"V":1,"NV":0,"TB":0},{"Id":77,"V":1,"NV":0,"TB":0},{"Id":79,"V":1,"NV":0,"TB":0},{"Id":80,"V":1,"NV":0,"TB":0},{"Id":65,"V":0,"NV":0,"TB":0}],[{"Id":84,"V":6,"NV":0,"TB":0},{"Id":73,"V":5,"NV":0,"TB":0},{"Id":71,"V":4,"NV":0,"TB":0},{"Id":74,"V":4,"NV":0,"TB":0},{"Id":67,"V":3,"NV":0,"TB":0},{"Id":82,"V":3,"NV":0,"TB":0},{"Id":69,"V":2,"NV":0,"TB":0},{"Id":70,"V":2,"NV":0,"TB":0},{"Id":72,"V":2,"NV":0,"TB":0},{"Id":76,"V":2,"NV":0,"TB":0},{"Id":68,"V":1,"NV":0,"TB":0},{"Id":77,"V":1,"NV":0,"TB":0},{"Id":79,"V":1,"NV":0,"TB":0},{"Id":80,"V":1,"NV":0,"TB":0},{"Id":66,"V":1,"NV":0,"TB":5}],[{"Id":73,"V":6,"NV":1,"TB":0},{"Id":84,"V":6,"NV":0,"TB":0},{"Id":71,"V":4,"NV":0,"TB":0},{"Id":74,"V":4,"NV":0,"TB":0},{"Id":67,"V":3,"NV":0,"TB":0},{"Id":82,"V":3,"NV":0,"TB":0},{"Id":69,"V":2,"NV":0,"TB":0},{"Id":70,"V":2,"NV":0,"TB":0},{"Id":72,"V":2,"NV":0,"TB":0},{"Id":76,"V":2,"NV":0,"TB":0},{"Id":68,"V":1,"NV":0,"TB":0},{"Id":77,"V":1,"NV":0,"TB":0},{"Id":79,"V":1,"NV":0,"TB":0},{"Id":80,"V":1,"NV":0,"TB":1}],[{"Id":73,"V":6,"NV":0,"TB":0},{"Id":84,"V":6,"NV":0,"TB":0},{"Id":71,"V":4,"NV":0,"TB":0},{"Id":74,"V":4,"NV":0,"TB":0},{"Id":67,"V":3,"NV":0,"TB":0},{"Id":76,"V":3,"NV":1,"TB":0},{"Id":82,"V":3,"NV":0,"TB":0},{"Id":69,"V":2,"NV":0,"TB":0},{"Id":70,"V":2,"NV":0,"TB":0},{"Id":72,"V":2,"NV":0,"TB":0},{"Id":68,"V":1,"NV":0,"TB":0},{"Id":77,"V":1,"NV":0,"TB":0},{"Id":79,"V":1,"NV":0,"TB":1}],[{"Id":73,"V":6,"NV":0,"TB":0},{"Id":84,"V":6,"NV":0,"TB":0},{"Id":71,"V":4,"NV":0,"TB":0},{"Id":74,"V":4,"NV":0,"TB":0},{"Id":76,"V":4,"NV":1,"TB":0},{"Id":67,"V":3,"NV":0,"TB":0},{"Id":82,"V":3,"NV":0,"TB":0},{"Id":69,"V":2,"NV":0,"TB":0},{"Id":70,"V":2,"NV":0,"TB":0},{"Id":72,"V":2,"NV":0,"TB":0},{"Id":77,"V":1,"NV":0,"TB":0},{"Id":68,"V":1,"NV":0,"TB":2}],[{"Id":73,"V":6,"NV":0,"TB":0},{"Id":84,"V":6,"NV":0,"TB":0},{"Id":67,"V":4,"NV":1,"TB":0},{"Id":71,"V":4,"NV":0,"TB":0},{"Id":74,"V":4,"NV":0,"TB":0},{"Id":76,"V":4,"NV":0,"TB":0},{"Id":82,"V":3,"NV":0,"TB":0},{"Id":69,"V":2,"NV":0,"TB":0},{"Id":70,"V":2,"NV":0,"TB":0},{"Id":72,"V":2,"NV":0,"TB":0},{"Id":77,"V":1,"NV":0,"TB":0}],[{"Id":73,"V":6,"NV":0,"TB":0},{"Id":84,"V":6,"NV":0,"TB":0},{"Id":67,"V":4,"NV":0,"TB":0},{"Id":71,"V":4,"NV":0,"TB":0},{"Id":74,"V":4,"NV":0,"TB":0},{"Id":76,"V":4,"NV":0,"TB":0},{"Id":82,"V":4,"NV":1,"TB":0},{"Id":70,"V":2,"NV":0,"TB":0},{"Id":72,"V":2,"NV":0,"TB":0},{"Id":69,"V":2,"NV":0,"TB":3}],[{"Id":84,"V":7,"NV":1,"TB":0},{"Id":73,"V":6,"NV":0,"TB":0},{"Id":67,"V":4,"NV":0,"TB":0},{"Id":71,"V":4,"NV":0,"TB":0},{"Id":74,"V":4,"NV":0,"TB":0},{"Id":76,"V":4,"NV":0,"TB":0},{"Id":82,"V":4,"NV":0,"TB":0},{"Id":72,"V":2,"NV":0,"TB":0},{"Id":70,"V":2,"NV":0,"TB":2}],[{"Id":84,"V":7,"NV":0,"TB":0},{"Id":73,"V":6,"NV":0,"TB":0},{"Id":76,"V":5,"NV":1,"TB":0},{"Id":67,"V":4,"NV":0,"TB":0},{"Id":71,"V":4,"NV":0,"TB":0},{"Id":74,"V":4,"NV":0,"TB":0},{"Id":82,"V":4,"NV":0,"TB":0},{"Id":72,"V":2,"NV":0,"TB":0}],[{"Id":84,"V":7,"NV":0,"TB":0},{"Id":73,"V":6,"NV":0,"TB":0},{"Id":71,"V":5,"NV":1,"TB":0},{"Id":76,"V":5,"NV":0,"TB":0},{"Id":82,"V":5,"NV":1,"TB":0},{"Id":67,"V":4,"NV":0,"TB":0},{"Id":74,"V":4,"NV":0,"TB":1}],[{"Id":73,"V":7,"NV":1,"TB":0},{"Id":84,"V":7,"NV":0,"TB":0},{"Id":71,"V":6,"NV":1,"TB":0},{"Id":82,"V":6,"NV":1,"TB":0},{"Id":67,"V":5,"NV":1,"TB":0},{"Id":76,"V":5,"NV":0,"TB":1}],[{"Id":73,"V":8,"NV":1,"TB":0},{"Id":84,"V":8,"NV":1,"TB":0},{"Id":82,"V":7,"NV":1,"TB":0},{"Id":71,"V":6,"NV":0,"TB":0},{"Id":67,"V":5,"NV":0,"TB":0}],[{"Id":84,"V":10,"NV":2,"TB":0},{"Id":73,"V":9,"NV":1,"TB":0},{"Id":82,"V":7,"NV":0,"TB":0},{"Id":71,"V":7,"NV":1,"TB":2}],[{"Id":73,"V":12,"NV":3,"TB":0},{"Id":84,"V":11,"NV":1,"TB":0},{"Id":82,"V":9,"NV":2,"TB":0}],[{"Id":73,"V":15,"NV":3,"TB":0},{"Id":84,"V":14,"NV":3,"TB":0}],[{"Id":73,"V":23,"NV":8,"TB":0}]],"Expires":1576463229,"SecondsLeft":0}