{"Mtype":"results","Title":"Round 2","PollStarted":"2020-05-10T22:47:10.357740442Z","PollDuration":600000000000,"Options":{"65":"Natani dressed as Red Savarin, and Keith dressed as Elh Melizée from Solatorobo","66":"Keith loses a bet and let's Laura possess him for Natani's amusement.","67":"Laura as Little Red Riding Hood and Natani as the Big Bad Wolf.","68":"Young human Rose. Rose shows to Saria her secret ability.","69":"Fem Zen with Male Kathrin ","70":"Meave dressed as hat kid from 'A hat on time'","71":"Maddie faces horrifying scary danger in a quest to get her mother the ultimate Mother’s Day gift","72":"The Solider from Basitin Flirting learning how to properly flirt with a Basitin.","73":"Kat wakes up as a Dragon. And she's really shocked and surprised about it.","74":"Clovis asks Brutus to bite him after he finds out Brutus lifted the curse on his chicken partner","75":"Mike Reference Sheet","76":"Keidran Karen... with human ears?","77":"Modern day AU; LoFi-girl Kat studying in her college dorm. (Lofi-Kat to study/relax to)","78":"Kat performing a traditional Japanese Tea Ceremony","79":"Female Natani against glass","80":"Eric paints Clovis in a girly form on a red couch and eats one strawberry from a bowl on the table next to couch.","81":"Trace and Flora as The Rising of the shield hero ","82":"Maeve makes Flora a mother’s day card so she doesn’t feel “left out”, with her bun(s) in the oven not having fingers yet","83":"Cathleen and/or Cornelius Ref Sheet","84":"Carver discovers the dark secret of the Western Basitins. They’re cannibals and ends up on a roasting spit.","85":"Good Morning Tigress Trace.","86":"Arts and Crafts day at Trace’s Manor","87":"Nora at a furry convention,transforming furries into keidrans,after she does that the crowd cheers and then Nora is confused why are they happy.","88":"Wolf Nora meets Rose. Rose is offended.","89":"Cafe clash: a desperate, caffeine deprived Landen brawls with an enthusiastic King Adelaide over who's first in line for coffee :)"},"ExpectedBallots":56,"CountedBallots":55,"Ballots":["QBKC","PJETS","TCKJ","IULC","HY","KDPGHJCNIWTEOSVUYXFRBLQ","JBKWHSEGT","CNJTWBSY","MRF","ETJONFCWVIP","OMUNFLKIB","KSDTL","UWLBI","KMU","GHDCKYPNAMQERFSO","CHRUSXKAJGDYM","DTGKIC","RGDHSK","EQRJOFAN","KOEBUMXWPGHNIAQYFLJTC","RVKS","AOCW","CBRUXW","QBWUEJXRV","WBJD","P","JRIQEUOGYLWCX","H","E","BCG","IWOEUDGRQNKMYBHS","NROX","MNQIBPSTHCYUWRFDXLVGJKAEO","BYCINFQWM","LKODBPCXVEFSAGMHRIYTJ","QBOIWF","WRDBKMNGHJF","BCEDJLYOTISKNXUPHMF","RMFDNISGYVXQ","CFRQYBKJXUSVOMAHWTIGEPNLD","O","FKONIJ","N","WKO","KLNEUOACBHRSFGJMYPXIVQDTW","KDNL","CBWGNQRUTEJ","OPXNJIRMFW","QCUGED","ALVCTRQDJXHP","MNI","BGVCNYPUQFRHDWMOKT","CMEBHAOGLIQWSPXNVF","KEDYM","J"],"Placements":[[{"Id":75,"V":7,"NV":7,"TB":0},{"Id":67,"V":6,"NV":6,"TB":0},{"Id":66,"V":4,"NV":4,"TB":0},{"Id":81,"V":4,"NV":4,"TB":0},{"Id":69,"V":3,"NV":3,"TB":0},{"Id":74,"V":3,"NV":3,"TB":0},{"Id":77,"V":3,"NV":3,"TB":0},{"Id":79,"V":3,"NV":3,"TB":0},{"Id":82,"V":3,"NV":3,"TB":0},{"Id":87,"V":3,"NV":3,"TB":0},{"Id":65,"V":2,"NV":2,"TB":0},{"Id":72,"V":2,"NV":2,"TB":0},{"Id":73,"V":2,"NV":2,"TB":0},{"Id":78,"V":2,"NV":2,"TB":0},{"Id":80,"V":2,"NV":2,"TB":0},{"Id":68,"V":1,"NV":1,"TB":0},{"Id":70,"V":1,"NV":1,"TB":0},{"Id":71,"V":1,"NV":1,"TB":0},{"Id":76,"V":1,"NV":1,"TB":0},{"Id":84,"V":1,"NV":1,"TB":0},{"Id":85,"V":1,"NV":1,"TB":0},{"Id":83,"V":0,"NV":0,"TB":0},{"Id":88,"V":0,"NV":0,"TB":0},{"Id":89,"V":0,"NV":0,"TB":0},{"Id":86,"V":0,"NV":0,"TB":3}],[{"Id":75,"V":7,"NV":0,"TB":0},{"Id":67,"V":6,"NV":0,"TB":0},{"Id":66,"V":4,"NV":0,"TB":0},{"Id":81,"V":4,"NV":0,"TB":0},{"Id":69,"V":3,"NV":0,"TB":0},{"Id":74,"V":3,"NV":0,"TB":0},{"Id":77,"V":3,"NV":0,"TB":0},{"Id":79,"V":3,"NV":0,"TB":0},{"Id":82,"V":3,"NV":0,"TB":0},{"Id":87,"V":3,"NV":0,"TB":0},{"Id":65,"V":2,"NV":0,"TB":0},{"Id":72,"V":2,"NV":0,"TB":0},{"Id":73,"V":2,"NV":0,"TB":0},{"Id":78,"V":2,"NV":0,"TB":0},{"Id":80,"V":2,"NV":0,"TB":0},{"Id":68,"V":1,"NV":0,"TB":0},{"Id":70,"V":1,"NV":0,"TB":0},{"Id":71,"V":1,"NV":0,"TB":0},{"Id":76,"V":1,"NV":0,"TB":0},{"Id":84,"V":1,"NV":0,"TB":0},{"Id":85,"V":1,"NV":0,"TB":0},{"Id":83,"V":0,"NV":0,"TB":0},{"Id":89,"V":0,"NV":0,"TB":0},{"Id":88,"V":0,"NV":0,"TB":2}],[{"Id":75,"V":7,"NV":0,"TB":0},{"Id":67,"V":6,"NV":0,"TB":0},{"Id":66,"V":4,"NV":0,"TB":0},{"Id":81,"V":4,"NV":0,"TB":0},{"Id":69,"V":3,"NV":0,"TB":0},{"Id":74,"V":3,"NV":0,"TB":0},{"Id":77,"V":3,"NV":0,"TB":0},{"Id":79,"V":3,"NV":0,"TB":0},{"Id":82,"V":3,"NV":0,"TB":0},{"Id":87,"V":3,"NV":0,"TB":0},{"Id":65,"V":2,"NV":0,"TB":0},{"Id":72,"V":2,"NV":0,"TB":0},{"Id":73,"V":2,"NV":0,"TB":0},{"Id":78,"V":2,"NV":0,"TB":0},{"Id":80,"V":2,"NV":0,"TB":0},{"Id":68,"V":1,"NV":0,"TB":0},{"Id":70,"V":1,"NV":0,"TB":0},{"Id":71,"V":1,"NV":0,"TB":0},{"Id":76,"V":1,"NV":0,"TB":0},{"Id":84,"V":1,"NV":0,"TB":0},{"Id":85,"V":1,"NV":0,"TB":0},{"Id":89,"V":0,"NV":0,"TB":0},{"Id":83,"V":0,"NV":0,"TB":2}],[{"Id":75,"V":7,"NV":0,"TB":0},{"Id":67,"V":6,"NV":0,"TB":0},{"Id":66,"V":4,"NV":0,"TB":0},{"Id":81,"V":4,"NV":0,"TB":0},{"Id":69,"V":3,"NV":0,"TB":0},{"Id":74,"V":3,"NV":0,"TB":0},{"Id":77,"V":3,"NV":0,"TB":0},{"Id":79,"V":3,"NV":0,"TB":0},{"Id":82,"V":3,"NV":0,"TB":0},{"Id":87,"V":3,"NV":0,"TB":0},{"Id":65,"V":2,"NV":0,"TB":0},{"Id":72,"V":2,"NV":0,"TB":0},{"Id":73,"V":2,"NV":0,"TB":0},{"Id":78,"V":2,"NV":0,"TB":0},{"Id":80,"V":2,"NV":0,"TB":0},{"Id":68,"V":1,"NV":0,"TB":0},{"Id":70,"V":1,"NV":0,"TB":0},{"Id":71,"V":1,"NV":0,"TB":0},{"Id":76,"V":1,"NV":0,"TB":0},{"Id":84,"V":1,"NV":0,"TB":0},{"Id":85,"V":1,"NV":0,"TB":0},{"Id":89,"V":0,"NV":0,"TB":0}],[{"Id":75,"V":7,"NV":0,"TB":0},{"Id":67,"V":6,"NV":0,"TB":0},{"Id":66,"V":4,"NV":0,"TB":0},{"Id":81,"V":4,"NV":0,"TB":0},{"Id":69,"V":3,"NV":0,"TB":0},{"Id":74,"V":3,"NV":0,"TB":0},{"Id":77,"V":3,"NV":0,"TB":0},{"Id":79,"V":3,"NV":0,"TB":0},{"Id":82,"V":3,"NV":0,"TB":0},{"Id":87,"V":3,"NV":0,"TB":0},{"Id":65,"V":2,"NV":0,"TB":0},{"Id":72,"V":2,"NV":0,"TB":0},{"Id":73,"V":2,"NV":0,"TB":0},{"Id":78,"V":2,"NV":0,"TB":0},{"Id":80,"V":2,"NV":0,"TB":0},{"Id":68,"V":1,"NV":0,"TB":0},{"Id":70,"V":1,"NV":0,"TB":0},{"Id":76,"V":1,"NV":0,"TB":0},{"Id":84,"V":1,"NV":0,"TB":0},{"Id":85,"V":1,"NV":0,"TB":0},{"Id":71,"V":1,"NV":0,"TB":4}],[{"Id":75,"V":7,"NV":0,"TB":0},{"Id":67,"V":6,"NV":0,"TB":0},{"Id":66,"V":4,"NV":0,"TB":0},{"Id":81,"V":4,"NV":0,"TB":0},{"Id":69,"V":3,"NV":0,"TB":0},{"Id":72,"V":3,"NV":1,"TB":0},{"Id":74,"V":3,"NV":0,"TB":0},{"Id":77,"V":3,"NV":0,"TB":0},{"Id":79,"V":3,"NV":0,"TB":0},{"Id":82,"V":3,"NV":0,"TB":0},{"Id":87,"V":3,"NV":0,"TB":0},{"Id":65,"V":2,"NV":0,"TB":0},{"Id":73,"V":2,"NV":0,"TB":0},{"Id":78,"V":2,"NV":0,"TB":0},{"Id":80,"V":2,"NV":0,"TB":0},{"Id":70,"V":1,"NV":0,"TB":0},{"Id":76,"V":1,"NV":0,"TB":0},{"Id":84,"V":1,"NV":0,"TB":0},{"Id":85,"V":1,"NV":0,"TB":0},{"Id":68,"V":1,"NV":0,"TB":5}],[{"Id":75,"V":7,"NV":0,"TB":0},{"Id":67,"V":6,"NV":0,"TB":0},{"Id":66,"V":4,"NV":0,"TB":0},{"Id":81,"V":4,"NV":0,"TB":0},{"Id":69,"V":3,"NV":0,"TB":0},{"Id":72,"V":3,"NV":0,"TB":0},{"Id":74,"V":3,"NV":0,"TB":0},{"Id":77,"V":3,"NV":0,"TB":0},{"Id":79,"V":3,"NV":0,"TB":0},{"Id":82,"V":3,"NV":0,"TB":0},{"Id":87,"V":3,"NV":0,"TB":0},{"Id":65,"V":2,"NV":0,"TB":0},{"Id":73,"V":2,"NV":0,"TB":0},{"Id":78,"V":2,"NV":0,"TB":0},{"Id":80,"V":2,"NV":0,"TB":0},{"Id":84,"V":2,"NV":1,"TB":0},{"Id":76,"V":1,"NV":0,"TB":0},{"Id":85,"V":1,"NV":0,"TB":0},{"Id":70,"V":1,"NV":0,"TB":3}],[{"Id":75,"V":8,"NV":1,"TB":0},{"Id":67,"V":6,"NV":0,"TB":0},{"Id":66,"V":4,"NV":0,"TB":0},{"Id":81,"V":4,"NV":0,"TB":0},{"Id":69,"V":3,"NV":0,"TB":0},{"Id":72,"V":3,"NV":0,"TB":0},{"Id":74,"V":3,"NV":0,"TB":0},{"Id":77,"V":3,"NV":0,"TB":0},{"Id":79,"V":3,"NV":0,"TB":0},{"Id":82,"V":3,"NV":0,"TB":0},{"Id":87,"V":3,"NV":0,"TB":0},{"Id":65,"V":2,"NV":0,"TB":0},{"Id":73,"V":2,"NV":0,"TB":0},{"Id":78,"V":2,"NV":0,"TB":0},{"Id":80,"V":2,"NV":0,"TB":0},{"Id":84,"V":2,"NV":0,"TB":0},{"Id":85,"V":1,"NV":0,"TB":0},{"Id":76,"V":1,"NV":0,"TB":2}],[{"Id":75,"V":9,"NV":1,"TB":0},{"Id":67,"V":6,"NV":0,"TB":0},{"Id":66,"V":4,"NV":0,"TB":0},{"Id":81,"V":4,"NV":0,"TB":0},{"Id":69,"V":3,"NV":0,"TB":0},{"Id":72,"V":3,"NV":0,"TB":0},{"Id":74,"V":3,"NV":0,"TB":0},{"Id":77,"V":3,"NV":0,"TB":0},{"Id":79,"V":3,"NV":0,"TB":0},{"Id":82,"V":3,"NV":0,"TB":0},{"Id":87,"V":3,"NV":0,"TB":0},{"Id":65,"V":2,"NV":0,"TB":0},{"Id":73,"V":2,"NV":0,"TB":0},{"Id":78,"V":2,"NV":0,"TB":0},{"Id":80,"V":2,"NV":0,"TB":0},{"Id":84,"V":2,"NV":0,"TB":0},{"Id":85,"V":1,"NV":0,"TB":0}],[{"Id":75,"V":9,"NV":0,"TB":0},{"Id":67,"V":6,"NV":0,"TB":0},{"Id":66,"V":4,"NV":0,"TB":0},{"Id":81,"V":4,"NV":0,"TB":0},{"Id":87,"V":4,"NV":1,"TB":0},{"Id":69,"V":3,"NV":0,"TB":0},{"Id":72,"V":3,"NV":0,"TB":0},{"Id":74,"V":3,"NV":0,"TB":0},{"Id":77,"V":3,"NV":0,"TB":0},{"Id":79,"V":3,"NV":0,"TB":0},{"Id":82,"V":3,"NV":0,"TB":0},{"Id":65,"V":2,"NV":0,"TB":0},{"Id":73,"V":2,"NV":0,"TB":0},{"Id":78,"V":2,"NV":0,"TB":0},{"Id":84,"V":2,"NV":0,"TB":0},{"Id":80,"V":2,"NV":0,"TB":2}],[{"Id":75,"V":9,"NV":0,"TB":0},{"Id":67,"V":6,"NV":0,"TB":0},{"Id":66,"V":4,"NV":0,"TB":0},{"Id":74,"V":4,"NV":1,"TB":0},{"Id":81,"V":4,"NV":0,"TB":0},{"Id":87,"V":4,"NV":0,"TB":0},{"Id":69,"V":3,"NV":0,"TB":0},{"Id":72,"V":3,"NV":0,"TB":0},{"Id":77,"V":3,"NV":0,"TB":0},{"Id":79,"V":3,"NV":0,"TB":0},{"Id":82,"V":3,"NV":0,"TB":0},{"Id":65,"V":2,"NV":0,"TB":0},{"Id":73,"V":2,"NV":0,"TB":0},{"Id":78,"V":2,"NV":0,"TB":0},{"Id":84,"V":2,"NV":0,"TB":1}],[{"Id":75,"V":10,"NV":1,"TB":0},{"Id":67,"V":7,"NV":1,"TB":0},{"Id":66,"V":4,"NV":0,"TB":0},{"Id":74,"V":4,"NV":0,"TB":0},{"Id":81,"V":4,"NV":0,"TB":0},{"Id":87,"V":4,"NV":0,"TB":0},{"Id":69,"V":3,"NV":0,"TB":0},{"Id":72,"V":3,"NV":0,"TB":0},{"Id":77,"V":3,"NV":0,"TB":0},{"Id":79,"V":3,"NV":0,"TB":0},{"Id":82,"V":3,"NV":0,"TB":0},{"Id":73,"V":2,"NV":0,"TB":0},{"Id":78,"V":2,"NV":0,"TB":0},{"Id":65,"V":2,"NV":0,"TB":3}],[{"Id":75,"V":10,"NV":0,"TB":0},{"Id":67,"V":8,"NV":1,"TB":0},{"Id":66,"V":4,"NV":0,"TB":0},{"Id":74,"V":4,"NV":0,"TB":0},{"Id":79,"V":4,"NV":1,"TB":0},{"Id":81,"V":4,"NV":0,"TB":0},{"Id":87,"V":4,"NV":0,"TB":0},{"Id":69,"V":3,"NV":0,"TB":0},{"Id":72,"V":3,"NV":0,"TB":0},{"Id":77,"V":3,"NV":0,"TB":0},{"Id":82,"V":3,"NV":0,"TB":0},{"Id":78,"V":2,"NV":0,"TB":0},{"Id":73,"V":2,"NV":0,"TB":2}],[{"Id":75,"V":10,"NV":0,"TB":0},{"Id":67,"V":9,"NV":1,"TB":0},{"Id":87,"V":5,"NV":1,"TB":0},{"Id":66,"V":4,"NV":0,"TB":0},{"Id":74,"V":4,"NV":0,"TB":0},{"Id":79,"V":4,"NV":0,"TB":0},{"Id":81,"V":4,"NV":0,"TB":0},{"Id":69,"V":3,"NV":0,"TB":0},{"Id":72,"V":3,"NV":0,"TB":0},{"Id":77,"V":3,"NV":0,"TB":0},{"Id":82,"V":3,"NV":0,"TB":0},{"Id":78,"V":2,"NV":0,"TB":0}],[{"Id":75,"V":10,"NV":0,"TB":0},{"Id":67,"V":9,"NV":0,"TB":0},{"Id":87,"V":5,"NV":0,"TB":0},{"Id":66,"V":4,"NV":0,"TB":0},{"Id":74,"V":4,"NV":0,"TB":0},{"Id":79,"V":4,"NV":0,"TB":0},{"Id":81,"V":4,"NV":0,"TB":0},{"Id":82,"V":4,"NV":1,"TB":0},{"Id":72,"V":3,"NV":0,"TB":0},{"Id":77,"V":3,"NV":0,"TB":0},{"Id":69,"V":3,"NV":0,"TB":3}],[{"Id":75,"V":10,"NV":0,"TB":0},{"Id":67,"V":9,"NV":0,"TB":0},{"Id":74,"V":5,"NV":1,"TB":0},{"Id":81,"V":5,"NV":1,"TB":0},{"Id":87,"V":5,"NV":0,"TB":0},{"Id":66,"V":4,"NV":0,"TB":0},{"Id":79,"V":4,"NV":0,"TB":0},{"Id":82,"V":4,"NV":0,"TB":0},{"Id":72,"V":3,"NV":0,"TB":0},{"Id":77,"V":3,"NV":0,"TB":1}],[{"Id":75,"V":10,"NV":0,"TB":0},{"Id":67,"V":9,"NV":0,"TB":0},{"Id":81,"V":6,"NV":1,"TB":0},{"Id":74,"V":5,"NV":0,"TB":0},{"Id":82,"V":5,"NV":1,"TB":0},{"Id":87,"V":5,"NV":0,"TB":0},{"Id":66,"V":4,"NV":0,"TB":0},{"Id":79,"V":4,"NV":0,"TB":0},{"Id":72,"V":3,"NV":0,"TB":0}],[{"Id":67,"V":10,"NV":1,"TB":0},{"Id":75,"V":10,"NV":0,"TB":0},{"Id":81,"V":6,"NV":0,"TB":0},{"Id":74,"V":5,"NV":0,"TB":0},{"Id":82,"V":5,"NV":0,"TB":0},{"Id":87,"V":5,"NV":0,"TB":0},{"Id":79,"V":4,"NV":0,"TB":0},{"Id":66,"V":4,"NV":0,"TB":2}],[{"Id":67,"V":14,"NV":4,"TB":0},{"Id":75,"V":10,"NV":0,"TB":0},{"Id":81,"V":6,"NV":0,"TB":0},{"Id":74,"V":5,"NV":0,"TB":0},{"Id":82,"V":5,"NV":0,"TB":0},{"Id":87,"V":5,"NV":0,"TB":0},{"Id":79,"V":4,"NV":0,"TB":0}],[{"Id":67,"V":15,"NV":1,"TB":0},{"Id":75,"V":11,"NV":1,"TB":0},{"Id":74,"V":6,"NV":1,"TB":0},{"Id":81,"V":6,"NV":0,"TB":0},{"Id":82,"V":5,"NV":0,"TB":0},{"Id":87,"V":5,"NV":0,"TB":1}],[{"Id":67,"V":15,"NV":0,"TB":0},{"Id":75,"V":12,"NV":1,"TB":0},{"Id":74,"V":7,"NV":1,"TB":0},{"Id":82,"V":7,"NV":2,"TB":0},{"Id":81,"V":6,"NV":0,"TB":0}],[{"Id":67,"V":17,"NV":2,"TB":0},{"Id":75,"V":13,"NV":1,"TB":0},{"Id":82,"V":8,"NV":1,"TB":0},{"Id":74,"V":8,"NV":1,"TB":2}],[{"Id":67,"V":18,"NV":1,"TB":0},{"Id":75,"V":14,"NV":1,"TB":0},{"Id":82,"V":11,"NV":3,"TB":0}],[{"Id":67,"V":19,"NV":1,"TB":0},{"Id":75,"V":18,"NV":4,"TB":0}],[{"Id":67,"V":25,"NV":6,"TB":0}]],"Expires":1589152039,"SecondsLeft":0}