{"Mtype":"results","Title":"Round 4","PollStarted":"2020-05-18T01:38:28.833259246Z","PollDuration":600000000000,"Options":{"65":"Grand Templar Mary Siverlock learns that Eris has broken into a Keidran village where a peace agreement has been made and is not happy about it ","66":"Karen, Raine and Red are Astronauts on the first manned mission to Mars! (Cockpit view, with Mars out the window).","67":"traditional snow leopard celebration. Something makes me think they would be bouncing off the walls doing flips and stuff","68":"Nora at a furry convention changing furries into keidrans.","69":"Kathrin removes clothes from dolls of her friends. Elsewhere, her real friends feel compelled to get naked too.","70":"After Maren sees lion Keiren she is compelled to groom his wild mane to regal perfection. Flora suggests a pretty bow to finish it off.","71":"Keith posing in sexy lingerie for Natani.","72":"Redraw of 'Beach Party Trio' - Raine, Kat and Flora at the beach","73":"Natani TIE Fighter pilot, much like Raine as an X-Wing pilot","74":"Natani with short hair, and Zen with long hair. Totally not confusing which sibling is which.","75":"Good Morning Tigress Trace.","76":"Undercover Western Basitin Maddie abuses her adorableness while on duty to get invited/invite herself to a Western Basitin feast and gala. ","77":"Backstage Romance. After a long day filming on the set of Twokinds, Trace's actor retires backstage to greet his fiancée... Laura's actress.","78":"Teen Maeve cuddling up to Maddie","79":"Kat in a Maid outfit","80":"Gender-swapped universe, where a now male Clovis has to pretend to still be female on front of the female Brutus.  Maybe pleading a sore throat.","81":"Karen gets fully transformed (the rest of the way) into a keidran","82":"Flora(Ori) and the Blind Forest","83":"Adult Maddie and Maeve in the “human only” bath, with Maddie once again flustered in the situation. ","84":"Sequel to Supervisor 2 - Mike and Evals giving Fem-Eric some attention at a spa.","85":"Willow against the glass","86":"Carver is forced at spear point to dress like the Western Basitins.","87":"Laura and Keith’s Parents meeting in the afterlife"},"ExpectedBallots":47,"CountedBallots":47,"Ballots":["JHFS","PVJTIGOEL","KDGJTP","VEOHQMD","URLNSHKQ","FGVIEKUOTCLBNQJHMSDPWR","U","JUODG","GNJUVSLQOETMR","L","FNBQJ","LRHTJIMFNGVQES","HF","KNES","QPCIWHRG","WKUNDH","LVCAWM","GDJWN","IBJRFNC","H","JPEIKDQB","QBI","PWKNTJCUARGHOSFLBQDMIVE","CSL","HEOT","MDI","DWBILFAC","UOHN","KWDMP","TPEHCLGVDQJ","DNSAJQ","MABWKHICUN","RJGE","QSHEBAKJWOMRPCFGIDULVTN","WMULNPKTJDRCGIBFAOVQHSE","OSE","H","DEHQK","AHO","JOIVMHKUEFQ","BWTDEMFULJIH","JGIWCL","RMIWFCDASKLUTEBO","WEMRSFGNDQVJLUAK","MWDUJIGENH","ND","OTSI"],"Placements":[[{"Id":74,"V":5,"NV":5,"TB":0},{"Id":72,"V":4,"NV":4,"TB":0},{"Id":68,"V":3,"NV":3,"TB":0},{"Id":75,"V":3,"NV":3,"TB":0},{"Id":76,"V":3,"NV":3,"TB":0},{"Id":77,"V":3,"NV":3,"TB":0},{"Id":81,"V":3,"NV":3,"TB":0},{"Id":85,"V":3,"NV":3,"TB":0},{"Id":87,"V":3,"NV":3,"TB":0},{"Id":70,"V":2,"NV":2,"TB":0},{"Id":71,"V":2,"NV":2,"TB":0},{"Id":79,"V":2,"NV":2,"TB":0},{"Id":80,"V":2,"NV":2,"TB":0},{"Id":82,"V":2,"NV":2,"TB":0},{"Id":65,"V":1,"NV":1,"TB":0},{"Id":66,"V":1,"NV":1,"TB":0},{"Id":67,"V":1,"NV":1,"TB":0},{"Id":73,"V":1,"NV":1,"TB":0},{"Id":78,"V":1,"NV":1,"TB":0},{"Id":84,"V":1,"NV":1,"TB":0},{"Id":86,"V":1,"NV":1,"TB":0},{"Id":69,"V":0,"NV":0,"TB":0},{"Id":83,"V":0,"NV":0,"TB":1}],[{"Id":74,"V":5,"NV":0,"TB":0},{"Id":72,"V":4,"NV":0,"TB":0},{"Id":68,"V":3,"NV":0,"TB":0},{"Id":75,"V":3,"NV":0,"TB":0},{"Id":76,"V":3,"NV":0,"TB":0},{"Id":77,"V":3,"NV":0,"TB":0},{"Id":81,"V":3,"NV":0,"TB":0},{"Id":85,"V":3,"NV":0,"TB":0},{"Id":87,"V":3,"NV":0,"TB":0},{"Id":70,"V":2,"NV":0,"TB":0},{"Id":71,"V":2,"NV":0,"TB":0},{"Id":79,"V":2,"NV":0,"TB":0},{"Id":80,"V":2,"NV":0,"TB":0},{"Id":82,"V":2,"NV":0,"TB":0},{"Id":65,"V":1,"NV":0,"TB":0},{"Id":66,"V":1,"NV":0,"TB":0},{"Id":67,"V":1,"NV":0,"TB":0},{"Id":73,"V":1,"NV":0,"TB":0},{"Id":78,"V":1,"NV":0,"TB":0},{"Id":84,"V":1,"NV":0,"TB":0},{"Id":86,"V":1,"NV":0,"TB":0},{"Id":69,"V":0,"NV":0,"TB":0}],[{"Id":74,"V":5,"NV":0,"TB":0},{"Id":72,"V":4,"NV":0,"TB":0},{"Id":68,"V":3,"NV":0,"TB":0},{"Id":75,"V":3,"NV":0,"TB":0},{"Id":76,"V":3,"NV":0,"TB":0},{"Id":77,"V":3,"NV":0,"TB":0},{"Id":81,"V":3,"NV":0,"TB":0},{"Id":85,"V":3,"NV":0,"TB":0},{"Id":87,"V":3,"NV":0,"TB":0},{"Id":70,"V":2,"NV":0,"TB":0},{"Id":71,"V":2,"NV":0,"TB":0},{"Id":79,"V":2,"NV":0,"TB":0},{"Id":80,"V":2,"NV":0,"TB":0},{"Id":82,"V":2,"NV":0,"TB":0},{"Id":65,"V":1,"NV":0,"TB":0},{"Id":67,"V":1,"NV":0,"TB":0},{"Id":73,"V":1,"NV":0,"TB":0},{"Id":78,"V":1,"NV":0,"TB":0},{"Id":84,"V":1,"NV":0,"TB":0},{"Id":86,"V":1,"NV":0,"TB":0},{"Id":66,"V":1,"NV":0,"TB":6}],[{"Id":74,"V":5,"NV":0,"TB":0},{"Id":72,"V":4,"NV":0,"TB":0},{"Id":87,"V":4,"NV":1,"TB":0},{"Id":68,"V":3,"NV":0,"TB":0},{"Id":75,"V":3,"NV":0,"TB":0},{"Id":76,"V":3,"NV":0,"TB":0},{"Id":77,"V":3,"NV":0,"TB":0},{"Id":81,"V":3,"NV":0,"TB":0},{"Id":85,"V":3,"NV":0,"TB":0},{"Id":70,"V":2,"NV":0,"TB":0},{"Id":71,"V":2,"NV":0,"TB":0},{"Id":79,"V":2,"NV":0,"TB":0},{"Id":80,"V":2,"NV":0,"TB":0},{"Id":82,"V":2,"NV":0,"TB":0},{"Id":65,"V":1,"NV":0,"TB":0},{"Id":67,"V":1,"NV":0,"TB":0},{"Id":73,"V":1,"NV":0,"TB":0},{"Id":78,"V":1,"NV":0,"TB":0},{"Id":84,"V":1,"NV":0,"TB":0},{"Id":86,"V":1,"NV":0,"TB":1}],[{"Id":74,"V":5,"NV":0,"TB":0},{"Id":72,"V":4,"NV":0,"TB":0},{"Id":87,"V":4,"NV":0,"TB":0},{"Id":68,"V":3,"NV":0,"TB":0},{"Id":75,"V":3,"NV":0,"TB":0},{"Id":76,"V":3,"NV":0,"TB":0},{"Id":77,"V":3,"NV":0,"TB":0},{"Id":79,"V":3,"NV":1,"TB":0},{"Id":81,"V":3,"NV":0,"TB":0},{"Id":85,"V":3,"NV":0,"TB":0},{"Id":70,"V":2,"NV":0,"TB":0},{"Id":71,"V":2,"NV":0,"TB":0},{"Id":80,"V":2,"NV":0,"TB":0},{"Id":82,"V":2,"NV":0,"TB":0},{"Id":65,"V":1,"NV":0,"TB":0},{"Id":67,"V":1,"NV":0,"TB":0},{"Id":73,"V":1,"NV":0,"TB":0},{"Id":84,"V":1,"NV":0,"TB":0},{"Id":78,"V":1,"NV":0,"TB":2}],[{"Id":74,"V":5,"NV":0,"TB":0},{"Id":68,"V":4,"NV":1,"TB":0},{"Id":72,"V":4,"NV":0,"TB":0},{"Id":87,"V":4,"NV":0,"TB":0},{"Id":75,"V":3,"NV":0,"TB":0},{"Id":76,"V":3,"NV":0,"TB":0},{"Id":77,"V":3,"NV":0,"TB":0},{"Id":79,"V":3,"NV":0,"TB":0},{"Id":81,"V":3,"NV":0,"TB":0},{"Id":85,"V":3,"NV":0,"TB":0},{"Id":70,"V":2,"NV":0,"TB":0},{"Id":71,"V":2,"NV":0,"TB":0},{"Id":80,"V":2,"NV":0,"TB":0},{"Id":82,"V":2,"NV":0,"TB":0},{"Id":65,"V":1,"NV":0,"TB":0},{"Id":73,"V":1,"NV":0,"TB":0},{"Id":84,"V":1,"NV":0,"TB":0},{"Id":67,"V":1,"NV":0,"TB":3}],[{"Id":74,"V":5,"NV":0,"TB":0},{"Id":68,"V":4,"NV":0,"TB":0},{"Id":72,"V":4,"NV":0,"TB":0},{"Id":76,"V":4,"NV":1,"TB":0},{"Id":87,"V":4,"NV":0,"TB":0},{"Id":75,"V":3,"NV":0,"TB":0},{"Id":77,"V":3,"NV":0,"TB":0},{"Id":79,"V":3,"NV":0,"TB":0},{"Id":81,"V":3,"NV":0,"TB":0},{"Id":85,"V":3,"NV":0,"TB":0},{"Id":70,"V":2,"NV":0,"TB":0},{"Id":71,"V":2,"NV":0,"TB":0},{"Id":80,"V":2,"NV":0,"TB":0},{"Id":82,"V":2,"NV":0,"TB":0},{"Id":65,"V":1,"NV":0,"TB":0},{"Id":84,"V":1,"NV":0,"TB":0},{"Id":73,"V":1,"NV":0,"TB":2}],[{"Id":74,"V":6,"NV":1,"TB":0},{"Id":68,"V":4,"NV":0,"TB":0},{"Id":72,"V":4,"NV":0,"TB":0},{"Id":76,"V":4,"NV":0,"TB":0},{"Id":87,"V":4,"NV":0,"TB":0},{"Id":75,"V":3,"NV":0,"TB":0},{"Id":77,"V":3,"NV":0,"TB":0},{"Id":79,"V":3,"NV":0,"TB":0},{"Id":81,"V":3,"NV":0,"TB":0},{"Id":85,"V":3,"NV":0,"TB":0},{"Id":70,"V":2,"NV":0,"TB":0},{"Id":71,"V":2,"NV":0,"TB":0},{"Id":80,"V":2,"NV":0,"TB":0},{"Id":82,"V":2,"NV":0,"TB":0},{"Id":65,"V":1,"NV":0,"TB":0},{"Id":84,"V":1,"NV":0,"TB":1}],[{"Id":74,"V":6,"NV":0,"TB":0},{"Id":68,"V":4,"NV":0,"TB":0},{"Id":72,"V":4,"NV":0,"TB":0},{"Id":76,"V":4,"NV":0,"TB":0},{"Id":87,"V":4,"NV":0,"TB":0},{"Id":75,"V":3,"NV":0,"TB":0},{"Id":77,"V":3,"NV":0,"TB":0},{"Id":79,"V":3,"NV":0,"TB":0},{"Id":80,"V":3,"NV":1,"TB":0},{"Id":81,"V":3,"NV":0,"TB":0},{"Id":85,"V":3,"NV":0,"TB":0},{"Id":70,"V":2,"NV":0,"TB":0},{"Id":71,"V":2,"NV":0,"TB":0},{"Id":82,"V":2,"NV":0,"TB":0},{"Id":65,"V":1,"NV":0,"TB":0}],[{"Id":74,"V":6,"NV":0,"TB":0},{"Id":72,"V":5,"NV":1,"TB":0},{"Id":68,"V":4,"NV":0,"TB":0},{"Id":76,"V":4,"NV":0,"TB":0},{"Id":87,"V":4,"NV":0,"TB":0},{"Id":75,"V":3,"NV":0,"TB":0},{"Id":77,"V":3,"NV":0,"TB":0},{"Id":79,"V":3,"NV":0,"TB":0},{"Id":80,"V":3,"NV":0,"TB":0},{"Id":81,"V":3,"NV":0,"TB":0},{"Id":85,"V":3,"NV":0,"TB":0},{"Id":70,"V":2,"NV":0,"TB":0},{"Id":71,"V":2,"NV":0,"TB":0},{"Id":82,"V":2,"NV":0,"TB":1}],[{"Id":74,"V":7,"NV":1,"TB":0},{"Id":72,"V":5,"NV":0,"TB":0},{"Id":68,"V":4,"NV":0,"TB":0},{"Id":76,"V":4,"NV":0,"TB":0},{"Id":77,"V":4,"NV":1,"TB":0},{"Id":87,"V":4,"NV":0,"TB":0},{"Id":75,"V":3,"NV":0,"TB":0},{"Id":79,"V":3,"NV":0,"TB":0},{"Id":80,"V":3,"NV":0,"TB":0},{"Id":81,"V":3,"NV":0,"TB":0},{"Id":85,"V":3,"NV":0,"TB":0},{"Id":71,"V":2,"NV":0,"TB":0},{"Id":70,"V":2,"NV":0,"TB":2}],[{"Id":74,"V":7,"NV":0,"TB":0},{"Id":72,"V":5,"NV":0,"TB":0},{"Id":68,"V":4,"NV":0,"TB":0},{"Id":76,"V":4,"NV":0,"TB":0},{"Id":77,"V":4,"NV":0,"TB":0},{"Id":81,"V":4,"NV":1,"TB":0},{"Id":87,"V":4,"NV":0,"TB":0},{"Id":71,"V":3,"NV":1,"TB":0},{"Id":75,"V":3,"NV":0,"TB":0},{"Id":79,"V":3,"NV":0,"TB":0},{"Id":80,"V":3,"NV":0,"TB":0},{"Id":85,"V":3,"NV":0,"TB":1}],[{"Id":74,"V":7,"NV":0,"TB":0},{"Id":72,"V":5,"NV":0,"TB":0},{"Id":76,"V":5,"NV":1,"TB":0},{"Id":68,"V":4,"NV":0,"TB":0},{"Id":77,"V":4,"NV":0,"TB":0},{"Id":79,"V":4,"NV":1,"TB":0},{"Id":81,"V":4,"NV":0,"TB":0},{"Id":87,"V":4,"NV":0,"TB":0},{"Id":71,"V":3,"NV":0,"TB":0},{"Id":75,"V":3,"NV":0,"TB":0},{"Id":80,"V":3,"NV":0,"TB":1}],[{"Id":74,"V":8,"NV":1,"TB":0},{"Id":72,"V":6,"NV":1,"TB":0},{"Id":76,"V":5,"NV":0,"TB":0},{"Id":87,"V":5,"NV":1,"TB":0},{"Id":68,"V":4,"NV":0,"TB":0},{"Id":77,"V":4,"NV":0,"TB":0},{"Id":79,"V":4,"NV":0,"TB":0},{"Id":81,"V":4,"NV":0,"TB":0},{"Id":75,"V":3,"NV":0,"TB":0},{"Id":71,"V":3,"NV":0,"TB":2}],[{"Id":74,"V":9,"NV":1,"TB":0},{"Id":72,"V":6,"NV":0,"TB":0},{"Id":68,"V":5,"NV":1,"TB":0},{"Id":76,"V":5,"NV":0,"TB":0},{"Id":87,"V":5,"NV":0,"TB":0},{"Id":75,"V":4,"NV":1,"TB":0},{"Id":77,"V":4,"NV":0,"TB":0},{"Id":81,"V":4,"NV":0,"TB":0},{"Id":79,"V":4,"NV":0,"TB":2}],[{"Id":74,"V":9,"NV":0,"TB":0},{"Id":72,"V":8,"NV":2,"TB":0},{"Id":68,"V":5,"NV":0,"TB":0},{"Id":76,"V":5,"NV":0,"TB":0},{"Id":87,"V":5,"NV":0,"TB":0},{"Id":75,"V":4,"NV":0,"TB":0},{"Id":77,"V":4,"NV":0,"TB":0},{"Id":81,"V":4,"NV":0,"TB":1}],[{"Id":74,"V":10,"NV":1,"TB":0},{"Id":72,"V":9,"NV":1,"TB":0},{"Id":87,"V":6,"NV":1,"TB":0},{"Id":68,"V":5,"NV":0,"TB":0},{"Id":76,"V":5,"NV":0,"TB":0},{"Id":75,"V":4,"NV":0,"TB":0},{"Id":77,"V":4,"NV":0,"TB":1}],[{"Id":74,"V":10,"NV":0,"TB":0},{"Id":72,"V":9,"NV":0,"TB":0},{"Id":87,"V":9,"NV":3,"TB":0},{"Id":68,"V":6,"NV":1,"TB":0},{"Id":76,"V":5,"NV":0,"TB":0},{"Id":75,"V":4,"NV":0,"TB":0}],[{"Id":74,"V":10,"NV":0,"TB":0},{"Id":87,"V":10,"NV":1,"TB":0},{"Id":72,"V":9,"NV":0,"TB":0},{"Id":68,"V":7,"NV":1,"TB":0},{"Id":76,"V":6,"NV":1,"TB":0}],[{"Id":72,"V":11,"NV":2,"TB":0},{"Id":74,"V":11,"NV":1,"TB":0},{"Id":87,"V":11,"NV":1,"TB":0},{"Id":68,"V":7,"NV":0,"TB":0}],[{"Id":74,"V":14,"NV":3,"TB":0},{"Id":87,"V":12,"NV":1,"TB":0},{"Id":72,"V":12,"NV":1,"TB":2}],[{"Id":74,"V":17,"NV":3,"TB":0},{"Id":87,"V":12,"NV":0,"TB":0}],[{"Id":74,"V":22,"NV":5,"TB":0}]],"Expires":1589767109,"SecondsLeft":0}