{"Mtype":"results","Title":"Round 4","PollStarted":"2020-09-21T00:49:46.741267648Z","PollDuration":600000000000,"Options":{"65":"Double date: Trace and Flora go on a date, with Sythe and Maren joining them.","66":"Natani Body Pillow","67":"As a follow-on to a past April Fool joke, Red as a wolf keidran and Natani having to decide between Keith and Red.","68":"Good Morning Madelyn ","69":"Modern day Adira and Maeve huddle around a laptop to video call Amelia","70":"In the art style of Cuphead Keith and the Natani fight the Devil, Clovis.","71":"Willow moving into the apartment of Modern Laura \u0026 Kathrin ","72":"Maddie as agent 47  ","73":"Sequel to Human Kat. Eric asks the Kat to wear something. Kat decided to make a maid costume based on illustrations from Eric's books. But Eric's books very lewd and this costume make things worse.","74":"Flora \u0026 Trace as mermaids enjoying a romantic time with each other under the sea.","75":"Keith as Geralt training Maddie as Ciri in Kaer Morhen","76":"Natani teaches Kat how to swim at the beach...but Kat makes Natani flustered by subtly flirting","77":"Pirates of the Caribbean: Captain Flora and her secrets","78":"Adira are you good at mixing drinks?","79":"Trace and past Trace as twins at the Templar school for magic attempting to impress Head mistress Nora. ","80":"Kat helps Frankenstein's monsters to re-create the threads that hold her body parts together","81":"Sythe stuck in a zoo as an exhibit.","82":"Office Secretary Flora confidently showing off her new suit","83":"Remus and Romulus dressed as Gemini Spark from MegaMan StarForce. ","84":"Evals goes to see mike but finds very vixen mike changing clothes","85":"Nib Nab 6: Human Reni and Kei","86":"Flora meets Tigger and tries to bounce on her tail like him","87":"Sythe's hair grows into a curly 'fro and he takes up painting as a hobby. With Nibbly on his shoulder he finds the joy of painting happy little trees...","88":"Brutus, hearing \"Let me in\" Clovis, opens the gate a bit too quick slamming Clovis between it and the fence."},"ExpectedBallots":54,"CountedBallots":54,"Ballots":["XIBUNLRDEWGCHQMVTAJOK","QAXCSW","O","GEALNHQ","IW","UWXBALVTJO","GLNTQDXE","DKHWU","OVXLJ","RMNTKHLABGQPFWI","DRNEQHA","QGXALCRE","XN","UAB","AOQRJLMXWFK","FAWTLNRMH","IPTAULCO","BNDELIQKXU","SLWBDMUKHEGVOXFIPCNJQTAR","UTLIBRDGNAQPXVWFJKCHEOSM","TQ","DARN","BTEF","TN","N","KUIDFRTJGCEVLWXNA","UDWKXL","XEWQ","KSGHQPEJW","LIPG","VGOSWI","VDLKMBX","QNVGRCUPXKIEWAHSMDFOTLJB","KBHFVLNGE","HFWGPCXRASNQI","QJCTPOEUNL","OTRABIWGXDJQ","QXC","DM","L","BHDWMK","FWGLHJRIBKOP","GML","GOWLFUCQRJB","GQEWNUFX","VWJAMRXO","UVDAMNBHGPKCJL","POLNFVATCXIEDUMQBSHJWGKR","GUSWBXIQRAFVCMOD","TUBDLIAOQEKG","CGVRWLJ","BFCLX","GOLTAIFHECJDWPN","QDAGUMHONRCKBFILTS"],"Placements":[[{"Id":71,"V":7,"NV":7,"TB":0},{"Id":81,"V":6,"NV":6,"TB":0},{"Id":85,"V":5,"NV":5,"TB":0},{"Id":66,"V":4,"NV":4,"TB":0},{"Id":68,"V":4,"NV":4,"TB":0},{"Id":75,"V":3,"NV":3,"TB":0},{"Id":79,"V":3,"NV":3,"TB":0},{"Id":84,"V":3,"NV":3,"TB":0},{"Id":86,"V":3,"NV":3,"TB":0},{"Id":88,"V":3,"NV":3,"TB":0},{"Id":70,"V":2,"NV":2,"TB":0},{"Id":73,"V":2,"NV":2,"TB":0},{"Id":76,"V":2,"NV":2,"TB":0},{"Id":65,"V":1,"NV":1,"TB":0},{"Id":67,"V":1,"NV":1,"TB":0},{"Id":72,"V":1,"NV":1,"TB":0},{"Id":78,"V":1,"NV":1,"TB":0},{"Id":80,"V":1,"NV":1,"TB":0},{"Id":82,"V":1,"NV":1,"TB":0},{"Id":83,"V":1,"NV":1,"TB":0},{"Id":74,"V":0,"NV":0,"TB":0},{"Id":77,"V":0,"NV":0,"TB":0},{"Id":87,"V":0,"NV":0,"TB":0},{"Id":69,"V":0,"NV":0,"TB":4}],[{"Id":71,"V":7,"NV":0,"TB":0},{"Id":81,"V":6,"NV":0,"TB":0},{"Id":85,"V":5,"NV":0,"TB":0},{"Id":66,"V":4,"NV":0,"TB":0},{"Id":68,"V":4,"NV":0,"TB":0},{"Id":75,"V":3,"NV":0,"TB":0},{"Id":79,"V":3,"NV":0,"TB":0},{"Id":84,"V":3,"NV":0,"TB":0},{"Id":86,"V":3,"NV":0,"TB":0},{"Id":88,"V":3,"NV":0,"TB":0},{"Id":70,"V":2,"NV":0,"TB":0},{"Id":73,"V":2,"NV":0,"TB":0},{"Id":76,"V":2,"NV":0,"TB":0},{"Id":65,"V":1,"NV":0,"TB":0},{"Id":67,"V":1,"NV":0,"TB":0},{"Id":72,"V":1,"NV":0,"TB":0},{"Id":78,"V":1,"NV":0,"TB":0},{"Id":80,"V":1,"NV":0,"TB":0},{"Id":82,"V":1,"NV":0,"TB":0},{"Id":83,"V":1,"NV":0,"TB":0},{"Id":74,"V":0,"NV":0,"TB":0},{"Id":87,"V":0,"NV":0,"TB":0},{"Id":77,"V":0,"NV":0,"TB":2}],[{"Id":71,"V":7,"NV":0,"TB":0},{"Id":81,"V":6,"NV":0,"TB":0},{"Id":85,"V":5,"NV":0,"TB":0},{"Id":66,"V":4,"NV":0,"TB":0},{"Id":68,"V":4,"NV":0,"TB":0},{"Id":75,"V":3,"NV":0,"TB":0},{"Id":79,"V":3,"NV":0,"TB":0},{"Id":84,"V":3,"NV":0,"TB":0},{"Id":86,"V":3,"NV":0,"TB":0},{"Id":88,"V":3,"NV":0,"TB":0},{"Id":70,"V":2,"NV":0,"TB":0},{"Id":73,"V":2,"NV":0,"TB":0},{"Id":76,"V":2,"NV":0,"TB":0},{"Id":65,"V":1,"NV":0,"TB":0},{"Id":67,"V":1,"NV":0,"TB":0},{"Id":72,"V":1,"NV":0,"TB":0},{"Id":78,"V":1,"NV":0,"TB":0},{"Id":80,"V":1,"NV":0,"TB":0},{"Id":82,"V":1,"NV":0,"TB":0},{"Id":83,"V":1,"NV":0,"TB":0},{"Id":87,"V":0,"NV":0,"TB":0},{"Id":74,"V":0,"NV":0,"TB":2}],[{"Id":71,"V":7,"NV":0,"TB":0},{"Id":81,"V":6,"NV":0,"TB":0},{"Id":85,"V":5,"NV":0,"TB":0},{"Id":66,"V":4,"NV":0,"TB":0},{"Id":68,"V":4,"NV":0,"TB":0},{"Id":75,"V":3,"NV":0,"TB":0},{"Id":79,"V":3,"NV":0,"TB":0},{"Id":84,"V":3,"NV":0,"TB":0},{"Id":86,"V":3,"NV":0,"TB":0},{"Id":88,"V":3,"NV":0,"TB":0},{"Id":70,"V":2,"NV":0,"TB":0},{"Id":73,"V":2,"NV":0,"TB":0},{"Id":76,"V":2,"NV":0,"TB":0},{"Id":65,"V":1,"NV":0,"TB":0},{"Id":67,"V":1,"NV":0,"TB":0},{"Id":72,"V":1,"NV":0,"TB":0},{"Id":78,"V":1,"NV":0,"TB":0},{"Id":80,"V":1,"NV":0,"TB":0},{"Id":82,"V":1,"NV":0,"TB":0},{"Id":83,"V":1,"NV":0,"TB":0},{"Id":87,"V":0,"NV":0,"TB":0}],[{"Id":71,"V":7,"NV":0,"TB":0},{"Id":81,"V":6,"NV":0,"TB":0},{"Id":85,"V":5,"NV":0,"TB":0},{"Id":66,"V":4,"NV":0,"TB":0},{"Id":68,"V":4,"NV":0,"TB":0},{"Id":75,"V":3,"NV":0,"TB":0},{"Id":79,"V":3,"NV":0,"TB":0},{"Id":84,"V":3,"NV":0,"TB":0},{"Id":86,"V":3,"NV":0,"TB":0},{"Id":88,"V":3,"NV":0,"TB":0},{"Id":70,"V":2,"NV":0,"TB":0},{"Id":73,"V":2,"NV":0,"TB":0},{"Id":76,"V":2,"NV":0,"TB":0},{"Id":65,"V":1,"NV":0,"TB":0},{"Id":72,"V":1,"NV":0,"TB":0},{"Id":78,"V":1,"NV":0,"TB":0},{"Id":80,"V":1,"NV":0,"TB":0},{"Id":82,"V":1,"NV":0,"TB":0},{"Id":83,"V":1,"NV":0,"TB":0},{"Id":67,"V":1,"NV":0,"TB":6}],[{"Id":71,"V":8,"NV":1,"TB":0},{"Id":81,"V":6,"NV":0,"TB":0},{"Id":85,"V":5,"NV":0,"TB":0},{"Id":66,"V":4,"NV":0,"TB":0},{"Id":68,"V":4,"NV":0,"TB":0},{"Id":75,"V":3,"NV":0,"TB":0},{"Id":79,"V":3,"NV":0,"TB":0},{"Id":84,"V":3,"NV":0,"TB":0},{"Id":86,"V":3,"NV":0,"TB":0},{"Id":88,"V":3,"NV":0,"TB":0},{"Id":70,"V":2,"NV":0,"TB":0},{"Id":73,"V":2,"NV":0,"TB":0},{"Id":76,"V":2,"NV":0,"TB":0},{"Id":65,"V":1,"NV":0,"TB":0},{"Id":72,"V":1,"NV":0,"TB":0},{"Id":78,"V":1,"NV":0,"TB":0},{"Id":82,"V":1,"NV":0,"TB":0},{"Id":83,"V":1,"NV":0,"TB":0},{"Id":80,"V":1,"NV":0,"TB":3}],[{"Id":71,"V":8,"NV":0,"TB":0},{"Id":81,"V":6,"NV":0,"TB":0},{"Id":85,"V":5,"NV":0,"TB":0},{"Id":66,"V":4,"NV":0,"TB":0},{"Id":68,"V":4,"NV":0,"TB":0},{"Id":79,"V":4,"NV":1,"TB":0},{"Id":75,"V":3,"NV":0,"TB":0},{"Id":84,"V":3,"NV":0,"TB":0},{"Id":86,"V":3,"NV":0,"TB":0},{"Id":88,"V":3,"NV":0,"TB":0},{"Id":70,"V":2,"NV":0,"TB":0},{"Id":73,"V":2,"NV":0,"TB":0},{"Id":76,"V":2,"NV":0,"TB":0},{"Id":65,"V":1,"NV":0,"TB":0},{"Id":78,"V":1,"NV":0,"TB":0},{"Id":82,"V":1,"NV":0,"TB":0},{"Id":83,"V":1,"NV":0,"TB":0},{"Id":72,"V":1,"NV":0,"TB":4}],[{"Id":71,"V":8,"NV":0,"TB":0},{"Id":81,"V":6,"NV":0,"TB":0},{"Id":85,"V":5,"NV":0,"TB":0},{"Id":66,"V":4,"NV":0,"TB":0},{"Id":68,"V":4,"NV":0,"TB":0},{"Id":79,"V":4,"NV":0,"TB":0},{"Id":70,"V":3,"NV":1,"TB":0},{"Id":75,"V":3,"NV":0,"TB":0},{"Id":84,"V":3,"NV":0,"TB":0},{"Id":86,"V":3,"NV":0,"TB":0},{"Id":88,"V":3,"NV":0,"TB":0},{"Id":73,"V":2,"NV":0,"TB":0},{"Id":76,"V":2,"NV":0,"TB":0},{"Id":78,"V":1,"NV":0,"TB":0},{"Id":82,"V":1,"NV":0,"TB":0},{"Id":83,"V":1,"NV":0,"TB":0},{"Id":65,"V":1,"NV":0,"TB":4}],[{"Id":71,"V":8,"NV":0,"TB":0},{"Id":81,"V":6,"NV":0,"TB":0},{"Id":79,"V":5,"NV":1,"TB":0},{"Id":85,"V":5,"NV":0,"TB":0},{"Id":66,"V":4,"NV":0,"TB":0},{"Id":68,"V":4,"NV":0,"TB":0},{"Id":70,"V":3,"NV":0,"TB":0},{"Id":75,"V":3,"NV":0,"TB":0},{"Id":84,"V":3,"NV":0,"TB":0},{"Id":86,"V":3,"NV":0,"TB":0},{"Id":88,"V":3,"NV":0,"TB":0},{"Id":73,"V":2,"NV":0,"TB":0},{"Id":76,"V":2,"NV":0,"TB":0},{"Id":78,"V":1,"NV":0,"TB":0},{"Id":82,"V":1,"NV":0,"TB":0},{"Id":83,"V":1,"NV":0,"TB":1}],[{"Id":71,"V":8,"NV":0,"TB":0},{"Id":81,"V":6,"NV":0,"TB":0},{"Id":79,"V":5,"NV":0,"TB":0},{"Id":85,"V":5,"NV":0,"TB":0},{"Id":66,"V":4,"NV":0,"TB":0},{"Id":68,"V":4,"NV":0,"TB":0},{"Id":70,"V":3,"NV":0,"TB":0},{"Id":75,"V":3,"NV":0,"TB":0},{"Id":76,"V":3,"NV":1,"TB":0},{"Id":84,"V":3,"NV":0,"TB":0},{"Id":86,"V":3,"NV":0,"TB":0},{"Id":88,"V":3,"NV":0,"TB":0},{"Id":73,"V":2,"NV":0,"TB":0},{"Id":78,"V":1,"NV":0,"TB":0},{"Id":82,"V":1,"NV":0,"TB":1}],[{"Id":71,"V":8,"NV":0,"TB":0},{"Id":81,"V":6,"NV":0,"TB":0},{"Id":79,"V":5,"NV":0,"TB":0},{"Id":85,"V":5,"NV":0,"TB":0},{"Id":66,"V":4,"NV":0,"TB":0},{"Id":68,"V":4,"NV":0,"TB":0},{"Id":70,"V":3,"NV":0,"TB":0},{"Id":75,"V":3,"NV":0,"TB":0},{"Id":76,"V":3,"NV":0,"TB":0},{"Id":84,"V":3,"NV":0,"TB":0},{"Id":86,"V":3,"NV":0,"TB":0},{"Id":88,"V":3,"NV":0,"TB":0},{"Id":73,"V":2,"NV":0,"TB":0},{"Id":78,"V":2,"NV":1,"TB":1}],[{"Id":71,"V":8,"NV":0,"TB":0},{"Id":81,"V":6,"NV":0,"TB":0},{"Id":79,"V":5,"NV":0,"TB":0},{"Id":85,"V":5,"NV":0,"TB":0},{"Id":66,"V":4,"NV":0,"TB":0},{"Id":68,"V":4,"NV":0,"TB":0},{"Id":84,"V":4,"NV":1,"TB":0},{"Id":70,"V":3,"NV":0,"TB":0},{"Id":75,"V":3,"NV":0,"TB":0},{"Id":76,"V":3,"NV":0,"TB":0},{"Id":86,"V":3,"NV":0,"TB":0},{"Id":88,"V":3,"NV":0,"TB":0},{"Id":73,"V":2,"NV":0,"TB":0}],[{"Id":71,"V":8,"NV":0,"TB":0},{"Id":81,"V":6,"NV":0,"TB":0},{"Id":79,"V":5,"NV":0,"TB":0},{"Id":84,"V":5,"NV":1,"TB":0},{"Id":85,"V":5,"NV":0,"TB":0},{"Id":66,"V":4,"NV":0,"TB":0},{"Id":68,"V":4,"NV":0,"TB":0},{"Id":70,"V":3,"NV":0,"TB":0},{"Id":76,"V":3,"NV":0,"TB":0},{"Id":86,"V":3,"NV":0,"TB":0},{"Id":88,"V":3,"NV":0,"TB":0},{"Id":75,"V":3,"NV":0,"TB":4}],[{"Id":71,"V":9,"NV":1,"TB":0},{"Id":81,"V":6,"NV":0,"TB":0},{"Id":85,"V":6,"NV":1,"TB":0},{"Id":66,"V":5,"NV":1,"TB":0},{"Id":79,"V":5,"NV":0,"TB":0},{"Id":84,"V":5,"NV":0,"TB":0},{"Id":68,"V":4,"NV":0,"TB":0},{"Id":76,"V":3,"NV":0,"TB":0},{"Id":86,"V":3,"NV":0,"TB":0},{"Id":88,"V":3,"NV":0,"TB":0},{"Id":70,"V":3,"NV":0,"TB":4}],[{"Id":71,"V":11,"NV":2,"TB":0},{"Id":81,"V":6,"NV":0,"TB":0},{"Id":84,"V":6,"NV":1,"TB":0},{"Id":85,"V":6,"NV":0,"TB":0},{"Id":66,"V":5,"NV":0,"TB":0},{"Id":79,"V":5,"NV":0,"TB":0},{"Id":68,"V":4,"NV":0,"TB":0},{"Id":76,"V":3,"NV":0,"TB":0},{"Id":86,"V":3,"NV":0,"TB":0},{"Id":88,"V":3,"NV":0,"TB":1}],[{"Id":71,"V":11,"NV":0,"TB":0},{"Id":81,"V":7,"NV":1,"TB":0},{"Id":66,"V":6,"NV":1,"TB":0},{"Id":84,"V":6,"NV":0,"TB":0},{"Id":85,"V":6,"NV":0,"TB":0},{"Id":79,"V":5,"NV":0,"TB":0},{"Id":68,"V":4,"NV":0,"TB":0},{"Id":76,"V":3,"NV":0,"TB":0},{"Id":86,"V":3,"NV":0,"TB":1}],[{"Id":71,"V":12,"NV":1,"TB":0},{"Id":81,"V":7,"NV":0,"TB":0},{"Id":66,"V":6,"NV":0,"TB":0},{"Id":79,"V":6,"NV":1,"TB":0},{"Id":84,"V":6,"NV":0,"TB":0},{"Id":85,"V":6,"NV":0,"TB":0},{"Id":68,"V":5,"NV":1,"TB":0},{"Id":76,"V":3,"NV":0,"TB":0}],[{"Id":71,"V":13,"NV":1,"TB":0},{"Id":66,"V":7,"NV":1,"TB":0},{"Id":81,"V":7,"NV":0,"TB":0},{"Id":79,"V":6,"NV":0,"TB":0},{"Id":84,"V":6,"NV":0,"TB":0},{"Id":85,"V":6,"NV":0,"TB":0},{"Id":68,"V":5,"NV":0,"TB":0}],[{"Id":71,"V":13,"NV":0,"TB":0},{"Id":66,"V":8,"NV":1,"TB":0},{"Id":81,"V":8,"NV":1,"TB":0},{"Id":85,"V":7,"NV":1,"TB":0},{"Id":79,"V":6,"NV":0,"TB":0},{"Id":84,"V":6,"NV":0,"TB":1}],[{"Id":71,"V":13,"NV":0,"TB":0},{"Id":66,"V":9,"NV":1,"TB":0},{"Id":81,"V":9,"NV":1,"TB":0},{"Id":85,"V":9,"NV":2,"TB":0},{"Id":79,"V":6,"NV":0,"TB":0}],[{"Id":71,"V":13,"NV":0,"TB":0},{"Id":66,"V":10,"NV":1,"TB":0},{"Id":85,"V":10,"NV":1,"TB":0},{"Id":81,"V":10,"NV":1,"TB":2}],[{"Id":71,"V":16,"NV":3,"TB":0},{"Id":85,"V":11,"NV":1,"TB":0},{"Id":66,"V":10,"NV":0,"TB":0}],[{"Id":71,"V":19,"NV":3,"TB":0},{"Id":85,"V":14,"NV":3,"TB":0}],[{"Id":71,"V":26,"NV":7,"TB":0}]],"Expires":1600650586,"SecondsLeft":0}