{"Mtype":"results","Title":"Round 4","PollStarted":"2020-10-05T02:41:56.772601645Z","PollDuration":600000000000,"Options":{"65":"TITANIC movie scene. Keith and Natani on Eric's boat ( Na'Rella ) while sailing to the Basitin Island. Natani stands on the railing and Keith holds her so she doesn't fall. ","66":"Roselyn at the end of a hallway telling Trace, “Come play with me.” (The Shining Reference)","67":"sequel to Bodyswap Bath this time its Flora and Trace","68":"Undercover Maddie Finale. Maddie has safely made her way back home and is preparing to give a report on what was learned... But... What DID we learn???","69":"A nervous Kathrin walks in on a very frantic very vixen Mike, who is plotting a very elaborate plan to get revenge for being turned into a girl of varying proportions every other Sunday.","70":"Trace as hades; Flora as Persephone (“Trades \u0026 Purrrsephone”?)","71":"Flora and Kathrin as shrine maidens","72":"Flora meets Tigger and tries to jump around like him","73":"In an AU where Laura survives, she is introduced to Team B.  This would probably be a scene in the comic between pages 1005 and 1017.","74":"King Adelaide insists that she could throw the next basitin exile to the mainland herself, like a javelin, and arranges a demonstration.","75":"Nora’s 1st Mate The moments before Nora \u0026 her 1st ♂/genderbent♀ mate/intended father of her 1st hatchling/s, 1st mating.","76":"Kat on a skateboard","77":"The main characters go trick-or-treating","78":"Keidran among us. Templarmates argue over who is the impostor.","79":"Zen peaks in at Natani and is embarrassed to find Natani and Keith kissing","80":"Wolf Raine dressed as Vampirella and Maren dressed as sexy nun for Halloween","81":"Transformation lapse of Raine ","82":"Flora dressed as Magnolia from Fallout 4, singing one of her songs in the Third Rail. ","83":"Sythe's hair has grown into a curly 'fro and he has taken up painting as a hobby. With Nibbly on his shoulder he finds the joy of painting happy little trees...","84":"The many ghosts of Keith: Keith's parents decide to visit for Halloween. Laura and Alaric had the same idea.","85":"Double Date: Trace and Flora go on a date, with Sythe and Maren joining them","86":"Good Morning Very Vixen Mike","87":"Young Eric holding kitten Kat as she sleeps. ","88":"Sequel to \"Island Style Reni\" with Reni hula-dancing, flanked by VixenMike and FemBrutus. Nora 'helps' Reni impress Kei by stealing Reni's grass skirt (also Mike's and Brutus'), leaving Reni bottomless, embarrassed and blushing."},"ExpectedBallots":63,"CountedBallots":63,"Ballots":["PVQSL","DJTW","QCKPAOXDMLETWFIVNRBHGJSU","TGDLWEPNHVJSMQCXOKUFAI","XVECK","SUPBTNIJ","UBF","UPL","MUWBL","D","X","XSITDOQNPKJB","BVGWDNQFLSUJ","VCEOIDA","TGWHQ","CNV","GIPNTQEW","PBGILSOTEWDAFU","OVTADBN","PWEBJIL","KVWOEXI","XUOC","BHFLVUGRCQWK","UV","BCJEUFSR","CQMTBDW","DOWGLPQA","BHUCSMQ","QCEKLWIBMT","GDB","JV","PO","KU","BNSW","QWSUCV","WSXGB","QXDIKRUVBAWNOSPJFMLGCEHT","ITWSLDGH","LTGP","MIBTPNKH","IEJXOHU","OAIBFSWGVKDMNLHPC","XSIJWFQLV","IBLNRWTHODPMEQAUFVJGCSXK","WIQGNOSLEAMKF","GFPBLHVXDACKW","CVXQE","A","NSQ","IDJOVWLSG","SWUTCONIVEHPJGX","P","JCUQ","TJHNWVAQLFGBRE","ITUW","VCKXE","HGV","UJ","JFIQVEBHN","ALWKVIRBUE","IOTQ","INWETBXSAJVFRHDQG","QXEVGPC"],"Placements":[[{"Id":73,"V":7,"NV":7,"TB":0},{"Id":66,"V":5,"NV":5,"TB":0},{"Id":80,"V":5,"NV":5,"TB":0},{"Id":81,"V":5,"NV":5,"TB":0},{"Id":88,"V":5,"NV":5,"TB":0},{"Id":85,"V":4,"NV":4,"TB":0},{"Id":67,"V":3,"NV":3,"TB":0},{"Id":68,"V":3,"NV":3,"TB":0},{"Id":71,"V":3,"NV":3,"TB":0},{"Id":74,"V":3,"NV":3,"TB":0},{"Id":84,"V":3,"NV":3,"TB":0},{"Id":65,"V":2,"NV":2,"TB":0},{"Id":75,"V":2,"NV":2,"TB":0},{"Id":77,"V":2,"NV":2,"TB":0},{"Id":79,"V":2,"NV":2,"TB":0},{"Id":83,"V":2,"NV":2,"TB":0},{"Id":86,"V":2,"NV":2,"TB":0},{"Id":87,"V":2,"NV":2,"TB":0},{"Id":72,"V":1,"NV":1,"TB":0},{"Id":76,"V":1,"NV":1,"TB":0},{"Id":78,"V":1,"NV":1,"TB":0},{"Id":69,"V":0,"NV":0,"TB":0},{"Id":82,"V":0,"NV":0,"TB":0},{"Id":70,"V":0,"NV":0,"TB":2}],[{"Id":73,"V":7,"NV":0,"TB":0},{"Id":66,"V":5,"NV":0,"TB":0},{"Id":80,"V":5,"NV":0,"TB":0},{"Id":81,"V":5,"NV":0,"TB":0},{"Id":88,"V":5,"NV":0,"TB":0},{"Id":85,"V":4,"NV":0,"TB":0},{"Id":67,"V":3,"NV":0,"TB":0},{"Id":68,"V":3,"NV":0,"TB":0},{"Id":71,"V":3,"NV":0,"TB":0},{"Id":74,"V":3,"NV":0,"TB":0},{"Id":84,"V":3,"NV":0,"TB":0},{"Id":65,"V":2,"NV":0,"TB":0},{"Id":75,"V":2,"NV":0,"TB":0},{"Id":77,"V":2,"NV":0,"TB":0},{"Id":79,"V":2,"NV":0,"TB":0},{"Id":83,"V":2,"NV":0,"TB":0},{"Id":86,"V":2,"NV":0,"TB":0},{"Id":87,"V":2,"NV":0,"TB":0},{"Id":72,"V":1,"NV":0,"TB":0},{"Id":76,"V":1,"NV":0,"TB":0},{"Id":78,"V":1,"NV":0,"TB":0},{"Id":69,"V":0,"NV":0,"TB":0},{"Id":82,"V":0,"NV":0,"TB":1}],[{"Id":73,"V":7,"NV":0,"TB":0},{"Id":66,"V":5,"NV":0,"TB":0},{"Id":80,"V":5,"NV":0,"TB":0},{"Id":81,"V":5,"NV":0,"TB":0},{"Id":88,"V":5,"NV":0,"TB":0},{"Id":85,"V":4,"NV":0,"TB":0},{"Id":67,"V":3,"NV":0,"TB":0},{"Id":68,"V":3,"NV":0,"TB":0},{"Id":71,"V":3,"NV":0,"TB":0},{"Id":74,"V":3,"NV":0,"TB":0},{"Id":84,"V":3,"NV":0,"TB":0},{"Id":65,"V":2,"NV":0,"TB":0},{"Id":75,"V":2,"NV":0,"TB":0},{"Id":77,"V":2,"NV":0,"TB":0},{"Id":79,"V":2,"NV":0,"TB":0},{"Id":83,"V":2,"NV":0,"TB":0},{"Id":86,"V":2,"NV":0,"TB":0},{"Id":87,"V":2,"NV":0,"TB":0},{"Id":72,"V":1,"NV":0,"TB":0},{"Id":76,"V":1,"NV":0,"TB":0},{"Id":78,"V":1,"NV":0,"TB":0},{"Id":69,"V":0,"NV":0,"TB":0}],[{"Id":73,"V":7,"NV":0,"TB":0},{"Id":66,"V":5,"NV":0,"TB":0},{"Id":80,"V":5,"NV":0,"TB":0},{"Id":81,"V":5,"NV":0,"TB":0},{"Id":88,"V":5,"NV":0,"TB":0},{"Id":85,"V":4,"NV":0,"TB":0},{"Id":67,"V":3,"NV":0,"TB":0},{"Id":68,"V":3,"NV":0,"TB":0},{"Id":71,"V":3,"NV":0,"TB":0},{"Id":74,"V":3,"NV":0,"TB":0},{"Id":84,"V":3,"NV":0,"TB":0},{"Id":65,"V":2,"NV":0,"TB":0},{"Id":75,"V":2,"NV":0,"TB":0},{"Id":77,"V":2,"NV":0,"TB":0},{"Id":79,"V":2,"NV":0,"TB":0},{"Id":83,"V":2,"NV":0,"TB":0},{"Id":86,"V":2,"NV":0,"TB":0},{"Id":87,"V":2,"NV":0,"TB":0},{"Id":76,"V":1,"NV":0,"TB":0},{"Id":78,"V":1,"NV":0,"TB":0},{"Id":72,"V":1,"NV":0,"TB":3}],[{"Id":73,"V":7,"NV":0,"TB":0},{"Id":66,"V":5,"NV":0,"TB":0},{"Id":80,"V":5,"NV":0,"TB":0},{"Id":81,"V":5,"NV":0,"TB":0},{"Id":88,"V":5,"NV":0,"TB":0},{"Id":71,"V":4,"NV":1,"TB":0},{"Id":85,"V":4,"NV":0,"TB":0},{"Id":67,"V":3,"NV":0,"TB":0},{"Id":68,"V":3,"NV":0,"TB":0},{"Id":74,"V":3,"NV":0,"TB":0},{"Id":84,"V":3,"NV":0,"TB":0},{"Id":65,"V":2,"NV":0,"TB":0},{"Id":75,"V":2,"NV":0,"TB":0},{"Id":77,"V":2,"NV":0,"TB":0},{"Id":79,"V":2,"NV":0,"TB":0},{"Id":83,"V":2,"NV":0,"TB":0},{"Id":86,"V":2,"NV":0,"TB":0},{"Id":87,"V":2,"NV":0,"TB":0},{"Id":76,"V":1,"NV":0,"TB":0},{"Id":78,"V":1,"NV":0,"TB":1}],[{"Id":73,"V":7,"NV":0,"TB":0},{"Id":66,"V":5,"NV":0,"TB":0},{"Id":80,"V":5,"NV":0,"TB":0},{"Id":81,"V":5,"NV":0,"TB":0},{"Id":88,"V":5,"NV":0,"TB":0},{"Id":71,"V":4,"NV":0,"TB":0},{"Id":85,"V":4,"NV":0,"TB":0},{"Id":67,"V":3,"NV":0,"TB":0},{"Id":68,"V":3,"NV":0,"TB":0},{"Id":74,"V":3,"NV":0,"TB":0},{"Id":83,"V":3,"NV":1,"TB":0},{"Id":84,"V":3,"NV":0,"TB":0},{"Id":65,"V":2,"NV":0,"TB":0},{"Id":75,"V":2,"NV":0,"TB":0},{"Id":77,"V":2,"NV":0,"TB":0},{"Id":79,"V":2,"NV":0,"TB":0},{"Id":86,"V":2,"NV":0,"TB":0},{"Id":87,"V":2,"NV":0,"TB":0},{"Id":76,"V":1,"NV":0,"TB":0}],[{"Id":73,"V":7,"NV":0,"TB":0},{"Id":66,"V":5,"NV":0,"TB":0},{"Id":80,"V":5,"NV":0,"TB":0},{"Id":81,"V":5,"NV":0,"TB":0},{"Id":88,"V":5,"NV":0,"TB":0},{"Id":71,"V":4,"NV":0,"TB":0},{"Id":84,"V":4,"NV":1,"TB":0},{"Id":85,"V":4,"NV":0,"TB":0},{"Id":67,"V":3,"NV":0,"TB":0},{"Id":68,"V":3,"NV":0,"TB":0},{"Id":74,"V":3,"NV":0,"TB":0},{"Id":83,"V":3,"NV":0,"TB":0},{"Id":65,"V":2,"NV":0,"TB":0},{"Id":75,"V":2,"NV":0,"TB":0},{"Id":77,"V":2,"NV":0,"TB":0},{"Id":79,"V":2,"NV":0,"TB":0},{"Id":87,"V":2,"NV":0,"TB":0},{"Id":86,"V":2,"NV":0,"TB":2}],[{"Id":73,"V":7,"NV":0,"TB":0},{"Id":66,"V":5,"NV":0,"TB":0},{"Id":67,"V":5,"NV":2,"TB":0},{"Id":80,"V":5,"NV":0,"TB":0},{"Id":81,"V":5,"NV":0,"TB":0},{"Id":88,"V":5,"NV":0,"TB":0},{"Id":71,"V":4,"NV":0,"TB":0},{"Id":84,"V":4,"NV":0,"TB":0},{"Id":85,"V":4,"NV":0,"TB":0},{"Id":68,"V":3,"NV":0,"TB":0},{"Id":74,"V":3,"NV":0,"TB":0},{"Id":83,"V":3,"NV":0,"TB":0},{"Id":65,"V":2,"NV":0,"TB":0},{"Id":77,"V":2,"NV":0,"TB":0},{"Id":79,"V":2,"NV":0,"TB":0},{"Id":87,"V":2,"NV":0,"TB":0},{"Id":75,"V":2,"NV":0,"TB":4}],[{"Id":73,"V":7,"NV":0,"TB":0},{"Id":66,"V":5,"NV":0,"TB":0},{"Id":67,"V":5,"NV":0,"TB":0},{"Id":80,"V":5,"NV":0,"TB":0},{"Id":81,"V":5,"NV":0,"TB":0},{"Id":85,"V":5,"NV":1,"TB":0},{"Id":88,"V":5,"NV":0,"TB":0},{"Id":71,"V":4,"NV":0,"TB":0},{"Id":84,"V":4,"NV":0,"TB":0},{"Id":68,"V":3,"NV":0,"TB":0},{"Id":74,"V":3,"NV":0,"TB":0},{"Id":83,"V":3,"NV":0,"TB":0},{"Id":87,"V":3,"NV":1,"TB":0},{"Id":65,"V":2,"NV":0,"TB":0},{"Id":77,"V":2,"NV":0,"TB":0},{"Id":79,"V":2,"NV":0,"TB":1}],[{"Id":73,"V":7,"NV":0,"TB":0},{"Id":66,"V":5,"NV":0,"TB":0},{"Id":67,"V":5,"NV":0,"TB":0},{"Id":80,"V":5,"NV":0,"TB":0},{"Id":81,"V":5,"NV":0,"TB":0},{"Id":84,"V":5,"NV":1,"TB":0},{"Id":85,"V":5,"NV":0,"TB":0},{"Id":88,"V":5,"NV":0,"TB":0},{"Id":71,"V":4,"NV":0,"TB":0},{"Id":65,"V":3,"NV":1,"TB":0},{"Id":68,"V":3,"NV":0,"TB":0},{"Id":74,"V":3,"NV":0,"TB":0},{"Id":83,"V":3,"NV":0,"TB":0},{"Id":87,"V":3,"NV":0,"TB":0},{"Id":77,"V":2,"NV":0,"TB":0}],[{"Id":73,"V":8,"NV":1,"TB":0},{"Id":85,"V":6,"NV":1,"TB":0},{"Id":66,"V":5,"NV":0,"TB":0},{"Id":67,"V":5,"NV":0,"TB":0},{"Id":80,"V":5,"NV":0,"TB":0},{"Id":81,"V":5,"NV":0,"TB":0},{"Id":84,"V":5,"NV":0,"TB":0},{"Id":88,"V":5,"NV":0,"TB":0},{"Id":71,"V":4,"NV":0,"TB":0},{"Id":65,"V":3,"NV":0,"TB":0},{"Id":74,"V":3,"NV":0,"TB":0},{"Id":83,"V":3,"NV":0,"TB":0},{"Id":87,"V":3,"NV":0,"TB":0},{"Id":68,"V":3,"NV":0,"TB":4}],[{"Id":73,"V":8,"NV":0,"TB":0},{"Id":85,"V":6,"NV":0,"TB":0},{"Id":66,"V":5,"NV":0,"TB":0},{"Id":67,"V":5,"NV":0,"TB":0},{"Id":80,"V":5,"NV":0,"TB":0},{"Id":81,"V":5,"NV":0,"TB":0},{"Id":84,"V":5,"NV":0,"TB":0},{"Id":88,"V":5,"NV":0,"TB":0},{"Id":71,"V":4,"NV":0,"TB":0},{"Id":74,"V":4,"NV":1,"TB":0},{"Id":87,"V":4,"NV":1,"TB":0},{"Id":83,"V":3,"NV":0,"TB":0},{"Id":65,"V":3,"NV":0,"TB":2}],[{"Id":73,"V":9,"NV":1,"TB":0},{"Id":85,"V":6,"NV":0,"TB":0},{"Id":66,"V":5,"NV":0,"TB":0},{"Id":67,"V":5,"NV":0,"TB":0},{"Id":80,"V":5,"NV":0,"TB":0},{"Id":81,"V":5,"NV":0,"TB":0},{"Id":84,"V":5,"NV":0,"TB":0},{"Id":87,"V":5,"NV":1,"TB":0},{"Id":88,"V":5,"NV":0,"TB":0},{"Id":71,"V":4,"NV":0,"TB":0},{"Id":74,"V":4,"NV":0,"TB":0},{"Id":83,"V":3,"NV":0,"TB":0}],[{"Id":73,"V":9,"NV":0,"TB":0},{"Id":85,"V":7,"NV":1,"TB":0},{"Id":81,"V":6,"NV":1,"TB":0},{"Id":87,"V":6,"NV":1,"TB":0},{"Id":66,"V":5,"NV":0,"TB":0},{"Id":67,"V":5,"NV":0,"TB":0},{"Id":80,"V":5,"NV":0,"TB":0},{"Id":84,"V":5,"NV":0,"TB":0},{"Id":88,"V":5,"NV":0,"TB":0},{"Id":71,"V":4,"NV":0,"TB":0},{"Id":74,"V":4,"NV":0,"TB":1}],[{"Id":73,"V":10,"NV":1,"TB":0},{"Id":85,"V":7,"NV":0,"TB":0},{"Id":67,"V":6,"NV":1,"TB":0},{"Id":81,"V":6,"NV":0,"TB":0},{"Id":84,"V":6,"NV":1,"TB":0},{"Id":87,"V":6,"NV":0,"TB":0},{"Id":66,"V":5,"NV":0,"TB":0},{"Id":80,"V":5,"NV":0,"TB":0},{"Id":88,"V":5,"NV":0,"TB":0},{"Id":71,"V":4,"NV":0,"TB":0}],[{"Id":73,"V":11,"NV":1,"TB":0},{"Id":85,"V":7,"NV":0,"TB":0},{"Id":66,"V":6,"NV":1,"TB":0},{"Id":67,"V":6,"NV":0,"TB":0},{"Id":80,"V":6,"NV":1,"TB":0},{"Id":81,"V":6,"NV":0,"TB":0},{"Id":84,"V":6,"NV":0,"TB":0},{"Id":87,"V":6,"NV":0,"TB":0},{"Id":88,"V":5,"NV":0,"TB":0}],[{"Id":73,"V":13,"NV":2,"TB":0},{"Id":85,"V":8,"NV":1,"TB":0},{"Id":67,"V":7,"NV":1,"TB":0},{"Id":66,"V":6,"NV":0,"TB":0},{"Id":80,"V":6,"NV":0,"TB":0},{"Id":81,"V":6,"NV":0,"TB":0},{"Id":84,"V":6,"NV":0,"TB":0},{"Id":87,"V":6,"NV":0,"TB":1}],[{"Id":73,"V":16,"NV":3,"TB":0},{"Id":85,"V":9,"NV":1,"TB":0},{"Id":66,"V":7,"NV":1,"TB":0},{"Id":67,"V":7,"NV":0,"TB":0},{"Id":80,"V":7,"NV":1,"TB":0},{"Id":84,"V":6,"NV":0,"TB":0},{"Id":81,"V":6,"NV":0,"TB":2}],[{"Id":73,"V":17,"NV":1,"TB":0},{"Id":85,"V":10,"NV":1,"TB":0},{"Id":67,"V":9,"NV":2,"TB":0},{"Id":80,"V":8,"NV":1,"TB":0},{"Id":66,"V":7,"NV":0,"TB":0},{"Id":84,"V":6,"NV":0,"TB":0}],[{"Id":73,"V":17,"NV":0,"TB":0},{"Id":80,"V":10,"NV":2,"TB":0},{"Id":85,"V":10,"NV":0,"TB":0},{"Id":66,"V":9,"NV":2,"TB":0},{"Id":67,"V":9,"NV":0,"TB":1}],[{"Id":73,"V":19,"NV":2,"TB":0},{"Id":80,"V":11,"NV":1,"TB":0},{"Id":85,"V":11,"NV":1,"TB":0},{"Id":66,"V":10,"NV":1,"TB":0}],[{"Id":73,"V":19,"NV":0,"TB":0},{"Id":85,"V":15,"NV":4,"TB":0},{"Id":80,"V":11,"NV":0,"TB":0}],[{"Id":73,"V":22,"NV":3,"TB":0},{"Id":85,"V":16,"NV":1,"TB":0}],[{"Id":73,"V":25,"NV":3,"TB":0}]],"Expires":1601866916,"SecondsLeft":0}