{"Mtype":"results","Title":"Round 3","PollStarted":"2020-12-14T03:28:38.809182051Z","PollDuration":600000000000,"Options":{"65":"Half-keidran Raine meets human Holo from the “Spice and Wolf”.","66":"Kat gets distracted while setting up Christmas decorations, and gets walked in on by Flora while pouncing and playing around a bauble","67":"Nora uses bodyswap spell on vv Clovis and Brutus but Christmas decorations reflects spell back to Nora (vv Clovis and Nora body swap)","68":"Team B Christmas photo","69":"Clovis and Brutus hitching a ride on jenny's ship, Clovis is seasick but tries to hide it. Jenny making fun of him and brutus trying to comfort his boss.","70":"AU Tiger Trace and Flora relaxing in bed","71":"Willow setting up a Christmas Tree in the forest","72":"very festive mike. mike but he's decorated with all Christmas ornaments and clothing you can find.","73":"Zen and Human Raine napping on the couch after going over board decorating their apartment for Christmas.","74":"What happens if the player selects the \"LOL FLAT CAT\" option in the Twokinds High dating Sim.","75":"With a light snow falling, Kat and VV Mike head out on a date together, holding hands.","76":"The many forms of Trace: Male, Female, Tiger, Tigress, Dragon, Basitin, Demon","77":"Pirates of Mekkan ‒ Captain Jenny encounters her arch nemesis: Ghost Captain Laura","78":"Natani holds the enchanted mistletoe over Zen and Kat while telling them both “You’re welcome”. Pseudo sequel to holiday hand gesture","79":"Raine's magic goes wrong. Explosion ruins room resulting bustier and curvier wolf Raine.","80":"Zen and Kat going head to head in a Halo tournament at a convention while Natani, Keith, Mike, and Evals cheer them on.","81":"An \"after the scenes\" of the redone page 274 scene where Kat, Flora, Natani, and Laura all have a bath","82":"Kat is decorating the Christmas tree and is having trouble with the garland","83":"Redraw of \"Kat Stays Warm - Have a nice and warm holiday\"","84":"Santa Mike celebrating the festive season in the bunny village.","85":"Human Flora \u0026 Kat staying warm with their keidran onesies","86":"Mike kisses Evals who is reluctant at first, but then gets more into it (both male)","87":"Christmas lingerie Natani + Keith's reaction","88":"Trace asks Flora to go get some Christmas stockings, Flora comes out wearing Christmas themed stockings, prompting Trace to feel confused to as if he should tell her what he meant or not."},"ExpectedBallots":63,"CountedBallots":63,"Ballots":["UBNXRSV","I","EMV","LFOADMVUEGQRPJTNHIKBXCSW","TWGLHBOKSRVNEIUDCAQMJPX","DOLUSPNRKBCQMFGHEIVATJXW","XJ","WNIBDQPEMT","KLWC","SGRJBX","QEHVPN","DVUL","VHJUDTKNQAWXGISBR","DNIEU","XNWRFGIKULSOBTQ","AFOD","OVIEHATWJXCLRK","DHIXJVK","LXJFBVKM","NJWSIOKL","WUF","WVKTN","FXLBQ","JNDR","RBXDS","VDWHTG","WNLE","VOTKHCWSGMQ","OXSBCG","NOEJFCI","WGLONXUAMDHERIVQTPCFBJKS","UXJWFL","BXSDFJ","QPXSJRUEAOILNVCFBD","IJQ","BSRJUOCPXMFLVQAWDIHTEKG","NFW","MLAJQNHDUTXWIG","MQJDAOBLT","JOPDTSL","JSLXMAQCKPBDRUGHOWVTEINF","EF","VHD","GAOI","JOWF","O","AGQMR","COULWF","V","O","XUHBJ","JPSUBLMQCXRDHKF","JEAINFWQLTSROVKP","PEFQT","MVKSPFAGLWUDJCQTXOEBRNH","AMSTDEUXRBOGJIVKH","AWQTIGNRODLFKHXB","LVBQADJESHI","JDSRAXOGHB","DQIUJCEPXK","HJCQWLAPUNSBX","ODAU",""],"Placements":[[{"Id":74,"V":7,"NV":7,"TB":0},{"Id":68,"V":5,"NV":5,"TB":0},{"Id":79,"V":5,"NV":5,"TB":0},{"Id":86,"V":5,"NV":5,"TB":0},{"Id":87,"V":5,"NV":5,"TB":0},{"Id":65,"V":4,"NV":4,"TB":0},{"Id":76,"V":3,"NV":3,"TB":0},{"Id":77,"V":3,"NV":3,"TB":0},{"Id":78,"V":3,"NV":3,"TB":0},{"Id":88,"V":3,"NV":3,"TB":0},{"Id":66,"V":2,"NV":2,"TB":0},{"Id":69,"V":2,"NV":2,"TB":0},{"Id":73,"V":2,"NV":2,"TB":0},{"Id":81,"V":2,"NV":2,"TB":0},{"Id":85,"V":2,"NV":2,"TB":0},{"Id":67,"V":1,"NV":1,"TB":0},{"Id":70,"V":1,"NV":1,"TB":0},{"Id":71,"V":1,"NV":1,"TB":0},{"Id":75,"V":1,"NV":1,"TB":0},{"Id":80,"V":1,"NV":1,"TB":0},{"Id":82,"V":1,"NV":1,"TB":0},{"Id":83,"V":1,"NV":1,"TB":0},{"Id":84,"V":1,"NV":1,"TB":0},{"Id":72,"V":1,"NV":1,"TB":6}],[{"Id":74,"V":8,"NV":1,"TB":0},{"Id":68,"V":5,"NV":0,"TB":0},{"Id":79,"V":5,"NV":0,"TB":0},{"Id":86,"V":5,"NV":0,"TB":0},{"Id":87,"V":5,"NV":0,"TB":0},{"Id":65,"V":4,"NV":0,"TB":0},{"Id":76,"V":3,"NV":0,"TB":0},{"Id":77,"V":3,"NV":0,"TB":0},{"Id":78,"V":3,"NV":0,"TB":0},{"Id":88,"V":3,"NV":0,"TB":0},{"Id":66,"V":2,"NV":0,"TB":0},{"Id":69,"V":2,"NV":0,"TB":0},{"Id":73,"V":2,"NV":0,"TB":0},{"Id":81,"V":2,"NV":0,"TB":0},{"Id":85,"V":2,"NV":0,"TB":0},{"Id":67,"V":1,"NV":0,"TB":0},{"Id":70,"V":1,"NV":0,"TB":0},{"Id":71,"V":1,"NV":0,"TB":0},{"Id":80,"V":1,"NV":0,"TB":0},{"Id":82,"V":1,"NV":0,"TB":0},{"Id":83,"V":1,"NV":0,"TB":0},{"Id":84,"V":1,"NV":0,"TB":0},{"Id":75,"V":1,"NV":0,"TB":5}],[{"Id":74,"V":8,"NV":0,"TB":0},{"Id":68,"V":5,"NV":0,"TB":0},{"Id":79,"V":5,"NV":0,"TB":0},{"Id":86,"V":5,"NV":0,"TB":0},{"Id":87,"V":5,"NV":0,"TB":0},{"Id":65,"V":4,"NV":0,"TB":0},{"Id":76,"V":4,"NV":1,"TB":0},{"Id":77,"V":3,"NV":0,"TB":0},{"Id":78,"V":3,"NV":0,"TB":0},{"Id":88,"V":3,"NV":0,"TB":0},{"Id":66,"V":2,"NV":0,"TB":0},{"Id":69,"V":2,"NV":0,"TB":0},{"Id":73,"V":2,"NV":0,"TB":0},{"Id":81,"V":2,"NV":0,"TB":0},{"Id":85,"V":2,"NV":0,"TB":0},{"Id":70,"V":1,"NV":0,"TB":0},{"Id":71,"V":1,"NV":0,"TB":0},{"Id":80,"V":1,"NV":0,"TB":0},{"Id":82,"V":1,"NV":0,"TB":0},{"Id":83,"V":1,"NV":0,"TB":0},{"Id":84,"V":1,"NV":0,"TB":0},{"Id":67,"V":1,"NV":0,"TB":7}],[{"Id":74,"V":8,"NV":0,"TB":0},{"Id":79,"V":6,"NV":1,"TB":0},{"Id":68,"V":5,"NV":0,"TB":0},{"Id":86,"V":5,"NV":0,"TB":0},{"Id":87,"V":5,"NV":0,"TB":0},{"Id":65,"V":4,"NV":0,"TB":0},{"Id":76,"V":4,"NV":0,"TB":0},{"Id":77,"V":3,"NV":0,"TB":0},{"Id":78,"V":3,"NV":0,"TB":0},{"Id":88,"V":3,"NV":0,"TB":0},{"Id":66,"V":2,"NV":0,"TB":0},{"Id":69,"V":2,"NV":0,"TB":0},{"Id":73,"V":2,"NV":0,"TB":0},{"Id":81,"V":2,"NV":0,"TB":0},{"Id":85,"V":2,"NV":0,"TB":0},{"Id":70,"V":1,"NV":0,"TB":0},{"Id":80,"V":1,"NV":0,"TB":0},{"Id":82,"V":1,"NV":0,"TB":0},{"Id":83,"V":1,"NV":0,"TB":0},{"Id":84,"V":1,"NV":0,"TB":0},{"Id":71,"V":1,"NV":0,"TB":5}],[{"Id":74,"V":8,"NV":0,"TB":0},{"Id":79,"V":6,"NV":0,"TB":0},{"Id":65,"V":5,"NV":1,"TB":0},{"Id":68,"V":5,"NV":0,"TB":0},{"Id":86,"V":5,"NV":0,"TB":0},{"Id":87,"V":5,"NV":0,"TB":0},{"Id":76,"V":4,"NV":0,"TB":0},{"Id":77,"V":3,"NV":0,"TB":0},{"Id":78,"V":3,"NV":0,"TB":0},{"Id":88,"V":3,"NV":0,"TB":0},{"Id":66,"V":2,"NV":0,"TB":0},{"Id":69,"V":2,"NV":0,"TB":0},{"Id":73,"V":2,"NV":0,"TB":0},{"Id":81,"V":2,"NV":0,"TB":0},{"Id":85,"V":2,"NV":0,"TB":0},{"Id":70,"V":1,"NV":0,"TB":0},{"Id":80,"V":1,"NV":0,"TB":0},{"Id":82,"V":1,"NV":0,"TB":0},{"Id":83,"V":1,"NV":0,"TB":0},{"Id":84,"V":1,"NV":0,"TB":1}],[{"Id":74,"V":8,"NV":0,"TB":0},{"Id":79,"V":6,"NV":0,"TB":0},{"Id":87,"V":6,"NV":1,"TB":0},{"Id":65,"V":5,"NV":0,"TB":0},{"Id":68,"V":5,"NV":0,"TB":0},{"Id":86,"V":5,"NV":0,"TB":0},{"Id":76,"V":4,"NV":0,"TB":0},{"Id":77,"V":3,"NV":0,"TB":0},{"Id":78,"V":3,"NV":0,"TB":0},{"Id":88,"V":3,"NV":0,"TB":0},{"Id":66,"V":2,"NV":0,"TB":0},{"Id":69,"V":2,"NV":0,"TB":0},{"Id":73,"V":2,"NV":0,"TB":0},{"Id":81,"V":2,"NV":0,"TB":0},{"Id":85,"V":2,"NV":0,"TB":0},{"Id":80,"V":1,"NV":0,"TB":0},{"Id":82,"V":1,"NV":0,"TB":0},{"Id":83,"V":1,"NV":0,"TB":0},{"Id":70,"V":1,"NV":0,"TB":4}],[{"Id":74,"V":8,"NV":0,"TB":0},{"Id":79,"V":6,"NV":0,"TB":0},{"Id":87,"V":6,"NV":0,"TB":0},{"Id":65,"V":5,"NV":0,"TB":0},{"Id":68,"V":5,"NV":0,"TB":0},{"Id":86,"V":5,"NV":0,"TB":0},{"Id":76,"V":4,"NV":0,"TB":0},{"Id":88,"V":4,"NV":1,"TB":0},{"Id":77,"V":3,"NV":0,"TB":0},{"Id":78,"V":3,"NV":0,"TB":0},{"Id":66,"V":2,"NV":0,"TB":0},{"Id":69,"V":2,"NV":0,"TB":0},{"Id":73,"V":2,"NV":0,"TB":0},{"Id":81,"V":2,"NV":0,"TB":0},{"Id":85,"V":2,"NV":0,"TB":0},{"Id":80,"V":1,"NV":0,"TB":0},{"Id":82,"V":1,"NV":0,"TB":0},{"Id":83,"V":1,"NV":0,"TB":1}],[{"Id":74,"V":8,"NV":0,"TB":0},{"Id":79,"V":6,"NV":0,"TB":0},{"Id":87,"V":6,"NV":0,"TB":0},{"Id":65,"V":5,"NV":0,"TB":0},{"Id":68,"V":5,"NV":0,"TB":0},{"Id":86,"V":5,"NV":0,"TB":0},{"Id":76,"V":4,"NV":0,"TB":0},{"Id":88,"V":4,"NV":0,"TB":0},{"Id":77,"V":3,"NV":0,"TB":0},{"Id":78,"V":3,"NV":0,"TB":0},{"Id":66,"V":2,"NV":0,"TB":0},{"Id":69,"V":2,"NV":0,"TB":0},{"Id":73,"V":2,"NV":0,"TB":0},{"Id":81,"V":2,"NV":0,"TB":0},{"Id":82,"V":2,"NV":1,"TB":0},{"Id":85,"V":2,"NV":0,"TB":0},{"Id":80,"V":1,"NV":0,"TB":0}],[{"Id":74,"V":8,"NV":0,"TB":0},{"Id":79,"V":6,"NV":0,"TB":0},{"Id":87,"V":6,"NV":0,"TB":0},{"Id":65,"V":5,"NV":0,"TB":0},{"Id":68,"V":5,"NV":0,"TB":0},{"Id":86,"V":5,"NV":0,"TB":0},{"Id":76,"V":4,"NV":0,"TB":0},{"Id":88,"V":4,"NV":0,"TB":0},{"Id":69,"V":3,"NV":1,"TB":0},{"Id":77,"V":3,"NV":0,"TB":0},{"Id":78,"V":3,"NV":0,"TB":0},{"Id":66,"V":2,"NV":0,"TB":0},{"Id":81,"V":2,"NV":0,"TB":0},{"Id":82,"V":2,"NV":0,"TB":0},{"Id":85,"V":2,"NV":0,"TB":0},{"Id":73,"V":2,"NV":0,"TB":4}],[{"Id":74,"V":9,"NV":1,"TB":0},{"Id":79,"V":6,"NV":0,"TB":0},{"Id":87,"V":6,"NV":0,"TB":0},{"Id":65,"V":5,"NV":0,"TB":0},{"Id":68,"V":5,"NV":0,"TB":0},{"Id":86,"V":5,"NV":0,"TB":0},{"Id":76,"V":4,"NV":0,"TB":0},{"Id":88,"V":4,"NV":0,"TB":0},{"Id":69,"V":3,"NV":0,"TB":0},{"Id":77,"V":3,"NV":0,"TB":0},{"Id":78,"V":3,"NV":0,"TB":0},{"Id":66,"V":2,"NV":0,"TB":0},{"Id":81,"V":2,"NV":0,"TB":0},{"Id":85,"V":2,"NV":0,"TB":0},{"Id":82,"V":2,"NV":0,"TB":2}],[{"Id":74,"V":10,"NV":1,"TB":0},{"Id":79,"V":6,"NV":0,"TB":0},{"Id":87,"V":6,"NV":0,"TB":0},{"Id":65,"V":5,"NV":0,"TB":0},{"Id":68,"V":5,"NV":0,"TB":0},{"Id":86,"V":5,"NV":0,"TB":0},{"Id":76,"V":4,"NV":0,"TB":0},{"Id":88,"V":4,"NV":0,"TB":0},{"Id":66,"V":3,"NV":1,"TB":0},{"Id":69,"V":3,"NV":0,"TB":0},{"Id":77,"V":3,"NV":0,"TB":0},{"Id":78,"V":3,"NV":0,"TB":0},{"Id":81,"V":2,"NV":0,"TB":0},{"Id":85,"V":2,"NV":0,"TB":1}],[{"Id":74,"V":10,"NV":0,"TB":0},{"Id":79,"V":6,"NV":0,"TB":0},{"Id":87,"V":6,"NV":0,"TB":0},{"Id":65,"V":5,"NV":0,"TB":0},{"Id":68,"V":5,"NV":0,"TB":0},{"Id":86,"V":5,"NV":0,"TB":0},{"Id":88,"V":5,"NV":1,"TB":0},{"Id":66,"V":4,"NV":1,"TB":0},{"Id":76,"V":4,"NV":0,"TB":0},{"Id":69,"V":3,"NV":0,"TB":0},{"Id":77,"V":3,"NV":0,"TB":0},{"Id":78,"V":3,"NV":0,"TB":0},{"Id":81,"V":2,"NV":0,"TB":0}],[{"Id":74,"V":10,"NV":0,"TB":0},{"Id":79,"V":6,"NV":0,"TB":0},{"Id":87,"V":6,"NV":0,"TB":0},{"Id":88,"V":6,"NV":1,"TB":0},{"Id":65,"V":5,"NV":0,"TB":0},{"Id":68,"V":5,"NV":0,"TB":0},{"Id":86,"V":5,"NV":0,"TB":0},{"Id":66,"V":4,"NV":0,"TB":0},{"Id":69,"V":4,"NV":1,"TB":0},{"Id":76,"V":4,"NV":0,"TB":0},{"Id":78,"V":3,"NV":0,"TB":0},{"Id":77,"V":3,"NV":0,"TB":2}],[{"Id":74,"V":11,"NV":1,"TB":0},{"Id":79,"V":6,"NV":0,"TB":0},{"Id":86,"V":6,"NV":1,"TB":0},{"Id":87,"V":6,"NV":0,"TB":0},{"Id":88,"V":6,"NV":0,"TB":0},{"Id":65,"V":5,"NV":0,"TB":0},{"Id":68,"V":5,"NV":0,"TB":0},{"Id":76,"V":5,"NV":1,"TB":0},{"Id":66,"V":4,"NV":0,"TB":0},{"Id":69,"V":4,"NV":0,"TB":0},{"Id":78,"V":3,"NV":0,"TB":0}],[{"Id":74,"V":12,"NV":1,"TB":0},{"Id":79,"V":7,"NV":1,"TB":0},{"Id":87,"V":7,"NV":1,"TB":0},{"Id":86,"V":6,"NV":0,"TB":0},{"Id":88,"V":6,"NV":0,"TB":0},{"Id":65,"V":5,"NV":0,"TB":0},{"Id":68,"V":5,"NV":0,"TB":0},{"Id":76,"V":5,"NV":0,"TB":0},{"Id":66,"V":4,"NV":0,"TB":0},{"Id":69,"V":4,"NV":0,"TB":1}],[{"Id":74,"V":12,"NV":0,"TB":0},{"Id":86,"V":8,"NV":2,"TB":0},{"Id":79,"V":7,"NV":0,"TB":0},{"Id":87,"V":7,"NV":0,"TB":0},{"Id":88,"V":6,"NV":0,"TB":0},{"Id":65,"V":5,"NV":0,"TB":0},{"Id":68,"V":5,"NV":0,"TB":0},{"Id":76,"V":5,"NV":0,"TB":0},{"Id":66,"V":4,"NV":0,"TB":0}],[{"Id":74,"V":13,"NV":1,"TB":0},{"Id":88,"V":9,"NV":3,"TB":0},{"Id":86,"V":8,"NV":0,"TB":0},{"Id":79,"V":7,"NV":0,"TB":0},{"Id":87,"V":7,"NV":0,"TB":0},{"Id":65,"V":5,"NV":0,"TB":0},{"Id":68,"V":5,"NV":0,"TB":0},{"Id":76,"V":5,"NV":0,"TB":1}],[{"Id":74,"V":13,"NV":0,"TB":0},{"Id":88,"V":10,"NV":1,"TB":0},{"Id":86,"V":9,"NV":1,"TB":0},{"Id":79,"V":8,"NV":1,"TB":0},{"Id":87,"V":8,"NV":1,"TB":0},{"Id":65,"V":6,"NV":1,"TB":0},{"Id":68,"V":5,"NV":0,"TB":0}],[{"Id":74,"V":14,"NV":1,"TB":0},{"Id":88,"V":11,"NV":1,"TB":0},{"Id":86,"V":10,"NV":1,"TB":0},{"Id":79,"V":9,"NV":1,"TB":0},{"Id":87,"V":8,"NV":0,"TB":0},{"Id":65,"V":6,"NV":0,"TB":0}],[{"Id":74,"V":15,"NV":1,"TB":0},{"Id":88,"V":12,"NV":1,"TB":0},{"Id":79,"V":11,"NV":2,"TB":0},{"Id":86,"V":10,"NV":0,"TB":0},{"Id":87,"V":9,"NV":1,"TB":0}],[{"Id":74,"V":15,"NV":0,"TB":0},{"Id":79,"V":14,"NV":3,"TB":0},{"Id":88,"V":12,"NV":0,"TB":0},{"Id":86,"V":11,"NV":1,"TB":0}],[{"Id":74,"V":18,"NV":3,"TB":0},{"Id":79,"V":15,"NV":1,"TB":0},{"Id":88,"V":12,"NV":0,"TB":0}],[{"Id":74,"V":25,"NV":7,"TB":0},{"Id":79,"V":17,"NV":2,"TB":0}],[{"Id":74,"V":32,"NV":7,"TB":0}]],"Expires":1607917718,"SecondsLeft":0}