{"Mtype":"results","Title":"Round 3","PollStarted":"2020-08-10T00:14:28.5805646Z","PollDuration":600000000000,"Options":{"65":"Natani getting cuddled between Keith and FemKeith","66":"While exploring a cavern, dragon Reni accidentally discovers a tribe of kobolds","67":"Brutus thinks he sees Carver, only for the buff fluff wuff to give a big hug from behind to Mike","68":"Raine (wolf) and Red at the beach. Red brings ice cream for her, but drops it between her breasts.","69":"FemMike introduces Mike to FemEvals","70":"Kat on a TV Cooking Segment as Trace already burned his food","71":"A sequel to \"Flora Learns Magic\" \u0026 \"Island Style Reni.\" Flora helps Reni impress Kei by using her new magic to make Reni hula-dance and shake her rear when Flora starts dancing… even to the point of Reni's hula skirt having fallen down.","72":"AU: Raine breaks into the templar dungeons years after escaping to find her transformed mother has become feral","73":"maddie dreaming about being a general","74":"Anthro Nibbly: Vampire Hunter","75":"Trace rushes to save Flora from the scenario in comic 61 only to find her being waited on by perfectly polite, hunky male Keidran.","76":"A grey rat and white mouse keidran","77":"Undercover Western Maddie. Some of the patrons of the gala begin to suspect Maddie. But thinking she's otherwise harmless, they just try to have a bit of fun with her. Maddie does her best to retain her composure!","78":"Laura as a White Mage from Final Fantasy XIV","79":"Flora and Trace notice a blue box in the middle of nowhere, and when they step inside - are surprised to see it's bigger on the inside - Trace, wearing a bow tie and Flora wearing a Fez.","80":"Natani accidentally makes Keith the size of a doll. Natani is amused while Keith is quite upset","81":"FemBrutus and FemClovis Face Off Against Glass.","82":"Trace and Flora invited to a \"mix race couples Island/retreat\" to meet other mix race couples on a private get away. PS Mix race friends welcome PPS: NO Eric Vaughan allowed.","83":"Karen and Maddie riding on Stoneys back through the estate.","84":"Natani as Mulan training under Keith as Li Shang, respectively, from the animated Disney's 'Mulan'. Nora as Mushu peaking in the background.","85":"Sythe stuck in a zoo as an exhibit.","86":"Transformation lapse of Raine","87":"Trace and his evil-self having a drunken argument at a local tavern with Flora watching in the background."},"ExpectedBallots":73,"CountedBallots":72,"Ballots":["UQMB","CJMEKDFWIHVTSAQGRP","QAGBJERM","DWSIACFPE","WRLBQ","DUJCKN","M","POJ","G","JQFUCWSILVBEAGPM","VBUF","BIDLSNEJMQCU","CESAJMPHLBIVTFODKGUQNWR","APTQIEUC","AKTNRHVMILUDGCQOPEBSFWJ","BWOTJ","QPEWOCG","DG","RMBO","NWRHSV","VGFWEKOR","LADMJ","FDIWJ","VQGDL","WOKR","DEARMKGLF","APQ","MBJPC","MVIH","PBWH","GNOAVSMTDIBFJCP","QE","PFUC","BIJMS","WG","NFMWJKIVLRS","HUJWIMFC","TQAUSFPWIE","JA","MNHDI","EAMPBVI","PAESOCQFTMBKUL","DVMGIWLFHQJOERTCBSNUAPK","VHWSUBMPFTD","IJAMQ","JDQPVGI","VDQK","FBLC","U","VBQ","D","QGEMCKUBASVWLRHOFDIPTNJ","EJ","AIPV","SIPO","DUMJCLK","S","NUDVFKL","EOAD","NOEDIRMGVQFWBA","VEQJ","OVNGBKSLWCDTHRJAQUMPFIE","LNPCUAKTEO","QSGAVMIJLEPK","URHFBPNSTDALJGQW","UTWBNSK","NWPEFITGDLBQMJ","UNKPHFIDA","DNBEPGWCKUOJVITFAMSQH","OVDFUWAEHJQCN","D",""],"Placements":[[{"Id":68,"V":9,"NV":9,"TB":0},{"Id":86,"V":7,"NV":7,"TB":0},{"Id":78,"V":5,"NV":5,"TB":0},{"Id":81,"V":5,"NV":5,"TB":0},{"Id":85,"V":5,"NV":5,"TB":0},{"Id":65,"V":4,"NV":4,"TB":0},{"Id":77,"V":4,"NV":4,"TB":0},{"Id":80,"V":4,"NV":4,"TB":0},{"Id":66,"V":3,"NV":3,"TB":0},{"Id":69,"V":3,"NV":3,"TB":0},{"Id":74,"V":3,"NV":3,"TB":0},{"Id":87,"V":3,"NV":3,"TB":0},{"Id":67,"V":2,"NV":2,"TB":0},{"Id":70,"V":2,"NV":2,"TB":0},{"Id":71,"V":2,"NV":2,"TB":0},{"Id":76,"V":2,"NV":2,"TB":0},{"Id":79,"V":2,"NV":2,"TB":0},{"Id":83,"V":2,"NV":2,"TB":0},{"Id":72,"V":1,"NV":1,"TB":0},{"Id":73,"V":1,"NV":1,"TB":0},{"Id":82,"V":1,"NV":1,"TB":0},{"Id":84,"V":1,"NV":1,"TB":0},{"Id":75,"V":0,"NV":0,"TB":0}],[{"Id":68,"V":9,"NV":0,"TB":0},{"Id":86,"V":7,"NV":0,"TB":0},{"Id":78,"V":5,"NV":0,"TB":0},{"Id":81,"V":5,"NV":0,"TB":0},{"Id":85,"V":5,"NV":0,"TB":0},{"Id":65,"V":4,"NV":0,"TB":0},{"Id":77,"V":4,"NV":0,"TB":0},{"Id":80,"V":4,"NV":0,"TB":0},{"Id":66,"V":3,"NV":0,"TB":0},{"Id":69,"V":3,"NV":0,"TB":0},{"Id":74,"V":3,"NV":0,"TB":0},{"Id":87,"V":3,"NV":0,"TB":0},{"Id":67,"V":2,"NV":0,"TB":0},{"Id":70,"V":2,"NV":0,"TB":0},{"Id":71,"V":2,"NV":0,"TB":0},{"Id":76,"V":2,"NV":0,"TB":0},{"Id":79,"V":2,"NV":0,"TB":0},{"Id":83,"V":2,"NV":0,"TB":0},{"Id":72,"V":1,"NV":0,"TB":0},{"Id":82,"V":1,"NV":0,"TB":0},{"Id":84,"V":1,"NV":0,"TB":0},{"Id":73,"V":1,"NV":0,"TB":3}],[{"Id":68,"V":9,"NV":0,"TB":0},{"Id":86,"V":7,"NV":0,"TB":0},{"Id":78,"V":5,"NV":0,"TB":0},{"Id":81,"V":5,"NV":0,"TB":0},{"Id":85,"V":5,"NV":0,"TB":0},{"Id":65,"V":4,"NV":0,"TB":0},{"Id":74,"V":4,"NV":1,"TB":0},{"Id":77,"V":4,"NV":0,"TB":0},{"Id":80,"V":4,"NV":0,"TB":0},{"Id":66,"V":3,"NV":0,"TB":0},{"Id":69,"V":3,"NV":0,"TB":0},{"Id":87,"V":3,"NV":0,"TB":0},{"Id":67,"V":2,"NV":0,"TB":0},{"Id":70,"V":2,"NV":0,"TB":0},{"Id":71,"V":2,"NV":0,"TB":0},{"Id":76,"V":2,"NV":0,"TB":0},{"Id":79,"V":2,"NV":0,"TB":0},{"Id":83,"V":2,"NV":0,"TB":0},{"Id":82,"V":1,"NV":0,"TB":0},{"Id":84,"V":1,"NV":0,"TB":0},{"Id":72,"V":1,"NV":0,"TB":3}],[{"Id":68,"V":9,"NV":0,"TB":0},{"Id":86,"V":7,"NV":0,"TB":0},{"Id":85,"V":6,"NV":1,"TB":0},{"Id":78,"V":5,"NV":0,"TB":0},{"Id":81,"V":5,"NV":0,"TB":0},{"Id":65,"V":4,"NV":0,"TB":0},{"Id":74,"V":4,"NV":0,"TB":0},{"Id":77,"V":4,"NV":0,"TB":0},{"Id":80,"V":4,"NV":0,"TB":0},{"Id":66,"V":3,"NV":0,"TB":0},{"Id":69,"V":3,"NV":0,"TB":0},{"Id":87,"V":3,"NV":0,"TB":0},{"Id":67,"V":2,"NV":0,"TB":0},{"Id":70,"V":2,"NV":0,"TB":0},{"Id":71,"V":2,"NV":0,"TB":0},{"Id":76,"V":2,"NV":0,"TB":0},{"Id":79,"V":2,"NV":0,"TB":0},{"Id":83,"V":2,"NV":0,"TB":0},{"Id":84,"V":1,"NV":0,"TB":0},{"Id":82,"V":1,"NV":0,"TB":2}],[{"Id":68,"V":9,"NV":0,"TB":0},{"Id":86,"V":7,"NV":0,"TB":0},{"Id":85,"V":6,"NV":0,"TB":0},{"Id":77,"V":5,"NV":1,"TB":0},{"Id":78,"V":5,"NV":0,"TB":0},{"Id":81,"V":5,"NV":0,"TB":0},{"Id":65,"V":4,"NV":0,"TB":0},{"Id":74,"V":4,"NV":0,"TB":0},{"Id":80,"V":4,"NV":0,"TB":0},{"Id":66,"V":3,"NV":0,"TB":0},{"Id":69,"V":3,"NV":0,"TB":0},{"Id":87,"V":3,"NV":0,"TB":0},{"Id":67,"V":2,"NV":0,"TB":0},{"Id":70,"V":2,"NV":0,"TB":0},{"Id":71,"V":2,"NV":0,"TB":0},{"Id":76,"V":2,"NV":0,"TB":0},{"Id":79,"V":2,"NV":0,"TB":0},{"Id":83,"V":2,"NV":0,"TB":0},{"Id":84,"V":1,"NV":0,"TB":0}],[{"Id":68,"V":9,"NV":0,"TB":0},{"Id":86,"V":7,"NV":0,"TB":0},{"Id":81,"V":6,"NV":1,"TB":0},{"Id":85,"V":6,"NV":0,"TB":0},{"Id":77,"V":5,"NV":0,"TB":0},{"Id":78,"V":5,"NV":0,"TB":0},{"Id":65,"V":4,"NV":0,"TB":0},{"Id":74,"V":4,"NV":0,"TB":0},{"Id":80,"V":4,"NV":0,"TB":0},{"Id":66,"V":3,"NV":0,"TB":0},{"Id":69,"V":3,"NV":0,"TB":0},{"Id":87,"V":3,"NV":0,"TB":0},{"Id":67,"V":2,"NV":0,"TB":0},{"Id":70,"V":2,"NV":0,"TB":0},{"Id":71,"V":2,"NV":0,"TB":0},{"Id":79,"V":2,"NV":0,"TB":0},{"Id":83,"V":2,"NV":0,"TB":0},{"Id":76,"V":2,"NV":0,"TB":3}],[{"Id":68,"V":9,"NV":0,"TB":0},{"Id":86,"V":7,"NV":0,"TB":0},{"Id":78,"V":6,"NV":1,"TB":0},{"Id":81,"V":6,"NV":0,"TB":0},{"Id":85,"V":6,"NV":0,"TB":0},{"Id":65,"V":5,"NV":1,"TB":0},{"Id":77,"V":5,"NV":0,"TB":0},{"Id":74,"V":4,"NV":0,"TB":0},{"Id":80,"V":4,"NV":0,"TB":0},{"Id":66,"V":3,"NV":0,"TB":0},{"Id":69,"V":3,"NV":0,"TB":0},{"Id":87,"V":3,"NV":0,"TB":0},{"Id":67,"V":2,"NV":0,"TB":0},{"Id":70,"V":2,"NV":0,"TB":0},{"Id":79,"V":2,"NV":0,"TB":0},{"Id":83,"V":2,"NV":0,"TB":0},{"Id":71,"V":2,"NV":0,"TB":3}],[{"Id":68,"V":9,"NV":0,"TB":0},{"Id":78,"V":7,"NV":1,"TB":0},{"Id":86,"V":7,"NV":0,"TB":0},{"Id":81,"V":6,"NV":0,"TB":0},{"Id":85,"V":6,"NV":0,"TB":0},{"Id":65,"V":5,"NV":0,"TB":0},{"Id":77,"V":5,"NV":0,"TB":0},{"Id":74,"V":4,"NV":0,"TB":0},{"Id":80,"V":4,"NV":0,"TB":0},{"Id":66,"V":3,"NV":0,"TB":0},{"Id":69,"V":3,"NV":0,"TB":0},{"Id":87,"V":3,"NV":0,"TB":0},{"Id":67,"V":2,"NV":0,"TB":0},{"Id":70,"V":2,"NV":0,"TB":0},{"Id":79,"V":2,"NV":0,"TB":0},{"Id":83,"V":2,"NV":0,"TB":1}],[{"Id":68,"V":9,"NV":0,"TB":0},{"Id":78,"V":7,"NV":0,"TB":0},{"Id":86,"V":7,"NV":0,"TB":0},{"Id":81,"V":6,"NV":0,"TB":0},{"Id":85,"V":6,"NV":0,"TB":0},{"Id":65,"V":5,"NV":0,"TB":0},{"Id":77,"V":5,"NV":0,"TB":0},{"Id":80,"V":5,"NV":1,"TB":0},{"Id":74,"V":4,"NV":0,"TB":0},{"Id":66,"V":3,"NV":0,"TB":0},{"Id":69,"V":3,"NV":0,"TB":0},{"Id":87,"V":3,"NV":0,"TB":0},{"Id":70,"V":2,"NV":0,"TB":0},{"Id":79,"V":2,"NV":0,"TB":0},{"Id":67,"V":2,"NV":0,"TB":3}],[{"Id":68,"V":9,"NV":0,"TB":0},{"Id":78,"V":7,"NV":0,"TB":0},{"Id":86,"V":7,"NV":0,"TB":0},{"Id":81,"V":6,"NV":0,"TB":0},{"Id":85,"V":6,"NV":0,"TB":0},{"Id":65,"V":5,"NV":0,"TB":0},{"Id":74,"V":5,"NV":1,"TB":0},{"Id":77,"V":5,"NV":0,"TB":0},{"Id":80,"V":5,"NV":0,"TB":0},{"Id":69,"V":4,"NV":1,"TB":0},{"Id":66,"V":3,"NV":0,"TB":0},{"Id":87,"V":3,"NV":0,"TB":0},{"Id":70,"V":2,"NV":0,"TB":0},{"Id":79,"V":2,"NV":0,"TB":1}],[{"Id":68,"V":9,"NV":0,"TB":0},{"Id":86,"V":9,"NV":2,"TB":0},{"Id":78,"V":7,"NV":0,"TB":0},{"Id":81,"V":6,"NV":0,"TB":0},{"Id":85,"V":6,"NV":0,"TB":0},{"Id":65,"V":5,"NV":0,"TB":0},{"Id":74,"V":5,"NV":0,"TB":0},{"Id":77,"V":5,"NV":0,"TB":0},{"Id":80,"V":5,"NV":0,"TB":0},{"Id":69,"V":4,"NV":0,"TB":0},{"Id":66,"V":3,"NV":0,"TB":0},{"Id":87,"V":3,"NV":0,"TB":0},{"Id":70,"V":2,"NV":0,"TB":0}],[{"Id":68,"V":10,"NV":1,"TB":0},{"Id":86,"V":9,"NV":0,"TB":0},{"Id":78,"V":7,"NV":0,"TB":0},{"Id":81,"V":6,"NV":0,"TB":0},{"Id":85,"V":6,"NV":0,"TB":0},{"Id":65,"V":5,"NV":0,"TB":0},{"Id":74,"V":5,"NV":0,"TB":0},{"Id":77,"V":5,"NV":0,"TB":0},{"Id":80,"V":5,"NV":0,"TB":0},{"Id":66,"V":4,"NV":1,"TB":0},{"Id":69,"V":4,"NV":0,"TB":0},{"Id":87,"V":3,"NV":0,"TB":0}],[{"Id":68,"V":10,"NV":0,"TB":0},{"Id":86,"V":9,"NV":0,"TB":0},{"Id":78,"V":7,"NV":0,"TB":0},{"Id":81,"V":6,"NV":0,"TB":0},{"Id":85,"V":6,"NV":0,"TB":0},{"Id":65,"V":5,"NV":0,"TB":0},{"Id":66,"V":5,"NV":1,"TB":0},{"Id":74,"V":5,"NV":0,"TB":0},{"Id":77,"V":5,"NV":0,"TB":0},{"Id":80,"V":5,"NV":0,"TB":0},{"Id":69,"V":4,"NV":0,"TB":0}],[{"Id":68,"V":10,"NV":0,"TB":0},{"Id":86,"V":9,"NV":0,"TB":0},{"Id":65,"V":8,"NV":3,"TB":0},{"Id":78,"V":7,"NV":0,"TB":0},{"Id":74,"V":6,"NV":1,"TB":0},{"Id":81,"V":6,"NV":0,"TB":0},{"Id":85,"V":6,"NV":0,"TB":0},{"Id":77,"V":5,"NV":0,"TB":0},{"Id":80,"V":5,"NV":0,"TB":0},{"Id":66,"V":5,"NV":0,"TB":3}],[{"Id":68,"V":11,"NV":1,"TB":0},{"Id":86,"V":9,"NV":0,"TB":0},{"Id":65,"V":8,"NV":0,"TB":0},{"Id":74,"V":8,"NV":2,"TB":0},{"Id":78,"V":7,"NV":0,"TB":0},{"Id":81,"V":7,"NV":1,"TB":0},{"Id":85,"V":6,"NV":0,"TB":0},{"Id":80,"V":5,"NV":0,"TB":0},{"Id":77,"V":5,"NV":0,"TB":2}],[{"Id":68,"V":11,"NV":0,"TB":0},{"Id":86,"V":10,"NV":1,"TB":0},{"Id":74,"V":9,"NV":1,"TB":0},{"Id":65,"V":8,"NV":0,"TB":0},{"Id":78,"V":8,"NV":1,"TB":0},{"Id":81,"V":7,"NV":0,"TB":0},{"Id":85,"V":6,"NV":0,"TB":0},{"Id":80,"V":5,"NV":0,"TB":0}],[{"Id":68,"V":11,"NV":0,"TB":0},{"Id":74,"V":10,"NV":1,"TB":0},{"Id":86,"V":10,"NV":0,"TB":0},{"Id":65,"V":9,"NV":1,"TB":0},{"Id":78,"V":8,"NV":0,"TB":0},{"Id":85,"V":7,"NV":1,"TB":0},{"Id":81,"V":7,"NV":0,"TB":2}],[{"Id":65,"V":12,"NV":3,"TB":0},{"Id":68,"V":11,"NV":0,"TB":0},{"Id":74,"V":10,"NV":0,"TB":0},{"Id":86,"V":10,"NV":0,"TB":0},{"Id":85,"V":8,"NV":1,"TB":0},{"Id":78,"V":8,"NV":0,"TB":2}],[{"Id":68,"V":14,"NV":3,"TB":0},{"Id":65,"V":13,"NV":1,"TB":0},{"Id":74,"V":11,"NV":1,"TB":0},{"Id":86,"V":11,"NV":1,"TB":0},{"Id":85,"V":10,"NV":2,"TB":0}],[{"Id":68,"V":17,"NV":3,"TB":0},{"Id":65,"V":15,"NV":2,"TB":0},{"Id":74,"V":12,"NV":1,"TB":0},{"Id":86,"V":11,"NV":0,"TB":0}],[{"Id":68,"V":22,"NV":5,"TB":0},{"Id":65,"V":15,"NV":0,"TB":0},{"Id":74,"V":13,"NV":1,"TB":0}],[{"Id":68,"V":24,"NV":2,"TB":0},{"Id":65,"V":18,"NV":3,"TB":0}],[{"Id":68,"V":30,"NV":6,"TB":0}]],"Expires":1597019677,"SecondsLeft":0}