{"Mtype":"results","Title":"Round 2","PollStarted":"2020-02-16T23:59:36.758197785Z","PollDuration":600000000000,"Options":{"65":"Nibbly tugging Keith's ears, controlling him Ratatouille-style, making him walk out of the baths in just a towel. And it's slipping.","66":"Sythe in regalia providing diplomatic relations \"advice\" to the Basitin trio. Lynn is studiously taking notes, but the other two are more suspicious.","67":"A remake of Flora and Traces first kiss together but gender swapped! (Male Flora and Female Trace)","68":"Trace, Flora, and Kathrin meeting Fluff Kevlar's Ara","69":"Kathrin dressed as a stereotypical D\u0026D ranger, with a bow.","70":"Adira balancing the books for Riftwall","71":"Spring is coming and the Tigers time to pick mates with a few tigresses eyeing the male Explorers, the Noble Tigress isn't happy about it.","72":"FemKeith Daki","73":"Sythe Reference Sheet","74":"Keith and Natani go on a camping trip to the woods and sit around a campfire roasting marshmallows at night looking up at the stars and not their now burning sticks","75":"Maeve Noms Roan’s Tail, causing him to either have a heart attack because he nearly killed someone so adorable, or throw his fireball vertically, causing it to land on him.","76":"Nick Wilde and Judy Hopps from Zootopia ","77":"What if Laura and Keith were traveling together when they met Trace?","78":"Evals wearing a dog muzzle at a park near a sign. ","79":"Grand Templar Laura and the Slaver Sisters  Kat and Flora have tea while being waited on by slave boys when Laura takes notice of a special Basitin slave boy","80":"Magic Lesson Mishap! Nora tries to teach a young Reni how to use magic, and Reni accidentally turns a fearsome mystical creature into a certain familiar squirrel ","81":"Sexy FemKeith and Keith Bathtime.","82":"Raine breaks the 4th Wall in her adorably clumsy way.","83":"Sythe and Mrs. Nibbly meet their alternate universe counterparts, where Mrs. Nibbly is the Keidran and Sythe is the animal pet","84":"Kat tries to high five FemMike but hits his chest by accident (sequel to \"High Five\").","85":"Youngtani's Topiary Remake","86":"Mike on a date, trying to hide the fact that Nora's made him female again.","87":"Brutus asks Clovis when his wonderful sister will come again. Clovis replies that she will never come again. Brutus is saddened and Clovis added: \"...but I'm not sure\"."},"ExpectedBallots":54,"CountedBallots":54,"Ballots":["IFU","WBISVTFR","IQOLAVMB","PFEUCJRGDAQIMTV","LIEUGQFWRHOJDPBNTSKCMV","ORJTDLBPSCWIHMFKUVEGQNA","LVHCQST","GHCSQF","IWMC","RG","BIGMOC","FQIHNELCT","VPFR","COTG","JVREDBIFAPLHQ","INRSKEV","CWGEVASNLIH","CK","A","SDTJGV","DRCTSQGWKJPALUN","OTMCHQFISU","CGTVLMQSOIR","BSTNCVMFO","RGO","","MOLTPWIS","IRJBCMFULWV","NISRA","JREDBGSOVMKIUPFATWLNCHQ","ERIWVN","OMRVJGKSW","IBSHQTRCWMOLNVPFJEUADKG","OMIFBGHTCURAK","VHQMUCORSIBTDPKWEJFG","IPVM","IUJBH","","OKNMPD","G","VF","JRBP","GTO","RDBOSMEVTJG","MCVFDR","RDEIP","ETIFD","OJTDUVGIKQSFERMNWCBHALP","FOKWUCDHPLNQ","IDLS","WJIRVTBS","GDPFA","FHMGDUCERVI","MVQHKOCBSNEWDF"],"Placements":[[{"Id":73,"V":9,"NV":9,"TB":0},{"Id":79,"V":6,"NV":6,"TB":0},{"Id":67,"V":4,"NV":4,"TB":0},{"Id":71,"V":4,"NV":4,"TB":0},{"Id":82,"V":4,"NV":4,"TB":0},{"Id":70,"V":3,"NV":3,"TB":0},{"Id":74,"V":3,"NV":3,"TB":0},{"Id":77,"V":3,"NV":3,"TB":0},{"Id":86,"V":3,"NV":3,"TB":0},{"Id":66,"V":2,"NV":2,"TB":0},{"Id":69,"V":2,"NV":2,"TB":0},{"Id":76,"V":2,"NV":2,"TB":0},{"Id":87,"V":2,"NV":2,"TB":0},{"Id":65,"V":1,"NV":1,"TB":0},{"Id":68,"V":1,"NV":1,"TB":0},{"Id":78,"V":1,"NV":1,"TB":0},{"Id":80,"V":1,"NV":1,"TB":0},{"Id":83,"V":1,"NV":1,"TB":0},{"Id":72,"V":0,"NV":0,"TB":0},{"Id":75,"V":0,"NV":0,"TB":0},{"Id":84,"V":0,"NV":0,"TB":0},{"Id":85,"V":0,"NV":0,"TB":0},{"Id":81,"V":0,"NV":0,"TB":3}],[{"Id":73,"V":9,"NV":0,"TB":0},{"Id":79,"V":6,"NV":0,"TB":0},{"Id":67,"V":4,"NV":0,"TB":0},{"Id":71,"V":4,"NV":0,"TB":0},{"Id":82,"V":4,"NV":0,"TB":0},{"Id":70,"V":3,"NV":0,"TB":0},{"Id":74,"V":3,"NV":0,"TB":0},{"Id":77,"V":3,"NV":0,"TB":0},{"Id":86,"V":3,"NV":0,"TB":0},{"Id":66,"V":2,"NV":0,"TB":0},{"Id":69,"V":2,"NV":0,"TB":0},{"Id":76,"V":2,"NV":0,"TB":0},{"Id":87,"V":2,"NV":0,"TB":0},{"Id":65,"V":1,"NV":0,"TB":0},{"Id":68,"V":1,"NV":0,"TB":0},{"Id":78,"V":1,"NV":0,"TB":0},{"Id":80,"V":1,"NV":0,"TB":0},{"Id":83,"V":1,"NV":0,"TB":0},{"Id":72,"V":0,"NV":0,"TB":0},{"Id":75,"V":0,"NV":0,"TB":0},{"Id":85,"V":0,"NV":0,"TB":0},{"Id":84,"V":0,"NV":0,"TB":2}],[{"Id":73,"V":9,"NV":0,"TB":0},{"Id":79,"V":6,"NV":0,"TB":0},{"Id":67,"V":4,"NV":0,"TB":0},{"Id":71,"V":4,"NV":0,"TB":0},{"Id":82,"V":4,"NV":0,"TB":0},{"Id":70,"V":3,"NV":0,"TB":0},{"Id":74,"V":3,"NV":0,"TB":0},{"Id":77,"V":3,"NV":0,"TB":0},{"Id":86,"V":3,"NV":0,"TB":0},{"Id":66,"V":2,"NV":0,"TB":0},{"Id":69,"V":2,"NV":0,"TB":0},{"Id":76,"V":2,"NV":0,"TB":0},{"Id":87,"V":2,"NV":0,"TB":0},{"Id":65,"V":1,"NV":0,"TB":0},{"Id":68,"V":1,"NV":0,"TB":0},{"Id":78,"V":1,"NV":0,"TB":0},{"Id":80,"V":1,"NV":0,"TB":0},{"Id":83,"V":1,"NV":0,"TB":0},{"Id":72,"V":0,"NV":0,"TB":0},{"Id":75,"V":0,"NV":0,"TB":0},{"Id":85,"V":0,"NV":0,"TB":1}],[{"Id":73,"V":9,"NV":0,"TB":0},{"Id":79,"V":6,"NV":0,"TB":0},{"Id":67,"V":4,"NV":0,"TB":0},{"Id":71,"V":4,"NV":0,"TB":0},{"Id":82,"V":4,"NV":0,"TB":0},{"Id":70,"V":3,"NV":0,"TB":0},{"Id":74,"V":3,"NV":0,"TB":0},{"Id":77,"V":3,"NV":0,"TB":0},{"Id":86,"V":3,"NV":0,"TB":0},{"Id":66,"V":2,"NV":0,"TB":0},{"Id":69,"V":2,"NV":0,"TB":0},{"Id":76,"V":2,"NV":0,"TB":0},{"Id":87,"V":2,"NV":0,"TB":0},{"Id":65,"V":1,"NV":0,"TB":0},{"Id":68,"V":1,"NV":0,"TB":0},{"Id":78,"V":1,"NV":0,"TB":0},{"Id":80,"V":1,"NV":0,"TB":0},{"Id":83,"V":1,"NV":0,"TB":0},{"Id":72,"V":0,"NV":0,"TB":0},{"Id":75,"V":0,"NV":0,"TB":1}],[{"Id":73,"V":9,"NV":0,"TB":0},{"Id":79,"V":6,"NV":0,"TB":0},{"Id":67,"V":4,"NV":0,"TB":0},{"Id":71,"V":4,"NV":0,"TB":0},{"Id":82,"V":4,"NV":0,"TB":0},{"Id":70,"V":3,"NV":0,"TB":0},{"Id":74,"V":3,"NV":0,"TB":0},{"Id":77,"V":3,"NV":0,"TB":0},{"Id":86,"V":3,"NV":0,"TB":0},{"Id":66,"V":2,"NV":0,"TB":0},{"Id":69,"V":2,"NV":0,"TB":0},{"Id":76,"V":2,"NV":0,"TB":0},{"Id":87,"V":2,"NV":0,"TB":0},{"Id":65,"V":1,"NV":0,"TB":0},{"Id":68,"V":1,"NV":0,"TB":0},{"Id":78,"V":1,"NV":0,"TB":0},{"Id":80,"V":1,"NV":0,"TB":0},{"Id":83,"V":1,"NV":0,"TB":0},{"Id":72,"V":0,"NV":0,"TB":0}],[{"Id":73,"V":9,"NV":0,"TB":0},{"Id":79,"V":6,"NV":0,"TB":0},{"Id":67,"V":4,"NV":0,"TB":0},{"Id":71,"V":4,"NV":0,"TB":0},{"Id":82,"V":4,"NV":0,"TB":0},{"Id":70,"V":3,"NV":0,"TB":0},{"Id":74,"V":3,"NV":0,"TB":0},{"Id":77,"V":3,"NV":0,"TB":0},{"Id":86,"V":3,"NV":0,"TB":0},{"Id":66,"V":2,"NV":0,"TB":0},{"Id":69,"V":2,"NV":0,"TB":0},{"Id":76,"V":2,"NV":0,"TB":0},{"Id":87,"V":2,"NV":0,"TB":0},{"Id":68,"V":1,"NV":0,"TB":0},{"Id":78,"V":1,"NV":0,"TB":0},{"Id":80,"V":1,"NV":0,"TB":0},{"Id":83,"V":1,"NV":0,"TB":0},{"Id":65,"V":1,"NV":0,"TB":5}],[{"Id":73,"V":9,"NV":0,"TB":0},{"Id":79,"V":6,"NV":0,"TB":0},{"Id":67,"V":4,"NV":0,"TB":0},{"Id":71,"V":4,"NV":0,"TB":0},{"Id":82,"V":4,"NV":0,"TB":0},{"Id":70,"V":3,"NV":0,"TB":0},{"Id":74,"V":3,"NV":0,"TB":0},{"Id":77,"V":3,"NV":0,"TB":0},{"Id":86,"V":3,"NV":0,"TB":0},{"Id":66,"V":2,"NV":0,"TB":0},{"Id":69,"V":2,"NV":0,"TB":0},{"Id":76,"V":2,"NV":0,"TB":0},{"Id":87,"V":2,"NV":0,"TB":0},{"Id":68,"V":1,"NV":0,"TB":0},{"Id":80,"V":1,"NV":0,"TB":0},{"Id":83,"V":1,"NV":0,"TB":0},{"Id":78,"V":1,"NV":0,"TB":3}],[{"Id":73,"V":10,"NV":1,"TB":0},{"Id":79,"V":6,"NV":0,"TB":0},{"Id":67,"V":4,"NV":0,"TB":0},{"Id":71,"V":4,"NV":0,"TB":0},{"Id":82,"V":4,"NV":0,"TB":0},{"Id":70,"V":3,"NV":0,"TB":0},{"Id":74,"V":3,"NV":0,"TB":0},{"Id":77,"V":3,"NV":0,"TB":0},{"Id":86,"V":3,"NV":0,"TB":0},{"Id":66,"V":2,"NV":0,"TB":0},{"Id":69,"V":2,"NV":0,"TB":0},{"Id":76,"V":2,"NV":0,"TB":0},{"Id":87,"V":2,"NV":0,"TB":0},{"Id":68,"V":1,"NV":0,"TB":0},{"Id":80,"V":1,"NV":0,"TB":0},{"Id":83,"V":1,"NV":0,"TB":1}],[{"Id":73,"V":10,"NV":0,"TB":0},{"Id":79,"V":6,"NV":0,"TB":0},{"Id":67,"V":4,"NV":0,"TB":0},{"Id":71,"V":4,"NV":0,"TB":0},{"Id":82,"V":4,"NV":0,"TB":0},{"Id":70,"V":3,"NV":0,"TB":0},{"Id":74,"V":3,"NV":0,"TB":0},{"Id":77,"V":3,"NV":0,"TB":0},{"Id":86,"V":3,"NV":0,"TB":0},{"Id":66,"V":2,"NV":0,"TB":0},{"Id":68,"V":2,"NV":1,"TB":0},{"Id":69,"V":2,"NV":0,"TB":0},{"Id":76,"V":2,"NV":0,"TB":0},{"Id":87,"V":2,"NV":0,"TB":0},{"Id":80,"V":1,"NV":0,"TB":0}],[{"Id":73,"V":10,"NV":0,"TB":0},{"Id":79,"V":6,"NV":0,"TB":0},{"Id":67,"V":4,"NV":0,"TB":0},{"Id":70,"V":4,"NV":1,"TB":0},{"Id":71,"V":4,"NV":0,"TB":0},{"Id":82,"V":4,"NV":0,"TB":0},{"Id":74,"V":3,"NV":0,"TB":0},{"Id":77,"V":3,"NV":0,"TB":0},{"Id":86,"V":3,"NV":0,"TB":0},{"Id":68,"V":2,"NV":0,"TB":0},{"Id":69,"V":2,"NV":0,"TB":0},{"Id":76,"V":2,"NV":0,"TB":0},{"Id":87,"V":2,"NV":0,"TB":0},{"Id":66,"V":2,"NV":0,"TB":5}],[{"Id":73,"V":11,"NV":1,"TB":0},{"Id":79,"V":6,"NV":0,"TB":0},{"Id":67,"V":5,"NV":1,"TB":0},{"Id":70,"V":4,"NV":0,"TB":0},{"Id":71,"V":4,"NV":0,"TB":0},{"Id":82,"V":4,"NV":0,"TB":0},{"Id":74,"V":3,"NV":0,"TB":0},{"Id":77,"V":3,"NV":0,"TB":0},{"Id":86,"V":3,"NV":0,"TB":0},{"Id":68,"V":2,"NV":0,"TB":0},{"Id":69,"V":2,"NV":0,"TB":0},{"Id":76,"V":2,"NV":0,"TB":0},{"Id":87,"V":2,"NV":0,"TB":1}],[{"Id":73,"V":12,"NV":1,"TB":0},{"Id":79,"V":6,"NV":0,"TB":0},{"Id":67,"V":5,"NV":0,"TB":0},{"Id":70,"V":4,"NV":0,"TB":0},{"Id":71,"V":4,"NV":0,"TB":0},{"Id":74,"V":4,"NV":1,"TB":0},{"Id":82,"V":4,"NV":0,"TB":0},{"Id":77,"V":3,"NV":0,"TB":0},{"Id":86,"V":3,"NV":0,"TB":0},{"Id":68,"V":2,"NV":0,"TB":0},{"Id":69,"V":2,"NV":0,"TB":0},{"Id":76,"V":2,"NV":0,"TB":1}],[{"Id":73,"V":13,"NV":1,"TB":0},{"Id":79,"V":6,"NV":0,"TB":0},{"Id":67,"V":5,"NV":0,"TB":0},{"Id":70,"V":4,"NV":0,"TB":0},{"Id":71,"V":4,"NV":0,"TB":0},{"Id":74,"V":4,"NV":0,"TB":0},{"Id":82,"V":4,"NV":0,"TB":0},{"Id":86,"V":4,"NV":1,"TB":0},{"Id":77,"V":3,"NV":0,"TB":0},{"Id":69,"V":2,"NV":0,"TB":0},{"Id":68,"V":2,"NV":0,"TB":2}],[{"Id":73,"V":13,"NV":0,"TB":0},{"Id":79,"V":6,"NV":0,"TB":0},{"Id":67,"V":5,"NV":0,"TB":0},{"Id":74,"V":5,"NV":1,"TB":0},{"Id":82,"V":5,"NV":1,"TB":0},{"Id":70,"V":4,"NV":0,"TB":0},{"Id":71,"V":4,"NV":0,"TB":0},{"Id":86,"V":4,"NV":0,"TB":0},{"Id":77,"V":3,"NV":0,"TB":0},{"Id":69,"V":2,"NV":0,"TB":0}],[{"Id":73,"V":14,"NV":1,"TB":0},{"Id":79,"V":6,"NV":0,"TB":0},{"Id":82,"V":6,"NV":1,"TB":0},{"Id":67,"V":5,"NV":0,"TB":0},{"Id":74,"V":5,"NV":0,"TB":0},{"Id":70,"V":4,"NV":0,"TB":0},{"Id":71,"V":4,"NV":0,"TB":0},{"Id":86,"V":4,"NV":0,"TB":0},{"Id":77,"V":3,"NV":0,"TB":0}],[{"Id":73,"V":14,"NV":0,"TB":0},{"Id":79,"V":7,"NV":1,"TB":0},{"Id":67,"V":6,"NV":1,"TB":0},{"Id":82,"V":6,"NV":0,"TB":0},{"Id":74,"V":5,"NV":0,"TB":0},{"Id":86,"V":5,"NV":1,"TB":0},{"Id":70,"V":4,"NV":0,"TB":0},{"Id":71,"V":4,"NV":0,"TB":1}],[{"Id":73,"V":14,"NV":0,"TB":0},{"Id":79,"V":8,"NV":1,"TB":0},{"Id":67,"V":7,"NV":1,"TB":0},{"Id":82,"V":6,"NV":0,"TB":0},{"Id":70,"V":5,"NV":1,"TB":0},{"Id":86,"V":5,"NV":0,"TB":0},{"Id":74,"V":5,"NV":0,"TB":2}],[{"Id":73,"V":15,"NV":1,"TB":0},{"Id":79,"V":8,"NV":0,"TB":0},{"Id":82,"V":8,"NV":2,"TB":0},{"Id":67,"V":7,"NV":0,"TB":0},{"Id":86,"V":7,"NV":2,"TB":0},{"Id":70,"V":5,"NV":0,"TB":0}],[{"Id":73,"V":16,"NV":1,"TB":0},{"Id":67,"V":9,"NV":2,"TB":0},{"Id":79,"V":9,"NV":1,"TB":0},{"Id":82,"V":8,"NV":0,"TB":0},{"Id":86,"V":7,"NV":0,"TB":0}],[{"Id":73,"V":16,"NV":0,"TB":0},{"Id":67,"V":11,"NV":2,"TB":0},{"Id":79,"V":10,"NV":1,"TB":0},{"Id":82,"V":10,"NV":2,"TB":1}],[{"Id":73,"V":19,"NV":3,"TB":0},{"Id":79,"V":13,"NV":3,"TB":0},{"Id":67,"V":12,"NV":1,"TB":0}],[{"Id":73,"V":22,"NV":3,"TB":0},{"Id":79,"V":17,"NV":4,"TB":0}],[{"Id":73,"V":30,"NV":8,"TB":0}]],"Expires":1581898778,"SecondsLeft":0}