{"Mtype":"results","Title":"Round 1","PollStarted":"2020-11-22T22:19:05.204719348Z","PollDuration":600000000000,"Options":{"65":"Cat Keidran Karen","66":"Willow body pillow","67":"A Riftwall Holidays: Maeve and her cousins watch hungerly as Adira and Amelia put the finishing touches on the Riftwall family holiday dinner.","68":"Older Keith and Natani, watching their kids play in leaf piles","69":"Willow, Kat and Laura recording a podcast, at there house with the microphones connected to Laura's PC ","70":"The first Basitan Thanksgiving: Long ago, a Basitan leader defeated the giant, feathered creature that terrorized Basitan Island. The entire island gathered for a celebratory feast","71":"Zen as Dante and Natani as Vergil from Devil May Cry 5","72":"Keith as geralt training maddie as ciri at khear morhen","73":"Tall Maddie sequel. After Maddie gets super tall, she finds out that being tall isn’t all it’s cracked up to be, because she also got her mom’s super-strength \u0026 keeps breaking everything. ","74":"Flora \u0026 Trace (Tiger form) as mermaid sharing a romantic hug with each other underwater (Preferably have Flora nude). ","75":"The Many Forms of Nora - Nora shows off some of her many transformations in cute and alluring poses.Dragon, cat, cat-keidran, human, and possibly others.","76":"Spartan Warrior King Adelaide wearing skimpy armor with chestplate while wielding spear and shield","77":"Laura's Traditional Fish \u0026 Chips.  Laura opens a quintessential British Fish \u0026 Chip shop.","78":"Clovis' cousin Captain Jenny commands her motley crew","79":"Sythe and Maren walking through an autumn forest together","80":"Natani and Zen lifting up Keith by his arms by surprise. ","81":"Flora chases a laser","82":"Alright Gentleman. We all want *Very Vixen Mike against the Glass* don´t you agree?","83":"Natani, Zen and Keith as the Spanish Inquisition from Monty Python. Nobody expects the Spanish Inquisition!","84":"An alternative to page 1129, Reni misjudges the ceiling's thickness and splats like a bird against a window.","85":"Laura enjoying a nice cup of coffee during sunrise!","86":"Very cat Maren. Trace's reversal spell backfires making Maren even more cat like than before. Sythe doesn't seem to mind the new changes though.","87":"Rose and Saria wake up after a night of hard partying and wonder if anything happened between them.","88":"How look like slave keidran market? ","89":"Kat and Zen kiss in a shower","90":"Halloween Party Aftermath 2. Very Vixen Mike somehow turns back into regular Mike as he is faced with a very surprised but still interested Kathrin"},"ExpectedBallots":75,"CountedBallots":75,"Ballots":["ZGPSHC","MBOWEAUZQVN","FZNVLIAMRCUYSBPWKQTOEJDX","YOWPQN","H","KOVYAQ","NCGFDUEOK","VAB","RYOLSDBXZCUTAWH","DKUCOIMTFNSJV","INTPD","DAT","T","ZY","QLXFMICE","UOCKYWPADLVFJ","CXWVIZOABQKNMFUL","YDV","KQ","FDJOWC","OD","JFRZTISQDVNH","YQDTLV","LFOXYRSBKQNAUDHGCZJPWVMITE","OVAY","AYOXCFSZRLHVM","ZVTKQROBEI","QBLYR","ACM","GDQTSOP","SOWMZ","KHOUQLCX","QTK","NXPTCFSDMWGHIOLARJVQZKYUB","AVRKHLMJDQNOGBYWFPUXEISCTZ","JFMUHIEWLDBXQ","XQREAKWFGMNDSUPCOTLVIHJBZ","MUZYANWPOSDJVKLRCFBQIE","QSROLZIEXCTKGM","EOQVWAX","WJQ","XFRTYBUIKPDWSVGQMEOHZLJCAN","VKZDRBPT","YEPGOANMBCXFDUIKSVZLQRTWH","XETIBNRQZVSUPLK","XVOLCATQ","S","KFNDHTOAXVRYJWL","XOPG","WTRYOUCHBQ","SDCPFNE","RKAVS","KWBOXQD","YZ","BSL","MBNRAGVXQKJHWD","YWQVU","RKTVQ","STBKJYQN","AQPDXTZYFKCJSUWHMVGEBNOLIR","TMCGXHK","TLKIUZWA","DVBAYZ","ZYRVAE","NQA","MUEFIPJ","WXK","MUE","HYSPDTZWXK","GACYNJTQKEWFOR","QUNHAXWCP","PYVNWMZUO","RD","VPDCZNYR","EQUYWBJRMAXVZCSNIDTKOHPLGF"],"Placements":[[{"Id":89,"V":6,"NV":6,"TB":0},{"Id":75,"V":5,"NV":5,"TB":0},{"Id":77,"V":5,"NV":5,"TB":0},{"Id":81,"V":5,"NV":5,"TB":0},{"Id":88,"V":5,"NV":5,"TB":0},{"Id":65,"V":4,"NV":4,"TB":0},{"Id":82,"V":4,"NV":4,"TB":0},{"Id":83,"V":4,"NV":4,"TB":0},{"Id":90,"V":4,"NV":4,"TB":0},{"Id":68,"V":3,"NV":3,"TB":0},{"Id":78,"V":3,"NV":3,"TB":0},{"Id":84,"V":3,"NV":3,"TB":0},{"Id":86,"V":3,"NV":3,"TB":0},{"Id":87,"V":3,"NV":3,"TB":0},{"Id":69,"V":2,"NV":2,"TB":0},{"Id":70,"V":2,"NV":2,"TB":0},{"Id":71,"V":2,"NV":2,"TB":0},{"Id":72,"V":2,"NV":2,"TB":0},{"Id":74,"V":2,"NV":2,"TB":0},{"Id":79,"V":2,"NV":2,"TB":0},{"Id":66,"V":1,"NV":1,"TB":0},{"Id":67,"V":1,"NV":1,"TB":0},{"Id":73,"V":1,"NV":1,"TB":0},{"Id":80,"V":1,"NV":1,"TB":0},{"Id":85,"V":1,"NV":1,"TB":0},{"Id":76,"V":1,"NV":1,"TB":3}],[{"Id":89,"V":6,"NV":0,"TB":0},{"Id":75,"V":5,"NV":0,"TB":0},{"Id":77,"V":5,"NV":0,"TB":0},{"Id":81,"V":5,"NV":0,"TB":0},{"Id":88,"V":5,"NV":0,"TB":0},{"Id":65,"V":4,"NV":0,"TB":0},{"Id":82,"V":4,"NV":0,"TB":0},{"Id":83,"V":4,"NV":0,"TB":0},{"Id":90,"V":4,"NV":0,"TB":0},{"Id":68,"V":3,"NV":0,"TB":0},{"Id":70,"V":3,"NV":1,"TB":0},{"Id":78,"V":3,"NV":0,"TB":0},{"Id":84,"V":3,"NV":0,"TB":0},{"Id":86,"V":3,"NV":0,"TB":0},{"Id":87,"V":3,"NV":0,"TB":0},{"Id":69,"V":2,"NV":0,"TB":0},{"Id":71,"V":2,"NV":0,"TB":0},{"Id":72,"V":2,"NV":0,"TB":0},{"Id":74,"V":2,"NV":0,"TB":0},{"Id":79,"V":2,"NV":0,"TB":0},{"Id":67,"V":1,"NV":0,"TB":0},{"Id":73,"V":1,"NV":0,"TB":0},{"Id":80,"V":1,"NV":0,"TB":0},{"Id":85,"V":1,"NV":0,"TB":0},{"Id":66,"V":1,"NV":0,"TB":5}],[{"Id":89,"V":6,"NV":0,"TB":0},{"Id":75,"V":5,"NV":0,"TB":0},{"Id":77,"V":5,"NV":0,"TB":0},{"Id":81,"V":5,"NV":0,"TB":0},{"Id":83,"V":5,"NV":1,"TB":0},{"Id":88,"V":5,"NV":0,"TB":0},{"Id":65,"V":4,"NV":0,"TB":0},{"Id":82,"V":4,"NV":0,"TB":0},{"Id":90,"V":4,"NV":0,"TB":0},{"Id":68,"V":3,"NV":0,"TB":0},{"Id":70,"V":3,"NV":0,"TB":0},{"Id":78,"V":3,"NV":0,"TB":0},{"Id":84,"V":3,"NV":0,"TB":0},{"Id":86,"V":3,"NV":0,"TB":0},{"Id":87,"V":3,"NV":0,"TB":0},{"Id":69,"V":2,"NV":0,"TB":0},{"Id":71,"V":2,"NV":0,"TB":0},{"Id":72,"V":2,"NV":0,"TB":0},{"Id":74,"V":2,"NV":0,"TB":0},{"Id":79,"V":2,"NV":0,"TB":0},{"Id":67,"V":1,"NV":0,"TB":0},{"Id":73,"V":1,"NV":0,"TB":0},{"Id":85,"V":1,"NV":0,"TB":0},{"Id":80,"V":1,"NV":0,"TB":2}],[{"Id":89,"V":7,"NV":1,"TB":0},{"Id":75,"V":5,"NV":0,"TB":0},{"Id":77,"V":5,"NV":0,"TB":0},{"Id":81,"V":5,"NV":0,"TB":0},{"Id":83,"V":5,"NV":0,"TB":0},{"Id":88,"V":5,"NV":0,"TB":0},{"Id":65,"V":4,"NV":0,"TB":0},{"Id":82,"V":4,"NV":0,"TB":0},{"Id":90,"V":4,"NV":0,"TB":0},{"Id":68,"V":3,"NV":0,"TB":0},{"Id":70,"V":3,"NV":0,"TB":0},{"Id":78,"V":3,"NV":0,"TB":0},{"Id":84,"V":3,"NV":0,"TB":0},{"Id":86,"V":3,"NV":0,"TB":0},{"Id":87,"V":3,"NV":0,"TB":0},{"Id":69,"V":2,"NV":0,"TB":0},{"Id":71,"V":2,"NV":0,"TB":0},{"Id":72,"V":2,"NV":0,"TB":0},{"Id":74,"V":2,"NV":0,"TB":0},{"Id":79,"V":2,"NV":0,"TB":0},{"Id":73,"V":1,"NV":0,"TB":0},{"Id":85,"V":1,"NV":0,"TB":0},{"Id":67,"V":1,"NV":0,"TB":3}],[{"Id":89,"V":7,"NV":0,"TB":0},{"Id":88,"V":6,"NV":1,"TB":0},{"Id":75,"V":5,"NV":0,"TB":0},{"Id":77,"V":5,"NV":0,"TB":0},{"Id":81,"V":5,"NV":0,"TB":0},{"Id":83,"V":5,"NV":0,"TB":0},{"Id":65,"V":4,"NV":0,"TB":0},{"Id":82,"V":4,"NV":0,"TB":0},{"Id":90,"V":4,"NV":0,"TB":0},{"Id":68,"V":3,"NV":0,"TB":0},{"Id":70,"V":3,"NV":0,"TB":0},{"Id":78,"V":3,"NV":0,"TB":0},{"Id":84,"V":3,"NV":0,"TB":0},{"Id":86,"V":3,"NV":0,"TB":0},{"Id":87,"V":3,"NV":0,"TB":0},{"Id":69,"V":2,"NV":0,"TB":0},{"Id":71,"V":2,"NV":0,"TB":0},{"Id":72,"V":2,"NV":0,"TB":0},{"Id":74,"V":2,"NV":0,"TB":0},{"Id":79,"V":2,"NV":0,"TB":0},{"Id":73,"V":1,"NV":0,"TB":0},{"Id":85,"V":1,"NV":0,"TB":1}],[{"Id":89,"V":7,"NV":0,"TB":0},{"Id":88,"V":6,"NV":0,"TB":0},{"Id":75,"V":5,"NV":0,"TB":0},{"Id":77,"V":5,"NV":0,"TB":0},{"Id":81,"V":5,"NV":0,"TB":0},{"Id":83,"V":5,"NV":0,"TB":0},{"Id":65,"V":4,"NV":0,"TB":0},{"Id":82,"V":4,"NV":0,"TB":0},{"Id":90,"V":4,"NV":0,"TB":0},{"Id":68,"V":3,"NV":0,"TB":0},{"Id":70,"V":3,"NV":0,"TB":0},{"Id":78,"V":3,"NV":0,"TB":0},{"Id":79,"V":3,"NV":1,"TB":0},{"Id":84,"V":3,"NV":0,"TB":0},{"Id":86,"V":3,"NV":0,"TB":0},{"Id":87,"V":3,"NV":0,"TB":0},{"Id":69,"V":2,"NV":0,"TB":0},{"Id":71,"V":2,"NV":0,"TB":0},{"Id":72,"V":2,"NV":0,"TB":0},{"Id":74,"V":2,"NV":0,"TB":0},{"Id":73,"V":1,"NV":0,"TB":0}],[{"Id":89,"V":7,"NV":0,"TB":0},{"Id":88,"V":6,"NV":0,"TB":0},{"Id":75,"V":5,"NV":0,"TB":0},{"Id":77,"V":5,"NV":0,"TB":0},{"Id":81,"V":5,"NV":0,"TB":0},{"Id":83,"V":5,"NV":0,"TB":0},{"Id":65,"V":4,"NV":0,"TB":0},{"Id":78,"V":4,"NV":1,"TB":0},{"Id":82,"V":4,"NV":0,"TB":0},{"Id":90,"V":4,"NV":0,"TB":0},{"Id":68,"V":3,"NV":0,"TB":0},{"Id":70,"V":3,"NV":0,"TB":0},{"Id":79,"V":3,"NV":0,"TB":0},{"Id":84,"V":3,"NV":0,"TB":0},{"Id":86,"V":3,"NV":0,"TB":0},{"Id":87,"V":3,"NV":0,"TB":0},{"Id":71,"V":2,"NV":0,"TB":0},{"Id":72,"V":2,"NV":0,"TB":0},{"Id":74,"V":2,"NV":0,"TB":0},{"Id":69,"V":2,"NV":0,"TB":4}],[{"Id":89,"V":7,"NV":0,"TB":0},{"Id":81,"V":6,"NV":1,"TB":0},{"Id":88,"V":6,"NV":0,"TB":0},{"Id":75,"V":5,"NV":0,"TB":0},{"Id":77,"V":5,"NV":0,"TB":0},{"Id":83,"V":5,"NV":0,"TB":0},{"Id":65,"V":4,"NV":0,"TB":0},{"Id":78,"V":4,"NV":0,"TB":0},{"Id":79,"V":4,"NV":1,"TB":0},{"Id":82,"V":4,"NV":0,"TB":0},{"Id":90,"V":4,"NV":0,"TB":0},{"Id":68,"V":3,"NV":0,"TB":0},{"Id":70,"V":3,"NV":0,"TB":0},{"Id":84,"V":3,"NV":0,"TB":0},{"Id":86,"V":3,"NV":0,"TB":0},{"Id":87,"V":3,"NV":0,"TB":0},{"Id":71,"V":2,"NV":0,"TB":0},{"Id":72,"V":2,"NV":0,"TB":0},{"Id":74,"V":2,"NV":0,"TB":1}],[{"Id":89,"V":7,"NV":0,"TB":0},{"Id":81,"V":6,"NV":0,"TB":0},{"Id":88,"V":6,"NV":0,"TB":0},{"Id":70,"V":5,"NV":2,"TB":0},{"Id":75,"V":5,"NV":0,"TB":0},{"Id":77,"V":5,"NV":0,"TB":0},{"Id":83,"V":5,"NV":0,"TB":0},{"Id":65,"V":4,"NV":0,"TB":0},{"Id":78,"V":4,"NV":0,"TB":0},{"Id":79,"V":4,"NV":0,"TB":0},{"Id":82,"V":4,"NV":0,"TB":0},{"Id":90,"V":4,"NV":0,"TB":0},{"Id":68,"V":3,"NV":0,"TB":0},{"Id":84,"V":3,"NV":0,"TB":0},{"Id":86,"V":3,"NV":0,"TB":0},{"Id":87,"V":3,"NV":0,"TB":0},{"Id":71,"V":2,"NV":0,"TB":0},{"Id":72,"V":2,"NV":0,"TB":1}],[{"Id":89,"V":8,"NV":1,"TB":0},{"Id":81,"V":6,"NV":0,"TB":0},{"Id":88,"V":6,"NV":0,"TB":0},{"Id":70,"V":5,"NV":0,"TB":0},{"Id":75,"V":5,"NV":0,"TB":0},{"Id":77,"V":5,"NV":0,"TB":0},{"Id":83,"V":5,"NV":0,"TB":0},{"Id":65,"V":4,"NV":0,"TB":0},{"Id":78,"V":4,"NV":0,"TB":0},{"Id":79,"V":4,"NV":0,"TB":0},{"Id":82,"V":4,"NV":0,"TB":0},{"Id":90,"V":4,"NV":0,"TB":0},{"Id":68,"V":3,"NV":0,"TB":0},{"Id":84,"V":3,"NV":0,"TB":0},{"Id":86,"V":3,"NV":0,"TB":0},{"Id":87,"V":3,"NV":0,"TB":0},{"Id":71,"V":2,"NV":0,"TB":0}],[{"Id":89,"V":8,"NV":0,"TB":0},{"Id":81,"V":6,"NV":0,"TB":0},{"Id":88,"V":6,"NV":0,"TB":0},{"Id":65,"V":5,"NV":1,"TB":0},{"Id":70,"V":5,"NV":0,"TB":0},{"Id":75,"V":5,"NV":0,"TB":0},{"Id":77,"V":5,"NV":0,"TB":0},{"Id":83,"V":5,"NV":0,"TB":0},{"Id":68,"V":4,"NV":1,"TB":0},{"Id":78,"V":4,"NV":0,"TB":0},{"Id":79,"V":4,"NV":0,"TB":0},{"Id":82,"V":4,"NV":0,"TB":0},{"Id":90,"V":4,"NV":0,"TB":0},{"Id":86,"V":3,"NV":0,"TB":0},{"Id":87,"V":3,"NV":0,"TB":0},{"Id":84,"V":3,"NV":0,"TB":3}],[{"Id":89,"V":8,"NV":0,"TB":0},{"Id":75,"V":6,"NV":1,"TB":0},{"Id":77,"V":6,"NV":1,"TB":0},{"Id":81,"V":6,"NV":0,"TB":0},{"Id":88,"V":6,"NV":0,"TB":0},{"Id":65,"V":5,"NV":0,"TB":0},{"Id":70,"V":5,"NV":0,"TB":0},{"Id":83,"V":5,"NV":0,"TB":0},{"Id":68,"V":4,"NV":0,"TB":0},{"Id":78,"V":4,"NV":0,"TB":0},{"Id":79,"V":4,"NV":0,"TB":0},{"Id":82,"V":4,"NV":0,"TB":0},{"Id":90,"V":4,"NV":0,"TB":0},{"Id":86,"V":3,"NV":0,"TB":0},{"Id":87,"V":3,"NV":0,"TB":1}],[{"Id":89,"V":8,"NV":0,"TB":0},{"Id":81,"V":7,"NV":1,"TB":0},{"Id":88,"V":7,"NV":1,"TB":0},{"Id":75,"V":6,"NV":0,"TB":0},{"Id":77,"V":6,"NV":0,"TB":0},{"Id":65,"V":5,"NV":0,"TB":0},{"Id":70,"V":5,"NV":0,"TB":0},{"Id":82,"V":5,"NV":1,"TB":0},{"Id":83,"V":5,"NV":0,"TB":0},{"Id":68,"V":4,"NV":0,"TB":0},{"Id":78,"V":4,"NV":0,"TB":0},{"Id":79,"V":4,"NV":0,"TB":0},{"Id":90,"V":4,"NV":0,"TB":0},{"Id":86,"V":3,"NV":0,"TB":0}],[{"Id":89,"V":8,"NV":0,"TB":0},{"Id":75,"V":7,"NV":1,"TB":0},{"Id":81,"V":7,"NV":0,"TB":0},{"Id":88,"V":7,"NV":0,"TB":0},{"Id":65,"V":6,"NV":1,"TB":0},{"Id":77,"V":6,"NV":0,"TB":0},{"Id":68,"V":5,"NV":1,"TB":0},{"Id":70,"V":5,"NV":0,"TB":0},{"Id":82,"V":5,"NV":0,"TB":0},{"Id":83,"V":5,"NV":0,"TB":0},{"Id":79,"V":4,"NV":0,"TB":0},{"Id":90,"V":4,"NV":0,"TB":0},{"Id":78,"V":4,"NV":0,"TB":3}],[{"Id":81,"V":8,"NV":1,"TB":0},{"Id":88,"V":8,"NV":1,"TB":0},{"Id":89,"V":8,"NV":0,"TB":0},{"Id":75,"V":7,"NV":0,"TB":0},{"Id":65,"V":6,"NV":0,"TB":0},{"Id":68,"V":6,"NV":1,"TB":0},{"Id":70,"V":6,"NV":1,"TB":0},{"Id":77,"V":6,"NV":0,"TB":0},{"Id":82,"V":5,"NV":0,"TB":0},{"Id":83,"V":5,"NV":0,"TB":0},{"Id":90,"V":4,"NV":0,"TB":0},{"Id":79,"V":4,"NV":0,"TB":2}],[{"Id":81,"V":9,"NV":1,"TB":0},{"Id":75,"V":8,"NV":1,"TB":0},{"Id":88,"V":8,"NV":0,"TB":0},{"Id":89,"V":8,"NV":0,"TB":0},{"Id":65,"V":7,"NV":1,"TB":0},{"Id":68,"V":7,"NV":1,"TB":0},{"Id":70,"V":6,"NV":0,"TB":0},{"Id":77,"V":6,"NV":0,"TB":0},{"Id":82,"V":5,"NV":0,"TB":0},{"Id":83,"V":5,"NV":0,"TB":0},{"Id":90,"V":4,"NV":0,"TB":0}],[{"Id":89,"V":10,"NV":2,"TB":0},{"Id":75,"V":9,"NV":1,"TB":0},{"Id":81,"V":9,"NV":0,"TB":0},{"Id":88,"V":8,"NV":0,"TB":0},{"Id":65,"V":7,"NV":0,"TB":0},{"Id":68,"V":7,"NV":0,"TB":0},{"Id":70,"V":6,"NV":0,"TB":0},{"Id":77,"V":6,"NV":0,"TB":0},{"Id":83,"V":6,"NV":1,"TB":0},{"Id":82,"V":5,"NV":0,"TB":0}],[{"Id":89,"V":12,"NV":2,"TB":0},{"Id":75,"V":11,"NV":2,"TB":0},{"Id":81,"V":9,"NV":0,"TB":0},{"Id":68,"V":8,"NV":1,"TB":0},{"Id":88,"V":8,"NV":0,"TB":0},{"Id":65,"V":7,"NV":0,"TB":0},{"Id":77,"V":6,"NV":0,"TB":0},{"Id":83,"V":6,"NV":0,"TB":0},{"Id":70,"V":6,"NV":0,"TB":3}],[{"Id":89,"V":12,"NV":0,"TB":0},{"Id":75,"V":11,"NV":0,"TB":0},{"Id":68,"V":10,"NV":2,"TB":0},{"Id":81,"V":9,"NV":0,"TB":0},{"Id":88,"V":9,"NV":1,"TB":0},{"Id":65,"V":8,"NV":1,"TB":0},{"Id":83,"V":7,"NV":1,"TB":0},{"Id":77,"V":7,"NV":1,"TB":2}],[{"Id":89,"V":13,"NV":1,"TB":0},{"Id":68,"V":11,"NV":1,"TB":0},{"Id":75,"V":11,"NV":0,"TB":0},{"Id":65,"V":10,"NV":2,"TB":0},{"Id":88,"V":10,"NV":1,"TB":0},{"Id":81,"V":9,"NV":0,"TB":0},{"Id":83,"V":7,"NV":0,"TB":0}],[{"Id":89,"V":13,"NV":0,"TB":0},{"Id":68,"V":12,"NV":1,"TB":0},{"Id":75,"V":12,"NV":1,"TB":0},{"Id":65,"V":10,"NV":0,"TB":0},{"Id":81,"V":10,"NV":1,"TB":0},{"Id":88,"V":10,"NV":0,"TB":1}],[{"Id":89,"V":15,"NV":2,"TB":0},{"Id":75,"V":14,"NV":2,"TB":0},{"Id":68,"V":13,"NV":1,"TB":0},{"Id":65,"V":12,"NV":2,"TB":0},{"Id":81,"V":12,"NV":2,"TB":1}],[{"Id":75,"V":17,"NV":3,"TB":0},{"Id":89,"V":17,"NV":2,"TB":0},{"Id":65,"V":16,"NV":4,"TB":0},{"Id":68,"V":14,"NV":1,"TB":0}],[{"Id":65,"V":19,"NV":3,"TB":0},{"Id":75,"V":19,"NV":2,"TB":0},{"Id":89,"V":18,"NV":1,"TB":0}],[{"Id":65,"V":24,"NV":5,"TB":0},{"Id":75,"V":22,"NV":3,"TB":0}],[{"Id":65,"V":31,"NV":7,"TB":0}]],"Expires":1606084744,"SecondsLeft":0}