{"Mtype":"results","Title":"Round 2","PollStarted":"2020-06-07T21:41:27.900409848Z","PollDuration":600000000000,"Options":{"65":"Keith and Zen going fishing on the shore of a forest lake ","66":"Slave Leia Adelaide","67":"Nora begrudgingly accepts to takes Zen and human Raine up above the clouds so they can watch the star filled nights sky.","68":"Nora as a dark souls boss","69":"Zen tends to a zen garden","70":"Laura possesses Keith","71":"In the context of \"Pregnant Prank\": How does Keith imagine his and Natani's child?","72":"Stoneward is a Terminator, sent back from the future to execute the hapless waitress Maren T. Connor. He zeroes in on her, turning happy hour into a panic.","73":"The older Maeve made Maddie dress in the tribal outfit of the West Basitins. Much to the delight of Maeve","74":"After Maren sees lion Keiren she is compelled to groom his wild mane to regal perfection. Flora suggests a pretty bow to finish it off.","75":"Flora gives in to her unusual cravings and orders magical room service with the summoning table: baby wants chocolate!","76":"Human Reni attempting to swipe a magic idol à la Raiders of the Lost Ark style","77":"Kat sleeping, using her fluffy tail as a pillow","78":"Natani tricks Keith into modeling \"that frilly underwear\" mentioned in \"Mistaken Identity Flirting\" for Maddie","79":"Laura against the glass","80":"Flora(Ori) and the Blind Forest","81":"Team B are astronauts landing on Mars!","82":"Rose and Raine try testing Raine's magic with a stronger Templar collar. Cut to everyone staring at the exploded ruins of Legacy mansion","83":"The Solider from Basitin Flirting learning how to properly flirt with a Basitin.","84":"Eric after hitting the gym, trying to woo some keidran girls by strking poses like Johny Bravo.","85":"A wallpaper version of the last panel of Natani in the comic for May 26, 2020: \"Hidden Binding Stash.\"","86":"Bird types of twokinds worlds! (penguins, owls, ravens)","87":"Backstage Romance. After a long day filming on the set of Twokinds, Trace's actor retires backstage to greet his fiancée... Laura's actress."},"ExpectedBallots":54,"CountedBallots":54,"Ballots":["MNCGOK","C","QEVD","SD","JSENILGMRTKUOBFQWAVC","VGNFO","IBEST","HDJMF","ONIGWEBDAFMRJ","UAPTSILWKMGNCJDH","ENURT","KBSIJH","WN","VPEI","LJSIRTDB","FDO","GANU","GLB","WNUMLESKGTACQPB","","DHKNQVL","T","GTNHA","BGOTINRPVMHADFWEQSJUKLC","QOWMCI","MIOE","NUSIFOMVATRBLJWCQEDPHGK","TMD","WDGOUFRHQT","MLDWN","EWHAOJQMBKUIFVG","PK","GQIFMDE","UMOBFNIARJGKCS","WSHFLOCVMUGIRKJQATPDBEN","ID","MTQHRLI","O","FDIRUB","EO","R","UJSVDOWETRNMAHFQCGIBL","N","KGJ","BWI","OWFMEQHGPBVJ","GNU","GUK","OVLGWQIPHJCF","HWFGAOCKQUE","WNJEKGCLTMVI","O","OQWTPMIUNCSGHAVBD","IMEAUHRNK"],"Placements":[[{"Id":71,"V":6,"NV":6,"TB":0},{"Id":79,"V":6,"NV":6,"TB":0},{"Id":87,"V":5,"NV":5,"TB":0},{"Id":77,"V":4,"NV":4,"TB":0},{"Id":69,"V":3,"NV":3,"TB":0},{"Id":73,"V":3,"NV":3,"TB":0},{"Id":85,"V":3,"NV":3,"TB":0},{"Id":66,"V":2,"NV":2,"TB":0},{"Id":70,"V":2,"NV":2,"TB":0},{"Id":72,"V":2,"NV":2,"TB":0},{"Id":75,"V":2,"NV":2,"TB":0},{"Id":78,"V":2,"NV":2,"TB":0},{"Id":81,"V":2,"NV":2,"TB":0},{"Id":84,"V":2,"NV":2,"TB":0},{"Id":86,"V":2,"NV":2,"TB":0},{"Id":67,"V":1,"NV":1,"TB":0},{"Id":68,"V":1,"NV":1,"TB":0},{"Id":74,"V":1,"NV":1,"TB":0},{"Id":76,"V":1,"NV":1,"TB":0},{"Id":80,"V":1,"NV":1,"TB":0},{"Id":82,"V":1,"NV":1,"TB":0},{"Id":83,"V":1,"NV":1,"TB":0},{"Id":65,"V":0,"NV":0,"TB":0}],[{"Id":71,"V":6,"NV":0,"TB":0},{"Id":79,"V":6,"NV":0,"TB":0},{"Id":87,"V":5,"NV":0,"TB":0},{"Id":77,"V":4,"NV":0,"TB":0},{"Id":69,"V":3,"NV":0,"TB":0},{"Id":73,"V":3,"NV":0,"TB":0},{"Id":85,"V":3,"NV":0,"TB":0},{"Id":66,"V":2,"NV":0,"TB":0},{"Id":70,"V":2,"NV":0,"TB":0},{"Id":72,"V":2,"NV":0,"TB":0},{"Id":75,"V":2,"NV":0,"TB":0},{"Id":78,"V":2,"NV":0,"TB":0},{"Id":81,"V":2,"NV":0,"TB":0},{"Id":84,"V":2,"NV":0,"TB":0},{"Id":86,"V":2,"NV":0,"TB":0},{"Id":67,"V":1,"NV":0,"TB":0},{"Id":68,"V":1,"NV":0,"TB":0},{"Id":74,"V":1,"NV":0,"TB":0},{"Id":76,"V":1,"NV":0,"TB":0},{"Id":80,"V":1,"NV":0,"TB":0},{"Id":83,"V":1,"NV":0,"TB":0},{"Id":82,"V":1,"NV":0,"TB":2}],[{"Id":71,"V":6,"NV":0,"TB":0},{"Id":79,"V":6,"NV":0,"TB":0},{"Id":87,"V":5,"NV":0,"TB":0},{"Id":77,"V":4,"NV":0,"TB":0},{"Id":69,"V":3,"NV":0,"TB":0},{"Id":73,"V":3,"NV":0,"TB":0},{"Id":85,"V":3,"NV":0,"TB":0},{"Id":66,"V":2,"NV":0,"TB":0},{"Id":70,"V":2,"NV":0,"TB":0},{"Id":72,"V":2,"NV":0,"TB":0},{"Id":75,"V":2,"NV":0,"TB":0},{"Id":78,"V":2,"NV":0,"TB":0},{"Id":81,"V":2,"NV":0,"TB":0},{"Id":84,"V":2,"NV":0,"TB":0},{"Id":86,"V":2,"NV":0,"TB":0},{"Id":67,"V":1,"NV":0,"TB":0},{"Id":74,"V":1,"NV":0,"TB":0},{"Id":76,"V":1,"NV":0,"TB":0},{"Id":80,"V":1,"NV":0,"TB":0},{"Id":83,"V":1,"NV":0,"TB":0},{"Id":68,"V":1,"NV":0,"TB":5}],[{"Id":71,"V":6,"NV":0,"TB":0},{"Id":79,"V":6,"NV":0,"TB":0},{"Id":87,"V":5,"NV":0,"TB":0},{"Id":77,"V":4,"NV":0,"TB":0},{"Id":69,"V":3,"NV":0,"TB":0},{"Id":72,"V":3,"NV":1,"TB":0},{"Id":73,"V":3,"NV":0,"TB":0},{"Id":85,"V":3,"NV":0,"TB":0},{"Id":66,"V":2,"NV":0,"TB":0},{"Id":70,"V":2,"NV":0,"TB":0},{"Id":75,"V":2,"NV":0,"TB":0},{"Id":78,"V":2,"NV":0,"TB":0},{"Id":81,"V":2,"NV":0,"TB":0},{"Id":84,"V":2,"NV":0,"TB":0},{"Id":86,"V":2,"NV":0,"TB":0},{"Id":67,"V":1,"NV":0,"TB":0},{"Id":74,"V":1,"NV":0,"TB":0},{"Id":76,"V":1,"NV":0,"TB":0},{"Id":80,"V":1,"NV":0,"TB":0},{"Id":83,"V":1,"NV":0,"TB":1}],[{"Id":71,"V":6,"NV":0,"TB":0},{"Id":79,"V":6,"NV":0,"TB":0},{"Id":87,"V":5,"NV":0,"TB":0},{"Id":77,"V":4,"NV":0,"TB":0},{"Id":69,"V":3,"NV":0,"TB":0},{"Id":72,"V":3,"NV":0,"TB":0},{"Id":73,"V":3,"NV":0,"TB":0},{"Id":85,"V":3,"NV":0,"TB":0},{"Id":66,"V":2,"NV":0,"TB":0},{"Id":70,"V":2,"NV":0,"TB":0},{"Id":75,"V":2,"NV":0,"TB":0},{"Id":78,"V":2,"NV":0,"TB":0},{"Id":81,"V":2,"NV":0,"TB":0},{"Id":84,"V":2,"NV":0,"TB":0},{"Id":86,"V":2,"NV":0,"TB":0},{"Id":67,"V":1,"NV":0,"TB":0},{"Id":74,"V":1,"NV":0,"TB":0},{"Id":76,"V":1,"NV":0,"TB":0},{"Id":80,"V":1,"NV":0,"TB":1}],[{"Id":71,"V":6,"NV":0,"TB":0},{"Id":79,"V":6,"NV":0,"TB":0},{"Id":87,"V":5,"NV":0,"TB":0},{"Id":77,"V":4,"NV":0,"TB":0},{"Id":69,"V":3,"NV":0,"TB":0},{"Id":72,"V":3,"NV":0,"TB":0},{"Id":73,"V":3,"NV":0,"TB":0},{"Id":75,"V":3,"NV":1,"TB":0},{"Id":85,"V":3,"NV":0,"TB":0},{"Id":66,"V":2,"NV":0,"TB":0},{"Id":70,"V":2,"NV":0,"TB":0},{"Id":78,"V":2,"NV":0,"TB":0},{"Id":81,"V":2,"NV":0,"TB":0},{"Id":84,"V":2,"NV":0,"TB":0},{"Id":86,"V":2,"NV":0,"TB":0},{"Id":74,"V":1,"NV":0,"TB":0},{"Id":76,"V":1,"NV":0,"TB":0},{"Id":67,"V":1,"NV":0,"TB":3}],[{"Id":71,"V":6,"NV":0,"TB":0},{"Id":79,"V":6,"NV":0,"TB":0},{"Id":87,"V":5,"NV":0,"TB":0},{"Id":77,"V":4,"NV":0,"TB":0},{"Id":69,"V":3,"NV":0,"TB":0},{"Id":72,"V":3,"NV":0,"TB":0},{"Id":73,"V":3,"NV":0,"TB":0},{"Id":75,"V":3,"NV":0,"TB":0},{"Id":85,"V":3,"NV":0,"TB":0},{"Id":66,"V":2,"NV":0,"TB":0},{"Id":70,"V":2,"NV":0,"TB":0},{"Id":78,"V":2,"NV":0,"TB":0},{"Id":81,"V":2,"NV":0,"TB":0},{"Id":84,"V":2,"NV":0,"TB":0},{"Id":86,"V":2,"NV":0,"TB":0},{"Id":74,"V":1,"NV":0,"TB":0},{"Id":76,"V":1,"NV":0,"TB":1}],[{"Id":71,"V":6,"NV":0,"TB":0},{"Id":79,"V":6,"NV":0,"TB":0},{"Id":87,"V":5,"NV":0,"TB":0},{"Id":77,"V":4,"NV":0,"TB":0},{"Id":69,"V":3,"NV":0,"TB":0},{"Id":72,"V":3,"NV":0,"TB":0},{"Id":73,"V":3,"NV":0,"TB":0},{"Id":75,"V":3,"NV":0,"TB":0},{"Id":85,"V":3,"NV":0,"TB":0},{"Id":66,"V":2,"NV":0,"TB":0},{"Id":70,"V":2,"NV":0,"TB":0},{"Id":78,"V":2,"NV":0,"TB":0},{"Id":81,"V":2,"NV":0,"TB":0},{"Id":84,"V":2,"NV":0,"TB":0},{"Id":86,"V":2,"NV":0,"TB":0},{"Id":74,"V":2,"NV":1,"TB":5}],[{"Id":71,"V":6,"NV":0,"TB":0},{"Id":79,"V":6,"NV":0,"TB":0},{"Id":87,"V":5,"NV":0,"TB":0},{"Id":69,"V":4,"NV":1,"TB":0},{"Id":73,"V":4,"NV":1,"TB":0},{"Id":77,"V":4,"NV":0,"TB":0},{"Id":72,"V":3,"NV":0,"TB":0},{"Id":75,"V":3,"NV":0,"TB":0},{"Id":85,"V":3,"NV":0,"TB":0},{"Id":66,"V":2,"NV":0,"TB":0},{"Id":70,"V":2,"NV":0,"TB":0},{"Id":78,"V":2,"NV":0,"TB":0},{"Id":81,"V":2,"NV":0,"TB":0},{"Id":86,"V":2,"NV":0,"TB":0},{"Id":84,"V":2,"NV":0,"TB":2}],[{"Id":71,"V":6,"NV":0,"TB":0},{"Id":79,"V":6,"NV":0,"TB":0},{"Id":77,"V":5,"NV":1,"TB":0},{"Id":87,"V":5,"NV":0,"TB":0},{"Id":69,"V":4,"NV":0,"TB":0},{"Id":73,"V":4,"NV":0,"TB":0},{"Id":72,"V":3,"NV":0,"TB":0},{"Id":75,"V":3,"NV":0,"TB":0},{"Id":85,"V":3,"NV":0,"TB":0},{"Id":70,"V":2,"NV":0,"TB":0},{"Id":78,"V":2,"NV":0,"TB":0},{"Id":81,"V":2,"NV":0,"TB":0},{"Id":86,"V":2,"NV":0,"TB":0},{"Id":66,"V":2,"NV":0,"TB":5}],[{"Id":71,"V":7,"NV":1,"TB":0},{"Id":79,"V":6,"NV":0,"TB":0},{"Id":87,"V":6,"NV":1,"TB":0},{"Id":77,"V":5,"NV":0,"TB":0},{"Id":69,"V":4,"NV":0,"TB":0},{"Id":73,"V":4,"NV":0,"TB":0},{"Id":72,"V":3,"NV":0,"TB":0},{"Id":75,"V":3,"NV":0,"TB":0},{"Id":85,"V":3,"NV":0,"TB":0},{"Id":70,"V":2,"NV":0,"TB":0},{"Id":81,"V":2,"NV":0,"TB":0},{"Id":86,"V":2,"NV":0,"TB":0},{"Id":78,"V":2,"NV":0,"TB":3}],[{"Id":71,"V":7,"NV":0,"TB":0},{"Id":79,"V":6,"NV":0,"TB":0},{"Id":87,"V":6,"NV":0,"TB":0},{"Id":77,"V":5,"NV":0,"TB":0},{"Id":69,"V":4,"NV":0,"TB":0},{"Id":73,"V":4,"NV":0,"TB":0},{"Id":85,"V":4,"NV":1,"TB":0},{"Id":72,"V":3,"NV":0,"TB":0},{"Id":75,"V":3,"NV":0,"TB":0},{"Id":81,"V":2,"NV":0,"TB":0},{"Id":86,"V":2,"NV":0,"TB":0},{"Id":70,"V":2,"NV":0,"TB":3}],[{"Id":71,"V":7,"NV":0,"TB":0},{"Id":79,"V":7,"NV":1,"TB":0},{"Id":87,"V":6,"NV":0,"TB":0},{"Id":73,"V":5,"NV":1,"TB":0},{"Id":77,"V":5,"NV":0,"TB":0},{"Id":69,"V":4,"NV":0,"TB":0},{"Id":85,"V":4,"NV":0,"TB":0},{"Id":72,"V":3,"NV":0,"TB":0},{"Id":75,"V":3,"NV":0,"TB":0},{"Id":86,"V":2,"NV":0,"TB":0},{"Id":81,"V":2,"NV":0,"TB":2}],[{"Id":79,"V":8,"NV":1,"TB":0},{"Id":71,"V":7,"NV":0,"TB":0},{"Id":87,"V":6,"NV":0,"TB":0},{"Id":69,"V":5,"NV":1,"TB":0},{"Id":73,"V":5,"NV":0,"TB":0},{"Id":77,"V":5,"NV":0,"TB":0},{"Id":85,"V":4,"NV":0,"TB":0},{"Id":72,"V":3,"NV":0,"TB":0},{"Id":75,"V":3,"NV":0,"TB":0},{"Id":86,"V":2,"NV":0,"TB":0}],[{"Id":71,"V":8,"NV":1,"TB":0},{"Id":79,"V":8,"NV":0,"TB":0},{"Id":69,"V":6,"NV":1,"TB":0},{"Id":87,"V":6,"NV":0,"TB":0},{"Id":73,"V":5,"NV":0,"TB":0},{"Id":77,"V":5,"NV":0,"TB":0},{"Id":85,"V":4,"NV":0,"TB":0},{"Id":75,"V":3,"NV":0,"TB":0},{"Id":72,"V":3,"NV":0,"TB":2}],[{"Id":71,"V":8,"NV":0,"TB":0},{"Id":79,"V":8,"NV":0,"TB":0},{"Id":87,"V":7,"NV":1,"TB":0},{"Id":69,"V":6,"NV":0,"TB":0},{"Id":77,"V":6,"NV":1,"TB":0},{"Id":73,"V":5,"NV":0,"TB":0},{"Id":75,"V":4,"NV":1,"TB":0},{"Id":85,"V":4,"NV":0,"TB":1}],[{"Id":79,"V":9,"NV":1,"TB":0},{"Id":71,"V":8,"NV":0,"TB":0},{"Id":73,"V":7,"NV":2,"TB":0},{"Id":77,"V":7,"NV":1,"TB":0},{"Id":87,"V":7,"NV":0,"TB":0},{"Id":69,"V":6,"NV":0,"TB":0},{"Id":75,"V":4,"NV":0,"TB":0}],[{"Id":71,"V":9,"NV":1,"TB":0},{"Id":79,"V":9,"NV":0,"TB":0},{"Id":73,"V":8,"NV":1,"TB":0},{"Id":77,"V":7,"NV":0,"TB":0},{"Id":87,"V":7,"NV":0,"TB":0},{"Id":69,"V":6,"NV":0,"TB":0}],[{"Id":73,"V":10,"NV":2,"TB":0},{"Id":79,"V":10,"NV":1,"TB":0},{"Id":71,"V":9,"NV":0,"TB":0},{"Id":87,"V":8,"NV":1,"TB":0},{"Id":77,"V":7,"NV":0,"TB":0}],[{"Id":73,"V":12,"NV":2,"TB":0},{"Id":79,"V":11,"NV":1,"TB":0},{"Id":71,"V":10,"NV":1,"TB":0},{"Id":87,"V":9,"NV":1,"TB":0}],[{"Id":71,"V":14,"NV":4,"TB":0},{"Id":79,"V":13,"NV":2,"TB":0},{"Id":73,"V":13,"NV":1,"TB":2}],[{"Id":71,"V":16,"NV":2,"TB":0},{"Id":79,"V":15,"NV":2,"TB":0}],[{"Id":71,"V":25,"NV":9,"TB":0}]],"Expires":1591567288,"SecondsLeft":0}