{"Mtype":"results","Title":"Round 1","PollStarted":"2020-09-06T20:25:23.89980238Z","PollDuration":600000000000,"Options":{"65":"Flora saw pen change Mike's form to very vixen and now wants to use it to improve herself same way","66":"During the power outage Zen and Raine light some candles and play some board games to pass the time.","67":"Follow up to Grand Templar Laura 2. King Madness meets with Grand Templar Laura  to negotiate the Keith's return, but Keith seems mysteriously reluctant to leave.","68":"Trace guards Flora, who is now a human, from a horde of humans looking for a peek at her.","69":"Pharaoh Adelaide Adelaide as Warrior Pharaoh","70":"Short haired Raine.","71":"Game night with Gamer Laura and Lo-fi Kat: Kat introduces Laura to her new study partner, Keith.","72":"John Marston Natani teams up with Arthur Morgan Zen ","73":"Sequel to Island Style Reni featuring Reni and Vixen!Mike learning to hula-dance for Kei and Evals - only for their hula skirts to have fallen around their ankles, leaving them blushing - Kei and Evals are too.","74":"Zen and Natani as a gangsters in a mafia style during 1920's Prohibition.","75":"Kathrin or Maren (your choice) wearing a Jessica Rabbit style cocktail dress, sparkles and split in dress optional, preferably with a 3/4 back/side view.","76":"Evals toying with Fem-Mike","77":"As part of a friendly cultural exchange with the Western Basitins, Maddie and Adelaide show them some of the Eastern wild side, wowing them with a traditional sword dance.","78":"King Adelaide chokeslamming Clovis through a table","79":"Reni's butterfly reveals its diabolical plans","80":"While waiting for Keith to return from banishment, how did Laura spend her time after migrating to the Basidian Islands?","81":"Trace kisses vixen Flora","82":"Biological/Anatomical differences between the species (height/age and such)","83":"Euchre as Merlin telling young Trace as Arthur, “If you think magic will solve all your problems, it won’t!” (Disney’s Sword in the Stone Reference)","84":"Portrait of Amelia Riftwall","85":"Have Madelyn Adelaide ready to pounce someone","86":"Very Vixen Outfitter Part II: Kat's \"Something Custom\" Kat tries to follow Mike's suggestion but ends up going with something that she has always wanted to make.","87":"Couples off set 2: After finishing a scene, Keith and Natani take a break and call the babysitter to check on their son.","88":"Grid girl Raine","89":"Red and Raine (human) as loners from Stalker, arguing whether to sell or keep the artifact they just found. ","90":"Female Keith visiting Kathrin’s store for clothes to woo Natani into her grasp."},"ExpectedBallots":62,"CountedBallots":62,"Ballots":["B","USZKAJDN","WBJVNI","OCJPZMKILGVWEFUBYTSXARQN","MU","BVZQUA","JIMXLTKBPGCNQVUZA","I","OJTENKQ","IBOWRENPJMCK","QAVI","ZQDAVICXM","CTER","NWAZ","RDSMNUWPEKZ","WDQIY","CEWKNJLS","VALRQZUG","LIVZMARQPNBKSFCDYWTXGOUEJH","BJKM","SOJVNKC","ENMRUTVPFWQZLIAGKXCOHBJDSY","NIOBT","CTPWFXZGUS","YRBFGM","PRVWMEAGUL","JZKQVNWICBEAFURLPGTS","XVCGHFYRKMSOIULTBPZEJWN","EJCHPRIQG","JBMNEUQSFYZDTH","RFST","VLZKGN","PYMOGCANRBQSIHETLJDWZKXFVU","NZD","GHXDKFUIQMZWB","TJBA","PRMJW","PZQMBKHFDJWLE","V","SQDOAI","ALIZVRO","OFWEPKABMXVQDTJ","KGDJTZIORUNA","JXVI","XV","XBYFK","VPJIRFAOXZKEYHD","AQJVP","VQUZP","PCGJ","GPCQXJBR","RWVCMKBY","AEVB","PCGOTN","F","QCOZFK","OYQGCPSADFR","DAFETYOQL","TUKN","KZJV","DQA","PHAYMTS"],"Placements":[[{"Id":80,"V":7,"NV":7,"TB":0},{"Id":86,"V":5,"NV":5,"TB":0},{"Id":74,"V":4,"NV":4,"TB":0},{"Id":79,"V":4,"NV":4,"TB":0},{"Id":65,"V":3,"NV":3,"TB":0},{"Id":66,"V":3,"NV":3,"TB":0},{"Id":67,"V":3,"NV":3,"TB":0},{"Id":78,"V":3,"NV":3,"TB":0},{"Id":82,"V":3,"NV":3,"TB":0},{"Id":88,"V":3,"NV":3,"TB":0},{"Id":68,"V":2,"NV":2,"TB":0},{"Id":69,"V":2,"NV":2,"TB":0},{"Id":71,"V":2,"NV":2,"TB":0},{"Id":73,"V":2,"NV":2,"TB":0},{"Id":75,"V":2,"NV":2,"TB":0},{"Id":81,"V":2,"NV":2,"TB":0},{"Id":83,"V":2,"NV":2,"TB":0},{"Id":84,"V":2,"NV":2,"TB":0},{"Id":87,"V":2,"NV":2,"TB":0},{"Id":70,"V":1,"NV":1,"TB":0},{"Id":76,"V":1,"NV":1,"TB":0},{"Id":77,"V":1,"NV":1,"TB":0},{"Id":85,"V":1,"NV":1,"TB":0},{"Id":89,"V":1,"NV":1,"TB":0},{"Id":90,"V":1,"NV":1,"TB":0},{"Id":72,"V":0,"NV":0,"TB":0}],[{"Id":80,"V":7,"NV":0,"TB":0},{"Id":86,"V":5,"NV":0,"TB":0},{"Id":74,"V":4,"NV":0,"TB":0},{"Id":79,"V":4,"NV":0,"TB":0},{"Id":65,"V":3,"NV":0,"TB":0},{"Id":66,"V":3,"NV":0,"TB":0},{"Id":67,"V":3,"NV":0,"TB":0},{"Id":78,"V":3,"NV":0,"TB":0},{"Id":82,"V":3,"NV":0,"TB":0},{"Id":88,"V":3,"NV":0,"TB":0},{"Id":68,"V":2,"NV":0,"TB":0},{"Id":69,"V":2,"NV":0,"TB":0},{"Id":71,"V":2,"NV":0,"TB":0},{"Id":73,"V":2,"NV":0,"TB":0},{"Id":75,"V":2,"NV":0,"TB":0},{"Id":81,"V":2,"NV":0,"TB":0},{"Id":83,"V":2,"NV":0,"TB":0},{"Id":84,"V":2,"NV":0,"TB":0},{"Id":87,"V":2,"NV":0,"TB":0},{"Id":70,"V":1,"NV":0,"TB":0},{"Id":76,"V":1,"NV":0,"TB":0},{"Id":77,"V":1,"NV":0,"TB":0},{"Id":85,"V":1,"NV":0,"TB":0},{"Id":89,"V":1,"NV":0,"TB":0},{"Id":90,"V":1,"NV":0,"TB":1}],[{"Id":80,"V":7,"NV":0,"TB":0},{"Id":86,"V":5,"NV":0,"TB":0},{"Id":74,"V":4,"NV":0,"TB":0},{"Id":79,"V":4,"NV":0,"TB":0},{"Id":65,"V":3,"NV":0,"TB":0},{"Id":66,"V":3,"NV":0,"TB":0},{"Id":67,"V":3,"NV":0,"TB":0},{"Id":78,"V":3,"NV":0,"TB":0},{"Id":81,"V":3,"NV":1,"TB":0},{"Id":82,"V":3,"NV":0,"TB":0},{"Id":88,"V":3,"NV":0,"TB":0},{"Id":68,"V":2,"NV":0,"TB":0},{"Id":69,"V":2,"NV":0,"TB":0},{"Id":71,"V":2,"NV":0,"TB":0},{"Id":73,"V":2,"NV":0,"TB":0},{"Id":75,"V":2,"NV":0,"TB":0},{"Id":83,"V":2,"NV":0,"TB":0},{"Id":84,"V":2,"NV":0,"TB":0},{"Id":87,"V":2,"NV":0,"TB":0},{"Id":70,"V":1,"NV":0,"TB":0},{"Id":77,"V":1,"NV":0,"TB":0},{"Id":85,"V":1,"NV":0,"TB":0},{"Id":89,"V":1,"NV":0,"TB":0},{"Id":76,"V":1,"NV":0,"TB":4}],[{"Id":80,"V":7,"NV":0,"TB":0},{"Id":86,"V":5,"NV":0,"TB":0},{"Id":74,"V":4,"NV":0,"TB":0},{"Id":79,"V":4,"NV":0,"TB":0},{"Id":65,"V":3,"NV":0,"TB":0},{"Id":66,"V":3,"NV":0,"TB":0},{"Id":67,"V":3,"NV":0,"TB":0},{"Id":73,"V":3,"NV":1,"TB":0},{"Id":78,"V":3,"NV":0,"TB":0},{"Id":81,"V":3,"NV":0,"TB":0},{"Id":82,"V":3,"NV":0,"TB":0},{"Id":88,"V":3,"NV":0,"TB":0},{"Id":68,"V":2,"NV":0,"TB":0},{"Id":69,"V":2,"NV":0,"TB":0},{"Id":71,"V":2,"NV":0,"TB":0},{"Id":75,"V":2,"NV":0,"TB":0},{"Id":83,"V":2,"NV":0,"TB":0},{"Id":84,"V":2,"NV":0,"TB":0},{"Id":87,"V":2,"NV":0,"TB":0},{"Id":70,"V":1,"NV":0,"TB":0},{"Id":77,"V":1,"NV":0,"TB":0},{"Id":85,"V":1,"NV":0,"TB":0},{"Id":89,"V":1,"NV":0,"TB":1}],[{"Id":80,"V":7,"NV":0,"TB":0},{"Id":86,"V":5,"NV":0,"TB":0},{"Id":74,"V":4,"NV":0,"TB":0},{"Id":79,"V":4,"NV":0,"TB":0},{"Id":82,"V":4,"NV":1,"TB":0},{"Id":65,"V":3,"NV":0,"TB":0},{"Id":66,"V":3,"NV":0,"TB":0},{"Id":67,"V":3,"NV":0,"TB":0},{"Id":73,"V":3,"NV":0,"TB":0},{"Id":78,"V":3,"NV":0,"TB":0},{"Id":81,"V":3,"NV":0,"TB":0},{"Id":88,"V":3,"NV":0,"TB":0},{"Id":68,"V":2,"NV":0,"TB":0},{"Id":69,"V":2,"NV":0,"TB":0},{"Id":71,"V":2,"NV":0,"TB":0},{"Id":75,"V":2,"NV":0,"TB":0},{"Id":83,"V":2,"NV":0,"TB":0},{"Id":84,"V":2,"NV":0,"TB":0},{"Id":87,"V":2,"NV":0,"TB":0},{"Id":70,"V":1,"NV":0,"TB":0},{"Id":77,"V":1,"NV":0,"TB":0},{"Id":85,"V":1,"NV":0,"TB":1}],[{"Id":80,"V":7,"NV":0,"TB":0},{"Id":86,"V":5,"NV":0,"TB":0},{"Id":74,"V":4,"NV":0,"TB":0},{"Id":79,"V":4,"NV":0,"TB":0},{"Id":82,"V":4,"NV":0,"TB":0},{"Id":65,"V":3,"NV":0,"TB":0},{"Id":66,"V":3,"NV":0,"TB":0},{"Id":67,"V":3,"NV":0,"TB":0},{"Id":73,"V":3,"NV":0,"TB":0},{"Id":78,"V":3,"NV":0,"TB":0},{"Id":81,"V":3,"NV":0,"TB":0},{"Id":83,"V":3,"NV":1,"TB":0},{"Id":88,"V":3,"NV":0,"TB":0},{"Id":68,"V":2,"NV":0,"TB":0},{"Id":69,"V":2,"NV":0,"TB":0},{"Id":71,"V":2,"NV":0,"TB":0},{"Id":75,"V":2,"NV":0,"TB":0},{"Id":84,"V":2,"NV":0,"TB":0},{"Id":87,"V":2,"NV":0,"TB":0},{"Id":70,"V":1,"NV":0,"TB":0},{"Id":77,"V":1,"NV":0,"TB":1}],[{"Id":80,"V":7,"NV":0,"TB":0},{"Id":86,"V":5,"NV":0,"TB":0},{"Id":74,"V":4,"NV":0,"TB":0},{"Id":79,"V":4,"NV":0,"TB":0},{"Id":82,"V":4,"NV":0,"TB":0},{"Id":65,"V":3,"NV":0,"TB":0},{"Id":66,"V":3,"NV":0,"TB":0},{"Id":67,"V":3,"NV":0,"TB":0},{"Id":73,"V":3,"NV":0,"TB":0},{"Id":78,"V":3,"NV":0,"TB":0},{"Id":81,"V":3,"NV":0,"TB":0},{"Id":83,"V":3,"NV":0,"TB":0},{"Id":88,"V":3,"NV":0,"TB":0},{"Id":68,"V":2,"NV":0,"TB":0},{"Id":69,"V":2,"NV":0,"TB":0},{"Id":71,"V":2,"NV":0,"TB":0},{"Id":75,"V":2,"NV":0,"TB":0},{"Id":84,"V":2,"NV":0,"TB":0},{"Id":87,"V":2,"NV":0,"TB":0},{"Id":70,"V":1,"NV":0,"TB":0}],[{"Id":80,"V":7,"NV":0,"TB":0},{"Id":86,"V":5,"NV":0,"TB":0},{"Id":74,"V":4,"NV":0,"TB":0},{"Id":79,"V":4,"NV":0,"TB":0},{"Id":82,"V":4,"NV":0,"TB":0},{"Id":65,"V":3,"NV":0,"TB":0},{"Id":66,"V":3,"NV":0,"TB":0},{"Id":67,"V":3,"NV":0,"TB":0},{"Id":73,"V":3,"NV":0,"TB":0},{"Id":78,"V":3,"NV":0,"TB":0},{"Id":81,"V":3,"NV":0,"TB":0},{"Id":83,"V":3,"NV":0,"TB":0},{"Id":88,"V":3,"NV":0,"TB":0},{"Id":68,"V":2,"NV":0,"TB":0},{"Id":71,"V":2,"NV":0,"TB":0},{"Id":75,"V":2,"NV":0,"TB":0},{"Id":84,"V":2,"NV":0,"TB":0},{"Id":87,"V":2,"NV":0,"TB":0},{"Id":69,"V":2,"NV":0,"TB":5}],[{"Id":80,"V":7,"NV":0,"TB":0},{"Id":74,"V":5,"NV":1,"TB":0},{"Id":86,"V":5,"NV":0,"TB":0},{"Id":78,"V":4,"NV":1,"TB":0},{"Id":79,"V":4,"NV":0,"TB":0},{"Id":82,"V":4,"NV":0,"TB":0},{"Id":65,"V":3,"NV":0,"TB":0},{"Id":66,"V":3,"NV":0,"TB":0},{"Id":67,"V":3,"NV":0,"TB":0},{"Id":73,"V":3,"NV":0,"TB":0},{"Id":81,"V":3,"NV":0,"TB":0},{"Id":83,"V":3,"NV":0,"TB":0},{"Id":88,"V":3,"NV":0,"TB":0},{"Id":68,"V":2,"NV":0,"TB":0},{"Id":75,"V":2,"NV":0,"TB":0},{"Id":84,"V":2,"NV":0,"TB":0},{"Id":87,"V":2,"NV":0,"TB":0},{"Id":71,"V":2,"NV":0,"TB":4}],[{"Id":80,"V":8,"NV":1,"TB":0},{"Id":74,"V":5,"NV":0,"TB":0},{"Id":86,"V":5,"NV":0,"TB":0},{"Id":78,"V":4,"NV":0,"TB":0},{"Id":79,"V":4,"NV":0,"TB":0},{"Id":82,"V":4,"NV":0,"TB":0},{"Id":88,"V":4,"NV":1,"TB":0},{"Id":65,"V":3,"NV":0,"TB":0},{"Id":66,"V":3,"NV":0,"TB":0},{"Id":67,"V":3,"NV":0,"TB":0},{"Id":73,"V":3,"NV":0,"TB":0},{"Id":81,"V":3,"NV":0,"TB":0},{"Id":83,"V":3,"NV":0,"TB":0},{"Id":68,"V":2,"NV":0,"TB":0},{"Id":84,"V":2,"NV":0,"TB":0},{"Id":87,"V":2,"NV":0,"TB":0},{"Id":75,"V":2,"NV":0,"TB":3}],[{"Id":80,"V":8,"NV":0,"TB":0},{"Id":74,"V":6,"NV":1,"TB":0},{"Id":86,"V":5,"NV":0,"TB":0},{"Id":78,"V":4,"NV":0,"TB":0},{"Id":79,"V":4,"NV":0,"TB":0},{"Id":82,"V":4,"NV":0,"TB":0},{"Id":88,"V":4,"NV":0,"TB":0},{"Id":65,"V":3,"NV":0,"TB":0},{"Id":66,"V":3,"NV":0,"TB":0},{"Id":67,"V":3,"NV":0,"TB":0},{"Id":68,"V":3,"NV":1,"TB":0},{"Id":73,"V":3,"NV":0,"TB":0},{"Id":81,"V":3,"NV":0,"TB":0},{"Id":83,"V":3,"NV":0,"TB":0},{"Id":87,"V":2,"NV":0,"TB":0},{"Id":84,"V":2,"NV":0,"TB":2}],[{"Id":80,"V":8,"NV":0,"TB":0},{"Id":74,"V":7,"NV":1,"TB":0},{"Id":78,"V":5,"NV":1,"TB":0},{"Id":86,"V":5,"NV":0,"TB":0},{"Id":79,"V":4,"NV":0,"TB":0},{"Id":82,"V":4,"NV":0,"TB":0},{"Id":88,"V":4,"NV":0,"TB":0},{"Id":65,"V":3,"NV":0,"TB":0},{"Id":66,"V":3,"NV":0,"TB":0},{"Id":67,"V":3,"NV":0,"TB":0},{"Id":68,"V":3,"NV":0,"TB":0},{"Id":73,"V":3,"NV":0,"TB":0},{"Id":81,"V":3,"NV":0,"TB":0},{"Id":83,"V":3,"NV":0,"TB":0},{"Id":87,"V":2,"NV":0,"TB":0}],[{"Id":80,"V":8,"NV":0,"TB":0},{"Id":74,"V":7,"NV":0,"TB":0},{"Id":78,"V":5,"NV":0,"TB":0},{"Id":86,"V":5,"NV":0,"TB":0},{"Id":66,"V":4,"NV":1,"TB":0},{"Id":68,"V":4,"NV":1,"TB":0},{"Id":79,"V":4,"NV":0,"TB":0},{"Id":82,"V":4,"NV":0,"TB":0},{"Id":88,"V":4,"NV":0,"TB":0},{"Id":67,"V":3,"NV":0,"TB":0},{"Id":73,"V":3,"NV":0,"TB":0},{"Id":81,"V":3,"NV":0,"TB":0},{"Id":83,"V":3,"NV":0,"TB":0},{"Id":65,"V":3,"NV":0,"TB":5}],[{"Id":80,"V":8,"NV":0,"TB":0},{"Id":74,"V":7,"NV":0,"TB":0},{"Id":86,"V":6,"NV":1,"TB":0},{"Id":78,"V":5,"NV":0,"TB":0},{"Id":66,"V":4,"NV":0,"TB":0},{"Id":68,"V":4,"NV":0,"TB":0},{"Id":73,"V":4,"NV":1,"TB":0},{"Id":79,"V":4,"NV":0,"TB":0},{"Id":81,"V":4,"NV":1,"TB":0},{"Id":82,"V":4,"NV":0,"TB":0},{"Id":88,"V":4,"NV":0,"TB":0},{"Id":83,"V":3,"NV":0,"TB":0},{"Id":67,"V":3,"NV":0,"TB":2}],[{"Id":80,"V":9,"NV":1,"TB":0},{"Id":74,"V":7,"NV":0,"TB":0},{"Id":78,"V":6,"NV":1,"TB":0},{"Id":86,"V":6,"NV":0,"TB":0},{"Id":82,"V":5,"NV":1,"TB":0},{"Id":66,"V":4,"NV":0,"TB":0},{"Id":68,"V":4,"NV":0,"TB":0},{"Id":73,"V":4,"NV":0,"TB":0},{"Id":79,"V":4,"NV":0,"TB":0},{"Id":81,"V":4,"NV":0,"TB":0},{"Id":88,"V":4,"NV":0,"TB":0},{"Id":83,"V":3,"NV":0,"TB":0}],[{"Id":80,"V":9,"NV":0,"TB":0},{"Id":74,"V":8,"NV":1,"TB":0},{"Id":78,"V":6,"NV":0,"TB":0},{"Id":86,"V":6,"NV":0,"TB":0},{"Id":79,"V":5,"NV":1,"TB":0},{"Id":81,"V":5,"NV":1,"TB":0},{"Id":82,"V":5,"NV":0,"TB":0},{"Id":66,"V":4,"NV":0,"TB":0},{"Id":68,"V":4,"NV":0,"TB":0},{"Id":88,"V":4,"NV":0,"TB":0},{"Id":73,"V":4,"NV":0,"TB":2}],[{"Id":80,"V":9,"NV":0,"TB":0},{"Id":74,"V":8,"NV":0,"TB":0},{"Id":86,"V":8,"NV":2,"TB":0},{"Id":78,"V":6,"NV":0,"TB":0},{"Id":66,"V":5,"NV":1,"TB":0},{"Id":79,"V":5,"NV":0,"TB":0},{"Id":81,"V":5,"NV":0,"TB":0},{"Id":82,"V":5,"NV":0,"TB":0},{"Id":88,"V":4,"NV":0,"TB":0},{"Id":68,"V":4,"NV":0,"TB":2}],[{"Id":74,"V":9,"NV":1,"TB":0},{"Id":80,"V":9,"NV":0,"TB":0},{"Id":86,"V":8,"NV":0,"TB":0},{"Id":81,"V":7,"NV":2,"TB":0},{"Id":78,"V":6,"NV":0,"TB":0},{"Id":79,"V":6,"NV":1,"TB":0},{"Id":66,"V":5,"NV":0,"TB":0},{"Id":82,"V":5,"NV":0,"TB":0},{"Id":88,"V":4,"NV":0,"TB":0}],[{"Id":86,"V":10,"NV":2,"TB":0},{"Id":74,"V":9,"NV":0,"TB":0},{"Id":80,"V":9,"NV":0,"TB":0},{"Id":81,"V":8,"NV":1,"TB":0},{"Id":66,"V":6,"NV":1,"TB":0},{"Id":78,"V":6,"NV":0,"TB":0},{"Id":79,"V":6,"NV":0,"TB":0},{"Id":82,"V":5,"NV":0,"TB":0}],[{"Id":86,"V":11,"NV":1,"TB":0},{"Id":74,"V":9,"NV":0,"TB":0},{"Id":80,"V":9,"NV":0,"TB":0},{"Id":81,"V":8,"NV":0,"TB":0},{"Id":66,"V":7,"NV":1,"TB":0},{"Id":78,"V":7,"NV":1,"TB":0},{"Id":79,"V":6,"NV":0,"TB":0}],[{"Id":74,"V":12,"NV":3,"TB":0},{"Id":86,"V":11,"NV":0,"TB":0},{"Id":80,"V":10,"NV":1,"TB":0},{"Id":81,"V":10,"NV":2,"TB":0},{"Id":66,"V":7,"NV":0,"TB":0},{"Id":78,"V":7,"NV":0,"TB":1}],[{"Id":74,"V":13,"NV":1,"TB":0},{"Id":86,"V":12,"NV":1,"TB":0},{"Id":80,"V":11,"NV":1,"TB":0},{"Id":81,"V":10,"NV":0,"TB":0},{"Id":66,"V":8,"NV":1,"TB":0}],[{"Id":74,"V":15,"NV":2,"TB":0},{"Id":86,"V":13,"NV":1,"TB":0},{"Id":80,"V":12,"NV":1,"TB":0},{"Id":81,"V":10,"NV":0,"TB":0}],[{"Id":74,"V":16,"NV":1,"TB":0},{"Id":86,"V":15,"NV":2,"TB":0},{"Id":80,"V":13,"NV":1,"TB":0}],[{"Id":74,"V":22,"NV":6,"TB":0},{"Id":86,"V":17,"NV":2,"TB":0}],[{"Id":74,"V":27,"NV":5,"TB":0}]],"Expires":1599425123,"SecondsLeft":0}