{"Mtype":"results","Title":"Round 3","PollStarted":"2020-03-16T02:01:44.40184597Z","PollDuration":600000000000,"Options":{"65":"A Pinup of Loona in Hell from Helluva Boss","66":"Keith and Laura fiery tango dance.","67":"An emotional moment. Kathrin hugging Zen, trying to cheer him up.","68":"Good Morning Laura","69":"Sythe meets squirrel maren, he’s not sure how to feel about the change, but his tail is wagging for some reason.","70":"Trace and Flora enact the balcony scene from Romeo and Juliet","71":"Tiger Trace and Flora field cuddles","72":"Angel Flora fighting an out of control Demon Tiger Trace to bring him back to his senses","73":"Due to recent eavesdropping.  A curious Keith asks Eric, Trace, Zen, and Daniels to give him some tips of what it is like to spend a night with a Keidrian.","74":"Chimera dressing sequel. The Chimera is trying new clothes from Kathrin.","75":"A young Laura playing on the beach with her twin sister.","76":"Eric teaches Kat how to drive. Calamity ensues","77":"Keith and Alaric meeting for the first time","78":"Twokinds as Team Fortress 2 characters!","79":"(wolf) Raine in a maid outfit","80":"Youngtani in Clovis's body runs into Brutus, and tries to embarrass Clovis by acting flirty. The real Clovis fights, giving Brutus some mixed signals.","81":"Mike receives a passionate embrace from his admirer in the bunny village.","82":"A Clovis in heat starts fantasizing about things, such as a massage from Brutus turning into something more... Like cuddling","83":"After Trace is finished with the realism glasses, Keith puts them on and looks at Laura.","84":"Natani dressed as Red Savarin, and Keith dressed as Elh Melizée from Solatorobo","85":"An angry Raine (Halfkind form) shouts at Euchre and Mary for abandoning and neglecting her, respectively, declaring that she's proud of who she is","86":"For once, Nora becomes the victim of her own prank, getting possessed by a playful dog. It immediately makes her act embarrassingly silly."},"ExpectedBallots":47,"CountedBallots":47,"Ballots":["GFME","UNJLECP","QPIORDMCLKBFEJSHGV","EOR","TPRMIUE","SQDOEKMATG","JMLUVI","BMCKQUGFHDOAJTP","AOUTJHB","UKMD","EGN","USQVBK","UMCEKL","EVKLGRSMCQDAOUTF","CGIR","I","LPAOVIT","PR","HLEGUSNJPI","HGELPQIS","ORPQS","PUREBLQMJGNVSIHCDFOKAT","RPQFHVLBJOECSKMGDINTUA","DEJGCQSFBLRKO","UHL","AMPJRQKFGOUNLEHBVITSD","CLJQNVG","SBVDKGRCH","DLBKESGTNCMUJHOVQFARPI","U","DLKSOBPEN","GMNCL","OC","CNVARPEL","GS","JSDL","IH","SMJHPVR","KDOHBTCMJA","BLNDCAFEUHOTJ","BADNHTKFJGMOU","MLDK","KDBSMJFNLVGQU","EAVUR","OUCA","HGI","KDHBGOS"],"Placements":[[{"Id":85,"V":6,"NV":6,"TB":0},{"Id":69,"V":4,"NV":4,"TB":0},{"Id":66,"V":3,"NV":3,"TB":0},{"Id":67,"V":3,"NV":3,"TB":0},{"Id":68,"V":3,"NV":3,"TB":0},{"Id":71,"V":3,"NV":3,"TB":0},{"Id":72,"V":3,"NV":3,"TB":0},{"Id":75,"V":3,"NV":3,"TB":0},{"Id":79,"V":3,"NV":3,"TB":0},{"Id":83,"V":3,"NV":3,"TB":0},{"Id":65,"V":2,"NV":2,"TB":0},{"Id":73,"V":2,"NV":2,"TB":0},{"Id":74,"V":2,"NV":2,"TB":0},{"Id":80,"V":2,"NV":2,"TB":0},{"Id":76,"V":1,"NV":1,"TB":0},{"Id":77,"V":1,"NV":1,"TB":0},{"Id":81,"V":1,"NV":1,"TB":0},{"Id":82,"V":1,"NV":1,"TB":0},{"Id":84,"V":1,"NV":1,"TB":0},{"Id":78,"V":0,"NV":0,"TB":0},{"Id":86,"V":0,"NV":0,"TB":0},{"Id":70,"V":0,"NV":0,"TB":3}],[{"Id":85,"V":6,"NV":0,"TB":0},{"Id":69,"V":4,"NV":0,"TB":0},{"Id":66,"V":3,"NV":0,"TB":0},{"Id":67,"V":3,"NV":0,"TB":0},{"Id":68,"V":3,"NV":0,"TB":0},{"Id":71,"V":3,"NV":0,"TB":0},{"Id":72,"V":3,"NV":0,"TB":0},{"Id":75,"V":3,"NV":0,"TB":0},{"Id":79,"V":3,"NV":0,"TB":0},{"Id":83,"V":3,"NV":0,"TB":0},{"Id":65,"V":2,"NV":0,"TB":0},{"Id":73,"V":2,"NV":0,"TB":0},{"Id":74,"V":2,"NV":0,"TB":0},{"Id":80,"V":2,"NV":0,"TB":0},{"Id":76,"V":1,"NV":0,"TB":0},{"Id":77,"V":1,"NV":0,"TB":0},{"Id":81,"V":1,"NV":0,"TB":0},{"Id":82,"V":1,"NV":0,"TB":0},{"Id":84,"V":1,"NV":0,"TB":0},{"Id":86,"V":0,"NV":0,"TB":0},{"Id":78,"V":0,"NV":0,"TB":2}],[{"Id":85,"V":6,"NV":0,"TB":0},{"Id":69,"V":4,"NV":0,"TB":0},{"Id":66,"V":3,"NV":0,"TB":0},{"Id":67,"V":3,"NV":0,"TB":0},{"Id":68,"V":3,"NV":0,"TB":0},{"Id":71,"V":3,"NV":0,"TB":0},{"Id":72,"V":3,"NV":0,"TB":0},{"Id":75,"V":3,"NV":0,"TB":0},{"Id":79,"V":3,"NV":0,"TB":0},{"Id":83,"V":3,"NV":0,"TB":0},{"Id":65,"V":2,"NV":0,"TB":0},{"Id":73,"V":2,"NV":0,"TB":0},{"Id":74,"V":2,"NV":0,"TB":0},{"Id":80,"V":2,"NV":0,"TB":0},{"Id":76,"V":1,"NV":0,"TB":0},{"Id":77,"V":1,"NV":0,"TB":0},{"Id":81,"V":1,"NV":0,"TB":0},{"Id":82,"V":1,"NV":0,"TB":0},{"Id":84,"V":1,"NV":0,"TB":0},{"Id":86,"V":0,"NV":0,"TB":0}],[{"Id":85,"V":6,"NV":0,"TB":0},{"Id":69,"V":4,"NV":0,"TB":0},{"Id":66,"V":3,"NV":0,"TB":0},{"Id":67,"V":3,"NV":0,"TB":0},{"Id":68,"V":3,"NV":0,"TB":0},{"Id":71,"V":3,"NV":0,"TB":0},{"Id":72,"V":3,"NV":0,"TB":0},{"Id":75,"V":3,"NV":0,"TB":0},{"Id":79,"V":3,"NV":0,"TB":0},{"Id":83,"V":3,"NV":0,"TB":0},{"Id":65,"V":2,"NV":0,"TB":0},{"Id":73,"V":2,"NV":0,"TB":0},{"Id":74,"V":2,"NV":0,"TB":0},{"Id":80,"V":2,"NV":0,"TB":0},{"Id":76,"V":1,"NV":0,"TB":0},{"Id":77,"V":1,"NV":0,"TB":0},{"Id":81,"V":1,"NV":0,"TB":0},{"Id":82,"V":1,"NV":0,"TB":0},{"Id":84,"V":1,"NV":0,"TB":1}],[{"Id":85,"V":6,"NV":0,"TB":0},{"Id":69,"V":4,"NV":0,"TB":0},{"Id":66,"V":3,"NV":0,"TB":0},{"Id":67,"V":3,"NV":0,"TB":0},{"Id":68,"V":3,"NV":0,"TB":0},{"Id":71,"V":3,"NV":0,"TB":0},{"Id":72,"V":3,"NV":0,"TB":0},{"Id":75,"V":3,"NV":0,"TB":0},{"Id":79,"V":3,"NV":0,"TB":0},{"Id":80,"V":3,"NV":1,"TB":0},{"Id":83,"V":3,"NV":0,"TB":0},{"Id":65,"V":2,"NV":0,"TB":0},{"Id":73,"V":2,"NV":0,"TB":0},{"Id":74,"V":2,"NV":0,"TB":0},{"Id":76,"V":1,"NV":0,"TB":0},{"Id":81,"V":1,"NV":0,"TB":0},{"Id":82,"V":1,"NV":0,"TB":0},{"Id":77,"V":1,"NV":0,"TB":3}],[{"Id":85,"V":6,"NV":0,"TB":0},{"Id":69,"V":4,"NV":0,"TB":0},{"Id":66,"V":3,"NV":0,"TB":0},{"Id":67,"V":3,"NV":0,"TB":0},{"Id":68,"V":3,"NV":0,"TB":0},{"Id":71,"V":3,"NV":0,"TB":0},{"Id":72,"V":3,"NV":0,"TB":0},{"Id":75,"V":3,"NV":0,"TB":0},{"Id":79,"V":3,"NV":0,"TB":0},{"Id":80,"V":3,"NV":0,"TB":0},{"Id":83,"V":3,"NV":0,"TB":0},{"Id":65,"V":2,"NV":0,"TB":0},{"Id":73,"V":2,"NV":0,"TB":0},{"Id":74,"V":2,"NV":0,"TB":0},{"Id":76,"V":2,"NV":1,"TB":0},{"Id":82,"V":1,"NV":0,"TB":0},{"Id":81,"V":1,"NV":0,"TB":2}],[{"Id":85,"V":6,"NV":0,"TB":0},{"Id":69,"V":4,"NV":0,"TB":0},{"Id":80,"V":4,"NV":1,"TB":0},{"Id":66,"V":3,"NV":0,"TB":0},{"Id":67,"V":3,"NV":0,"TB":0},{"Id":68,"V":3,"NV":0,"TB":0},{"Id":71,"V":3,"NV":0,"TB":0},{"Id":72,"V":3,"NV":0,"TB":0},{"Id":75,"V":3,"NV":0,"TB":0},{"Id":79,"V":3,"NV":0,"TB":0},{"Id":83,"V":3,"NV":0,"TB":0},{"Id":65,"V":2,"NV":0,"TB":0},{"Id":73,"V":2,"NV":0,"TB":0},{"Id":74,"V":2,"NV":0,"TB":0},{"Id":76,"V":2,"NV":0,"TB":0},{"Id":82,"V":1,"NV":0,"TB":0}],[{"Id":85,"V":6,"NV":0,"TB":0},{"Id":80,"V":5,"NV":1,"TB":0},{"Id":69,"V":4,"NV":0,"TB":0},{"Id":66,"V":3,"NV":0,"TB":0},{"Id":67,"V":3,"NV":0,"TB":0},{"Id":68,"V":3,"NV":0,"TB":0},{"Id":71,"V":3,"NV":0,"TB":0},{"Id":72,"V":3,"NV":0,"TB":0},{"Id":75,"V":3,"NV":0,"TB":0},{"Id":79,"V":3,"NV":0,"TB":0},{"Id":83,"V":3,"NV":0,"TB":0},{"Id":65,"V":2,"NV":0,"TB":0},{"Id":74,"V":2,"NV":0,"TB":0},{"Id":76,"V":2,"NV":0,"TB":0},{"Id":73,"V":2,"NV":0,"TB":3}],[{"Id":85,"V":6,"NV":0,"TB":0},{"Id":80,"V":5,"NV":0,"TB":0},{"Id":69,"V":4,"NV":0,"TB":0},{"Id":72,"V":4,"NV":1,"TB":0},{"Id":66,"V":3,"NV":0,"TB":0},{"Id":67,"V":3,"NV":0,"TB":0},{"Id":68,"V":3,"NV":0,"TB":0},{"Id":71,"V":3,"NV":0,"TB":0},{"Id":75,"V":3,"NV":0,"TB":0},{"Id":79,"V":3,"NV":0,"TB":0},{"Id":83,"V":3,"NV":0,"TB":0},{"Id":65,"V":2,"NV":0,"TB":0},{"Id":74,"V":2,"NV":0,"TB":0},{"Id":76,"V":2,"NV":0,"TB":1}],[{"Id":80,"V":6,"NV":1,"TB":0},{"Id":85,"V":6,"NV":0,"TB":0},{"Id":68,"V":4,"NV":1,"TB":0},{"Id":69,"V":4,"NV":0,"TB":0},{"Id":72,"V":4,"NV":0,"TB":0},{"Id":66,"V":3,"NV":0,"TB":0},{"Id":67,"V":3,"NV":0,"TB":0},{"Id":71,"V":3,"NV":0,"TB":0},{"Id":75,"V":3,"NV":0,"TB":0},{"Id":79,"V":3,"NV":0,"TB":0},{"Id":83,"V":3,"NV":0,"TB":0},{"Id":74,"V":2,"NV":0,"TB":0},{"Id":65,"V":2,"NV":0,"TB":2}],[{"Id":80,"V":7,"NV":1,"TB":0},{"Id":85,"V":6,"NV":0,"TB":0},{"Id":68,"V":4,"NV":0,"TB":0},{"Id":69,"V":4,"NV":0,"TB":0},{"Id":72,"V":4,"NV":0,"TB":0},{"Id":79,"V":4,"NV":1,"TB":0},{"Id":66,"V":3,"NV":0,"TB":0},{"Id":67,"V":3,"NV":0,"TB":0},{"Id":71,"V":3,"NV":0,"TB":0},{"Id":75,"V":3,"NV":0,"TB":0},{"Id":83,"V":3,"NV":0,"TB":0},{"Id":74,"V":2,"NV":0,"TB":0}],[{"Id":80,"V":7,"NV":0,"TB":0},{"Id":85,"V":7,"NV":1,"TB":0},{"Id":68,"V":4,"NV":0,"TB":0},{"Id":69,"V":4,"NV":0,"TB":0},{"Id":72,"V":4,"NV":0,"TB":0},{"Id":79,"V":4,"NV":0,"TB":0},{"Id":83,"V":4,"NV":1,"TB":0},{"Id":66,"V":3,"NV":0,"TB":0},{"Id":67,"V":3,"NV":0,"TB":0},{"Id":71,"V":3,"NV":0,"TB":0},{"Id":75,"V":3,"NV":0,"TB":1}],[{"Id":68,"V":7,"NV":3,"TB":0},{"Id":80,"V":7,"NV":0,"TB":0},{"Id":85,"V":7,"NV":0,"TB":0},{"Id":69,"V":4,"NV":0,"TB":0},{"Id":72,"V":4,"NV":0,"TB":0},{"Id":79,"V":4,"NV":0,"TB":0},{"Id":83,"V":4,"NV":0,"TB":0},{"Id":66,"V":3,"NV":0,"TB":0},{"Id":67,"V":3,"NV":0,"TB":0},{"Id":71,"V":3,"NV":0,"TB":1}],[{"Id":68,"V":7,"NV":0,"TB":0},{"Id":80,"V":7,"NV":0,"TB":0},{"Id":85,"V":7,"NV":0,"TB":0},{"Id":69,"V":5,"NV":1,"TB":0},{"Id":83,"V":5,"NV":1,"TB":0},{"Id":67,"V":4,"NV":1,"TB":0},{"Id":72,"V":4,"NV":0,"TB":0},{"Id":79,"V":4,"NV":0,"TB":0},{"Id":66,"V":3,"NV":0,"TB":0}],[{"Id":68,"V":9,"NV":2,"TB":0},{"Id":80,"V":7,"NV":0,"TB":0},{"Id":85,"V":7,"NV":0,"TB":0},{"Id":67,"V":5,"NV":1,"TB":0},{"Id":69,"V":5,"NV":0,"TB":0},{"Id":83,"V":5,"NV":0,"TB":0},{"Id":79,"V":4,"NV":0,"TB":0},{"Id":72,"V":4,"NV":0,"TB":2}],[{"Id":68,"V":9,"NV":0,"TB":0},{"Id":69,"V":7,"NV":2,"TB":0},{"Id":80,"V":7,"NV":0,"TB":0},{"Id":85,"V":7,"NV":0,"TB":0},{"Id":67,"V":5,"NV":0,"TB":0},{"Id":83,"V":5,"NV":0,"TB":0},{"Id":79,"V":4,"NV":0,"TB":0}],[{"Id":68,"V":9,"NV":0,"TB":0},{"Id":85,"V":9,"NV":2,"TB":0},{"Id":80,"V":8,"NV":1,"TB":0},{"Id":69,"V":7,"NV":0,"TB":0},{"Id":67,"V":6,"NV":1,"TB":0},{"Id":83,"V":5,"NV":0,"TB":0}],[{"Id":68,"V":12,"NV":3,"TB":0},{"Id":80,"V":9,"NV":1,"TB":0},{"Id":85,"V":9,"NV":0,"TB":0},{"Id":69,"V":7,"NV":0,"TB":0},{"Id":67,"V":6,"NV":0,"TB":0}],[{"Id":68,"V":12,"NV":0,"TB":0},{"Id":80,"V":10,"NV":1,"TB":0},{"Id":85,"V":10,"NV":1,"TB":0},{"Id":69,"V":7,"NV":0,"TB":0}],[{"Id":68,"V":13,"NV":1,"TB":0},{"Id":85,"V":12,"NV":2,"TB":0},{"Id":80,"V":11,"NV":1,"TB":0}],[{"Id":68,"V":15,"NV":2,"TB":0},{"Id":85,"V":15,"NV":3,"TB":1}],[{"Id":68,"V":19,"NV":4,"TB":0}]],"Expires":1584325304,"SecondsLeft":0}