{"Mtype":"results","Title":"Round 2","PollStarted":"2020-09-20T21:33:39.490677209Z","PollDuration":600000000000,"Options":{"65":"The main cast dressed as the cast of Bravely Default (Trace=Tiz Flora=Agnes Keith=Ringabel Natani=Edea)","66":"Nora’s 1st Mate - a younger, more inexperienced Nora during her awkward years with her first mate.","67":"Trace guards human Flora from a horde of curious humans eager to get a peak at her.","68":"Instead of fireblasting him, Clovis transforms Sythe into a primitive wolf form. Now he must warn the others!","69":"Euchre as Merlin telling young Trace as Arthur, “If you think magic will solve all your problems, it won’t!” (Disney’s Sword in the Stone Reference)","70":"A nervous Kathrin walks in on a very frantic very vixen Mike, who is plotting a very elaborate plan to get revenge for being turned into a girl of varying proportions every other Sunday.","71":"Kat meets the triplets from the Dragon Masquerade and they admire each other’s tailoring skills.","72":"A box of Keidran Crisp™ breakfast cereal, featuring Laura as their new mascot.","73":"A remake of the \"Basitin Ice Cream\" comic","74":"Laura daki","75":"Mike admits in a Backstage Interview that he enjoys the gender shenanigans","76":"Raine's friends throw her her first actual birthday party.","77":"Young Kathrin and Mike talking to each other while Elvas kept eating the food","78":"Kat rubs Flora's paws","79":"Good morning Tigress Trace","80":"Mike meets Fem-Mike and Very Vixen Mike","81":"Romulus and Remus put on a show at their previous job as the main act in a Chippendales-style exotic dance club. Clovis was just in the audience to scout potential new bodyguards, he swears!","82":"An inverse of the defending the boss sketch, with Clovis defending Brutus","83":"Keidran Heavy Metal band","84":"Mafia TK AU: Keith and Sythe, partnered as senior and junior detectives.","85":"Zen and his Titan (from Titanfall) stand side by side on the edge of an abyss (over a beautiful view over a forest) in a clearing with a small waterfall next to them. ","86":"Keith and Natani stargazing on a hill","87":"Windstraw tries to get Willow drunk, but it doesn't go according to plan.","88":"Halo Raine 2-Spartan Raine (Halfkind) and AI Red meet Master Chief on Zeta Halo to prepare for the fight of their lives in Halo Infinite!","89":"Flustered Reni scratches an itch with her hind leg, wags her tail and acts like a playfully dog after mindreading a puppy goes wrong."},"ExpectedBallots":72,"CountedBallots":72,"Ballots":["POFGWK","BQKLNJIRMOSDEFVHGPTWUC","QL","QVLH","BQ","QI","WFGLBXV","DWGMLQEYXIH","WDF","IPFJ","BOQY","LVMWKNJSGAHIEYB","BIOPKMV","RL","AVWTG","GLWDOTPQMF","CBVLJ","LEDMFUST","MBLKTF","FPKBOCR","POFK","ETBRI","NCWLJH","QKFPJIBRMCDNSOVYLGHTWAEUX","PFOCB","YBLTGDQSMRWV","Q","YVQR","TLEFQO","BFC","YB","LROVQJSPKNHABGXITDCWMYUFE","YLW","MWUG","ELYNCRG","LQRKMTPSDFEHB","JKACDLQ","JRTEGBWXYVKQFILSHDAPMU","TWIKPHGMJORFSVD","SUTVWLOXI","GN","EHGXJSOPW","BIWGMLNJSPVQORT","JUHGYFBXQDVCMWPSAKNTILROE","HONLDWJUTKFVGQEBA","P","XL","GYJWRFPULMT","O","OPFKNJG","SPKYO","PFKY","BGLYDPVWMINSTJCFOQEUKXARH","QRTKFUM","VIPNFW","SP","CYKEIR","TBSEJPIKWHMGDLXAUY","LX","PUVKS","GDYPCMLNWF","MPJO","ELJTWCMNYRODSPBXIGUV","JALSTCHQGMIVNBEFXY","HRVAOTQNEXSKUM","HJQFSETLD","XJLHOAU","VXFJMYOKPL","JOFXVTRNPDKBU","NFLW","ELNCRVHYGPOMF","WY"],"Placements":[[{"Id":66,"V":7,"NV":7,"TB":0},{"Id":80,"V":6,"NV":6,"TB":0},{"Id":81,"V":6,"NV":6,"TB":0},{"Id":69,"V":5,"NV":5,"TB":0},{"Id":74,"V":5,"NV":5,"TB":0},{"Id":76,"V":5,"NV":5,"TB":0},{"Id":71,"V":4,"NV":4,"TB":0},{"Id":89,"V":4,"NV":4,"TB":0},{"Id":72,"V":3,"NV":3,"TB":0},{"Id":77,"V":3,"NV":3,"TB":0},{"Id":83,"V":3,"NV":3,"TB":0},{"Id":84,"V":3,"NV":3,"TB":0},{"Id":87,"V":3,"NV":3,"TB":0},{"Id":67,"V":2,"NV":2,"TB":0},{"Id":78,"V":2,"NV":2,"TB":0},{"Id":79,"V":2,"NV":2,"TB":0},{"Id":86,"V":2,"NV":2,"TB":0},{"Id":88,"V":2,"NV":2,"TB":0},{"Id":65,"V":1,"NV":1,"TB":0},{"Id":68,"V":1,"NV":1,"TB":0},{"Id":70,"V":1,"NV":1,"TB":0},{"Id":73,"V":1,"NV":1,"TB":0},{"Id":82,"V":1,"NV":1,"TB":0},{"Id":75,"V":0,"NV":0,"TB":0},{"Id":85,"V":0,"NV":0,"TB":1}],[{"Id":66,"V":7,"NV":0,"TB":0},{"Id":80,"V":6,"NV":0,"TB":0},{"Id":81,"V":6,"NV":0,"TB":0},{"Id":69,"V":5,"NV":0,"TB":0},{"Id":74,"V":5,"NV":0,"TB":0},{"Id":76,"V":5,"NV":0,"TB":0},{"Id":71,"V":4,"NV":0,"TB":0},{"Id":89,"V":4,"NV":0,"TB":0},{"Id":72,"V":3,"NV":0,"TB":0},{"Id":77,"V":3,"NV":0,"TB":0},{"Id":83,"V":3,"NV":0,"TB":0},{"Id":84,"V":3,"NV":0,"TB":0},{"Id":87,"V":3,"NV":0,"TB":0},{"Id":67,"V":2,"NV":0,"TB":0},{"Id":78,"V":2,"NV":0,"TB":0},{"Id":79,"V":2,"NV":0,"TB":0},{"Id":86,"V":2,"NV":0,"TB":0},{"Id":88,"V":2,"NV":0,"TB":0},{"Id":65,"V":1,"NV":0,"TB":0},{"Id":68,"V":1,"NV":0,"TB":0},{"Id":70,"V":1,"NV":0,"TB":0},{"Id":73,"V":1,"NV":0,"TB":0},{"Id":82,"V":1,"NV":0,"TB":0},{"Id":75,"V":0,"NV":0,"TB":0}],[{"Id":66,"V":7,"NV":0,"TB":0},{"Id":80,"V":6,"NV":0,"TB":0},{"Id":81,"V":6,"NV":0,"TB":0},{"Id":69,"V":5,"NV":0,"TB":0},{"Id":74,"V":5,"NV":0,"TB":0},{"Id":76,"V":5,"NV":0,"TB":0},{"Id":71,"V":4,"NV":0,"TB":0},{"Id":89,"V":4,"NV":0,"TB":0},{"Id":72,"V":3,"NV":0,"TB":0},{"Id":77,"V":3,"NV":0,"TB":0},{"Id":83,"V":3,"NV":0,"TB":0},{"Id":84,"V":3,"NV":0,"TB":0},{"Id":87,"V":3,"NV":0,"TB":0},{"Id":67,"V":2,"NV":0,"TB":0},{"Id":78,"V":2,"NV":0,"TB":0},{"Id":79,"V":2,"NV":0,"TB":0},{"Id":86,"V":2,"NV":0,"TB":0},{"Id":88,"V":2,"NV":0,"TB":0},{"Id":65,"V":1,"NV":0,"TB":0},{"Id":68,"V":1,"NV":0,"TB":0},{"Id":70,"V":1,"NV":0,"TB":0},{"Id":73,"V":1,"NV":0,"TB":0},{"Id":82,"V":1,"NV":0,"TB":1}],[{"Id":66,"V":7,"NV":0,"TB":0},{"Id":76,"V":6,"NV":1,"TB":0},{"Id":80,"V":6,"NV":0,"TB":0},{"Id":81,"V":6,"NV":0,"TB":0},{"Id":69,"V":5,"NV":0,"TB":0},{"Id":74,"V":5,"NV":0,"TB":0},{"Id":71,"V":4,"NV":0,"TB":0},{"Id":89,"V":4,"NV":0,"TB":0},{"Id":72,"V":3,"NV":0,"TB":0},{"Id":77,"V":3,"NV":0,"TB":0},{"Id":83,"V":3,"NV":0,"TB":0},{"Id":84,"V":3,"NV":0,"TB":0},{"Id":87,"V":3,"NV":0,"TB":0},{"Id":67,"V":2,"NV":0,"TB":0},{"Id":78,"V":2,"NV":0,"TB":0},{"Id":79,"V":2,"NV":0,"TB":0},{"Id":86,"V":2,"NV":0,"TB":0},{"Id":88,"V":2,"NV":0,"TB":0},{"Id":65,"V":1,"NV":0,"TB":0},{"Id":68,"V":1,"NV":0,"TB":0},{"Id":73,"V":1,"NV":0,"TB":0},{"Id":70,"V":1,"NV":0,"TB":2}],[{"Id":66,"V":7,"NV":0,"TB":0},{"Id":80,"V":7,"NV":1,"TB":0},{"Id":76,"V":6,"NV":0,"TB":0},{"Id":81,"V":6,"NV":0,"TB":0},{"Id":69,"V":5,"NV":0,"TB":0},{"Id":74,"V":5,"NV":0,"TB":0},{"Id":71,"V":4,"NV":0,"TB":0},{"Id":89,"V":4,"NV":0,"TB":0},{"Id":72,"V":3,"NV":0,"TB":0},{"Id":77,"V":3,"NV":0,"TB":0},{"Id":83,"V":3,"NV":0,"TB":0},{"Id":84,"V":3,"NV":0,"TB":0},{"Id":87,"V":3,"NV":0,"TB":0},{"Id":67,"V":2,"NV":0,"TB":0},{"Id":78,"V":2,"NV":0,"TB":0},{"Id":79,"V":2,"NV":0,"TB":0},{"Id":86,"V":2,"NV":0,"TB":0},{"Id":88,"V":2,"NV":0,"TB":0},{"Id":65,"V":1,"NV":0,"TB":0},{"Id":73,"V":1,"NV":0,"TB":0},{"Id":68,"V":1,"NV":0,"TB":2}],[{"Id":66,"V":7,"NV":0,"TB":0},{"Id":80,"V":7,"NV":0,"TB":0},{"Id":76,"V":6,"NV":0,"TB":0},{"Id":81,"V":6,"NV":0,"TB":0},{"Id":69,"V":5,"NV":0,"TB":0},{"Id":74,"V":5,"NV":0,"TB":0},{"Id":71,"V":4,"NV":0,"TB":0},{"Id":87,"V":4,"NV":1,"TB":0},{"Id":89,"V":4,"NV":0,"TB":0},{"Id":72,"V":3,"NV":0,"TB":0},{"Id":77,"V":3,"NV":0,"TB":0},{"Id":83,"V":3,"NV":0,"TB":0},{"Id":84,"V":3,"NV":0,"TB":0},{"Id":67,"V":2,"NV":0,"TB":0},{"Id":78,"V":2,"NV":0,"TB":0},{"Id":79,"V":2,"NV":0,"TB":0},{"Id":86,"V":2,"NV":0,"TB":0},{"Id":88,"V":2,"NV":0,"TB":0},{"Id":73,"V":1,"NV":0,"TB":0},{"Id":65,"V":1,"NV":0,"TB":2}],[{"Id":66,"V":7,"NV":0,"TB":0},{"Id":80,"V":7,"NV":0,"TB":0},{"Id":76,"V":6,"NV":0,"TB":0},{"Id":81,"V":6,"NV":0,"TB":0},{"Id":69,"V":5,"NV":0,"TB":0},{"Id":74,"V":5,"NV":0,"TB":0},{"Id":71,"V":4,"NV":0,"TB":0},{"Id":87,"V":4,"NV":0,"TB":0},{"Id":89,"V":4,"NV":0,"TB":0},{"Id":72,"V":3,"NV":0,"TB":0},{"Id":77,"V":3,"NV":0,"TB":0},{"Id":83,"V":3,"NV":0,"TB":0},{"Id":84,"V":3,"NV":0,"TB":0},{"Id":86,"V":3,"NV":1,"TB":0},{"Id":67,"V":2,"NV":0,"TB":0},{"Id":78,"V":2,"NV":0,"TB":0},{"Id":79,"V":2,"NV":0,"TB":0},{"Id":88,"V":2,"NV":0,"TB":0},{"Id":73,"V":1,"NV":0,"TB":0}],[{"Id":80,"V":8,"NV":1,"TB":0},{"Id":66,"V":7,"NV":0,"TB":0},{"Id":76,"V":6,"NV":0,"TB":0},{"Id":81,"V":6,"NV":0,"TB":0},{"Id":69,"V":5,"NV":0,"TB":0},{"Id":74,"V":5,"NV":0,"TB":0},{"Id":71,"V":4,"NV":0,"TB":0},{"Id":87,"V":4,"NV":0,"TB":0},{"Id":89,"V":4,"NV":0,"TB":0},{"Id":72,"V":3,"NV":0,"TB":0},{"Id":77,"V":3,"NV":0,"TB":0},{"Id":83,"V":3,"NV":0,"TB":0},{"Id":84,"V":3,"NV":0,"TB":0},{"Id":86,"V":3,"NV":0,"TB":0},{"Id":67,"V":2,"NV":0,"TB":0},{"Id":79,"V":2,"NV":0,"TB":0},{"Id":88,"V":2,"NV":0,"TB":0},{"Id":78,"V":2,"NV":0,"TB":3}],[{"Id":80,"V":8,"NV":0,"TB":0},{"Id":66,"V":7,"NV":0,"TB":0},{"Id":76,"V":7,"NV":1,"TB":0},{"Id":81,"V":6,"NV":0,"TB":0},{"Id":69,"V":5,"NV":0,"TB":0},{"Id":74,"V":5,"NV":0,"TB":0},{"Id":71,"V":4,"NV":0,"TB":0},{"Id":87,"V":4,"NV":0,"TB":0},{"Id":89,"V":4,"NV":0,"TB":0},{"Id":67,"V":3,"NV":1,"TB":0},{"Id":72,"V":3,"NV":0,"TB":0},{"Id":77,"V":3,"NV":0,"TB":0},{"Id":83,"V":3,"NV":0,"TB":0},{"Id":84,"V":3,"NV":0,"TB":0},{"Id":86,"V":3,"NV":0,"TB":0},{"Id":88,"V":2,"NV":0,"TB":0},{"Id":79,"V":2,"NV":0,"TB":2}],[{"Id":80,"V":9,"NV":1,"TB":0},{"Id":66,"V":7,"NV":0,"TB":0},{"Id":76,"V":7,"NV":0,"TB":0},{"Id":81,"V":6,"NV":0,"TB":0},{"Id":69,"V":5,"NV":0,"TB":0},{"Id":74,"V":5,"NV":0,"TB":0},{"Id":71,"V":4,"NV":0,"TB":0},{"Id":87,"V":4,"NV":0,"TB":0},{"Id":89,"V":4,"NV":0,"TB":0},{"Id":67,"V":3,"NV":0,"TB":0},{"Id":72,"V":3,"NV":0,"TB":0},{"Id":77,"V":3,"NV":0,"TB":0},{"Id":83,"V":3,"NV":0,"TB":0},{"Id":84,"V":3,"NV":0,"TB":0},{"Id":86,"V":3,"NV":0,"TB":0},{"Id":88,"V":2,"NV":0,"TB":0}],[{"Id":80,"V":9,"NV":0,"TB":0},{"Id":76,"V":8,"NV":1,"TB":0},{"Id":66,"V":7,"NV":0,"TB":0},{"Id":74,"V":6,"NV":1,"TB":0},{"Id":81,"V":6,"NV":0,"TB":0},{"Id":69,"V":5,"NV":0,"TB":0},{"Id":71,"V":4,"NV":0,"TB":0},{"Id":87,"V":4,"NV":0,"TB":0},{"Id":89,"V":4,"NV":0,"TB":0},{"Id":67,"V":3,"NV":0,"TB":0},{"Id":77,"V":3,"NV":0,"TB":0},{"Id":83,"V":3,"NV":0,"TB":0},{"Id":84,"V":3,"NV":0,"TB":0},{"Id":86,"V":3,"NV":0,"TB":0},{"Id":72,"V":3,"NV":0,"TB":5}],[{"Id":76,"V":9,"NV":1,"TB":0},{"Id":80,"V":9,"NV":0,"TB":0},{"Id":66,"V":7,"NV":0,"TB":0},{"Id":74,"V":7,"NV":1,"TB":0},{"Id":81,"V":6,"NV":0,"TB":0},{"Id":69,"V":5,"NV":0,"TB":0},{"Id":71,"V":4,"NV":0,"TB":0},{"Id":86,"V":4,"NV":1,"TB":0},{"Id":87,"V":4,"NV":0,"TB":0},{"Id":89,"V":4,"NV":0,"TB":0},{"Id":77,"V":3,"NV":0,"TB":0},{"Id":83,"V":3,"NV":0,"TB":0},{"Id":84,"V":3,"NV":0,"TB":0},{"Id":67,"V":3,"NV":0,"TB":4}],[{"Id":76,"V":9,"NV":0,"TB":0},{"Id":80,"V":9,"NV":0,"TB":0},{"Id":66,"V":8,"NV":1,"TB":0},{"Id":74,"V":7,"NV":0,"TB":0},{"Id":81,"V":6,"NV":0,"TB":0},{"Id":69,"V":5,"NV":0,"TB":0},{"Id":87,"V":5,"NV":1,"TB":0},{"Id":89,"V":5,"NV":1,"TB":0},{"Id":71,"V":4,"NV":0,"TB":0},{"Id":86,"V":4,"NV":0,"TB":0},{"Id":83,"V":3,"NV":0,"TB":0},{"Id":84,"V":3,"NV":0,"TB":0},{"Id":77,"V":3,"NV":0,"TB":3}],[{"Id":80,"V":10,"NV":1,"TB":0},{"Id":66,"V":9,"NV":1,"TB":0},{"Id":76,"V":9,"NV":0,"TB":0},{"Id":74,"V":7,"NV":0,"TB":0},{"Id":81,"V":6,"NV":0,"TB":0},{"Id":87,"V":6,"NV":1,"TB":0},{"Id":69,"V":5,"NV":0,"TB":0},{"Id":89,"V":5,"NV":0,"TB":0},{"Id":71,"V":4,"NV":0,"TB":0},{"Id":86,"V":4,"NV":0,"TB":0},{"Id":84,"V":3,"NV":0,"TB":0},{"Id":83,"V":3,"NV":0,"TB":2}],[{"Id":80,"V":12,"NV":2,"TB":0},{"Id":66,"V":9,"NV":0,"TB":0},{"Id":76,"V":9,"NV":0,"TB":0},{"Id":74,"V":7,"NV":0,"TB":0},{"Id":81,"V":6,"NV":0,"TB":0},{"Id":87,"V":6,"NV":0,"TB":0},{"Id":69,"V":5,"NV":0,"TB":0},{"Id":89,"V":5,"NV":0,"TB":0},{"Id":71,"V":4,"NV":0,"TB":0},{"Id":86,"V":4,"NV":0,"TB":0},{"Id":84,"V":4,"NV":1,"TB":2}],[{"Id":80,"V":12,"NV":0,"TB":0},{"Id":66,"V":10,"NV":1,"TB":0},{"Id":76,"V":10,"NV":1,"TB":0},{"Id":74,"V":7,"NV":0,"TB":0},{"Id":87,"V":7,"NV":1,"TB":0},{"Id":81,"V":6,"NV":0,"TB":0},{"Id":69,"V":5,"NV":0,"TB":0},{"Id":86,"V":5,"NV":1,"TB":0},{"Id":89,"V":5,"NV":0,"TB":0},{"Id":71,"V":4,"NV":0,"TB":0}],[{"Id":80,"V":12,"NV":0,"TB":0},{"Id":76,"V":11,"NV":1,"TB":0},{"Id":66,"V":10,"NV":0,"TB":0},{"Id":74,"V":7,"NV":0,"TB":0},{"Id":87,"V":7,"NV":0,"TB":0},{"Id":89,"V":7,"NV":2,"TB":0},{"Id":81,"V":6,"NV":0,"TB":0},{"Id":69,"V":5,"NV":0,"TB":0},{"Id":86,"V":5,"NV":0,"TB":1}],[{"Id":80,"V":13,"NV":1,"TB":0},{"Id":76,"V":11,"NV":0,"TB":0},{"Id":66,"V":10,"NV":0,"TB":0},{"Id":87,"V":9,"NV":2,"TB":0},{"Id":74,"V":8,"NV":1,"TB":0},{"Id":81,"V":7,"NV":1,"TB":0},{"Id":89,"V":7,"NV":0,"TB":0},{"Id":69,"V":5,"NV":0,"TB":0}],[{"Id":76,"V":14,"NV":3,"TB":0},{"Id":80,"V":13,"NV":0,"TB":0},{"Id":66,"V":11,"NV":1,"TB":0},{"Id":74,"V":9,"NV":1,"TB":0},{"Id":87,"V":9,"NV":0,"TB":0},{"Id":81,"V":7,"NV":0,"TB":0},{"Id":89,"V":7,"NV":0,"TB":1}],[{"Id":76,"V":15,"NV":1,"TB":0},{"Id":80,"V":14,"NV":1,"TB":0},{"Id":66,"V":13,"NV":2,"TB":0},{"Id":74,"V":10,"NV":1,"TB":0},{"Id":87,"V":9,"NV":0,"TB":0},{"Id":81,"V":8,"NV":1,"TB":0}],[{"Id":76,"V":17,"NV":2,"TB":0},{"Id":80,"V":15,"NV":1,"TB":0},{"Id":66,"V":13,"NV":0,"TB":0},{"Id":74,"V":10,"NV":0,"TB":0},{"Id":87,"V":9,"NV":0,"TB":0}],[{"Id":76,"V":21,"NV":4,"TB":0},{"Id":80,"V":16,"NV":1,"TB":0},{"Id":66,"V":13,"NV":0,"TB":0},{"Id":74,"V":10,"NV":0,"TB":0}],[{"Id":76,"V":25,"NV":4,"TB":0},{"Id":80,"V":20,"NV":4,"TB":0},{"Id":66,"V":15,"NV":2,"TB":0}],[{"Id":76,"V":32,"NV":7,"TB":0},{"Id":80,"V":23,"NV":3,"TB":0}],[{"Id":76,"V":38,"NV":6,"TB":0}]],"Expires":1600638820,"SecondsLeft":0}