{"Mtype":"results","Title":"Round 4","PollStarted":"2020-12-21T02:35:33.336327263Z","PollDuration":600000000000,"Options":{"65":"Mike kisses Evals who is reluctant at first, but then gets more into it (both male) ","66":"Raine and Red get caught under the mistletoe. Raine gets flustered, goes halfkind, theres blushing and cute awkwardness.","67":"Cat nora is cought climbing the Christmas tree","68":"Natani opens a present thinking its from Keith and get the wrong idea. When really it's a present from Trace to Flora... Baby clothes.","69":"Clovis' cousin Captain Jenny commands her motley crew","70":"Nora tied a sprig of mistletoe to Reni's tail and directs Kei's attention to said dragon tush with the 'suggestion' that he act accordingly, to the embarrassment of both parties.","71":"Christmas Celebration photo with Team B","72":"Red and Sythe find themselves stuck under the enchanted mistletoe","73":"Willow in a snow globe","74":"Flora and Kat tied with ribbons","75":"Twokinds High 3: \"Just watch me!\" says student council president Flora, as she hands Kathrin the first print of the new school dresscode. It says simply \"Clothes optional\". ","76":"Kathrin and VV Mike both in Christmas-y outfits at a Christmas party! Both posing and waving to the camera.","77":"VV Mike and Kat under the Mistletoe","78":"The explorers participate in (and maybe get a bit too into) a Northern Basitan winter tradition: large scale snowball fights meant as a fun way to practice tactical warfare.","79":"Kathrin wrapped up comfortably in present ribbons, not tied up like a prisoner.","80":"Euchre gets his secret santa form Evals and is in pure horror.","81":"Nib Nab Crossover. Responding to Bloodline's topwebcomics vote incentive Nibs demonstrates that her survival instincts are just fine, as are her skills at nabbing.","82":"Meave holds a mistletoe over Maddie, and Maddie gets very embarrassed.","83":"(Laura survives AU) Laura steals the magic mistletoe to 'keep everyone safe'. And then just spends time kissing Keith and Natani","84":"Natani body pillow","85":"Trace Putting his tattoo in the morning.","86":"Laura waking in to a surprised, newly transformed Very Vixen Keith","87":"Nora trying to fit into cardboard box so it can be given to Trace as christmas present","88":"Family game night, Monopoly edition! Flora, Trace, Natani, getting owned by Keith and his monopoly skills.","89":"Nora gets a taste of her own medicine when hit by her own curse, making herself act like a dog. Trace finds this hilarious and wonders what tricks she can do. \"Don't you dare!\""},"ExpectedBallots":65,"CountedBallots":65,"Ballots":["HULXTCIR","KIJBHRMUYPWAS","KHEB","RKBNPCWXOUSGHVTFDLQYJAEMI","GTR","VMLT","QFBCRGNIHDWVPMKXULTOSEAJY","ICJOW","F","IOAMLJCE","AQHBIGTURJLONCSX","RNIPFV","DTSVANRM","ARSFNIEYUWCKH","GPIQCXA","AIGUN","ABHMU","NIKOJRY","A","BNCOQDU","FR","RJTSV","SQFNAXCPDIR","TJVKSAD","BFT","DBINXK","HBCDNLOE","GHCXVE","VML","XTJGKBV","KVBYLMXSHWOF","RMLFIECH","DJXKU","N","SAEJN","VL","BKFWQRGEYDULXNMVIPHCJSATO","MKELVSG","NDHWCUKXYJ","P","KASVHIRMLTJNOCF","LMOJK","EHGABUPNX","WLYVCB","OFTJWQVCRNBSM","MH","UQPNILSDJWG","TQLVDOERIKJXPC","OFRIYAVNCDQMEPTL","USYQLOGXTACVHNK","GWVBNUFIYQDH","SIB","GKUIXCNBQV","RFYG","PLTEDGSM","GNIWRVPUQ","D","SRIWNYMPHKXOBUTLFGJQ","KUVSBIEDOCNJWPQRXYGTFLMHA","IGJEFDUT","UETOXLWVNYI","ENULTXVBWJ","GOJTNI","BASKWCHXOVJERML","VSIFCWE"],"Placements":[[{"Id":71,"V":7,"NV":7,"TB":0},{"Id":65,"V":5,"NV":5,"TB":0},{"Id":75,"V":5,"NV":5,"TB":0},{"Id":82,"V":5,"NV":5,"TB":0},{"Id":66,"V":4,"NV":4,"TB":0},{"Id":68,"V":4,"NV":4,"TB":0},{"Id":83,"V":4,"NV":4,"TB":0},{"Id":86,"V":4,"NV":4,"TB":0},{"Id":73,"V":3,"NV":3,"TB":0},{"Id":78,"V":3,"NV":3,"TB":0},{"Id":85,"V":3,"NV":3,"TB":0},{"Id":69,"V":2,"NV":2,"TB":0},{"Id":70,"V":2,"NV":2,"TB":0},{"Id":72,"V":2,"NV":2,"TB":0},{"Id":77,"V":2,"NV":2,"TB":0},{"Id":79,"V":2,"NV":2,"TB":0},{"Id":80,"V":2,"NV":2,"TB":0},{"Id":84,"V":2,"NV":2,"TB":0},{"Id":76,"V":1,"NV":1,"TB":0},{"Id":81,"V":1,"NV":1,"TB":0},{"Id":87,"V":1,"NV":1,"TB":0},{"Id":88,"V":1,"NV":1,"TB":0},{"Id":67,"V":0,"NV":0,"TB":0},{"Id":74,"V":0,"NV":0,"TB":0},{"Id":89,"V":0,"NV":0,"TB":1}],[{"Id":71,"V":7,"NV":0,"TB":0},{"Id":65,"V":5,"NV":0,"TB":0},{"Id":75,"V":5,"NV":0,"TB":0},{"Id":82,"V":5,"NV":0,"TB":0},{"Id":66,"V":4,"NV":0,"TB":0},{"Id":68,"V":4,"NV":0,"TB":0},{"Id":83,"V":4,"NV":0,"TB":0},{"Id":86,"V":4,"NV":0,"TB":0},{"Id":73,"V":3,"NV":0,"TB":0},{"Id":78,"V":3,"NV":0,"TB":0},{"Id":85,"V":3,"NV":0,"TB":0},{"Id":69,"V":2,"NV":0,"TB":0},{"Id":70,"V":2,"NV":0,"TB":0},{"Id":72,"V":2,"NV":0,"TB":0},{"Id":77,"V":2,"NV":0,"TB":0},{"Id":79,"V":2,"NV":0,"TB":0},{"Id":80,"V":2,"NV":0,"TB":0},{"Id":84,"V":2,"NV":0,"TB":0},{"Id":76,"V":1,"NV":0,"TB":0},{"Id":81,"V":1,"NV":0,"TB":0},{"Id":87,"V":1,"NV":0,"TB":0},{"Id":88,"V":1,"NV":0,"TB":0},{"Id":74,"V":0,"NV":0,"TB":0},{"Id":67,"V":0,"NV":0,"TB":2}],[{"Id":71,"V":7,"NV":0,"TB":0},{"Id":65,"V":5,"NV":0,"TB":0},{"Id":75,"V":5,"NV":0,"TB":0},{"Id":82,"V":5,"NV":0,"TB":0},{"Id":66,"V":4,"NV":0,"TB":0},{"Id":68,"V":4,"NV":0,"TB":0},{"Id":83,"V":4,"NV":0,"TB":0},{"Id":86,"V":4,"NV":0,"TB":0},{"Id":73,"V":3,"NV":0,"TB":0},{"Id":78,"V":3,"NV":0,"TB":0},{"Id":85,"V":3,"NV":0,"TB":0},{"Id":69,"V":2,"NV":0,"TB":0},{"Id":70,"V":2,"NV":0,"TB":0},{"Id":72,"V":2,"NV":0,"TB":0},{"Id":77,"V":2,"NV":0,"TB":0},{"Id":79,"V":2,"NV":0,"TB":0},{"Id":80,"V":2,"NV":0,"TB":0},{"Id":84,"V":2,"NV":0,"TB":0},{"Id":76,"V":1,"NV":0,"TB":0},{"Id":81,"V":1,"NV":0,"TB":0},{"Id":87,"V":1,"NV":0,"TB":0},{"Id":88,"V":1,"NV":0,"TB":0},{"Id":74,"V":0,"NV":0,"TB":0}],[{"Id":71,"V":7,"NV":0,"TB":0},{"Id":65,"V":5,"NV":0,"TB":0},{"Id":75,"V":5,"NV":0,"TB":0},{"Id":82,"V":5,"NV":0,"TB":0},{"Id":66,"V":4,"NV":0,"TB":0},{"Id":68,"V":4,"NV":0,"TB":0},{"Id":83,"V":4,"NV":0,"TB":0},{"Id":86,"V":4,"NV":0,"TB":0},{"Id":73,"V":3,"NV":0,"TB":0},{"Id":78,"V":3,"NV":0,"TB":0},{"Id":85,"V":3,"NV":0,"TB":0},{"Id":69,"V":2,"NV":0,"TB":0},{"Id":70,"V":2,"NV":0,"TB":0},{"Id":72,"V":2,"NV":0,"TB":0},{"Id":77,"V":2,"NV":0,"TB":0},{"Id":79,"V":2,"NV":0,"TB":0},{"Id":80,"V":2,"NV":0,"TB":0},{"Id":84,"V":2,"NV":0,"TB":0},{"Id":76,"V":1,"NV":0,"TB":0},{"Id":81,"V":1,"NV":0,"TB":0},{"Id":87,"V":1,"NV":0,"TB":0},{"Id":88,"V":1,"NV":0,"TB":1}],[{"Id":71,"V":7,"NV":0,"TB":0},{"Id":65,"V":5,"NV":0,"TB":0},{"Id":75,"V":5,"NV":0,"TB":0},{"Id":82,"V":5,"NV":0,"TB":0},{"Id":66,"V":4,"NV":0,"TB":0},{"Id":68,"V":4,"NV":0,"TB":0},{"Id":83,"V":4,"NV":0,"TB":0},{"Id":86,"V":4,"NV":0,"TB":0},{"Id":73,"V":3,"NV":0,"TB":0},{"Id":78,"V":3,"NV":0,"TB":0},{"Id":84,"V":3,"NV":1,"TB":0},{"Id":85,"V":3,"NV":0,"TB":0},{"Id":69,"V":2,"NV":0,"TB":0},{"Id":70,"V":2,"NV":0,"TB":0},{"Id":72,"V":2,"NV":0,"TB":0},{"Id":77,"V":2,"NV":0,"TB":0},{"Id":79,"V":2,"NV":0,"TB":0},{"Id":80,"V":2,"NV":0,"TB":0},{"Id":76,"V":1,"NV":0,"TB":0},{"Id":81,"V":1,"NV":0,"TB":0},{"Id":87,"V":1,"NV":0,"TB":1}],[{"Id":71,"V":7,"NV":0,"TB":0},{"Id":65,"V":5,"NV":0,"TB":0},{"Id":75,"V":5,"NV":0,"TB":0},{"Id":82,"V":5,"NV":0,"TB":0},{"Id":66,"V":4,"NV":0,"TB":0},{"Id":68,"V":4,"NV":0,"TB":0},{"Id":83,"V":4,"NV":0,"TB":0},{"Id":86,"V":4,"NV":0,"TB":0},{"Id":73,"V":3,"NV":0,"TB":0},{"Id":78,"V":3,"NV":0,"TB":0},{"Id":84,"V":3,"NV":0,"TB":0},{"Id":85,"V":3,"NV":0,"TB":0},{"Id":69,"V":2,"NV":0,"TB":0},{"Id":70,"V":2,"NV":0,"TB":0},{"Id":72,"V":2,"NV":0,"TB":0},{"Id":76,"V":2,"NV":1,"TB":0},{"Id":77,"V":2,"NV":0,"TB":0},{"Id":79,"V":2,"NV":0,"TB":0},{"Id":80,"V":2,"NV":0,"TB":0},{"Id":81,"V":1,"NV":0,"TB":0}],[{"Id":71,"V":7,"NV":0,"TB":0},{"Id":65,"V":5,"NV":0,"TB":0},{"Id":75,"V":5,"NV":0,"TB":0},{"Id":82,"V":5,"NV":0,"TB":0},{"Id":66,"V":4,"NV":0,"TB":0},{"Id":68,"V":4,"NV":0,"TB":0},{"Id":83,"V":4,"NV":0,"TB":0},{"Id":86,"V":4,"NV":0,"TB":0},{"Id":70,"V":3,"NV":1,"TB":0},{"Id":73,"V":3,"NV":0,"TB":0},{"Id":78,"V":3,"NV":0,"TB":0},{"Id":84,"V":3,"NV":0,"TB":0},{"Id":85,"V":3,"NV":0,"TB":0},{"Id":69,"V":2,"NV":0,"TB":0},{"Id":76,"V":2,"NV":0,"TB":0},{"Id":77,"V":2,"NV":0,"TB":0},{"Id":79,"V":2,"NV":0,"TB":0},{"Id":80,"V":2,"NV":0,"TB":0},{"Id":72,"V":2,"NV":0,"TB":5}],[{"Id":71,"V":7,"NV":0,"TB":0},{"Id":65,"V":5,"NV":0,"TB":0},{"Id":66,"V":5,"NV":1,"TB":0},{"Id":75,"V":5,"NV":0,"TB":0},{"Id":82,"V":5,"NV":0,"TB":0},{"Id":68,"V":4,"NV":0,"TB":0},{"Id":83,"V":4,"NV":0,"TB":0},{"Id":85,"V":4,"NV":1,"TB":0},{"Id":86,"V":4,"NV":0,"TB":0},{"Id":70,"V":3,"NV":0,"TB":0},{"Id":73,"V":3,"NV":0,"TB":0},{"Id":78,"V":3,"NV":0,"TB":0},{"Id":84,"V":3,"NV":0,"TB":0},{"Id":69,"V":2,"NV":0,"TB":0},{"Id":76,"V":2,"NV":0,"TB":0},{"Id":77,"V":2,"NV":0,"TB":0},{"Id":80,"V":2,"NV":0,"TB":0},{"Id":79,"V":2,"NV":0,"TB":2}],[{"Id":71,"V":7,"NV":0,"TB":0},{"Id":65,"V":5,"NV":0,"TB":0},{"Id":66,"V":5,"NV":0,"TB":0},{"Id":70,"V":5,"NV":2,"TB":0},{"Id":75,"V":5,"NV":0,"TB":0},{"Id":82,"V":5,"NV":0,"TB":0},{"Id":68,"V":4,"NV":0,"TB":0},{"Id":83,"V":4,"NV":0,"TB":0},{"Id":85,"V":4,"NV":0,"TB":0},{"Id":86,"V":4,"NV":0,"TB":0},{"Id":73,"V":3,"NV":0,"TB":0},{"Id":78,"V":3,"NV":0,"TB":0},{"Id":84,"V":3,"NV":0,"TB":0},{"Id":69,"V":2,"NV":0,"TB":0},{"Id":76,"V":2,"NV":0,"TB":0},{"Id":77,"V":2,"NV":0,"TB":0},{"Id":80,"V":2,"NV":0,"TB":1}],[{"Id":71,"V":7,"NV":0,"TB":0},{"Id":65,"V":5,"NV":0,"TB":0},{"Id":66,"V":5,"NV":0,"TB":0},{"Id":70,"V":5,"NV":0,"TB":0},{"Id":75,"V":5,"NV":0,"TB":0},{"Id":82,"V":5,"NV":0,"TB":0},{"Id":68,"V":4,"NV":0,"TB":0},{"Id":83,"V":4,"NV":0,"TB":0},{"Id":85,"V":4,"NV":0,"TB":0},{"Id":86,"V":4,"NV":0,"TB":0},{"Id":73,"V":3,"NV":0,"TB":0},{"Id":76,"V":3,"NV":1,"TB":0},{"Id":78,"V":3,"NV":0,"TB":0},{"Id":84,"V":3,"NV":0,"TB":0},{"Id":77,"V":2,"NV":0,"TB":0},{"Id":69,"V":2,"NV":0,"TB":2}],[{"Id":71,"V":8,"NV":1,"TB":0},{"Id":65,"V":5,"NV":0,"TB":0},{"Id":66,"V":5,"NV":0,"TB":0},{"Id":70,"V":5,"NV":0,"TB":0},{"Id":75,"V":5,"NV":0,"TB":0},{"Id":82,"V":5,"NV":0,"TB":0},{"Id":68,"V":4,"NV":0,"TB":0},{"Id":78,"V":4,"NV":1,"TB":0},{"Id":83,"V":4,"NV":0,"TB":0},{"Id":85,"V":4,"NV":0,"TB":0},{"Id":86,"V":4,"NV":0,"TB":0},{"Id":73,"V":3,"NV":0,"TB":0},{"Id":76,"V":3,"NV":0,"TB":0},{"Id":84,"V":3,"NV":0,"TB":0},{"Id":77,"V":2,"NV":0,"TB":0}],[{"Id":71,"V":8,"NV":0,"TB":0},{"Id":75,"V":6,"NV":1,"TB":0},{"Id":65,"V":5,"NV":0,"TB":0},{"Id":66,"V":5,"NV":0,"TB":0},{"Id":70,"V":5,"NV":0,"TB":0},{"Id":82,"V":5,"NV":0,"TB":0},{"Id":68,"V":4,"NV":0,"TB":0},{"Id":78,"V":4,"NV":0,"TB":0},{"Id":83,"V":4,"NV":0,"TB":0},{"Id":85,"V":4,"NV":0,"TB":0},{"Id":86,"V":4,"NV":0,"TB":0},{"Id":76,"V":3,"NV":0,"TB":0},{"Id":84,"V":3,"NV":0,"TB":0},{"Id":73,"V":3,"NV":0,"TB":3}],[{"Id":71,"V":9,"NV":1,"TB":0},{"Id":65,"V":6,"NV":1,"TB":0},{"Id":75,"V":6,"NV":0,"TB":0},{"Id":66,"V":5,"NV":0,"TB":0},{"Id":70,"V":5,"NV":0,"TB":0},{"Id":82,"V":5,"NV":0,"TB":0},{"Id":68,"V":4,"NV":0,"TB":0},{"Id":78,"V":4,"NV":0,"TB":0},{"Id":83,"V":4,"NV":0,"TB":0},{"Id":85,"V":4,"NV":0,"TB":0},{"Id":86,"V":4,"NV":0,"TB":0},{"Id":84,"V":3,"NV":0,"TB":0},{"Id":76,"V":3,"NV":0,"TB":2}],[{"Id":71,"V":9,"NV":0,"TB":0},{"Id":75,"V":7,"NV":1,"TB":0},{"Id":65,"V":6,"NV":0,"TB":0},{"Id":66,"V":5,"NV":0,"TB":0},{"Id":70,"V":5,"NV":0,"TB":0},{"Id":82,"V":5,"NV":0,"TB":0},{"Id":86,"V":5,"NV":1,"TB":0},{"Id":68,"V":4,"NV":0,"TB":0},{"Id":78,"V":4,"NV":0,"TB":0},{"Id":83,"V":4,"NV":0,"TB":0},{"Id":85,"V":4,"NV":0,"TB":0},{"Id":84,"V":4,"NV":1,"TB":2}],[{"Id":71,"V":10,"NV":1,"TB":0},{"Id":75,"V":7,"NV":0,"TB":0},{"Id":86,"V":7,"NV":2,"TB":0},{"Id":65,"V":6,"NV":0,"TB":0},{"Id":66,"V":5,"NV":0,"TB":0},{"Id":68,"V":5,"NV":1,"TB":0},{"Id":70,"V":5,"NV":0,"TB":0},{"Id":82,"V":5,"NV":0,"TB":0},{"Id":83,"V":4,"NV":0,"TB":0},{"Id":85,"V":4,"NV":0,"TB":0},{"Id":78,"V":4,"NV":0,"TB":3}],[{"Id":71,"V":10,"NV":0,"TB":0},{"Id":75,"V":8,"NV":1,"TB":0},{"Id":86,"V":7,"NV":0,"TB":0},{"Id":65,"V":6,"NV":0,"TB":0},{"Id":68,"V":6,"NV":1,"TB":0},{"Id":66,"V":5,"NV":0,"TB":0},{"Id":70,"V":5,"NV":0,"TB":0},{"Id":82,"V":5,"NV":0,"TB":0},{"Id":85,"V":5,"NV":1,"TB":0},{"Id":83,"V":4,"NV":0,"TB":0}],[{"Id":71,"V":10,"NV":0,"TB":0},{"Id":75,"V":8,"NV":0,"TB":0},{"Id":65,"V":7,"NV":1,"TB":0},{"Id":86,"V":7,"NV":0,"TB":0},{"Id":66,"V":6,"NV":1,"TB":0},{"Id":68,"V":6,"NV":0,"TB":0},{"Id":70,"V":6,"NV":1,"TB":0},{"Id":82,"V":6,"NV":1,"TB":0},{"Id":85,"V":5,"NV":0,"TB":0}],[{"Id":71,"V":11,"NV":1,"TB":0},{"Id":86,"V":9,"NV":2,"TB":0},{"Id":75,"V":8,"NV":0,"TB":0},{"Id":65,"V":7,"NV":0,"TB":0},{"Id":68,"V":7,"NV":1,"TB":0},{"Id":82,"V":7,"NV":1,"TB":0},{"Id":70,"V":6,"NV":0,"TB":0},{"Id":66,"V":6,"NV":0,"TB":2}],[{"Id":71,"V":11,"NV":0,"TB":0},{"Id":68,"V":9,"NV":2,"TB":0},{"Id":75,"V":9,"NV":1,"TB":0},{"Id":86,"V":9,"NV":0,"TB":0},{"Id":65,"V":8,"NV":1,"TB":0},{"Id":70,"V":7,"NV":1,"TB":0},{"Id":82,"V":7,"NV":0,"TB":1}],[{"Id":71,"V":11,"NV":0,"TB":0},{"Id":75,"V":11,"NV":2,"TB":0},{"Id":70,"V":10,"NV":3,"TB":0},{"Id":86,"V":10,"NV":1,"TB":0},{"Id":68,"V":9,"NV":0,"TB":0},{"Id":65,"V":8,"NV":0,"TB":0}],[{"Id":71,"V":13,"NV":2,"TB":0},{"Id":75,"V":12,"NV":1,"TB":0},{"Id":70,"V":11,"NV":1,"TB":0},{"Id":86,"V":10,"NV":0,"TB":0},{"Id":68,"V":9,"NV":0,"TB":0}],[{"Id":71,"V":15,"NV":2,"TB":0},{"Id":75,"V":15,"NV":3,"TB":0},{"Id":86,"V":11,"NV":1,"TB":0},{"Id":70,"V":11,"NV":0,"TB":2}],[{"Id":71,"V":17,"NV":2,"TB":0},{"Id":75,"V":16,"NV":1,"TB":0},{"Id":86,"V":14,"NV":3,"TB":0}],[{"Id":75,"V":18,"NV":2,"TB":0},{"Id":71,"V":17,"NV":0,"TB":0}],[{"Id":75,"V":22,"NV":4,"TB":0}]],"Expires":1608519334,"SecondsLeft":0}