{"Mtype":"results","Title":"Round 1","PollStarted":"2020-07-13T00:20:37.437319882Z","PollDuration":600000000000,"Options":{"65":"Adira walking Maeve down the isle at her and Maddie's wedding.","66":"A serval keidran meat smoker, chubby from sampling her product too much.","67":"Brutus Reference Sheet","68":"A sequel to Mike and Fem Mike meets. Fem Mike meets Evals and they are in love.","69":"The older Maeve in evening dress","70":"Modern day Adult Maddie and Maeve just lounging around on a hot summer day, ( in tank tops and shorts ) much to Maddie’s embarrassment. ; ) ","71":"Trace and Flora fight off zombie Rose, Alaric and Laura.","72":"A spiritual follow up to 'Island Style Reni' also with Natani, hula wardrobe malfunction","73":"After Maren sees lion Keiren she is compelled to groom his wild mane to regal perfection. Flora suggests a pretty bow to finish it off.","74":"Undercover Western Maddie has successfully infiltrated the gala! But now that she's in, maintaining her cover proves difficult when everything is so... Scandalous!","75":"Flora gives in to her unusual cravings and orders magical room service with the summoning table: baby wants chocolate!","76":"Windstraw, Willow, and Magpie all argue with their \"agent\" about their series being canceled ;3","77":"Keith and Trace sparring, kind of a bonding moment between the two","78":"Page 55 but Modern AU and Non-Rude Radiologist Tom","79":"Flora comes running when she hears Trace using the can opener","80":"Laura possesses Keith and plays around in his body as he gets flustered.","81":"Cute Natani Curled up Remake","82":"Keith and Natani stargazing on a hill","83":"Flora \u0026 Trace as mermaids enjoying a romantic embrace by themselves under the sea.","84":"Flora body pillow (format 16:5) SFW","85":"Roberto the happy crab, standing upon a sand castle balcony.  Gazing out over his royal crab army.","86":"Anthro Reni and Wolf Raine practicing their transformation magic together","87":"Natani paints Eric (his punishment for asking Nat)","88":"Adult Maeve and Maddie switch species. And both of them are very surprised and shocked about it.","89":"Fem Mike and Clovis at a bar ranting about Nora","90":"Natani getting cuddled between Keith and FemKeith"},"ExpectedBallots":62,"CountedBallots":62,"Ballots":["UVC","CYWXV","JZVCHDTSMROK","EFRKOI","FEAXLJ","GCVHRYQO","IMZOJVRU","ICWDYQUHJLNZFPTARVMEGXBOKS","GROEYLWTQZ","QELUDFVBCJZH","VYEU","HWVNMGZP","RAEQVCWYHTXZJF","DXYVAFPJCRZWHSIQUEOGKNBMLT","CX","KOJXZT","XEVIAJBLYCW","REQZHPYVFJIKMWDBO","KJSCBDYUG","VLJMXIF","A","KOSMTCPI","CYRHLPVJO","HDCVPFZYTJXWABRGKOESQLNMIU","KSYOZJBGAL","ZQRDW","KOMSRCYUPWZIT","PMNVZXOKYGSD","HR","","PZTER","EMTQO","KOUJMLS","VIBMUXEC","HZFQO","URVZNJCLMEX","YDU","PTVHX","XVJ","YJWHBCNEFTQX","L","XOFQYPKMNWAZIJ","MOPQCDGULSHFYBXWKZRVJINEA","BIYSDJCWHUA","LJXWKIPH","QRZTEU","YLOHNITAJVW","KANLUMPQJSDEVTRWOZBCYHFGXI","GZWPQDMLHFVXEYRJIC","LYWJVIM","VCJAFLYZERHWXGM","TRQWSPUCYH","VE","DFYTZ","SJTCNUZL","EVTCFYN","CEQBOMVIPSL","PNQEZSUXMV","JGRNTCHPFM","RUBWLOZCPQEAJMT","Z","LYGHEDJBWNOTXCFZ"],"Placements":[[{"Id":75,"V":7,"NV":7,"TB":0},{"Id":86,"V":5,"NV":5,"TB":0},{"Id":67,"V":4,"NV":4,"TB":0},{"Id":72,"V":4,"NV":4,"TB":0},{"Id":76,"V":4,"NV":4,"TB":0},{"Id":80,"V":4,"NV":4,"TB":0},{"Id":69,"V":3,"NV":3,"TB":0},{"Id":71,"V":3,"NV":3,"TB":0},{"Id":82,"V":3,"NV":3,"TB":0},{"Id":88,"V":3,"NV":3,"TB":0},{"Id":89,"V":3,"NV":3,"TB":0},{"Id":68,"V":2,"NV":2,"TB":0},{"Id":73,"V":2,"NV":2,"TB":0},{"Id":74,"V":2,"NV":2,"TB":0},{"Id":81,"V":2,"NV":2,"TB":0},{"Id":85,"V":2,"NV":2,"TB":0},{"Id":90,"V":2,"NV":2,"TB":0},{"Id":65,"V":1,"NV":1,"TB":0},{"Id":66,"V":1,"NV":1,"TB":0},{"Id":70,"V":1,"NV":1,"TB":0},{"Id":77,"V":1,"NV":1,"TB":0},{"Id":83,"V":1,"NV":1,"TB":0},{"Id":84,"V":1,"NV":1,"TB":0},{"Id":78,"V":0,"NV":0,"TB":0},{"Id":79,"V":0,"NV":0,"TB":0},{"Id":87,"V":0,"NV":0,"TB":1}],[{"Id":75,"V":7,"NV":0,"TB":0},{"Id":86,"V":5,"NV":0,"TB":0},{"Id":67,"V":4,"NV":0,"TB":0},{"Id":72,"V":4,"NV":0,"TB":0},{"Id":76,"V":4,"NV":0,"TB":0},{"Id":80,"V":4,"NV":0,"TB":0},{"Id":69,"V":3,"NV":0,"TB":0},{"Id":71,"V":3,"NV":0,"TB":0},{"Id":82,"V":3,"NV":0,"TB":0},{"Id":88,"V":3,"NV":0,"TB":0},{"Id":89,"V":3,"NV":0,"TB":0},{"Id":68,"V":2,"NV":0,"TB":0},{"Id":73,"V":2,"NV":0,"TB":0},{"Id":74,"V":2,"NV":0,"TB":0},{"Id":81,"V":2,"NV":0,"TB":0},{"Id":85,"V":2,"NV":0,"TB":0},{"Id":90,"V":2,"NV":0,"TB":0},{"Id":65,"V":1,"NV":0,"TB":0},{"Id":66,"V":1,"NV":0,"TB":0},{"Id":70,"V":1,"NV":0,"TB":0},{"Id":77,"V":1,"NV":0,"TB":0},{"Id":83,"V":1,"NV":0,"TB":0},{"Id":84,"V":1,"NV":0,"TB":0},{"Id":78,"V":0,"NV":0,"TB":0},{"Id":79,"V":0,"NV":0,"TB":1}],[{"Id":75,"V":7,"NV":0,"TB":0},{"Id":86,"V":5,"NV":0,"TB":0},{"Id":67,"V":4,"NV":0,"TB":0},{"Id":72,"V":4,"NV":0,"TB":0},{"Id":76,"V":4,"NV":0,"TB":0},{"Id":80,"V":4,"NV":0,"TB":0},{"Id":69,"V":3,"NV":0,"TB":0},{"Id":71,"V":3,"NV":0,"TB":0},{"Id":82,"V":3,"NV":0,"TB":0},{"Id":88,"V":3,"NV":0,"TB":0},{"Id":89,"V":3,"NV":0,"TB":0},{"Id":68,"V":2,"NV":0,"TB":0},{"Id":73,"V":2,"NV":0,"TB":0},{"Id":74,"V":2,"NV":0,"TB":0},{"Id":81,"V":2,"NV":0,"TB":0},{"Id":85,"V":2,"NV":0,"TB":0},{"Id":90,"V":2,"NV":0,"TB":0},{"Id":65,"V":1,"NV":0,"TB":0},{"Id":66,"V":1,"NV":0,"TB":0},{"Id":70,"V":1,"NV":0,"TB":0},{"Id":77,"V":1,"NV":0,"TB":0},{"Id":83,"V":1,"NV":0,"TB":0},{"Id":84,"V":1,"NV":0,"TB":0},{"Id":78,"V":0,"NV":0,"TB":0}],[{"Id":75,"V":7,"NV":0,"TB":0},{"Id":86,"V":5,"NV":0,"TB":0},{"Id":67,"V":4,"NV":0,"TB":0},{"Id":72,"V":4,"NV":0,"TB":0},{"Id":76,"V":4,"NV":0,"TB":0},{"Id":80,"V":4,"NV":0,"TB":0},{"Id":69,"V":3,"NV":0,"TB":0},{"Id":71,"V":3,"NV":0,"TB":0},{"Id":82,"V":3,"NV":0,"TB":0},{"Id":88,"V":3,"NV":0,"TB":0},{"Id":89,"V":3,"NV":0,"TB":0},{"Id":68,"V":2,"NV":0,"TB":0},{"Id":73,"V":2,"NV":0,"TB":0},{"Id":74,"V":2,"NV":0,"TB":0},{"Id":81,"V":2,"NV":0,"TB":0},{"Id":85,"V":2,"NV":0,"TB":0},{"Id":90,"V":2,"NV":0,"TB":0},{"Id":65,"V":1,"NV":0,"TB":0},{"Id":66,"V":1,"NV":0,"TB":0},{"Id":70,"V":1,"NV":0,"TB":0},{"Id":77,"V":1,"NV":0,"TB":0},{"Id":84,"V":1,"NV":0,"TB":0},{"Id":83,"V":1,"NV":0,"TB":2}],[{"Id":75,"V":7,"NV":0,"TB":0},{"Id":86,"V":5,"NV":0,"TB":0},{"Id":67,"V":4,"NV":0,"TB":0},{"Id":72,"V":4,"NV":0,"TB":0},{"Id":76,"V":4,"NV":0,"TB":0},{"Id":80,"V":4,"NV":0,"TB":0},{"Id":69,"V":3,"NV":0,"TB":0},{"Id":71,"V":3,"NV":0,"TB":0},{"Id":74,"V":3,"NV":1,"TB":0},{"Id":82,"V":3,"NV":0,"TB":0},{"Id":88,"V":3,"NV":0,"TB":0},{"Id":89,"V":3,"NV":0,"TB":0},{"Id":68,"V":2,"NV":0,"TB":0},{"Id":73,"V":2,"NV":0,"TB":0},{"Id":81,"V":2,"NV":0,"TB":0},{"Id":85,"V":2,"NV":0,"TB":0},{"Id":90,"V":2,"NV":0,"TB":0},{"Id":65,"V":1,"NV":0,"TB":0},{"Id":66,"V":1,"NV":0,"TB":0},{"Id":77,"V":1,"NV":0,"TB":0},{"Id":84,"V":1,"NV":0,"TB":0},{"Id":70,"V":1,"NV":0,"TB":3}],[{"Id":75,"V":7,"NV":0,"TB":0},{"Id":86,"V":5,"NV":0,"TB":0},{"Id":67,"V":4,"NV":0,"TB":0},{"Id":69,"V":4,"NV":1,"TB":0},{"Id":72,"V":4,"NV":0,"TB":0},{"Id":76,"V":4,"NV":0,"TB":0},{"Id":80,"V":4,"NV":0,"TB":0},{"Id":71,"V":3,"NV":0,"TB":0},{"Id":74,"V":3,"NV":0,"TB":0},{"Id":82,"V":3,"NV":0,"TB":0},{"Id":88,"V":3,"NV":0,"TB":0},{"Id":89,"V":3,"NV":0,"TB":0},{"Id":68,"V":2,"NV":0,"TB":0},{"Id":73,"V":2,"NV":0,"TB":0},{"Id":81,"V":2,"NV":0,"TB":0},{"Id":85,"V":2,"NV":0,"TB":0},{"Id":90,"V":2,"NV":0,"TB":0},{"Id":65,"V":1,"NV":0,"TB":0},{"Id":66,"V":1,"NV":0,"TB":0},{"Id":84,"V":1,"NV":0,"TB":0},{"Id":77,"V":1,"NV":0,"TB":2}],[{"Id":75,"V":7,"NV":0,"TB":0},{"Id":80,"V":5,"NV":1,"TB":0},{"Id":86,"V":5,"NV":0,"TB":0},{"Id":67,"V":4,"NV":0,"TB":0},{"Id":69,"V":4,"NV":0,"TB":0},{"Id":72,"V":4,"NV":0,"TB":0},{"Id":76,"V":4,"NV":0,"TB":0},{"Id":71,"V":3,"NV":0,"TB":0},{"Id":74,"V":3,"NV":0,"TB":0},{"Id":82,"V":3,"NV":0,"TB":0},{"Id":88,"V":3,"NV":0,"TB":0},{"Id":89,"V":3,"NV":0,"TB":0},{"Id":68,"V":2,"NV":0,"TB":0},{"Id":73,"V":2,"NV":0,"TB":0},{"Id":81,"V":2,"NV":0,"TB":0},{"Id":85,"V":2,"NV":0,"TB":0},{"Id":90,"V":2,"NV":0,"TB":0},{"Id":65,"V":1,"NV":0,"TB":0},{"Id":66,"V":1,"NV":0,"TB":0},{"Id":84,"V":1,"NV":0,"TB":1}],[{"Id":75,"V":7,"NV":0,"TB":0},{"Id":80,"V":5,"NV":0,"TB":0},{"Id":86,"V":5,"NV":0,"TB":0},{"Id":67,"V":4,"NV":0,"TB":0},{"Id":69,"V":4,"NV":0,"TB":0},{"Id":72,"V":4,"NV":0,"TB":0},{"Id":76,"V":4,"NV":0,"TB":0},{"Id":82,"V":4,"NV":1,"TB":0},{"Id":71,"V":3,"NV":0,"TB":0},{"Id":74,"V":3,"NV":0,"TB":0},{"Id":88,"V":3,"NV":0,"TB":0},{"Id":89,"V":3,"NV":0,"TB":0},{"Id":68,"V":2,"NV":0,"TB":0},{"Id":73,"V":2,"NV":0,"TB":0},{"Id":81,"V":2,"NV":0,"TB":0},{"Id":85,"V":2,"NV":0,"TB":0},{"Id":90,"V":2,"NV":0,"TB":0},{"Id":66,"V":1,"NV":0,"TB":0},{"Id":65,"V":1,"NV":0,"TB":2}],[{"Id":75,"V":7,"NV":0,"TB":0},{"Id":80,"V":5,"NV":0,"TB":0},{"Id":86,"V":5,"NV":0,"TB":0},{"Id":67,"V":4,"NV":0,"TB":0},{"Id":69,"V":4,"NV":0,"TB":0},{"Id":72,"V":4,"NV":0,"TB":0},{"Id":76,"V":4,"NV":0,"TB":0},{"Id":82,"V":4,"NV":0,"TB":0},{"Id":71,"V":3,"NV":0,"TB":0},{"Id":74,"V":3,"NV":0,"TB":0},{"Id":88,"V":3,"NV":0,"TB":0},{"Id":89,"V":3,"NV":0,"TB":0},{"Id":68,"V":2,"NV":0,"TB":0},{"Id":73,"V":2,"NV":0,"TB":0},{"Id":81,"V":2,"NV":0,"TB":0},{"Id":85,"V":2,"NV":0,"TB":0},{"Id":90,"V":2,"NV":0,"TB":0},{"Id":66,"V":1,"NV":0,"TB":0}],[{"Id":75,"V":7,"NV":0,"TB":0},{"Id":80,"V":5,"NV":0,"TB":0},{"Id":86,"V":5,"NV":0,"TB":0},{"Id":67,"V":4,"NV":0,"TB":0},{"Id":69,"V":4,"NV":0,"TB":0},{"Id":72,"V":4,"NV":0,"TB":0},{"Id":76,"V":4,"NV":0,"TB":0},{"Id":82,"V":4,"NV":0,"TB":0},{"Id":71,"V":3,"NV":0,"TB":0},{"Id":73,"V":3,"NV":1,"TB":0},{"Id":74,"V":3,"NV":0,"TB":0},{"Id":88,"V":3,"NV":0,"TB":0},{"Id":89,"V":3,"NV":0,"TB":0},{"Id":81,"V":2,"NV":0,"TB":0},{"Id":85,"V":2,"NV":0,"TB":0},{"Id":90,"V":2,"NV":0,"TB":0},{"Id":68,"V":2,"NV":0,"TB":4}],[{"Id":75,"V":7,"NV":0,"TB":0},{"Id":80,"V":5,"NV":0,"TB":0},{"Id":86,"V":5,"NV":0,"TB":0},{"Id":67,"V":4,"NV":0,"TB":0},{"Id":69,"V":4,"NV":0,"TB":0},{"Id":72,"V":4,"NV":0,"TB":0},{"Id":76,"V":4,"NV":0,"TB":0},{"Id":82,"V":4,"NV":0,"TB":0},{"Id":88,"V":4,"NV":1,"TB":0},{"Id":89,"V":4,"NV":1,"TB":0},{"Id":71,"V":3,"NV":0,"TB":0},{"Id":73,"V":3,"NV":0,"TB":0},{"Id":74,"V":3,"NV":0,"TB":0},{"Id":85,"V":2,"NV":0,"TB":0},{"Id":90,"V":2,"NV":0,"TB":0},{"Id":81,"V":2,"NV":0,"TB":3}],[{"Id":75,"V":7,"NV":0,"TB":0},{"Id":69,"V":5,"NV":1,"TB":0},{"Id":80,"V":5,"NV":0,"TB":0},{"Id":82,"V":5,"NV":1,"TB":0},{"Id":86,"V":5,"NV":0,"TB":0},{"Id":67,"V":4,"NV":0,"TB":0},{"Id":72,"V":4,"NV":0,"TB":0},{"Id":76,"V":4,"NV":0,"TB":0},{"Id":88,"V":4,"NV":0,"TB":0},{"Id":89,"V":4,"NV":0,"TB":0},{"Id":71,"V":3,"NV":0,"TB":0},{"Id":73,"V":3,"NV":0,"TB":0},{"Id":74,"V":3,"NV":0,"TB":0},{"Id":85,"V":2,"NV":0,"TB":0},{"Id":90,"V":2,"NV":0,"TB":1}],[{"Id":75,"V":7,"NV":0,"TB":0},{"Id":82,"V":6,"NV":1,"TB":0},{"Id":69,"V":5,"NV":0,"TB":0},{"Id":80,"V":5,"NV":0,"TB":0},{"Id":86,"V":5,"NV":0,"TB":0},{"Id":67,"V":4,"NV":0,"TB":0},{"Id":72,"V":4,"NV":0,"TB":0},{"Id":76,"V":4,"NV":0,"TB":0},{"Id":88,"V":4,"NV":0,"TB":0},{"Id":89,"V":4,"NV":0,"TB":0},{"Id":71,"V":3,"NV":0,"TB":0},{"Id":73,"V":3,"NV":0,"TB":0},{"Id":74,"V":3,"NV":0,"TB":0},{"Id":85,"V":2,"NV":0,"TB":0}],[{"Id":75,"V":7,"NV":0,"TB":0},{"Id":82,"V":7,"NV":1,"TB":0},{"Id":86,"V":6,"NV":1,"TB":0},{"Id":69,"V":5,"NV":0,"TB":0},{"Id":80,"V":5,"NV":0,"TB":0},{"Id":67,"V":4,"NV":0,"TB":0},{"Id":72,"V":4,"NV":0,"TB":0},{"Id":76,"V":4,"NV":0,"TB":0},{"Id":88,"V":4,"NV":0,"TB":0},{"Id":89,"V":4,"NV":0,"TB":0},{"Id":73,"V":3,"NV":0,"TB":0},{"Id":74,"V":3,"NV":0,"TB":0},{"Id":71,"V":3,"NV":0,"TB":3}],[{"Id":82,"V":8,"NV":1,"TB":0},{"Id":75,"V":7,"NV":0,"TB":0},{"Id":80,"V":6,"NV":1,"TB":0},{"Id":86,"V":6,"NV":0,"TB":0},{"Id":67,"V":5,"NV":1,"TB":0},{"Id":69,"V":5,"NV":0,"TB":0},{"Id":72,"V":4,"NV":0,"TB":0},{"Id":76,"V":4,"NV":0,"TB":0},{"Id":88,"V":4,"NV":0,"TB":0},{"Id":89,"V":4,"NV":0,"TB":0},{"Id":73,"V":3,"NV":0,"TB":0},{"Id":74,"V":3,"NV":0,"TB":1}],[{"Id":82,"V":9,"NV":1,"TB":0},{"Id":75,"V":7,"NV":0,"TB":0},{"Id":86,"V":7,"NV":1,"TB":0},{"Id":67,"V":6,"NV":1,"TB":0},{"Id":80,"V":6,"NV":0,"TB":0},{"Id":69,"V":5,"NV":0,"TB":0},{"Id":72,"V":4,"NV":0,"TB":0},{"Id":76,"V":4,"NV":0,"TB":0},{"Id":88,"V":4,"NV":0,"TB":0},{"Id":89,"V":4,"NV":0,"TB":0},{"Id":73,"V":3,"NV":0,"TB":0}],[{"Id":82,"V":9,"NV":0,"TB":0},{"Id":86,"V":8,"NV":1,"TB":0},{"Id":67,"V":7,"NV":1,"TB":0},{"Id":75,"V":7,"NV":0,"TB":0},{"Id":80,"V":6,"NV":0,"TB":0},{"Id":69,"V":5,"NV":0,"TB":0},{"Id":89,"V":5,"NV":1,"TB":0},{"Id":72,"V":4,"NV":0,"TB":0},{"Id":88,"V":4,"NV":0,"TB":0},{"Id":76,"V":4,"NV":0,"TB":2}],[{"Id":82,"V":9,"NV":0,"TB":0},{"Id":86,"V":8,"NV":0,"TB":0},{"Id":67,"V":7,"NV":0,"TB":0},{"Id":75,"V":7,"NV":0,"TB":0},{"Id":89,"V":7,"NV":2,"TB":0},{"Id":80,"V":6,"NV":0,"TB":0},{"Id":69,"V":5,"NV":0,"TB":0},{"Id":88,"V":5,"NV":1,"TB":0},{"Id":72,"V":4,"NV":0,"TB":0}],[{"Id":82,"V":10,"NV":1,"TB":0},{"Id":86,"V":9,"NV":1,"TB":0},{"Id":67,"V":8,"NV":1,"TB":0},{"Id":75,"V":7,"NV":0,"TB":0},{"Id":89,"V":7,"NV":0,"TB":0},{"Id":80,"V":6,"NV":0,"TB":0},{"Id":69,"V":5,"NV":0,"TB":0},{"Id":88,"V":5,"NV":0,"TB":1}],[{"Id":82,"V":10,"NV":0,"TB":0},{"Id":86,"V":10,"NV":1,"TB":0},{"Id":89,"V":9,"NV":2,"TB":0},{"Id":67,"V":8,"NV":0,"TB":0},{"Id":75,"V":8,"NV":1,"TB":0},{"Id":80,"V":6,"NV":0,"TB":0},{"Id":69,"V":6,"NV":1,"TB":2}],[{"Id":86,"V":13,"NV":3,"TB":0},{"Id":82,"V":11,"NV":1,"TB":0},{"Id":89,"V":9,"NV":0,"TB":0},{"Id":67,"V":8,"NV":0,"TB":0},{"Id":75,"V":8,"NV":0,"TB":0},{"Id":80,"V":6,"NV":0,"TB":0}],[{"Id":86,"V":17,"NV":4,"TB":0},{"Id":82,"V":12,"NV":1,"TB":0},{"Id":67,"V":9,"NV":1,"TB":0},{"Id":89,"V":9,"NV":0,"TB":0},{"Id":75,"V":8,"NV":0,"TB":0}],[{"Id":86,"V":18,"NV":1,"TB":0},{"Id":82,"V":13,"NV":1,"TB":0},{"Id":67,"V":11,"NV":2,"TB":0},{"Id":89,"V":10,"NV":1,"TB":0}],[{"Id":86,"V":21,"NV":3,"TB":0},{"Id":67,"V":14,"NV":3,"TB":0},{"Id":82,"V":13,"NV":0,"TB":0}],[{"Id":86,"V":24,"NV":3,"TB":0},{"Id":67,"V":18,"NV":4,"TB":0}],[{"Id":86,"V":31,"NV":7,"TB":0}]],"Expires":1594600837,"SecondsLeft":0}