{"Mtype":"results","Title":"Round 3","PollStarted":"2020-12-07T02:23:10.770393248Z","PollDuration":600000000000,"Options":{"65":"Roselyn, using teleportation magic, scares Trace.","66":"Nat and Fluff Kevlar's Tala talk about finding their place in the pack","67":"Keith as Geralt training Maddie as Ciri at Khear Morhen","68":"Mike kisses Evals who is reluctant at first, but then gets more into it (both male) ","69":"Reni and Kai mistletoe part 2. While both are in festive outfits, Human Reni kisses Kei. ","70":"Sequel to the “Gobble Gobble” where it’s Keith and Natani but Natani is Santa, and Keith is an elf. Trace walks in on them in bed dressed up like this.","71":"Phoenix mage Laura vs Frost mage Raine.","72":"Adrakist Keidran Sisters: Karen and Maren.","73":"The Twokinds gang tries to put on a Living Nativity Christmas pageant but it goes horribly wrong.","74":"Flora like Pam and Trace as Jim from The Office and Keith as Dwight shrute?","75":"Nora trying dog Form.","76":"Christmas morning with the gang. Flora spends the morning opening the mountain of gifts she has, only to find out every single one is just stuff for the baby. ","77":"Gamer Laura building her next gaming PC","78":"Pirates of Mekkan ‒ Captain Jenny encounters her arch nemesis: Ghost Captain Laura","79":"Captain Jenny boards a ship with her new first mate, Brutus","80":"Madelyn and Maeve in japanese style school uniforms","81":"Tall Maddie sequel. After Maddie gets super tall, she finds out that being tall isn’t all it’s cracked up to be, because she also got her mom’s super strength, and keeps breaking everything. ","82":"Clovis blowing Santa out of the sky.","83":"Raine/Rose AU: Rose and Saria are woken up extra early to open presents by an excited young Raine","84":"Trace gifting Rose a grand Christmas present to apologize for his past self. Also Detritus holding a lump of coal in the background. ","85":"Kat and VV Mike holding hands as they set off on a date together.","86":"Natani, Zen and Keith as the Spanish Inquisition from Monty Python. Nobody expects the Spanish Inquisition!","87":"\"Boob Hat\" in modern style","88":"Clovis' cousin Captain Jenny commands her motley crew"},"ExpectedBallots":69,"CountedBallots":68,"Ballots":["WUGM","MFPRNSWQ","ONQBXFTDAIS","","FEOXNSV","TSFRVDEIGLMAHNOBWPUKQX","SNOXGHKM","EKU","CPQ","OWEVRPI","OAFL","GMPC","DGTH","DOSGIBNKVQH","DSGELARCKTIHMUPB","SHTPALEKQD","OE","EMK","STARGKIM","DUP","BA","LSTHA","PM","WTJALSFE","IKEMVXNPSCTG","RLTEGMSQV","BOFDPUW","H","PRXNM","DWFCV","ALT","VHERGAMX","GHVLBIFPKDXASJWEURNCQOMT","UKHIWVBFCENXROTGM","ATBL","QEKXP","FWSVL","RDUWOPX","S","TNFRQIEMBPSAKJC","ILNMEBTGSPHAXRKQFJVDOCWU","NDAVUHKXQMPBWROESGTL","CVDGRABF","PDSFUTK","GCHQXPWKBIDMTRUVLF","NIJALRHKPOEXQCDSVUW","SGTMPKFHACUDEJBWQXLNVROI","AQTISBKCVWJUE","RNIXHQBUEKMLAJ","LMTEJVNQOIRXCSB","G","VMOR","EDUWNSKFOXHIGMLRPCBQTAVJ","MTNLIPUEWF","NXJCQVEOMWFIGLA","MGN","LF","IDVMG","PEH","ALSTOFD","VFISODCUPARKTWLHBQ","JMINPEW","MGINLTSVEPKO","GCPBVMEWO","MDS","STALGVHKUMBEIJRWQCPXFNOD","LMGKX","D"],"Placements":[[{"Id":68,"V":6,"NV":6,"TB":0},{"Id":83,"V":6,"NV":6,"TB":0},{"Id":71,"V":5,"NV":5,"TB":0},{"Id":77,"V":5,"NV":5,"TB":0},{"Id":65,"V":4,"NV":4,"TB":0},{"Id":76,"V":4,"NV":4,"TB":0},{"Id":79,"V":4,"NV":4,"TB":0},{"Id":80,"V":4,"NV":4,"TB":0},{"Id":69,"V":3,"NV":3,"TB":0},{"Id":73,"V":3,"NV":3,"TB":0},{"Id":78,"V":3,"NV":3,"TB":0},{"Id":82,"V":3,"NV":3,"TB":0},{"Id":86,"V":3,"NV":3,"TB":0},{"Id":66,"V":2,"NV":2,"TB":0},{"Id":67,"V":2,"NV":2,"TB":0},{"Id":70,"V":2,"NV":2,"TB":0},{"Id":84,"V":2,"NV":2,"TB":0},{"Id":87,"V":2,"NV":2,"TB":0},{"Id":72,"V":1,"NV":1,"TB":0},{"Id":74,"V":1,"NV":1,"TB":0},{"Id":81,"V":1,"NV":1,"TB":0},{"Id":85,"V":1,"NV":1,"TB":0},{"Id":88,"V":0,"NV":0,"TB":0},{"Id":75,"V":0,"NV":0,"TB":2}],[{"Id":68,"V":6,"NV":0,"TB":0},{"Id":83,"V":6,"NV":0,"TB":0},{"Id":71,"V":5,"NV":0,"TB":0},{"Id":77,"V":5,"NV":0,"TB":0},{"Id":65,"V":4,"NV":0,"TB":0},{"Id":76,"V":4,"NV":0,"TB":0},{"Id":79,"V":4,"NV":0,"TB":0},{"Id":80,"V":4,"NV":0,"TB":0},{"Id":69,"V":3,"NV":0,"TB":0},{"Id":73,"V":3,"NV":0,"TB":0},{"Id":78,"V":3,"NV":0,"TB":0},{"Id":82,"V":3,"NV":0,"TB":0},{"Id":86,"V":3,"NV":0,"TB":0},{"Id":66,"V":2,"NV":0,"TB":0},{"Id":67,"V":2,"NV":0,"TB":0},{"Id":70,"V":2,"NV":0,"TB":0},{"Id":84,"V":2,"NV":0,"TB":0},{"Id":87,"V":2,"NV":0,"TB":0},{"Id":72,"V":1,"NV":0,"TB":0},{"Id":74,"V":1,"NV":0,"TB":0},{"Id":81,"V":1,"NV":0,"TB":0},{"Id":85,"V":1,"NV":0,"TB":0},{"Id":88,"V":0,"NV":0,"TB":0}],[{"Id":68,"V":6,"NV":0,"TB":0},{"Id":83,"V":6,"NV":0,"TB":0},{"Id":71,"V":5,"NV":0,"TB":0},{"Id":77,"V":5,"NV":0,"TB":0},{"Id":65,"V":4,"NV":0,"TB":0},{"Id":76,"V":4,"NV":0,"TB":0},{"Id":79,"V":4,"NV":0,"TB":0},{"Id":80,"V":4,"NV":0,"TB":0},{"Id":69,"V":3,"NV":0,"TB":0},{"Id":73,"V":3,"NV":0,"TB":0},{"Id":78,"V":3,"NV":0,"TB":0},{"Id":82,"V":3,"NV":0,"TB":0},{"Id":86,"V":3,"NV":0,"TB":0},{"Id":66,"V":2,"NV":0,"TB":0},{"Id":67,"V":2,"NV":0,"TB":0},{"Id":70,"V":2,"NV":0,"TB":0},{"Id":84,"V":2,"NV":0,"TB":0},{"Id":87,"V":2,"NV":0,"TB":0},{"Id":72,"V":1,"NV":0,"TB":0},{"Id":74,"V":1,"NV":0,"TB":0},{"Id":81,"V":1,"NV":0,"TB":0},{"Id":85,"V":1,"NV":0,"TB":1}],[{"Id":68,"V":6,"NV":0,"TB":0},{"Id":83,"V":6,"NV":0,"TB":0},{"Id":71,"V":5,"NV":0,"TB":0},{"Id":77,"V":5,"NV":0,"TB":0},{"Id":65,"V":4,"NV":0,"TB":0},{"Id":76,"V":4,"NV":0,"TB":0},{"Id":79,"V":4,"NV":0,"TB":0},{"Id":80,"V":4,"NV":0,"TB":0},{"Id":69,"V":3,"NV":0,"TB":0},{"Id":73,"V":3,"NV":0,"TB":0},{"Id":78,"V":3,"NV":0,"TB":0},{"Id":82,"V":3,"NV":0,"TB":0},{"Id":86,"V":3,"NV":0,"TB":0},{"Id":66,"V":2,"NV":0,"TB":0},{"Id":67,"V":2,"NV":0,"TB":0},{"Id":70,"V":2,"NV":0,"TB":0},{"Id":72,"V":2,"NV":1,"TB":0},{"Id":84,"V":2,"NV":0,"TB":0},{"Id":87,"V":2,"NV":0,"TB":0},{"Id":74,"V":1,"NV":0,"TB":0},{"Id":81,"V":1,"NV":0,"TB":1}],[{"Id":68,"V":6,"NV":0,"TB":0},{"Id":83,"V":6,"NV":0,"TB":0},{"Id":71,"V":5,"NV":0,"TB":0},{"Id":77,"V":5,"NV":0,"TB":0},{"Id":65,"V":4,"NV":0,"TB":0},{"Id":69,"V":4,"NV":1,"TB":0},{"Id":76,"V":4,"NV":0,"TB":0},{"Id":79,"V":4,"NV":0,"TB":0},{"Id":80,"V":4,"NV":0,"TB":0},{"Id":73,"V":3,"NV":0,"TB":0},{"Id":78,"V":3,"NV":0,"TB":0},{"Id":82,"V":3,"NV":0,"TB":0},{"Id":86,"V":3,"NV":0,"TB":0},{"Id":66,"V":2,"NV":0,"TB":0},{"Id":67,"V":2,"NV":0,"TB":0},{"Id":70,"V":2,"NV":0,"TB":0},{"Id":72,"V":2,"NV":0,"TB":0},{"Id":84,"V":2,"NV":0,"TB":0},{"Id":87,"V":2,"NV":0,"TB":0},{"Id":74,"V":1,"NV":0,"TB":0}],[{"Id":68,"V":6,"NV":0,"TB":0},{"Id":77,"V":6,"NV":1,"TB":0},{"Id":83,"V":6,"NV":0,"TB":0},{"Id":71,"V":5,"NV":0,"TB":0},{"Id":65,"V":4,"NV":0,"TB":0},{"Id":69,"V":4,"NV":0,"TB":0},{"Id":76,"V":4,"NV":0,"TB":0},{"Id":79,"V":4,"NV":0,"TB":0},{"Id":80,"V":4,"NV":0,"TB":0},{"Id":73,"V":3,"NV":0,"TB":0},{"Id":78,"V":3,"NV":0,"TB":0},{"Id":82,"V":3,"NV":0,"TB":0},{"Id":86,"V":3,"NV":0,"TB":0},{"Id":67,"V":2,"NV":0,"TB":0},{"Id":70,"V":2,"NV":0,"TB":0},{"Id":72,"V":2,"NV":0,"TB":0},{"Id":84,"V":2,"NV":0,"TB":0},{"Id":87,"V":2,"NV":0,"TB":0},{"Id":66,"V":2,"NV":0,"TB":6}],[{"Id":68,"V":6,"NV":0,"TB":0},{"Id":77,"V":6,"NV":0,"TB":0},{"Id":83,"V":6,"NV":0,"TB":0},{"Id":65,"V":5,"NV":1,"TB":0},{"Id":71,"V":5,"NV":0,"TB":0},{"Id":79,"V":5,"NV":1,"TB":0},{"Id":69,"V":4,"NV":0,"TB":0},{"Id":76,"V":4,"NV":0,"TB":0},{"Id":80,"V":4,"NV":0,"TB":0},{"Id":73,"V":3,"NV":0,"TB":0},{"Id":78,"V":3,"NV":0,"TB":0},{"Id":82,"V":3,"NV":0,"TB":0},{"Id":86,"V":3,"NV":0,"TB":0},{"Id":67,"V":2,"NV":0,"TB":0},{"Id":70,"V":2,"NV":0,"TB":0},{"Id":84,"V":2,"NV":0,"TB":0},{"Id":87,"V":2,"NV":0,"TB":0},{"Id":72,"V":2,"NV":0,"TB":3}],[{"Id":68,"V":6,"NV":0,"TB":0},{"Id":77,"V":6,"NV":0,"TB":0},{"Id":83,"V":6,"NV":0,"TB":0},{"Id":65,"V":5,"NV":0,"TB":0},{"Id":71,"V":5,"NV":0,"TB":0},{"Id":79,"V":5,"NV":0,"TB":0},{"Id":69,"V":4,"NV":0,"TB":0},{"Id":73,"V":4,"NV":1,"TB":0},{"Id":76,"V":4,"NV":0,"TB":0},{"Id":80,"V":4,"NV":0,"TB":0},{"Id":78,"V":3,"NV":0,"TB":0},{"Id":82,"V":3,"NV":0,"TB":0},{"Id":86,"V":3,"NV":0,"TB":0},{"Id":70,"V":2,"NV":0,"TB":0},{"Id":84,"V":2,"NV":0,"TB":0},{"Id":87,"V":2,"NV":0,"TB":0},{"Id":67,"V":2,"NV":0,"TB":4}],[{"Id":68,"V":6,"NV":0,"TB":0},{"Id":77,"V":6,"NV":0,"TB":0},{"Id":83,"V":6,"NV":0,"TB":0},{"Id":65,"V":5,"NV":0,"TB":0},{"Id":71,"V":5,"NV":0,"TB":0},{"Id":79,"V":5,"NV":0,"TB":0},{"Id":80,"V":5,"NV":1,"TB":0},{"Id":69,"V":4,"NV":0,"TB":0},{"Id":73,"V":4,"NV":0,"TB":0},{"Id":76,"V":4,"NV":0,"TB":0},{"Id":86,"V":4,"NV":1,"TB":0},{"Id":78,"V":3,"NV":0,"TB":0},{"Id":82,"V":3,"NV":0,"TB":0},{"Id":70,"V":2,"NV":0,"TB":0},{"Id":84,"V":2,"NV":0,"TB":0},{"Id":87,"V":2,"NV":0,"TB":1}],[{"Id":68,"V":6,"NV":0,"TB":0},{"Id":71,"V":6,"NV":1,"TB":0},{"Id":77,"V":6,"NV":0,"TB":0},{"Id":83,"V":6,"NV":0,"TB":0},{"Id":65,"V":5,"NV":0,"TB":0},{"Id":79,"V":5,"NV":0,"TB":0},{"Id":80,"V":5,"NV":0,"TB":0},{"Id":69,"V":4,"NV":0,"TB":0},{"Id":73,"V":4,"NV":0,"TB":0},{"Id":76,"V":4,"NV":0,"TB":0},{"Id":86,"V":4,"NV":0,"TB":0},{"Id":78,"V":3,"NV":0,"TB":0},{"Id":82,"V":3,"NV":0,"TB":0},{"Id":84,"V":3,"NV":1,"TB":0},{"Id":70,"V":2,"NV":0,"TB":0}],[{"Id":83,"V":7,"NV":1,"TB":0},{"Id":68,"V":6,"NV":0,"TB":0},{"Id":71,"V":6,"NV":0,"TB":0},{"Id":77,"V":6,"NV":0,"TB":0},{"Id":65,"V":5,"NV":0,"TB":0},{"Id":69,"V":5,"NV":1,"TB":0},{"Id":79,"V":5,"NV":0,"TB":0},{"Id":80,"V":5,"NV":0,"TB":0},{"Id":73,"V":4,"NV":0,"TB":0},{"Id":76,"V":4,"NV":0,"TB":0},{"Id":86,"V":4,"NV":0,"TB":0},{"Id":78,"V":3,"NV":0,"TB":0},{"Id":84,"V":3,"NV":0,"TB":0},{"Id":82,"V":3,"NV":0,"TB":2}],[{"Id":68,"V":7,"NV":1,"TB":0},{"Id":83,"V":7,"NV":0,"TB":0},{"Id":71,"V":6,"NV":0,"TB":0},{"Id":77,"V":6,"NV":0,"TB":0},{"Id":65,"V":5,"NV":0,"TB":0},{"Id":69,"V":5,"NV":0,"TB":0},{"Id":76,"V":5,"NV":1,"TB":0},{"Id":79,"V":5,"NV":0,"TB":0},{"Id":80,"V":5,"NV":0,"TB":0},{"Id":73,"V":4,"NV":0,"TB":0},{"Id":78,"V":4,"NV":1,"TB":0},{"Id":86,"V":4,"NV":0,"TB":0},{"Id":84,"V":3,"NV":0,"TB":0}],[{"Id":83,"V":8,"NV":1,"TB":0},{"Id":68,"V":7,"NV":0,"TB":0},{"Id":65,"V":6,"NV":1,"TB":0},{"Id":71,"V":6,"NV":0,"TB":0},{"Id":77,"V":6,"NV":0,"TB":0},{"Id":69,"V":5,"NV":0,"TB":0},{"Id":76,"V":5,"NV":0,"TB":0},{"Id":78,"V":5,"NV":1,"TB":0},{"Id":79,"V":5,"NV":0,"TB":0},{"Id":80,"V":5,"NV":0,"TB":0},{"Id":73,"V":4,"NV":0,"TB":0},{"Id":86,"V":4,"NV":0,"TB":1}],[{"Id":68,"V":8,"NV":1,"TB":0},{"Id":83,"V":8,"NV":0,"TB":0},{"Id":77,"V":7,"NV":1,"TB":0},{"Id":65,"V":6,"NV":0,"TB":0},{"Id":69,"V":6,"NV":1,"TB":0},{"Id":71,"V":6,"NV":0,"TB":0},{"Id":73,"V":5,"NV":1,"TB":0},{"Id":76,"V":5,"NV":0,"TB":0},{"Id":78,"V":5,"NV":0,"TB":0},{"Id":80,"V":5,"NV":0,"TB":0},{"Id":79,"V":5,"NV":0,"TB":2}],[{"Id":68,"V":9,"NV":1,"TB":0},{"Id":69,"V":8,"NV":2,"TB":0},{"Id":83,"V":8,"NV":0,"TB":0},{"Id":65,"V":7,"NV":1,"TB":0},{"Id":77,"V":7,"NV":0,"TB":0},{"Id":71,"V":6,"NV":0,"TB":0},{"Id":78,"V":6,"NV":1,"TB":0},{"Id":73,"V":5,"NV":0,"TB":0},{"Id":80,"V":5,"NV":0,"TB":0},{"Id":76,"V":5,"NV":0,"TB":2}],[{"Id":68,"V":9,"NV":0,"TB":0},{"Id":69,"V":9,"NV":1,"TB":0},{"Id":77,"V":9,"NV":2,"TB":0},{"Id":83,"V":9,"NV":1,"TB":0},{"Id":65,"V":7,"NV":0,"TB":0},{"Id":71,"V":6,"NV":0,"TB":0},{"Id":78,"V":6,"NV":0,"TB":0},{"Id":80,"V":5,"NV":0,"TB":0},{"Id":73,"V":5,"NV":0,"TB":2}],[{"Id":69,"V":11,"NV":2,"TB":0},{"Id":68,"V":10,"NV":1,"TB":0},{"Id":83,"V":10,"NV":1,"TB":0},{"Id":77,"V":9,"NV":0,"TB":0},{"Id":65,"V":7,"NV":0,"TB":0},{"Id":78,"V":7,"NV":1,"TB":0},{"Id":71,"V":6,"NV":0,"TB":0},{"Id":80,"V":5,"NV":0,"TB":0}],[{"Id":69,"V":12,"NV":1,"TB":0},{"Id":68,"V":11,"NV":1,"TB":0},{"Id":77,"V":10,"NV":1,"TB":0},{"Id":83,"V":10,"NV":0,"TB":0},{"Id":78,"V":8,"NV":1,"TB":0},{"Id":65,"V":7,"NV":0,"TB":0},{"Id":71,"V":6,"NV":0,"TB":0}],[{"Id":68,"V":13,"NV":2,"TB":0},{"Id":77,"V":13,"NV":3,"TB":0},{"Id":69,"V":12,"NV":0,"TB":0},{"Id":83,"V":10,"NV":0,"TB":0},{"Id":78,"V":8,"NV":0,"TB":0},{"Id":65,"V":7,"NV":0,"TB":0}],[{"Id":68,"V":13,"NV":0,"TB":0},{"Id":77,"V":13,"NV":0,"TB":0},{"Id":83,"V":13,"NV":3,"TB":0},{"Id":69,"V":12,"NV":0,"TB":0},{"Id":78,"V":8,"NV":0,"TB":0}],[{"Id":69,"V":16,"NV":4,"TB":0},{"Id":68,"V":15,"NV":2,"TB":0},{"Id":77,"V":15,"NV":2,"TB":0},{"Id":83,"V":13,"NV":0,"TB":0}],[{"Id":69,"V":19,"NV":3,"TB":0},{"Id":77,"V":19,"NV":4,"TB":0},{"Id":68,"V":18,"NV":3,"TB":0}],[{"Id":77,"V":22,"NV":3,"TB":0},{"Id":69,"V":22,"NV":3,"TB":2}],[{"Id":77,"V":34,"NV":12,"TB":0}]],"Expires":1607308999,"SecondsLeft":0}