{"Mtype":"results","Title":"Round 4","PollStarted":"2020-03-23T00:33:56.915242828Z","PollDuration":600000000000,"Options":{"65":"Eric finds a dangerous device: a tail-lifting remote","66":"Kat and Zofie (Fluffkevlar character) icing a gingerbread house together...and making a mess.","67":"Natani dressed as Red Savarin, and Keith dressed as Elh Melizée from Solatorobo","68":"Preparing for the Saria and Trace wedding. Saria asks Rose to be her bridesmaid. Rose doubts this is a good idea but Saria convinces her.","69":"In preparation for their first date together, Trace and Saria seek advice from their friends. Trace from Nora, and Saria from Rose. ","70":"Nib Nab 5: Trace and Flora","71":"Magical Girl Mike","72":"Female Mike giving Male Kat a kiss on the cheek. Kat while blushing returns the affection in kind.","73":"Magic gone wrong: Seraphina has become human, and Sealeen and Landen are Adrakists!","74":"Nibs recreates the Coppertone logo with Maren on the beach. Sythe appreciates the view","75":"Tail Pull 3: Fem! Mike and Male!Kat Pull on Evals Tail.","76":"Sythe in fancy clothing and Maren (still Human) wearing Forest Wolf tribal garb. (Something about their normal clothes being in the wash.)","77":"Natani and Yena from Join the Pack! making manly poses together","78":"Lora flying next to a modern Eurofighter confused as to what it is.","79":"Trace (Galo) and Keith (Lio) as Galo and Lio from Promare","80":"Kat (attempts) to help Chimera try on some outfits","81":"Brutus the babysitter, Brutus babysits Maddie and Maeve and have a Tea (and coffee) party and dress up ","82":"Maddie wearing the Collar of Foxification","83":"Maddie and Maeve find a cursed coffee maker in Trace's kitchen. The coffee it makes switches gender AND race at random. Chaos ensues.","84":"\"Grand Templar Mary Siverlock learns that Eris has broken into a Keidran village where a peace agreement has been made and is not happy about it\t\"","85":"Natani gets way too drunk during St. Patricks day and starts hitting on Maddie, mistaking her for Keith. ","86":"Red and Keith debate over who would win in a fight."},"ExpectedBallots":39,"CountedBallots":39,"Ballots":["FRJKLASGQ","FJPKINGURSE","SPBU","BQ","BQRP","GKJUVQLRDFHBPSIEA","UJRKPHGSFED","KGSPR","FJ","UQDREPGI","BLJVDEKHCGSI","ILGJE","JFL","IFDQU","ARULMCIDFNJVHKPOGQESTB","ELDS","IDELAN","LJ","AFUVJSQ","BKSFAIQLU","JUQKRFCLMHI","A","IQDFHKJLAUGM","BPHGUM","TDRKVUS","UVB","DLIEJK","RPAGDVOEQFITMJS","VQFMRTOEPUGAN","FVR","NBGREDUIJ","FNLKJTHU","KRUHJLAPDEGSBTVFQ","JA","GAQEJFVLNIRPTM","CUPDJARKVTFOB","GLDUJ","RUQS","UH"],"Placements":[[{"Id":66,"V":5,"NV":5,"TB":0},{"Id":70,"V":5,"NV":5,"TB":0},{"Id":73,"V":4,"NV":4,"TB":0},{"Id":85,"V":4,"NV":4,"TB":0},{"Id":65,"V":3,"NV":3,"TB":0},{"Id":71,"V":3,"NV":3,"TB":0},{"Id":74,"V":3,"NV":3,"TB":0},{"Id":75,"V":2,"NV":2,"TB":0},{"Id":82,"V":2,"NV":2,"TB":0},{"Id":67,"V":1,"NV":1,"TB":0},{"Id":68,"V":1,"NV":1,"TB":0},{"Id":69,"V":1,"NV":1,"TB":0},{"Id":76,"V":1,"NV":1,"TB":0},{"Id":78,"V":1,"NV":1,"TB":0},{"Id":83,"V":1,"NV":1,"TB":0},{"Id":84,"V":1,"NV":1,"TB":0},{"Id":86,"V":1,"NV":1,"TB":0},{"Id":77,"V":0,"NV":0,"TB":0},{"Id":79,"V":0,"NV":0,"TB":0},{"Id":80,"V":0,"NV":0,"TB":0},{"Id":81,"V":0,"NV":0,"TB":0},{"Id":72,"V":0,"NV":0,"TB":5}],[{"Id":66,"V":5,"NV":0,"TB":0},{"Id":70,"V":5,"NV":0,"TB":0},{"Id":73,"V":4,"NV":0,"TB":0},{"Id":85,"V":4,"NV":0,"TB":0},{"Id":65,"V":3,"NV":0,"TB":0},{"Id":71,"V":3,"NV":0,"TB":0},{"Id":74,"V":3,"NV":0,"TB":0},{"Id":75,"V":2,"NV":0,"TB":0},{"Id":82,"V":2,"NV":0,"TB":0},{"Id":67,"V":1,"NV":0,"TB":0},{"Id":68,"V":1,"NV":0,"TB":0},{"Id":69,"V":1,"NV":0,"TB":0},{"Id":76,"V":1,"NV":0,"TB":0},{"Id":78,"V":1,"NV":0,"TB":0},{"Id":83,"V":1,"NV":0,"TB":0},{"Id":84,"V":1,"NV":0,"TB":0},{"Id":86,"V":1,"NV":0,"TB":0},{"Id":77,"V":0,"NV":0,"TB":0},{"Id":79,"V":0,"NV":0,"TB":0},{"Id":81,"V":0,"NV":0,"TB":0},{"Id":80,"V":0,"NV":0,"TB":2}],[{"Id":66,"V":5,"NV":0,"TB":0},{"Id":70,"V":5,"NV":0,"TB":0},{"Id":73,"V":4,"NV":0,"TB":0},{"Id":85,"V":4,"NV":0,"TB":0},{"Id":65,"V":3,"NV":0,"TB":0},{"Id":71,"V":3,"NV":0,"TB":0},{"Id":74,"V":3,"NV":0,"TB":0},{"Id":75,"V":2,"NV":0,"TB":0},{"Id":82,"V":2,"NV":0,"TB":0},{"Id":67,"V":1,"NV":0,"TB":0},{"Id":68,"V":1,"NV":0,"TB":0},{"Id":69,"V":1,"NV":0,"TB":0},{"Id":76,"V":1,"NV":0,"TB":0},{"Id":78,"V":1,"NV":0,"TB":0},{"Id":83,"V":1,"NV":0,"TB":0},{"Id":84,"V":1,"NV":0,"TB":0},{"Id":86,"V":1,"NV":0,"TB":0},{"Id":79,"V":0,"NV":0,"TB":0},{"Id":81,"V":0,"NV":0,"TB":0},{"Id":77,"V":0,"NV":0,"TB":3}],[{"Id":66,"V":5,"NV":0,"TB":0},{"Id":70,"V":5,"NV":0,"TB":0},{"Id":73,"V":4,"NV":0,"TB":0},{"Id":85,"V":4,"NV":0,"TB":0},{"Id":65,"V":3,"NV":0,"TB":0},{"Id":71,"V":3,"NV":0,"TB":0},{"Id":74,"V":3,"NV":0,"TB":0},{"Id":75,"V":2,"NV":0,"TB":0},{"Id":82,"V":2,"NV":0,"TB":0},{"Id":67,"V":1,"NV":0,"TB":0},{"Id":68,"V":1,"NV":0,"TB":0},{"Id":69,"V":1,"NV":0,"TB":0},{"Id":76,"V":1,"NV":0,"TB":0},{"Id":78,"V":1,"NV":0,"TB":0},{"Id":83,"V":1,"NV":0,"TB":0},{"Id":84,"V":1,"NV":0,"TB":0},{"Id":86,"V":1,"NV":0,"TB":0},{"Id":81,"V":0,"NV":0,"TB":0},{"Id":79,"V":0,"NV":0,"TB":2}],[{"Id":66,"V":5,"NV":0,"TB":0},{"Id":70,"V":5,"NV":0,"TB":0},{"Id":73,"V":4,"NV":0,"TB":0},{"Id":85,"V":4,"NV":0,"TB":0},{"Id":65,"V":3,"NV":0,"TB":0},{"Id":71,"V":3,"NV":0,"TB":0},{"Id":74,"V":3,"NV":0,"TB":0},{"Id":75,"V":2,"NV":0,"TB":0},{"Id":82,"V":2,"NV":0,"TB":0},{"Id":67,"V":1,"NV":0,"TB":0},{"Id":68,"V":1,"NV":0,"TB":0},{"Id":69,"V":1,"NV":0,"TB":0},{"Id":76,"V":1,"NV":0,"TB":0},{"Id":78,"V":1,"NV":0,"TB":0},{"Id":83,"V":1,"NV":0,"TB":0},{"Id":84,"V":1,"NV":0,"TB":0},{"Id":86,"V":1,"NV":0,"TB":0},{"Id":81,"V":0,"NV":0,"TB":0}],[{"Id":66,"V":5,"NV":0,"TB":0},{"Id":70,"V":5,"NV":0,"TB":0},{"Id":73,"V":4,"NV":0,"TB":0},{"Id":85,"V":4,"NV":0,"TB":0},{"Id":65,"V":3,"NV":0,"TB":0},{"Id":71,"V":3,"NV":0,"TB":0},{"Id":74,"V":3,"NV":0,"TB":0},{"Id":75,"V":2,"NV":0,"TB":0},{"Id":82,"V":2,"NV":0,"TB":0},{"Id":67,"V":1,"NV":0,"TB":0},{"Id":68,"V":1,"NV":0,"TB":0},{"Id":76,"V":1,"NV":0,"TB":0},{"Id":78,"V":1,"NV":0,"TB":0},{"Id":83,"V":1,"NV":0,"TB":0},{"Id":84,"V":1,"NV":0,"TB":0},{"Id":86,"V":1,"NV":0,"TB":0},{"Id":69,"V":1,"NV":0,"TB":6}],[{"Id":66,"V":5,"NV":0,"TB":0},{"Id":70,"V":5,"NV":0,"TB":0},{"Id":73,"V":4,"NV":0,"TB":0},{"Id":85,"V":4,"NV":0,"TB":0},{"Id":65,"V":3,"NV":0,"TB":0},{"Id":71,"V":3,"NV":0,"TB":0},{"Id":74,"V":3,"NV":0,"TB":0},{"Id":75,"V":2,"NV":0,"TB":0},{"Id":76,"V":2,"NV":1,"TB":0},{"Id":82,"V":2,"NV":0,"TB":0},{"Id":67,"V":1,"NV":0,"TB":0},{"Id":68,"V":1,"NV":0,"TB":0},{"Id":78,"V":1,"NV":0,"TB":0},{"Id":84,"V":1,"NV":0,"TB":0},{"Id":86,"V":1,"NV":0,"TB":0},{"Id":83,"V":1,"NV":0,"TB":3}],[{"Id":66,"V":6,"NV":1,"TB":0},{"Id":70,"V":5,"NV":0,"TB":0},{"Id":73,"V":4,"NV":0,"TB":0},{"Id":85,"V":4,"NV":0,"TB":0},{"Id":65,"V":3,"NV":0,"TB":0},{"Id":71,"V":3,"NV":0,"TB":0},{"Id":74,"V":3,"NV":0,"TB":0},{"Id":75,"V":2,"NV":0,"TB":0},{"Id":76,"V":2,"NV":0,"TB":0},{"Id":82,"V":2,"NV":0,"TB":0},{"Id":67,"V":1,"NV":0,"TB":0},{"Id":78,"V":1,"NV":0,"TB":0},{"Id":84,"V":1,"NV":0,"TB":0},{"Id":86,"V":1,"NV":0,"TB":0},{"Id":68,"V":1,"NV":0,"TB":4}],[{"Id":66,"V":6,"NV":0,"TB":0},{"Id":70,"V":5,"NV":0,"TB":0},{"Id":73,"V":4,"NV":0,"TB":0},{"Id":85,"V":4,"NV":0,"TB":0},{"Id":65,"V":3,"NV":0,"TB":0},{"Id":71,"V":3,"NV":0,"TB":0},{"Id":74,"V":3,"NV":0,"TB":0},{"Id":76,"V":3,"NV":1,"TB":0},{"Id":75,"V":2,"NV":0,"TB":0},{"Id":82,"V":2,"NV":0,"TB":0},{"Id":78,"V":1,"NV":0,"TB":0},{"Id":84,"V":1,"NV":0,"TB":0},{"Id":86,"V":1,"NV":0,"TB":0},{"Id":67,"V":1,"NV":0,"TB":4}],[{"Id":66,"V":6,"NV":0,"TB":0},{"Id":70,"V":5,"NV":0,"TB":0},{"Id":85,"V":5,"NV":1,"TB":0},{"Id":73,"V":4,"NV":0,"TB":0},{"Id":65,"V":3,"NV":0,"TB":0},{"Id":71,"V":3,"NV":0,"TB":0},{"Id":74,"V":3,"NV":0,"TB":0},{"Id":76,"V":3,"NV":0,"TB":0},{"Id":75,"V":2,"NV":0,"TB":0},{"Id":82,"V":2,"NV":0,"TB":0},{"Id":78,"V":1,"NV":0,"TB":0},{"Id":86,"V":1,"NV":0,"TB":0},{"Id":84,"V":1,"NV":0,"TB":2}],[{"Id":66,"V":6,"NV":0,"TB":0},{"Id":70,"V":5,"NV":0,"TB":0},{"Id":85,"V":5,"NV":0,"TB":0},{"Id":73,"V":4,"NV":0,"TB":0},{"Id":65,"V":3,"NV":0,"TB":0},{"Id":71,"V":3,"NV":0,"TB":0},{"Id":74,"V":3,"NV":0,"TB":0},{"Id":76,"V":3,"NV":0,"TB":0},{"Id":82,"V":3,"NV":1,"TB":0},{"Id":75,"V":2,"NV":0,"TB":0},{"Id":86,"V":1,"NV":0,"TB":0},{"Id":78,"V":1,"NV":0,"TB":2}],[{"Id":66,"V":7,"NV":1,"TB":0},{"Id":70,"V":5,"NV":0,"TB":0},{"Id":85,"V":5,"NV":0,"TB":0},{"Id":73,"V":4,"NV":0,"TB":0},{"Id":65,"V":3,"NV":0,"TB":0},{"Id":71,"V":3,"NV":0,"TB":0},{"Id":74,"V":3,"NV":0,"TB":0},{"Id":76,"V":3,"NV":0,"TB":0},{"Id":82,"V":3,"NV":0,"TB":0},{"Id":75,"V":2,"NV":0,"TB":0},{"Id":86,"V":1,"NV":0,"TB":0}],[{"Id":66,"V":7,"NV":0,"TB":0},{"Id":70,"V":6,"NV":1,"TB":0},{"Id":85,"V":5,"NV":0,"TB":0},{"Id":73,"V":4,"NV":0,"TB":0},{"Id":65,"V":3,"NV":0,"TB":0},{"Id":71,"V":3,"NV":0,"TB":0},{"Id":74,"V":3,"NV":0,"TB":0},{"Id":76,"V":3,"NV":0,"TB":0},{"Id":82,"V":3,"NV":0,"TB":0},{"Id":75,"V":2,"NV":0,"TB":0}],[{"Id":66,"V":7,"NV":0,"TB":0},{"Id":70,"V":6,"NV":0,"TB":0},{"Id":85,"V":5,"NV":0,"TB":0},{"Id":71,"V":4,"NV":1,"TB":0},{"Id":73,"V":4,"NV":0,"TB":0},{"Id":82,"V":4,"NV":1,"TB":0},{"Id":65,"V":3,"NV":0,"TB":0},{"Id":76,"V":3,"NV":0,"TB":0},{"Id":74,"V":3,"NV":0,"TB":2}],[{"Id":66,"V":7,"NV":0,"TB":0},{"Id":70,"V":7,"NV":1,"TB":0},{"Id":85,"V":6,"NV":1,"TB":0},{"Id":65,"V":4,"NV":1,"TB":0},{"Id":71,"V":4,"NV":0,"TB":0},{"Id":73,"V":4,"NV":0,"TB":0},{"Id":82,"V":4,"NV":0,"TB":0},{"Id":76,"V":3,"NV":0,"TB":0}],[{"Id":66,"V":7,"NV":0,"TB":0},{"Id":70,"V":7,"NV":0,"TB":0},{"Id":85,"V":6,"NV":0,"TB":0},{"Id":73,"V":5,"NV":1,"TB":0},{"Id":65,"V":4,"NV":0,"TB":0},{"Id":82,"V":4,"NV":0,"TB":0},{"Id":71,"V":4,"NV":0,"TB":2}],[{"Id":85,"V":8,"NV":2,"TB":0},{"Id":66,"V":7,"NV":0,"TB":0},{"Id":70,"V":7,"NV":0,"TB":0},{"Id":73,"V":5,"NV":0,"TB":0},{"Id":82,"V":5,"NV":1,"TB":0},{"Id":65,"V":5,"NV":1,"TB":3}],[{"Id":70,"V":9,"NV":2,"TB":0},{"Id":85,"V":8,"NV":0,"TB":0},{"Id":66,"V":7,"NV":0,"TB":0},{"Id":82,"V":6,"NV":1,"TB":0},{"Id":73,"V":5,"NV":0,"TB":0}],[{"Id":70,"V":11,"NV":2,"TB":0},{"Id":85,"V":8,"NV":0,"TB":0},{"Id":66,"V":7,"NV":0,"TB":0},{"Id":82,"V":6,"NV":0,"TB":0}],[{"Id":70,"V":12,"NV":1,"TB":0},{"Id":85,"V":12,"NV":4,"TB":0},{"Id":66,"V":7,"NV":0,"TB":0}],[{"Id":85,"V":15,"NV":3,"TB":0},{"Id":70,"V":13,"NV":1,"TB":0}],[{"Id":85,"V":22,"NV":7,"TB":0}]],"Expires":1584924836,"SecondsLeft":0}