{"Mtype":"results","Title":"Round 3","PollStarted":"2020-09-06T21:30:26.29237114Z","PollDuration":600000000000,"Options":{"65":"Keith was caught sleeping with Laura daki and Natani daki at once.","66":"Natani teaches Kat how to swim at the beach...Kat's more focused on trying to get Nats attention though...","67":"Very vixen Mike and Erilas go chest to chest","68":"Natani and Keith stargazing on a hill","69":"Sythe's hair has grown out into a curly 'fro and he has taken up painting as a hobby. With Nibbly on his shoulder, he finds the joy of painting happy little trees...","70":"While exploring a cavern, dragon Reni accidentally discovers a tribe of kobolds","71":"Trace and Flora enact the balcony scene from Romeo and Juliet","72":"Natani as Mulan training under Keith as Li Shang, respectively, from the animated Disney's 'Mulan'. Nora as Mushu peaking in the background.","73":"Lady Nora taking a bath in a chocolate fondue fountain. Marshmallows on the side.","74":"Flora meets Tigger and tries to bounce around on her tail like he does","75":"Sythe stuck in a zoo as an exhibit.","76":"Very Vixen Sun Bathing - a role reversal of Erilas and Mike featuring Very Vixen Mike sunbathing in front of an envious Erilas.","77":"snow leopard keidran encountering a giant/jotunn of the frozen wastes. ","78":"Amelia and Windstraw 2: Amelia tasks Windstraw with serving drinks due to the tavern being so understaffed, which proves to be a big struggle given her small size.","79":"Nuclear Family Nat and Keith. 1950s business-wolf Natani comes home from a hard day's work while house-husband Keith juggles cooking, cleaning, and taking care of the kids.","80":"Demonic Tigress Trace","81":"Transformation lapse of Raine ","82":"Maren, Karen, Red and Raine are the first to land on Mars! Maren and Karen plant the flag while Red and Raine find a 'weirdo from another planet', and are scared witless.","83":"Flora accidentally sits on a small canine Keidran.","84":"Mike opens a small liquor store with Evals. ","85":"Trace and Flora invited to a \"mix race couples Island retreat\" to meet other mix race couples on a private get away. PS friends welcome PPS: NO Eric Vaughan allowed.","86":"Further friendshipping adventures with Laura and Willow","87":"Mirror Universes: Trace and Human Flora on a date in a present modern day setting. While Keidran Trace and Flora sit close together looking up at the moon lit night sky.","88":"\"Clovis's sister\" and Brutus on a date!","89":"Trace becomes the ultimate dad joke master","90":"Flora in a sundress in the middle of a meadow!"},"ExpectedBallots":64,"CountedBallots":64,"Ballots":["XEKF","EWTDORB","AREBTZXCNHLDVOGUWKPFIQSJMY","LXCFPN","KBDX","KAXS","IDZBLXSQK","FIEXTJNMQWUB","IZL","TNKZCEVRG","UJTVQ","T","UMS","LCBIATVXZUFSKPGWNORDYJEMQH","FBPMOLCXZNITKD","EWYAJPTSXCUZQ","OX","QZVW","CWHJL","C","XQWLC","CLAOWBU","OCLUK","EXLHNZ","O","CL","FPYNWOM","CLXP","IFBTZE","BKTE","AFST","BLNFX","RQW","ANDTOLVPC","EVJSMUF","LCMIWBAH","PAO","EWYUJZQPAX","PQWHCFXRDBSUELGNOAMYKTVJZI","KVNWZASXOCPEDUYHGLFTIQMRJB","OADCEHNYQRJXMFVTILBK","TALCKXD","YTVLDKGQZSUBJF","INBACZLDVXQF","KVDUXEYTWJBPFLCQOZ","X","CLIQF","AZW","FOSRVTLBPIEG","PQOKX","YOTVILKABXGSQWN","TQ","UYODZVGFNHQJ","LC","EQO","VAGMFUJN","KQJBNOFWR","CLSBHNEVKTOZMXIQWADFPUYRJG","FKJWRYQZHTELP","NQC","MHVARUYZKFC","BETOX","SFOAMZTXBRI","AZV"],"Placements":[[{"Id":67,"V":7,"NV":7,"TB":0},{"Id":69,"V":6,"NV":6,"TB":0},{"Id":65,"V":5,"NV":5,"TB":0},{"Id":70,"V":5,"NV":5,"TB":0},{"Id":75,"V":5,"NV":5,"TB":0},{"Id":73,"V":4,"NV":4,"TB":0},{"Id":76,"V":4,"NV":4,"TB":0},{"Id":79,"V":4,"NV":4,"TB":0},{"Id":84,"V":4,"NV":4,"TB":0},{"Id":66,"V":3,"NV":3,"TB":0},{"Id":80,"V":3,"NV":3,"TB":0},{"Id":85,"V":3,"NV":3,"TB":0},{"Id":88,"V":3,"NV":3,"TB":0},{"Id":89,"V":2,"NV":2,"TB":0},{"Id":77,"V":1,"NV":1,"TB":0},{"Id":78,"V":1,"NV":1,"TB":0},{"Id":81,"V":1,"NV":1,"TB":0},{"Id":82,"V":1,"NV":1,"TB":0},{"Id":83,"V":1,"NV":1,"TB":0},{"Id":86,"V":1,"NV":1,"TB":0},{"Id":68,"V":0,"NV":0,"TB":0},{"Id":71,"V":0,"NV":0,"TB":0},{"Id":72,"V":0,"NV":0,"TB":0},{"Id":74,"V":0,"NV":0,"TB":0},{"Id":87,"V":0,"NV":0,"TB":0},{"Id":90,"V":0,"NV":0,"TB":1}],[{"Id":67,"V":7,"NV":0,"TB":0},{"Id":69,"V":6,"NV":0,"TB":0},{"Id":65,"V":5,"NV":0,"TB":0},{"Id":70,"V":5,"NV":0,"TB":0},{"Id":75,"V":5,"NV":0,"TB":0},{"Id":73,"V":4,"NV":0,"TB":0},{"Id":76,"V":4,"NV":0,"TB":0},{"Id":79,"V":4,"NV":0,"TB":0},{"Id":84,"V":4,"NV":0,"TB":0},{"Id":66,"V":3,"NV":0,"TB":0},{"Id":80,"V":3,"NV":0,"TB":0},{"Id":85,"V":3,"NV":0,"TB":0},{"Id":88,"V":3,"NV":0,"TB":0},{"Id":89,"V":2,"NV":0,"TB":0},{"Id":77,"V":1,"NV":0,"TB":0},{"Id":78,"V":1,"NV":0,"TB":0},{"Id":81,"V":1,"NV":0,"TB":0},{"Id":82,"V":1,"NV":0,"TB":0},{"Id":83,"V":1,"NV":0,"TB":0},{"Id":86,"V":1,"NV":0,"TB":0},{"Id":71,"V":0,"NV":0,"TB":0},{"Id":72,"V":0,"NV":0,"TB":0},{"Id":74,"V":0,"NV":0,"TB":0},{"Id":87,"V":0,"NV":0,"TB":0},{"Id":68,"V":0,"NV":0,"TB":5}],[{"Id":67,"V":7,"NV":0,"TB":0},{"Id":69,"V":6,"NV":0,"TB":0},{"Id":65,"V":5,"NV":0,"TB":0},{"Id":70,"V":5,"NV":0,"TB":0},{"Id":75,"V":5,"NV":0,"TB":0},{"Id":73,"V":4,"NV":0,"TB":0},{"Id":76,"V":4,"NV":0,"TB":0},{"Id":79,"V":4,"NV":0,"TB":0},{"Id":84,"V":4,"NV":0,"TB":0},{"Id":66,"V":3,"NV":0,"TB":0},{"Id":80,"V":3,"NV":0,"TB":0},{"Id":85,"V":3,"NV":0,"TB":0},{"Id":88,"V":3,"NV":0,"TB":0},{"Id":89,"V":2,"NV":0,"TB":0},{"Id":77,"V":1,"NV":0,"TB":0},{"Id":78,"V":1,"NV":0,"TB":0},{"Id":81,"V":1,"NV":0,"TB":0},{"Id":82,"V":1,"NV":0,"TB":0},{"Id":83,"V":1,"NV":0,"TB":0},{"Id":86,"V":1,"NV":0,"TB":0},{"Id":71,"V":0,"NV":0,"TB":0},{"Id":72,"V":0,"NV":0,"TB":0},{"Id":74,"V":0,"NV":0,"TB":0},{"Id":87,"V":0,"NV":0,"TB":1}],[{"Id":67,"V":7,"NV":0,"TB":0},{"Id":69,"V":6,"NV":0,"TB":0},{"Id":65,"V":5,"NV":0,"TB":0},{"Id":70,"V":5,"NV":0,"TB":0},{"Id":75,"V":5,"NV":0,"TB":0},{"Id":73,"V":4,"NV":0,"TB":0},{"Id":76,"V":4,"NV":0,"TB":0},{"Id":79,"V":4,"NV":0,"TB":0},{"Id":84,"V":4,"NV":0,"TB":0},{"Id":66,"V":3,"NV":0,"TB":0},{"Id":80,"V":3,"NV":0,"TB":0},{"Id":85,"V":3,"NV":0,"TB":0},{"Id":88,"V":3,"NV":0,"TB":0},{"Id":89,"V":2,"NV":0,"TB":0},{"Id":77,"V":1,"NV":0,"TB":0},{"Id":78,"V":1,"NV":0,"TB":0},{"Id":81,"V":1,"NV":0,"TB":0},{"Id":82,"V":1,"NV":0,"TB":0},{"Id":83,"V":1,"NV":0,"TB":0},{"Id":86,"V":1,"NV":0,"TB":0},{"Id":71,"V":0,"NV":0,"TB":0},{"Id":72,"V":0,"NV":0,"TB":0},{"Id":74,"V":0,"NV":0,"TB":1}],[{"Id":67,"V":7,"NV":0,"TB":0},{"Id":69,"V":6,"NV":0,"TB":0},{"Id":65,"V":5,"NV":0,"TB":0},{"Id":70,"V":5,"NV":0,"TB":0},{"Id":75,"V":5,"NV":0,"TB":0},{"Id":73,"V":4,"NV":0,"TB":0},{"Id":76,"V":4,"NV":0,"TB":0},{"Id":79,"V":4,"NV":0,"TB":0},{"Id":84,"V":4,"NV":0,"TB":0},{"Id":66,"V":3,"NV":0,"TB":0},{"Id":80,"V":3,"NV":0,"TB":0},{"Id":85,"V":3,"NV":0,"TB":0},{"Id":88,"V":3,"NV":0,"TB":0},{"Id":89,"V":2,"NV":0,"TB":0},{"Id":77,"V":1,"NV":0,"TB":0},{"Id":78,"V":1,"NV":0,"TB":0},{"Id":81,"V":1,"NV":0,"TB":0},{"Id":82,"V":1,"NV":0,"TB":0},{"Id":83,"V":1,"NV":0,"TB":0},{"Id":86,"V":1,"NV":0,"TB":0},{"Id":71,"V":0,"NV":0,"TB":0},{"Id":72,"V":0,"NV":0,"TB":1}],[{"Id":67,"V":7,"NV":0,"TB":0},{"Id":69,"V":6,"NV":0,"TB":0},{"Id":65,"V":5,"NV":0,"TB":0},{"Id":70,"V":5,"NV":0,"TB":0},{"Id":75,"V":5,"NV":0,"TB":0},{"Id":73,"V":4,"NV":0,"TB":0},{"Id":76,"V":4,"NV":0,"TB":0},{"Id":79,"V":4,"NV":0,"TB":0},{"Id":84,"V":4,"NV":0,"TB":0},{"Id":66,"V":3,"NV":0,"TB":0},{"Id":80,"V":3,"NV":0,"TB":0},{"Id":85,"V":3,"NV":0,"TB":0},{"Id":88,"V":3,"NV":0,"TB":0},{"Id":89,"V":2,"NV":0,"TB":0},{"Id":77,"V":1,"NV":0,"TB":0},{"Id":78,"V":1,"NV":0,"TB":0},{"Id":81,"V":1,"NV":0,"TB":0},{"Id":82,"V":1,"NV":0,"TB":0},{"Id":83,"V":1,"NV":0,"TB":0},{"Id":86,"V":1,"NV":0,"TB":0},{"Id":71,"V":0,"NV":0,"TB":0}],[{"Id":67,"V":7,"NV":0,"TB":0},{"Id":69,"V":6,"NV":0,"TB":0},{"Id":65,"V":5,"NV":0,"TB":0},{"Id":70,"V":5,"NV":0,"TB":0},{"Id":75,"V":5,"NV":0,"TB":0},{"Id":73,"V":4,"NV":0,"TB":0},{"Id":76,"V":4,"NV":0,"TB":0},{"Id":79,"V":4,"NV":0,"TB":0},{"Id":84,"V":4,"NV":0,"TB":0},{"Id":66,"V":3,"NV":0,"TB":0},{"Id":80,"V":3,"NV":0,"TB":0},{"Id":85,"V":3,"NV":0,"TB":0},{"Id":88,"V":3,"NV":0,"TB":0},{"Id":89,"V":2,"NV":0,"TB":0},{"Id":77,"V":1,"NV":0,"TB":0},{"Id":78,"V":1,"NV":0,"TB":0},{"Id":81,"V":1,"NV":0,"TB":0},{"Id":83,"V":1,"NV":0,"TB":0},{"Id":86,"V":1,"NV":0,"TB":0},{"Id":82,"V":1,"NV":0,"TB":3}],[{"Id":67,"V":7,"NV":0,"TB":0},{"Id":69,"V":6,"NV":0,"TB":0},{"Id":65,"V":5,"NV":0,"TB":0},{"Id":70,"V":5,"NV":0,"TB":0},{"Id":75,"V":5,"NV":0,"TB":0},{"Id":73,"V":4,"NV":0,"TB":0},{"Id":76,"V":4,"NV":0,"TB":0},{"Id":79,"V":4,"NV":0,"TB":0},{"Id":84,"V":4,"NV":0,"TB":0},{"Id":66,"V":3,"NV":0,"TB":0},{"Id":80,"V":3,"NV":0,"TB":0},{"Id":85,"V":3,"NV":0,"TB":0},{"Id":88,"V":3,"NV":0,"TB":0},{"Id":81,"V":2,"NV":1,"TB":0},{"Id":89,"V":2,"NV":0,"TB":0},{"Id":77,"V":1,"NV":0,"TB":0},{"Id":78,"V":1,"NV":0,"TB":0},{"Id":86,"V":1,"NV":0,"TB":0},{"Id":83,"V":1,"NV":0,"TB":2}],[{"Id":67,"V":7,"NV":0,"TB":0},{"Id":69,"V":6,"NV":0,"TB":0},{"Id":70,"V":6,"NV":1,"TB":0},{"Id":65,"V":5,"NV":0,"TB":0},{"Id":75,"V":5,"NV":0,"TB":0},{"Id":73,"V":4,"NV":0,"TB":0},{"Id":76,"V":4,"NV":0,"TB":0},{"Id":79,"V":4,"NV":0,"TB":0},{"Id":84,"V":4,"NV":0,"TB":0},{"Id":66,"V":3,"NV":0,"TB":0},{"Id":80,"V":3,"NV":0,"TB":0},{"Id":85,"V":3,"NV":0,"TB":0},{"Id":88,"V":3,"NV":0,"TB":0},{"Id":81,"V":2,"NV":0,"TB":0},{"Id":89,"V":2,"NV":0,"TB":0},{"Id":78,"V":1,"NV":0,"TB":0},{"Id":86,"V":1,"NV":0,"TB":0},{"Id":77,"V":1,"NV":0,"TB":3}],[{"Id":67,"V":7,"NV":0,"TB":0},{"Id":69,"V":6,"NV":0,"TB":0},{"Id":70,"V":6,"NV":0,"TB":0},{"Id":65,"V":5,"NV":0,"TB":0},{"Id":75,"V":5,"NV":0,"TB":0},{"Id":73,"V":4,"NV":0,"TB":0},{"Id":76,"V":4,"NV":0,"TB":0},{"Id":79,"V":4,"NV":0,"TB":0},{"Id":84,"V":4,"NV":0,"TB":0},{"Id":66,"V":3,"NV":0,"TB":0},{"Id":80,"V":3,"NV":0,"TB":0},{"Id":85,"V":3,"NV":0,"TB":0},{"Id":88,"V":3,"NV":0,"TB":0},{"Id":81,"V":2,"NV":0,"TB":0},{"Id":86,"V":2,"NV":1,"TB":0},{"Id":89,"V":2,"NV":0,"TB":0},{"Id":78,"V":1,"NV":0,"TB":0}],[{"Id":67,"V":7,"NV":0,"TB":0},{"Id":69,"V":6,"NV":0,"TB":0},{"Id":70,"V":6,"NV":0,"TB":0},{"Id":65,"V":5,"NV":0,"TB":0},{"Id":75,"V":5,"NV":0,"TB":0},{"Id":73,"V":4,"NV":0,"TB":0},{"Id":76,"V":4,"NV":0,"TB":0},{"Id":79,"V":4,"NV":0,"TB":0},{"Id":84,"V":4,"NV":0,"TB":0},{"Id":66,"V":3,"NV":0,"TB":0},{"Id":80,"V":3,"NV":0,"TB":0},{"Id":81,"V":3,"NV":1,"TB":0},{"Id":85,"V":3,"NV":0,"TB":0},{"Id":88,"V":3,"NV":0,"TB":0},{"Id":89,"V":2,"NV":0,"TB":0},{"Id":86,"V":2,"NV":0,"TB":2}],[{"Id":65,"V":7,"NV":2,"TB":0},{"Id":67,"V":7,"NV":0,"TB":0},{"Id":69,"V":6,"NV":0,"TB":0},{"Id":70,"V":6,"NV":0,"TB":0},{"Id":75,"V":5,"NV":0,"TB":0},{"Id":73,"V":4,"NV":0,"TB":0},{"Id":76,"V":4,"NV":0,"TB":0},{"Id":79,"V":4,"NV":0,"TB":0},{"Id":84,"V":4,"NV":0,"TB":0},{"Id":66,"V":3,"NV":0,"TB":0},{"Id":80,"V":3,"NV":0,"TB":0},{"Id":81,"V":3,"NV":0,"TB":0},{"Id":85,"V":3,"NV":0,"TB":0},{"Id":88,"V":3,"NV":0,"TB":0},{"Id":89,"V":2,"NV":0,"TB":0}],[{"Id":65,"V":7,"NV":0,"TB":0},{"Id":67,"V":7,"NV":0,"TB":0},{"Id":69,"V":6,"NV":0,"TB":0},{"Id":70,"V":6,"NV":0,"TB":0},{"Id":75,"V":5,"NV":0,"TB":0},{"Id":79,"V":5,"NV":1,"TB":0},{"Id":84,"V":5,"NV":1,"TB":0},{"Id":73,"V":4,"NV":0,"TB":0},{"Id":76,"V":4,"NV":0,"TB":0},{"Id":66,"V":3,"NV":0,"TB":0},{"Id":81,"V":3,"NV":0,"TB":0},{"Id":85,"V":3,"NV":0,"TB":0},{"Id":88,"V":3,"NV":0,"TB":0},{"Id":80,"V":3,"NV":0,"TB":4}],[{"Id":65,"V":8,"NV":1,"TB":0},{"Id":67,"V":7,"NV":0,"TB":0},{"Id":69,"V":6,"NV":0,"TB":0},{"Id":70,"V":6,"NV":0,"TB":0},{"Id":75,"V":5,"NV":0,"TB":0},{"Id":79,"V":5,"NV":0,"TB":0},{"Id":81,"V":5,"NV":2,"TB":0},{"Id":84,"V":5,"NV":0,"TB":0},{"Id":73,"V":4,"NV":0,"TB":0},{"Id":76,"V":4,"NV":0,"TB":0},{"Id":66,"V":3,"NV":0,"TB":0},{"Id":88,"V":3,"NV":0,"TB":0},{"Id":85,"V":3,"NV":0,"TB":2}],[{"Id":65,"V":8,"NV":0,"TB":0},{"Id":67,"V":7,"NV":0,"TB":0},{"Id":69,"V":6,"NV":0,"TB":0},{"Id":70,"V":6,"NV":0,"TB":0},{"Id":79,"V":6,"NV":1,"TB":0},{"Id":84,"V":6,"NV":1,"TB":0},{"Id":75,"V":5,"NV":0,"TB":0},{"Id":81,"V":5,"NV":0,"TB":0},{"Id":73,"V":4,"NV":0,"TB":0},{"Id":76,"V":4,"NV":0,"TB":0},{"Id":88,"V":3,"NV":0,"TB":0},{"Id":66,"V":3,"NV":0,"TB":2}],[{"Id":65,"V":8,"NV":0,"TB":0},{"Id":67,"V":7,"NV":0,"TB":0},{"Id":69,"V":7,"NV":1,"TB":0},{"Id":70,"V":6,"NV":0,"TB":0},{"Id":75,"V":6,"NV":1,"TB":0},{"Id":79,"V":6,"NV":0,"TB":0},{"Id":84,"V":6,"NV":0,"TB":0},{"Id":76,"V":5,"NV":1,"TB":0},{"Id":81,"V":5,"NV":0,"TB":0},{"Id":73,"V":4,"NV":0,"TB":0},{"Id":88,"V":3,"NV":0,"TB":0}],[{"Id":65,"V":8,"NV":0,"TB":0},{"Id":69,"V":8,"NV":1,"TB":0},{"Id":67,"V":7,"NV":0,"TB":0},{"Id":70,"V":6,"NV":0,"TB":0},{"Id":75,"V":6,"NV":0,"TB":0},{"Id":79,"V":6,"NV":0,"TB":0},{"Id":81,"V":6,"NV":1,"TB":0},{"Id":84,"V":6,"NV":0,"TB":0},{"Id":76,"V":5,"NV":0,"TB":0},{"Id":73,"V":4,"NV":0,"TB":0}],[{"Id":65,"V":9,"NV":1,"TB":0},{"Id":69,"V":8,"NV":0,"TB":0},{"Id":67,"V":7,"NV":0,"TB":0},{"Id":70,"V":7,"NV":1,"TB":0},{"Id":76,"V":7,"NV":2,"TB":0},{"Id":75,"V":6,"NV":0,"TB":0},{"Id":79,"V":6,"NV":0,"TB":0},{"Id":84,"V":6,"NV":0,"TB":0},{"Id":81,"V":6,"NV":0,"TB":2}],[{"Id":65,"V":9,"NV":0,"TB":0},{"Id":67,"V":9,"NV":2,"TB":0},{"Id":69,"V":8,"NV":0,"TB":0},{"Id":76,"V":8,"NV":1,"TB":0},{"Id":70,"V":7,"NV":0,"TB":0},{"Id":79,"V":7,"NV":1,"TB":0},{"Id":84,"V":6,"NV":0,"TB":0},{"Id":75,"V":6,"NV":0,"TB":2}],[{"Id":65,"V":11,"NV":2,"TB":0},{"Id":67,"V":9,"NV":0,"TB":0},{"Id":69,"V":9,"NV":1,"TB":0},{"Id":76,"V":8,"NV":0,"TB":0},{"Id":79,"V":8,"NV":1,"TB":0},{"Id":84,"V":7,"NV":1,"TB":0},{"Id":70,"V":7,"NV":0,"TB":2}],[{"Id":79,"V":12,"NV":4,"TB":0},{"Id":65,"V":11,"NV":0,"TB":0},{"Id":69,"V":10,"NV":1,"TB":0},{"Id":67,"V":9,"NV":0,"TB":0},{"Id":84,"V":9,"NV":2,"TB":0},{"Id":76,"V":8,"NV":0,"TB":0}],[{"Id":67,"V":14,"NV":5,"TB":0},{"Id":79,"V":12,"NV":0,"TB":0},{"Id":65,"V":11,"NV":0,"TB":0},{"Id":69,"V":10,"NV":0,"TB":0},{"Id":84,"V":9,"NV":0,"TB":0}],[{"Id":67,"V":15,"NV":1,"TB":0},{"Id":69,"V":13,"NV":3,"TB":0},{"Id":65,"V":12,"NV":1,"TB":0},{"Id":79,"V":12,"NV":0,"TB":1}],[{"Id":67,"V":17,"NV":2,"TB":0},{"Id":65,"V":15,"NV":3,"TB":0},{"Id":69,"V":14,"NV":1,"TB":0}],[{"Id":67,"V":18,"NV":1,"TB":0},{"Id":65,"V":17,"NV":2,"TB":0}],[{"Id":67,"V":26,"NV":8,"TB":0}]],"Expires":1599429025,"SecondsLeft":0}