{"Mtype":"results","Title":"Round Finale","PollStarted":"2020-01-27T00:50:41.363033405Z","PollDuration":600000000000,"Options":{"65":"Flora-possessed Keith, posing in one of Flora's characteristic cute naked poses.","66":"Flora asks Trace for a hair cut. Trace uses a spell but the spell does not distinguish between hair and fur.","67":"One of Reni's failed attempts at making a proper human form.  Nora is present to give constructive/terrible advice.","68":"Keith getting princess carried by Natani","69":"Transformation lapse of Raine ","70":"Mike reference sheet showing his male and female forms.","71":"Genderbent Nora hits on Kathrin","72":"The explorers get married to their Tiger mates in a Keidran ceremony","73":"While hiding from Eric, Fem Mike ends up in Kathrin's room and finds one of the dresses she made. Fem mike has this strange urge to put it on. ","74":"Our northern explorer sinks chest deep in snow.  The snow leopards have a laugh, as their large paws prevent such things","75":"Family Valentine: Trace and Flora show their unborn child some love","76":"Flora steam bath","77":"Trace is the spokes man for amnesia cookies ","78":"Not just a pretty face. Brutus fiercely defends Clovis from an attacker","79":"The cast dressed as Disney Princesses, including Marvel and Star Wars, all female, with Cloves as Maleficent and Nora as one of the Good Fairies.","80":"A redraw of the part of Page 684 where Raine tackled the fake Maren. ","81":"An angry Raine (in her halfway form) shouts at Euchre and Mary for abandoning and neglecting her respectively, and declares that she is proud of who she is","82":"Sythe finds out the hard way that Raine doesn't quite have the same level of skill that Natani has when singing drunk. ","83":"A picture of Keith and Laura’s wedding. Probably a sea-side ceremony.","84":"Sythe in regalia providing diplomatic relations \"advice\" to the Basitin trio. Lynn is studiously taking notes, but the other two are more suspicious.","85":"While practicing changing between human and wolf, Raine accidentally turns herself into a guy (human or wolf)","86":"A wolf keidran takes his daughter hunting out near their village.","87":"Rose age chart","88":"Youngtani finds the old backdoor Clovis put in the link to control Natani during TDM. She decides payback is in order."},"ExpectedBallots":43,"CountedBallots":43,"Ballots":["VR","ONQPTUX","IJPHQDAWTNGSCVOKUM","RQEU","SXFAICDJWPL","XPH","OCHFUGXBN","FNHJXTRAIWSQEKOUDBPLCGVM","CEUJGO","TGUHVQFSEW","PA","XGW","XDVTJ","KLHBOAMXGJID","VWRQBC","LKXD","FRGTVAKLWNSEDBJHMOPXUIQC","AEIGBHFLUKC","MBKLDWH","FIAWSLUJHXRN","HTDS","PKQVJ","KPWXLDBIMS","DX","QCUV","SOVQIJXWRDEPK","UVFRPADTSIXLK","FIUXAJSHDGWRLBTCPN","GP","FWXQR","SMBKA","GUVC","FTBULE","SPCVULEK","QEVJT","RPEIF","CXWD","HPLWC","LVRHWASE","BJLHCE","QPKEDRVUFJ","KLW","WXL"],"Placements":[[{"Id":70,"V":6,"NV":6,"TB":0},{"Id":83,"V":4,"NV":4,"TB":0},{"Id":75,"V":3,"NV":3,"TB":0},{"Id":81,"V":3,"NV":3,"TB":0},{"Id":88,"V":3,"NV":3,"TB":0},{"Id":67,"V":2,"NV":2,"TB":0},{"Id":71,"V":2,"NV":2,"TB":0},{"Id":72,"V":2,"NV":2,"TB":0},{"Id":76,"V":2,"NV":2,"TB":0},{"Id":79,"V":2,"NV":2,"TB":0},{"Id":80,"V":2,"NV":2,"TB":0},{"Id":82,"V":2,"NV":2,"TB":0},{"Id":86,"V":2,"NV":2,"TB":0},{"Id":65,"V":1,"NV":1,"TB":0},{"Id":66,"V":1,"NV":1,"TB":0},{"Id":68,"V":1,"NV":1,"TB":0},{"Id":73,"V":1,"NV":1,"TB":0},{"Id":77,"V":1,"NV":1,"TB":0},{"Id":84,"V":1,"NV":1,"TB":0},{"Id":85,"V":1,"NV":1,"TB":0},{"Id":87,"V":1,"NV":1,"TB":0},{"Id":69,"V":0,"NV":0,"TB":0},{"Id":74,"V":0,"NV":0,"TB":0},{"Id":78,"V":0,"NV":0,"TB":1}],[{"Id":70,"V":6,"NV":0,"TB":0},{"Id":83,"V":4,"NV":0,"TB":0},{"Id":75,"V":3,"NV":0,"TB":0},{"Id":81,"V":3,"NV":0,"TB":0},{"Id":88,"V":3,"NV":0,"TB":0},{"Id":67,"V":2,"NV":0,"TB":0},{"Id":71,"V":2,"NV":0,"TB":0},{"Id":72,"V":2,"NV":0,"TB":0},{"Id":76,"V":2,"NV":0,"TB":0},{"Id":79,"V":2,"NV":0,"TB":0},{"Id":80,"V":2,"NV":0,"TB":0},{"Id":82,"V":2,"NV":0,"TB":0},{"Id":86,"V":2,"NV":0,"TB":0},{"Id":65,"V":1,"NV":0,"TB":0},{"Id":66,"V":1,"NV":0,"TB":0},{"Id":68,"V":1,"NV":0,"TB":0},{"Id":73,"V":1,"NV":0,"TB":0},{"Id":77,"V":1,"NV":0,"TB":0},{"Id":84,"V":1,"NV":0,"TB":0},{"Id":85,"V":1,"NV":0,"TB":0},{"Id":87,"V":1,"NV":0,"TB":0},{"Id":74,"V":0,"NV":0,"TB":0},{"Id":69,"V":0,"NV":0,"TB":2}],[{"Id":70,"V":6,"NV":0,"TB":0},{"Id":83,"V":4,"NV":0,"TB":0},{"Id":75,"V":3,"NV":0,"TB":0},{"Id":81,"V":3,"NV":0,"TB":0},{"Id":88,"V":3,"NV":0,"TB":0},{"Id":67,"V":2,"NV":0,"TB":0},{"Id":71,"V":2,"NV":0,"TB":0},{"Id":72,"V":2,"NV":0,"TB":0},{"Id":76,"V":2,"NV":0,"TB":0},{"Id":79,"V":2,"NV":0,"TB":0},{"Id":80,"V":2,"NV":0,"TB":0},{"Id":82,"V":2,"NV":0,"TB":0},{"Id":86,"V":2,"NV":0,"TB":0},{"Id":65,"V":1,"NV":0,"TB":0},{"Id":66,"V":1,"NV":0,"TB":0},{"Id":68,"V":1,"NV":0,"TB":0},{"Id":73,"V":1,"NV":0,"TB":0},{"Id":77,"V":1,"NV":0,"TB":0},{"Id":84,"V":1,"NV":0,"TB":0},{"Id":85,"V":1,"NV":0,"TB":0},{"Id":87,"V":1,"NV":0,"TB":0},{"Id":74,"V":0,"NV":0,"TB":0}],[{"Id":70,"V":6,"NV":0,"TB":0},{"Id":83,"V":4,"NV":0,"TB":0},{"Id":75,"V":3,"NV":0,"TB":0},{"Id":81,"V":3,"NV":0,"TB":0},{"Id":88,"V":3,"NV":0,"TB":0},{"Id":67,"V":2,"NV":0,"TB":0},{"Id":71,"V":2,"NV":0,"TB":0},{"Id":72,"V":2,"NV":0,"TB":0},{"Id":76,"V":2,"NV":0,"TB":0},{"Id":79,"V":2,"NV":0,"TB":0},{"Id":80,"V":2,"NV":0,"TB":0},{"Id":82,"V":2,"NV":0,"TB":0},{"Id":86,"V":2,"NV":0,"TB":0},{"Id":65,"V":1,"NV":0,"TB":0},{"Id":66,"V":1,"NV":0,"TB":0},{"Id":68,"V":1,"NV":0,"TB":0},{"Id":73,"V":1,"NV":0,"TB":0},{"Id":84,"V":1,"NV":0,"TB":0},{"Id":85,"V":1,"NV":0,"TB":0},{"Id":87,"V":1,"NV":0,"TB":0},{"Id":77,"V":1,"NV":0,"TB":4}],[{"Id":70,"V":6,"NV":0,"TB":0},{"Id":83,"V":4,"NV":0,"TB":0},{"Id":75,"V":3,"NV":0,"TB":0},{"Id":81,"V":3,"NV":0,"TB":0},{"Id":88,"V":3,"NV":0,"TB":0},{"Id":66,"V":2,"NV":1,"TB":0},{"Id":67,"V":2,"NV":0,"TB":0},{"Id":71,"V":2,"NV":0,"TB":0},{"Id":72,"V":2,"NV":0,"TB":0},{"Id":76,"V":2,"NV":0,"TB":0},{"Id":79,"V":2,"NV":0,"TB":0},{"Id":80,"V":2,"NV":0,"TB":0},{"Id":82,"V":2,"NV":0,"TB":0},{"Id":86,"V":2,"NV":0,"TB":0},{"Id":65,"V":1,"NV":0,"TB":0},{"Id":73,"V":1,"NV":0,"TB":0},{"Id":84,"V":1,"NV":0,"TB":0},{"Id":85,"V":1,"NV":0,"TB":0},{"Id":87,"V":1,"NV":0,"TB":0},{"Id":68,"V":1,"NV":0,"TB":5}],[{"Id":70,"V":6,"NV":0,"TB":0},{"Id":83,"V":4,"NV":0,"TB":0},{"Id":88,"V":4,"NV":1,"TB":0},{"Id":75,"V":3,"NV":0,"TB":0},{"Id":81,"V":3,"NV":0,"TB":0},{"Id":66,"V":2,"NV":0,"TB":0},{"Id":67,"V":2,"NV":0,"TB":0},{"Id":71,"V":2,"NV":0,"TB":0},{"Id":72,"V":2,"NV":0,"TB":0},{"Id":76,"V":2,"NV":0,"TB":0},{"Id":79,"V":2,"NV":0,"TB":0},{"Id":80,"V":2,"NV":0,"TB":0},{"Id":82,"V":2,"NV":0,"TB":0},{"Id":86,"V":2,"NV":0,"TB":0},{"Id":65,"V":1,"NV":0,"TB":0},{"Id":73,"V":1,"NV":0,"TB":0},{"Id":85,"V":1,"NV":0,"TB":0},{"Id":87,"V":1,"NV":0,"TB":0},{"Id":84,"V":1,"NV":0,"TB":3}],[{"Id":70,"V":6,"NV":0,"TB":0},{"Id":83,"V":4,"NV":0,"TB":0},{"Id":88,"V":4,"NV":0,"TB":0},{"Id":71,"V":3,"NV":1,"TB":0},{"Id":75,"V":3,"NV":0,"TB":0},{"Id":81,"V":3,"NV":0,"TB":0},{"Id":66,"V":2,"NV":0,"TB":0},{"Id":67,"V":2,"NV":0,"TB":0},{"Id":72,"V":2,"NV":0,"TB":0},{"Id":76,"V":2,"NV":0,"TB":0},{"Id":79,"V":2,"NV":0,"TB":0},{"Id":80,"V":2,"NV":0,"TB":0},{"Id":82,"V":2,"NV":0,"TB":0},{"Id":86,"V":2,"NV":0,"TB":0},{"Id":65,"V":1,"NV":0,"TB":0},{"Id":73,"V":1,"NV":0,"TB":0},{"Id":85,"V":1,"NV":0,"TB":0},{"Id":87,"V":1,"NV":0,"TB":1}],[{"Id":70,"V":6,"NV":0,"TB":0},{"Id":88,"V":5,"NV":1,"TB":0},{"Id":83,"V":4,"NV":0,"TB":0},{"Id":71,"V":3,"NV":0,"TB":0},{"Id":75,"V":3,"NV":0,"TB":0},{"Id":81,"V":3,"NV":0,"TB":0},{"Id":66,"V":2,"NV":0,"TB":0},{"Id":67,"V":2,"NV":0,"TB":0},{"Id":72,"V":2,"NV":0,"TB":0},{"Id":76,"V":2,"NV":0,"TB":0},{"Id":79,"V":2,"NV":0,"TB":0},{"Id":80,"V":2,"NV":0,"TB":0},{"Id":82,"V":2,"NV":0,"TB":0},{"Id":86,"V":2,"NV":0,"TB":0},{"Id":73,"V":1,"NV":0,"TB":0},{"Id":85,"V":1,"NV":0,"TB":0},{"Id":65,"V":1,"NV":0,"TB":3}],[{"Id":70,"V":6,"NV":0,"TB":0},{"Id":88,"V":5,"NV":0,"TB":0},{"Id":83,"V":4,"NV":0,"TB":0},{"Id":71,"V":3,"NV":0,"TB":0},{"Id":75,"V":3,"NV":0,"TB":0},{"Id":81,"V":3,"NV":0,"TB":0},{"Id":66,"V":2,"NV":0,"TB":0},{"Id":67,"V":2,"NV":0,"TB":0},{"Id":72,"V":2,"NV":0,"TB":0},{"Id":73,"V":2,"NV":1,"TB":0},{"Id":76,"V":2,"NV":0,"TB":0},{"Id":79,"V":2,"NV":0,"TB":0},{"Id":80,"V":2,"NV":0,"TB":0},{"Id":82,"V":2,"NV":0,"TB":0},{"Id":86,"V":2,"NV":0,"TB":0},{"Id":85,"V":1,"NV":0,"TB":0}],[{"Id":70,"V":6,"NV":0,"TB":0},{"Id":88,"V":5,"NV":0,"TB":0},{"Id":83,"V":4,"NV":0,"TB":0},{"Id":71,"V":3,"NV":0,"TB":0},{"Id":75,"V":3,"NV":0,"TB":0},{"Id":81,"V":3,"NV":0,"TB":0},{"Id":86,"V":3,"NV":1,"TB":0},{"Id":66,"V":2,"NV":0,"TB":0},{"Id":67,"V":2,"NV":0,"TB":0},{"Id":72,"V":2,"NV":0,"TB":0},{"Id":73,"V":2,"NV":0,"TB":0},{"Id":76,"V":2,"NV":0,"TB":0},{"Id":79,"V":2,"NV":0,"TB":0},{"Id":80,"V":2,"NV":0,"TB":0},{"Id":82,"V":2,"NV":0,"TB":1}],[{"Id":70,"V":6,"NV":0,"TB":0},{"Id":88,"V":5,"NV":0,"TB":0},{"Id":81,"V":4,"NV":1,"TB":0},{"Id":83,"V":4,"NV":0,"TB":0},{"Id":71,"V":3,"NV":0,"TB":0},{"Id":75,"V":3,"NV":0,"TB":0},{"Id":80,"V":3,"NV":1,"TB":0},{"Id":86,"V":3,"NV":0,"TB":0},{"Id":66,"V":2,"NV":0,"TB":0},{"Id":67,"V":2,"NV":0,"TB":0},{"Id":73,"V":2,"NV":0,"TB":0},{"Id":76,"V":2,"NV":0,"TB":0},{"Id":79,"V":2,"NV":0,"TB":0},{"Id":72,"V":2,"NV":0,"TB":4}],[{"Id":70,"V":6,"NV":0,"TB":0},{"Id":83,"V":5,"NV":1,"TB":0},{"Id":88,"V":5,"NV":0,"TB":0},{"Id":80,"V":4,"NV":1,"TB":0},{"Id":81,"V":4,"NV":0,"TB":0},{"Id":71,"V":3,"NV":0,"TB":0},{"Id":75,"V":3,"NV":0,"TB":0},{"Id":86,"V":3,"NV":0,"TB":0},{"Id":66,"V":2,"NV":0,"TB":0},{"Id":67,"V":2,"NV":0,"TB":0},{"Id":73,"V":2,"NV":0,"TB":0},{"Id":76,"V":2,"NV":0,"TB":0},{"Id":79,"V":2,"NV":0,"TB":1}],[{"Id":70,"V":6,"NV":0,"TB":0},{"Id":81,"V":5,"NV":1,"TB":0},{"Id":83,"V":5,"NV":0,"TB":0},{"Id":88,"V":5,"NV":0,"TB":0},{"Id":80,"V":4,"NV":0,"TB":0},{"Id":67,"V":3,"NV":1,"TB":0},{"Id":71,"V":3,"NV":0,"TB":0},{"Id":75,"V":3,"NV":0,"TB":0},{"Id":86,"V":3,"NV":0,"TB":0},{"Id":66,"V":2,"NV":0,"TB":0},{"Id":76,"V":2,"NV":0,"TB":0},{"Id":73,"V":2,"NV":0,"TB":2}],[{"Id":70,"V":6,"NV":0,"TB":0},{"Id":80,"V":5,"NV":1,"TB":0},{"Id":81,"V":5,"NV":0,"TB":0},{"Id":83,"V":5,"NV":0,"TB":0},{"Id":88,"V":5,"NV":0,"TB":0},{"Id":71,"V":4,"NV":1,"TB":0},{"Id":67,"V":3,"NV":0,"TB":0},{"Id":75,"V":3,"NV":0,"TB":0},{"Id":86,"V":3,"NV":0,"TB":0},{"Id":76,"V":2,"NV":0,"TB":0},{"Id":66,"V":2,"NV":0,"TB":2}],[{"Id":70,"V":6,"NV":0,"TB":0},{"Id":80,"V":5,"NV":0,"TB":0},{"Id":81,"V":5,"NV":0,"TB":0},{"Id":83,"V":5,"NV":0,"TB":0},{"Id":88,"V":5,"NV":0,"TB":0},{"Id":71,"V":4,"NV":0,"TB":0},{"Id":75,"V":4,"NV":1,"TB":0},{"Id":67,"V":3,"NV":0,"TB":0},{"Id":86,"V":3,"NV":0,"TB":0},{"Id":76,"V":3,"NV":1,"TB":2}],[{"Id":70,"V":6,"NV":0,"TB":0},{"Id":75,"V":5,"NV":1,"TB":0},{"Id":80,"V":5,"NV":0,"TB":0},{"Id":81,"V":5,"NV":0,"TB":0},{"Id":83,"V":5,"NV":0,"TB":0},{"Id":88,"V":5,"NV":0,"TB":0},{"Id":67,"V":4,"NV":1,"TB":0},{"Id":86,"V":4,"NV":1,"TB":0},{"Id":71,"V":4,"NV":0,"TB":2}],[{"Id":70,"V":7,"NV":1,"TB":0},{"Id":80,"V":6,"NV":1,"TB":0},{"Id":86,"V":6,"NV":2,"TB":0},{"Id":75,"V":5,"NV":0,"TB":0},{"Id":81,"V":5,"NV":0,"TB":0},{"Id":83,"V":5,"NV":0,"TB":0},{"Id":88,"V":5,"NV":0,"TB":0},{"Id":67,"V":4,"NV":0,"TB":0}],[{"Id":70,"V":8,"NV":1,"TB":0},{"Id":80,"V":6,"NV":0,"TB":0},{"Id":86,"V":6,"NV":0,"TB":0},{"Id":88,"V":6,"NV":1,"TB":0},{"Id":75,"V":5,"NV":0,"TB":0},{"Id":81,"V":5,"NV":0,"TB":0},{"Id":83,"V":5,"NV":0,"TB":1}],[{"Id":70,"V":8,"NV":0,"TB":0},{"Id":80,"V":7,"NV":1,"TB":0},{"Id":86,"V":7,"NV":1,"TB":0},{"Id":88,"V":7,"NV":1,"TB":0},{"Id":75,"V":6,"NV":1,"TB":0},{"Id":81,"V":5,"NV":0,"TB":0}],[{"Id":80,"V":9,"NV":2,"TB":0},{"Id":86,"V":9,"NV":2,"TB":0},{"Id":70,"V":8,"NV":0,"TB":0},{"Id":88,"V":7,"NV":0,"TB":0},{"Id":75,"V":6,"NV":0,"TB":0}],[{"Id":80,"V":10,"NV":1,"TB":0},{"Id":86,"V":9,"NV":0,"TB":0},{"Id":88,"V":9,"NV":2,"TB":0},{"Id":70,"V":8,"NV":0,"TB":0}],[{"Id":88,"V":14,"NV":5,"TB":0},{"Id":80,"V":10,"NV":0,"TB":0},{"Id":86,"V":10,"NV":1,"TB":1}],[{"Id":88,"V":15,"NV":1,"TB":0},{"Id":80,"V":12,"NV":2,"TB":0}],[{"Id":88,"V":19,"NV":4,"TB":0}]],"Expires":1580087441,"SecondsLeft":0}