{"Mtype":"results","Title":"Round 4","PollStarted":"2020-08-10T01:03:56.921922377Z","PollDuration":600000000000,"Options":{"65":"Robin Hood Laura","66":"Reni's butterfly reveals its diabolical plans","67":"Laura possesses Keith. Keith gets flustered as his body starts moving on its own, getting frisky.","68":"Windstraw meets Adira and Maeve","69":"We’re almost at 1000 weekly sketches: Kat gets her old bucket of red paint out and enlists some volunteers. (Throwback to the old 1,000,000 hits art)","70":"Explorers are horrified falling as a Kristan tribe introduces them to cliff driving","71":"Evals jokingly proposes to Mike ","72":"Karen recalls Maddie’s big heroic rescue. Though she may be SLIGHLY exaggerating. Did Maddie really rope swing over a pit of stone guardians and fire with a rose in her mouth? That’s how Karen remembers it!","73":"Natani and Yena from Seton Academy: Join the Pack making manly poses together","74":"Karen, Maren, Raine and Red are the first astronauts on Mars! Karen and Maren plant the flag, while Raine and Red discover a weirdo from another planet! (Like in Calvin and Hobbes.)","75":"Natani mocks a flustered Zen as Kat gives him a bath","76":"Kat helps Frankenstein's monsters to re-create the threads that hold her body parts together","77":"Past Trace showing conflicting emotions on whether he tries to find a way to keep Rose alive or letting her pass peacefully and losing his last remaining ties to Saria.","78":"Aztec Warrior Queen Adelaide","79":"Willow wisp body pillow","80":"Younger Mike and Evals in school together","81":"Mike and Evals looking snazzy for a night on the town","82":"The crew cosplaying Lordi or Kiss","83":"Modern AU, on the way to work Maren passes by a construction zone and suffers the wolf whistles from the men... and literal wolves.","84":"Since we had works between Saria and Eric respectively, why not have them do more? give them more to trade with! Portraits of Flora \u0026 Trace","85":"Demon Tiger Trace dressed as Krieg from Borderlands 2","86":"With the power out in their apartment. Zen and Raine light some candles, and spend the night playing board games.","87":"Page 55 but Modern AU \u0026 Non-Rude Radiologist Tom","88":"Starfox assault, but with Trace, Flora, Keith and Natani as the pilots (the person telling the player to do a barrel roll left up to you)","89":"Keith and Natani dancing together in a garden at night"},"ExpectedBallots":60,"CountedBallots":60,"Ballots":["V","UISFBQOGHCJKYATLMXENVRWDP","AFPGQKOBHWNVSELDTXYCJ","KYAS","M","NQEHDYK","EVHD","B","OAB","ADBENPGHYQOV","BPC","ANPMO","KVGQE","ETCM","YKG","KCEPVWD","BUGXLJE","EKAQ","KE","XNSPAYH","NGI","MDA","FNDI","H","VMSAH","VYGQDBNCKPMAX","ELOK","EBMFXS","LANMKTODHCYVP","YUPGEAMBT","D","VKB","OHPMIYTFDAVLU","QGPVE","EKOGSQP","CAYG","YENPVK","LM","MTUX","ECKTAGDQYOVNS","ABFGVYHIEWUTQOL","LKCRIVQ","MHTBNJKYAEX","IGENBYQDVHO","BLAKQTMFOPGERSJDVIXCHNYWU","ONBJEARFQGIDHYW","P","E","K","EYK","RVLXKENMAJODU","GASN","GPQBKC","EGBVAOMHCQJ","BKLDUHWNV","CAFPOJT","OAFQMRBDCNTGWULVEX","JLWCVAO","AOYBVTXMDJSHNCLEUWR","JFMCQVU"],"Placements":[[{"Id":69,"V":10,"NV":10,"TB":0},{"Id":65,"V":5,"NV":5,"TB":0},{"Id":66,"V":5,"NV":5,"TB":0},{"Id":75,"V":5,"NV":5,"TB":0},{"Id":77,"V":4,"NV":4,"TB":0},{"Id":79,"V":4,"NV":4,"TB":0},{"Id":86,"V":4,"NV":4,"TB":0},{"Id":76,"V":3,"NV":3,"TB":0},{"Id":89,"V":3,"NV":3,"TB":0},{"Id":67,"V":2,"NV":2,"TB":0},{"Id":71,"V":2,"NV":2,"TB":0},{"Id":74,"V":2,"NV":2,"TB":0},{"Id":78,"V":2,"NV":2,"TB":0},{"Id":68,"V":1,"NV":1,"TB":0},{"Id":70,"V":1,"NV":1,"TB":0},{"Id":72,"V":1,"NV":1,"TB":0},{"Id":73,"V":1,"NV":1,"TB":0},{"Id":80,"V":1,"NV":1,"TB":0},{"Id":81,"V":1,"NV":1,"TB":0},{"Id":82,"V":1,"NV":1,"TB":0},{"Id":85,"V":1,"NV":1,"TB":0},{"Id":88,"V":1,"NV":1,"TB":0},{"Id":83,"V":0,"NV":0,"TB":0},{"Id":87,"V":0,"NV":0,"TB":0},{"Id":84,"V":0,"NV":0,"TB":2}],[{"Id":69,"V":10,"NV":0,"TB":0},{"Id":65,"V":5,"NV":0,"TB":0},{"Id":66,"V":5,"NV":0,"TB":0},{"Id":75,"V":5,"NV":0,"TB":0},{"Id":77,"V":4,"NV":0,"TB":0},{"Id":79,"V":4,"NV":0,"TB":0},{"Id":86,"V":4,"NV":0,"TB":0},{"Id":76,"V":3,"NV":0,"TB":0},{"Id":89,"V":3,"NV":0,"TB":0},{"Id":67,"V":2,"NV":0,"TB":0},{"Id":71,"V":2,"NV":0,"TB":0},{"Id":74,"V":2,"NV":0,"TB":0},{"Id":78,"V":2,"NV":0,"TB":0},{"Id":68,"V":1,"NV":0,"TB":0},{"Id":70,"V":1,"NV":0,"TB":0},{"Id":72,"V":1,"NV":0,"TB":0},{"Id":73,"V":1,"NV":0,"TB":0},{"Id":80,"V":1,"NV":0,"TB":0},{"Id":81,"V":1,"NV":0,"TB":0},{"Id":82,"V":1,"NV":0,"TB":0},{"Id":85,"V":1,"NV":0,"TB":0},{"Id":88,"V":1,"NV":0,"TB":0},{"Id":87,"V":0,"NV":0,"TB":0},{"Id":83,"V":0,"NV":0,"TB":2}],[{"Id":69,"V":10,"NV":0,"TB":0},{"Id":65,"V":5,"NV":0,"TB":0},{"Id":66,"V":5,"NV":0,"TB":0},{"Id":75,"V":5,"NV":0,"TB":0},{"Id":77,"V":4,"NV":0,"TB":0},{"Id":79,"V":4,"NV":0,"TB":0},{"Id":86,"V":4,"NV":0,"TB":0},{"Id":76,"V":3,"NV":0,"TB":0},{"Id":89,"V":3,"NV":0,"TB":0},{"Id":67,"V":2,"NV":0,"TB":0},{"Id":71,"V":2,"NV":0,"TB":0},{"Id":74,"V":2,"NV":0,"TB":0},{"Id":78,"V":2,"NV":0,"TB":0},{"Id":68,"V":1,"NV":0,"TB":0},{"Id":70,"V":1,"NV":0,"TB":0},{"Id":72,"V":1,"NV":0,"TB":0},{"Id":73,"V":1,"NV":0,"TB":0},{"Id":80,"V":1,"NV":0,"TB":0},{"Id":81,"V":1,"NV":0,"TB":0},{"Id":82,"V":1,"NV":0,"TB":0},{"Id":85,"V":1,"NV":0,"TB":0},{"Id":88,"V":1,"NV":0,"TB":0},{"Id":87,"V":0,"NV":0,"TB":0}],[{"Id":69,"V":10,"NV":0,"TB":0},{"Id":65,"V":5,"NV":0,"TB":0},{"Id":66,"V":5,"NV":0,"TB":0},{"Id":75,"V":5,"NV":0,"TB":0},{"Id":77,"V":4,"NV":0,"TB":0},{"Id":79,"V":4,"NV":0,"TB":0},{"Id":86,"V":4,"NV":0,"TB":0},{"Id":76,"V":3,"NV":0,"TB":0},{"Id":89,"V":3,"NV":0,"TB":0},{"Id":67,"V":2,"NV":0,"TB":0},{"Id":71,"V":2,"NV":0,"TB":0},{"Id":74,"V":2,"NV":0,"TB":0},{"Id":78,"V":2,"NV":0,"TB":0},{"Id":68,"V":1,"NV":0,"TB":0},{"Id":70,"V":1,"NV":0,"TB":0},{"Id":72,"V":1,"NV":0,"TB":0},{"Id":73,"V":1,"NV":0,"TB":0},{"Id":80,"V":1,"NV":0,"TB":0},{"Id":81,"V":1,"NV":0,"TB":0},{"Id":82,"V":1,"NV":0,"TB":0},{"Id":85,"V":1,"NV":0,"TB":0},{"Id":88,"V":1,"NV":0,"TB":1}],[{"Id":69,"V":10,"NV":0,"TB":0},{"Id":65,"V":5,"NV":0,"TB":0},{"Id":66,"V":5,"NV":0,"TB":0},{"Id":75,"V":5,"NV":0,"TB":0},{"Id":77,"V":4,"NV":0,"TB":0},{"Id":79,"V":4,"NV":0,"TB":0},{"Id":86,"V":4,"NV":0,"TB":0},{"Id":76,"V":3,"NV":0,"TB":0},{"Id":78,"V":3,"NV":1,"TB":0},{"Id":89,"V":3,"NV":0,"TB":0},{"Id":67,"V":2,"NV":0,"TB":0},{"Id":71,"V":2,"NV":0,"TB":0},{"Id":74,"V":2,"NV":0,"TB":0},{"Id":70,"V":1,"NV":0,"TB":0},{"Id":72,"V":1,"NV":0,"TB":0},{"Id":73,"V":1,"NV":0,"TB":0},{"Id":80,"V":1,"NV":0,"TB":0},{"Id":81,"V":1,"NV":0,"TB":0},{"Id":82,"V":1,"NV":0,"TB":0},{"Id":85,"V":1,"NV":0,"TB":0},{"Id":68,"V":1,"NV":0,"TB":8}],[{"Id":69,"V":10,"NV":0,"TB":0},{"Id":65,"V":5,"NV":0,"TB":0},{"Id":66,"V":5,"NV":0,"TB":0},{"Id":75,"V":5,"NV":0,"TB":0},{"Id":77,"V":4,"NV":0,"TB":0},{"Id":79,"V":4,"NV":0,"TB":0},{"Id":86,"V":4,"NV":0,"TB":0},{"Id":76,"V":3,"NV":0,"TB":0},{"Id":78,"V":3,"NV":0,"TB":0},{"Id":89,"V":3,"NV":0,"TB":0},{"Id":67,"V":2,"NV":0,"TB":0},{"Id":71,"V":2,"NV":0,"TB":0},{"Id":74,"V":2,"NV":0,"TB":0},{"Id":70,"V":1,"NV":0,"TB":0},{"Id":73,"V":1,"NV":0,"TB":0},{"Id":80,"V":1,"NV":0,"TB":0},{"Id":81,"V":1,"NV":0,"TB":0},{"Id":82,"V":1,"NV":0,"TB":0},{"Id":85,"V":1,"NV":0,"TB":0},{"Id":72,"V":1,"NV":0,"TB":6}],[{"Id":69,"V":10,"NV":0,"TB":0},{"Id":65,"V":5,"NV":0,"TB":0},{"Id":66,"V":5,"NV":0,"TB":0},{"Id":75,"V":5,"NV":0,"TB":0},{"Id":77,"V":4,"NV":0,"TB":0},{"Id":79,"V":4,"NV":0,"TB":0},{"Id":86,"V":4,"NV":0,"TB":0},{"Id":76,"V":3,"NV":0,"TB":0},{"Id":78,"V":3,"NV":0,"TB":0},{"Id":89,"V":3,"NV":0,"TB":0},{"Id":67,"V":2,"NV":0,"TB":0},{"Id":71,"V":2,"NV":0,"TB":0},{"Id":74,"V":2,"NV":0,"TB":0},{"Id":70,"V":1,"NV":0,"TB":0},{"Id":80,"V":1,"NV":0,"TB":0},{"Id":81,"V":1,"NV":0,"TB":0},{"Id":82,"V":1,"NV":0,"TB":0},{"Id":85,"V":1,"NV":0,"TB":0},{"Id":73,"V":1,"NV":0,"TB":5}],[{"Id":69,"V":10,"NV":0,"TB":0},{"Id":65,"V":5,"NV":0,"TB":0},{"Id":66,"V":5,"NV":0,"TB":0},{"Id":75,"V":5,"NV":0,"TB":0},{"Id":77,"V":4,"NV":0,"TB":0},{"Id":79,"V":4,"NV":0,"TB":0},{"Id":86,"V":4,"NV":0,"TB":0},{"Id":71,"V":3,"NV":1,"TB":0},{"Id":76,"V":3,"NV":0,"TB":0},{"Id":78,"V":3,"NV":0,"TB":0},{"Id":89,"V":3,"NV":0,"TB":0},{"Id":67,"V":2,"NV":0,"TB":0},{"Id":74,"V":2,"NV":0,"TB":0},{"Id":70,"V":1,"NV":0,"TB":0},{"Id":80,"V":1,"NV":0,"TB":0},{"Id":81,"V":1,"NV":0,"TB":0},{"Id":85,"V":1,"NV":0,"TB":0},{"Id":82,"V":1,"NV":0,"TB":2}],[{"Id":69,"V":10,"NV":0,"TB":0},{"Id":65,"V":5,"NV":0,"TB":0},{"Id":66,"V":5,"NV":0,"TB":0},{"Id":75,"V":5,"NV":0,"TB":0},{"Id":86,"V":5,"NV":1,"TB":0},{"Id":77,"V":4,"NV":0,"TB":0},{"Id":79,"V":4,"NV":0,"TB":0},{"Id":71,"V":3,"NV":0,"TB":0},{"Id":76,"V":3,"NV":0,"TB":0},{"Id":78,"V":3,"NV":0,"TB":0},{"Id":89,"V":3,"NV":0,"TB":0},{"Id":67,"V":2,"NV":0,"TB":0},{"Id":74,"V":2,"NV":0,"TB":0},{"Id":80,"V":1,"NV":0,"TB":0},{"Id":81,"V":1,"NV":0,"TB":0},{"Id":85,"V":1,"NV":0,"TB":0},{"Id":70,"V":1,"NV":0,"TB":4}],[{"Id":69,"V":10,"NV":0,"TB":0},{"Id":65,"V":5,"NV":0,"TB":0},{"Id":66,"V":5,"NV":0,"TB":0},{"Id":75,"V":5,"NV":0,"TB":0},{"Id":86,"V":5,"NV":0,"TB":0},{"Id":77,"V":4,"NV":0,"TB":0},{"Id":78,"V":4,"NV":1,"TB":0},{"Id":79,"V":4,"NV":0,"TB":0},{"Id":71,"V":3,"NV":0,"TB":0},{"Id":76,"V":3,"NV":0,"TB":0},{"Id":89,"V":3,"NV":0,"TB":0},{"Id":67,"V":2,"NV":0,"TB":0},{"Id":74,"V":2,"NV":0,"TB":0},{"Id":80,"V":1,"NV":0,"TB":0},{"Id":85,"V":1,"NV":0,"TB":0},{"Id":81,"V":1,"NV":0,"TB":2}],[{"Id":69,"V":10,"NV":0,"TB":0},{"Id":65,"V":5,"NV":0,"TB":0},{"Id":66,"V":5,"NV":0,"TB":0},{"Id":75,"V":5,"NV":0,"TB":0},{"Id":86,"V":5,"NV":0,"TB":0},{"Id":71,"V":4,"NV":1,"TB":0},{"Id":77,"V":4,"NV":0,"TB":0},{"Id":78,"V":4,"NV":0,"TB":0},{"Id":79,"V":4,"NV":0,"TB":0},{"Id":76,"V":3,"NV":0,"TB":0},{"Id":89,"V":3,"NV":0,"TB":0},{"Id":67,"V":2,"NV":0,"TB":0},{"Id":74,"V":2,"NV":0,"TB":0},{"Id":80,"V":1,"NV":0,"TB":0},{"Id":85,"V":1,"NV":0,"TB":1}],[{"Id":69,"V":10,"NV":0,"TB":0},{"Id":66,"V":6,"NV":1,"TB":0},{"Id":65,"V":5,"NV":0,"TB":0},{"Id":75,"V":5,"NV":0,"TB":0},{"Id":86,"V":5,"NV":0,"TB":0},{"Id":71,"V":4,"NV":0,"TB":0},{"Id":77,"V":4,"NV":0,"TB":0},{"Id":78,"V":4,"NV":0,"TB":0},{"Id":79,"V":4,"NV":0,"TB":0},{"Id":76,"V":3,"NV":0,"TB":0},{"Id":89,"V":3,"NV":0,"TB":0},{"Id":67,"V":2,"NV":0,"TB":0},{"Id":74,"V":2,"NV":0,"TB":0},{"Id":80,"V":1,"NV":0,"TB":0}],[{"Id":69,"V":10,"NV":0,"TB":0},{"Id":66,"V":6,"NV":0,"TB":0},{"Id":65,"V":5,"NV":0,"TB":0},{"Id":75,"V":5,"NV":0,"TB":0},{"Id":86,"V":5,"NV":0,"TB":0},{"Id":71,"V":4,"NV":0,"TB":0},{"Id":77,"V":4,"NV":0,"TB":0},{"Id":78,"V":4,"NV":0,"TB":0},{"Id":79,"V":4,"NV":0,"TB":0},{"Id":76,"V":3,"NV":0,"TB":0},{"Id":89,"V":3,"NV":0,"TB":0},{"Id":74,"V":2,"NV":0,"TB":0},{"Id":67,"V":2,"NV":0,"TB":2}],[{"Id":69,"V":10,"NV":0,"TB":0},{"Id":65,"V":7,"NV":2,"TB":0},{"Id":66,"V":6,"NV":0,"TB":0},{"Id":75,"V":5,"NV":0,"TB":0},{"Id":86,"V":5,"NV":0,"TB":0},{"Id":71,"V":4,"NV":0,"TB":0},{"Id":77,"V":4,"NV":0,"TB":0},{"Id":78,"V":4,"NV":0,"TB":0},{"Id":79,"V":4,"NV":0,"TB":0},{"Id":76,"V":3,"NV":0,"TB":0},{"Id":89,"V":3,"NV":0,"TB":0},{"Id":74,"V":2,"NV":0,"TB":0}],[{"Id":69,"V":10,"NV":0,"TB":0},{"Id":65,"V":7,"NV":0,"TB":0},{"Id":66,"V":6,"NV":0,"TB":0},{"Id":75,"V":5,"NV":0,"TB":0},{"Id":77,"V":5,"NV":1,"TB":0},{"Id":86,"V":5,"NV":0,"TB":0},{"Id":71,"V":4,"NV":0,"TB":0},{"Id":76,"V":4,"NV":1,"TB":0},{"Id":78,"V":4,"NV":0,"TB":0},{"Id":79,"V":4,"NV":0,"TB":0},{"Id":89,"V":3,"NV":0,"TB":0}],[{"Id":69,"V":11,"NV":1,"TB":0},{"Id":65,"V":7,"NV":0,"TB":0},{"Id":66,"V":6,"NV":0,"TB":0},{"Id":75,"V":6,"NV":1,"TB":0},{"Id":71,"V":5,"NV":1,"TB":0},{"Id":77,"V":5,"NV":0,"TB":0},{"Id":86,"V":5,"NV":0,"TB":0},{"Id":76,"V":4,"NV":0,"TB":0},{"Id":79,"V":4,"NV":0,"TB":0},{"Id":78,"V":4,"NV":0,"TB":2}],[{"Id":69,"V":12,"NV":1,"TB":0},{"Id":65,"V":8,"NV":1,"TB":0},{"Id":66,"V":6,"NV":0,"TB":0},{"Id":71,"V":6,"NV":1,"TB":0},{"Id":75,"V":6,"NV":0,"TB":0},{"Id":77,"V":5,"NV":0,"TB":0},{"Id":86,"V":5,"NV":0,"TB":0},{"Id":76,"V":4,"NV":0,"TB":0},{"Id":79,"V":4,"NV":0,"TB":1}],[{"Id":69,"V":12,"NV":0,"TB":0},{"Id":65,"V":10,"NV":2,"TB":0},{"Id":66,"V":7,"NV":1,"TB":0},{"Id":71,"V":6,"NV":0,"TB":0},{"Id":75,"V":6,"NV":0,"TB":0},{"Id":77,"V":6,"NV":1,"TB":0},{"Id":86,"V":5,"NV":0,"TB":0},{"Id":76,"V":4,"NV":0,"TB":0}],[{"Id":69,"V":12,"NV":0,"TB":0},{"Id":65,"V":11,"NV":1,"TB":0},{"Id":66,"V":7,"NV":0,"TB":0},{"Id":75,"V":7,"NV":1,"TB":0},{"Id":77,"V":7,"NV":1,"TB":0},{"Id":71,"V":6,"NV":0,"TB":0},{"Id":86,"V":6,"NV":1,"TB":1}],[{"Id":65,"V":12,"NV":1,"TB":0},{"Id":69,"V":12,"NV":0,"TB":0},{"Id":75,"V":9,"NV":2,"TB":0},{"Id":77,"V":8,"NV":1,"TB":0},{"Id":66,"V":7,"NV":0,"TB":0},{"Id":71,"V":7,"NV":1,"TB":1}],[{"Id":69,"V":15,"NV":3,"TB":0},{"Id":65,"V":13,"NV":1,"TB":0},{"Id":66,"V":9,"NV":2,"TB":0},{"Id":75,"V":9,"NV":0,"TB":0},{"Id":77,"V":8,"NV":0,"TB":0}],[{"Id":65,"V":16,"NV":3,"TB":0},{"Id":69,"V":15,"NV":0,"TB":0},{"Id":66,"V":10,"NV":1,"TB":0},{"Id":75,"V":9,"NV":0,"TB":0}],[{"Id":69,"V":19,"NV":4,"TB":0},{"Id":65,"V":17,"NV":1,"TB":0},{"Id":66,"V":11,"NV":1,"TB":0}],[{"Id":65,"V":21,"NV":4,"TB":0},{"Id":69,"V":21,"NV":2,"TB":1}],[{"Id":65,"V":27,"NV":6,"TB":0}]],"Expires":1597022636,"SecondsLeft":0}