{"Mtype":"results","Title":"Round 2","PollStarted":"2020-12-14T00:53:53.467701093Z","PollDuration":600000000000,"Options":{"65":"Clovis' cousin Captain Jenny commands her motley crew","66":"A historical accurate Templar knight calling a twokinds Templar a witch when he sees her preform magic.","67":"Trace and Flora accidentally walk under an enchanted mistletoe meant for Keidran couples. Trace wonders why nothing seemed to happen to him until he looks over at Flora and realizes to his terror that she's immediately gone into heat.","68":"The chimera swapping out her appendages for more winter-ready alternatives.","69":"Vampire Kat 2: Willing Prey - Christmas Spirit - TwoKinds fans and Kat simps organize a surprise Christmas themed blood drive, arriving through portals from the real world, to give blood, Kathrin tearfully thanks everyone.","70":"Cute Cat Nora in Christmas clothes","71":"Natani Claus and Keith the red nosed reindeer.","72":"Trace giving Nantani a Christmas gift as thanks for helping Keith through his troubles. (And cause these two don't interact enough!)","73":"Stolas and Octavia Goetia from Helluva Boss.","74":"Maeve, Maddie, and Karen sledding down a hill using Reni as the sled.","75":"Frankensteins monster meets red and helps decorate the Mansion","76":"Natani and Keith after training. Both tired. Natani asks Keith for a foot massage. Keith gets VERY BLUSHY because BARE ANKLES","77":"Captain Jenny leading her ‘crew’ of pirates on a boarding party, pointing forwards with her cutlass (the crew consisting of Mike and Evals looking out of place).","78":"Kat and Zen kiss in a shower","79":"Very happy Seraphine in dragon form as gift from Lady Nora to Christmas (wang her tail very quickly)","80":"Old Trace prepares to attack a Kiedran village, but notices they're starting to prepare for winter festivities. The sight brings back memories of similar times with Saria and Trace, overcome by sudden grief, leaves them in peace.","81":"Hide and seek with Ms Nibbly! She is hidden somewhere in the picture","82":"Karen \u0026 Maren: Adrakist Keidran Sisters.","83":"Hatchling Reni in a mall, asking Santa for some magical artifacts / toys.","84":"Nora tied a sprig of mistletoe to Reni's tail and directs Kei's attention to said dragon booty with the 'suggestion' that he act accordingly, to the embarrassment of both parties.","85":"Cyberpunk Raine returns as a Nomad from Cyberpunk 2077, driving her car with the viewer in the passenger seat","86":"Flora Daki","87":"Modern era Fem Clovis curled up with Brutus for movie night at home.","88":"Christmas morning with the gang, and the mountain of gifts  Flora received were all things for the baby. She's not amused."},"ExpectedBallots":78,"CountedBallots":78,"Ballots":["NVHELC","SWVJ","JCLSRPUQFBDTEVGNWXHIOMKA","THP","JNIGSAWLM","SGJWHXETBMKNULPAFQVODRC","D","DFEJNW","FIWSDLR","T","HR","OHWUNLGDFBJPCT","SOJHWBMUTFQR","TORNFCJVKUMHXG","CVFL","MAVFIN","NHSLWCV","JSOFUAWG","NCTAVL","NLHW","RTOU","NV","WLCIH","UCQXHTSEDJ","LGHADJX","FWO","UMJOBDXH","XPCOR","BIWMJHAGFL","CWFNSHEPXQVB","LCTW","ULGNIWFBHQST","NFG","HQCKFPTEGXD","AU","XVCHP","TWRNMHLAJVGQFODCSXEBPKUI","XCSLFIWHQNT","CVDSHX","CXHBPJQ","TOCFN","XJLGARMTFQDBWOPKSHVEUICN","SPXF","DFU","JMWG","JDU","WBF","HQBJX","XLGH","","LG","RFWQUEJLBOMDHXAKIVSTCPG","BPTOCLRHUFGM","QFPTBUK","SWUOJT","KRFDOBEIUMVTNJLQPAGSXCHW","QXAIDBGHPKS","VPLNWDTCIFRMOKQGHUSBJAXE","TBKOC","TG","FTRXMLBPDQAOHUW","PUBJ","BURMXNTIWHSCP","IDGLOMNRKBETWU","WAGMNUD","FWPTNLR","RLMOTIBAGFDVUKPX","OFTSQELV","NDVCFGWU","FJDHBNGQLROXSTKPCUMAIWVE","KDJOTSGQLWXPAVNIHUMCFRBE","GTA","QOPSCKL","OJRWCN","N","F","QSBTORHXCFVPDA","QLDF"],"Placements":[[{"Id":78,"V":8,"NV":8,"TB":0},{"Id":84,"V":7,"NV":7,"TB":0},{"Id":70,"V":6,"NV":6,"TB":0},{"Id":74,"V":5,"NV":5,"TB":0},{"Id":81,"V":5,"NV":5,"TB":0},{"Id":83,"V":5,"NV":5,"TB":0},{"Id":88,"V":5,"NV":5,"TB":0},{"Id":67,"V":4,"NV":4,"TB":0},{"Id":66,"V":3,"NV":3,"TB":0},{"Id":68,"V":3,"NV":3,"TB":0},{"Id":72,"V":3,"NV":3,"TB":0},{"Id":76,"V":3,"NV":3,"TB":0},{"Id":79,"V":3,"NV":3,"TB":0},{"Id":82,"V":3,"NV":3,"TB":0},{"Id":85,"V":3,"NV":3,"TB":0},{"Id":87,"V":3,"NV":3,"TB":0},{"Id":75,"V":2,"NV":2,"TB":0},{"Id":65,"V":1,"NV":1,"TB":0},{"Id":71,"V":1,"NV":1,"TB":0},{"Id":73,"V":1,"NV":1,"TB":0},{"Id":77,"V":1,"NV":1,"TB":0},{"Id":80,"V":1,"NV":1,"TB":0},{"Id":86,"V":1,"NV":1,"TB":0},{"Id":69,"V":0,"NV":0,"TB":0}],[{"Id":78,"V":8,"NV":0,"TB":0},{"Id":84,"V":7,"NV":0,"TB":0},{"Id":70,"V":6,"NV":0,"TB":0},{"Id":74,"V":5,"NV":0,"TB":0},{"Id":81,"V":5,"NV":0,"TB":0},{"Id":83,"V":5,"NV":0,"TB":0},{"Id":88,"V":5,"NV":0,"TB":0},{"Id":67,"V":4,"NV":0,"TB":0},{"Id":66,"V":3,"NV":0,"TB":0},{"Id":68,"V":3,"NV":0,"TB":0},{"Id":72,"V":3,"NV":0,"TB":0},{"Id":76,"V":3,"NV":0,"TB":0},{"Id":79,"V":3,"NV":0,"TB":0},{"Id":82,"V":3,"NV":0,"TB":0},{"Id":85,"V":3,"NV":0,"TB":0},{"Id":87,"V":3,"NV":0,"TB":0},{"Id":75,"V":2,"NV":0,"TB":0},{"Id":65,"V":1,"NV":0,"TB":0},{"Id":71,"V":1,"NV":0,"TB":0},{"Id":73,"V":1,"NV":0,"TB":0},{"Id":80,"V":1,"NV":0,"TB":0},{"Id":86,"V":1,"NV":0,"TB":0},{"Id":77,"V":1,"NV":0,"TB":3}],[{"Id":78,"V":8,"NV":0,"TB":0},{"Id":84,"V":7,"NV":0,"TB":0},{"Id":70,"V":6,"NV":0,"TB":0},{"Id":74,"V":5,"NV":0,"TB":0},{"Id":81,"V":5,"NV":0,"TB":0},{"Id":83,"V":5,"NV":0,"TB":0},{"Id":88,"V":5,"NV":0,"TB":0},{"Id":67,"V":4,"NV":0,"TB":0},{"Id":66,"V":3,"NV":0,"TB":0},{"Id":68,"V":3,"NV":0,"TB":0},{"Id":72,"V":3,"NV":0,"TB":0},{"Id":76,"V":3,"NV":0,"TB":0},{"Id":79,"V":3,"NV":0,"TB":0},{"Id":82,"V":3,"NV":0,"TB":0},{"Id":85,"V":3,"NV":0,"TB":0},{"Id":87,"V":3,"NV":0,"TB":0},{"Id":65,"V":2,"NV":1,"TB":0},{"Id":75,"V":2,"NV":0,"TB":0},{"Id":71,"V":1,"NV":0,"TB":0},{"Id":80,"V":1,"NV":0,"TB":0},{"Id":86,"V":1,"NV":0,"TB":0},{"Id":73,"V":1,"NV":0,"TB":3}],[{"Id":78,"V":8,"NV":0,"TB":0},{"Id":84,"V":7,"NV":0,"TB":0},{"Id":70,"V":6,"NV":0,"TB":0},{"Id":74,"V":5,"NV":0,"TB":0},{"Id":81,"V":5,"NV":0,"TB":0},{"Id":83,"V":5,"NV":0,"TB":0},{"Id":88,"V":5,"NV":0,"TB":0},{"Id":67,"V":4,"NV":0,"TB":0},{"Id":68,"V":4,"NV":1,"TB":0},{"Id":66,"V":3,"NV":0,"TB":0},{"Id":72,"V":3,"NV":0,"TB":0},{"Id":76,"V":3,"NV":0,"TB":0},{"Id":79,"V":3,"NV":0,"TB":0},{"Id":82,"V":3,"NV":0,"TB":0},{"Id":85,"V":3,"NV":0,"TB":0},{"Id":87,"V":3,"NV":0,"TB":0},{"Id":65,"V":2,"NV":0,"TB":0},{"Id":75,"V":2,"NV":0,"TB":0},{"Id":80,"V":1,"NV":0,"TB":0},{"Id":86,"V":1,"NV":0,"TB":0},{"Id":71,"V":1,"NV":0,"TB":3}],[{"Id":78,"V":8,"NV":0,"TB":0},{"Id":84,"V":8,"NV":1,"TB":0},{"Id":70,"V":6,"NV":0,"TB":0},{"Id":74,"V":5,"NV":0,"TB":0},{"Id":81,"V":5,"NV":0,"TB":0},{"Id":83,"V":5,"NV":0,"TB":0},{"Id":88,"V":5,"NV":0,"TB":0},{"Id":67,"V":4,"NV":0,"TB":0},{"Id":68,"V":4,"NV":0,"TB":0},{"Id":66,"V":3,"NV":0,"TB":0},{"Id":72,"V":3,"NV":0,"TB":0},{"Id":76,"V":3,"NV":0,"TB":0},{"Id":79,"V":3,"NV":0,"TB":0},{"Id":82,"V":3,"NV":0,"TB":0},{"Id":85,"V":3,"NV":0,"TB":0},{"Id":87,"V":3,"NV":0,"TB":0},{"Id":65,"V":2,"NV":0,"TB":0},{"Id":75,"V":2,"NV":0,"TB":0},{"Id":80,"V":1,"NV":0,"TB":0},{"Id":86,"V":1,"NV":0,"TB":1}],[{"Id":78,"V":8,"NV":0,"TB":0},{"Id":84,"V":8,"NV":0,"TB":0},{"Id":70,"V":6,"NV":0,"TB":0},{"Id":74,"V":5,"NV":0,"TB":0},{"Id":81,"V":5,"NV":0,"TB":0},{"Id":83,"V":5,"NV":0,"TB":0},{"Id":88,"V":5,"NV":0,"TB":0},{"Id":67,"V":4,"NV":0,"TB":0},{"Id":68,"V":4,"NV":0,"TB":0},{"Id":66,"V":3,"NV":0,"TB":0},{"Id":72,"V":3,"NV":0,"TB":0},{"Id":76,"V":3,"NV":0,"TB":0},{"Id":79,"V":3,"NV":0,"TB":0},{"Id":82,"V":3,"NV":0,"TB":0},{"Id":85,"V":3,"NV":0,"TB":0},{"Id":87,"V":3,"NV":0,"TB":0},{"Id":65,"V":2,"NV":0,"TB":0},{"Id":75,"V":2,"NV":0,"TB":0},{"Id":80,"V":2,"NV":1,"TB":1}],[{"Id":78,"V":8,"NV":0,"TB":0},{"Id":84,"V":8,"NV":0,"TB":0},{"Id":70,"V":6,"NV":0,"TB":0},{"Id":74,"V":5,"NV":0,"TB":0},{"Id":81,"V":5,"NV":0,"TB":0},{"Id":83,"V":5,"NV":0,"TB":0},{"Id":88,"V":5,"NV":0,"TB":0},{"Id":67,"V":4,"NV":0,"TB":0},{"Id":68,"V":4,"NV":0,"TB":0},{"Id":76,"V":4,"NV":1,"TB":0},{"Id":85,"V":4,"NV":1,"TB":0},{"Id":66,"V":3,"NV":0,"TB":0},{"Id":72,"V":3,"NV":0,"TB":0},{"Id":79,"V":3,"NV":0,"TB":0},{"Id":82,"V":3,"NV":0,"TB":0},{"Id":87,"V":3,"NV":0,"TB":0},{"Id":65,"V":2,"NV":0,"TB":0},{"Id":75,"V":2,"NV":0,"TB":1}],[{"Id":78,"V":8,"NV":0,"TB":0},{"Id":84,"V":8,"NV":0,"TB":0},{"Id":70,"V":6,"NV":0,"TB":0},{"Id":68,"V":5,"NV":1,"TB":0},{"Id":74,"V":5,"NV":0,"TB":0},{"Id":81,"V":5,"NV":0,"TB":0},{"Id":83,"V":5,"NV":0,"TB":0},{"Id":88,"V":5,"NV":0,"TB":0},{"Id":67,"V":4,"NV":0,"TB":0},{"Id":76,"V":4,"NV":0,"TB":0},{"Id":82,"V":4,"NV":1,"TB":0},{"Id":85,"V":4,"NV":0,"TB":0},{"Id":66,"V":3,"NV":0,"TB":0},{"Id":72,"V":3,"NV":0,"TB":0},{"Id":79,"V":3,"NV":0,"TB":0},{"Id":87,"V":3,"NV":0,"TB":0},{"Id":65,"V":2,"NV":0,"TB":0}],[{"Id":78,"V":8,"NV":0,"TB":0},{"Id":84,"V":8,"NV":0,"TB":0},{"Id":70,"V":7,"NV":1,"TB":0},{"Id":68,"V":5,"NV":0,"TB":0},{"Id":74,"V":5,"NV":0,"TB":0},{"Id":81,"V":5,"NV":0,"TB":0},{"Id":83,"V":5,"NV":0,"TB":0},{"Id":85,"V":5,"NV":1,"TB":0},{"Id":88,"V":5,"NV":0,"TB":0},{"Id":67,"V":4,"NV":0,"TB":0},{"Id":76,"V":4,"NV":0,"TB":0},{"Id":82,"V":4,"NV":0,"TB":0},{"Id":72,"V":3,"NV":0,"TB":0},{"Id":79,"V":3,"NV":0,"TB":0},{"Id":87,"V":3,"NV":0,"TB":0},{"Id":66,"V":3,"NV":0,"TB":4}],[{"Id":84,"V":9,"NV":1,"TB":0},{"Id":78,"V":8,"NV":0,"TB":0},{"Id":70,"V":7,"NV":0,"TB":0},{"Id":85,"V":6,"NV":1,"TB":0},{"Id":68,"V":5,"NV":0,"TB":0},{"Id":74,"V":5,"NV":0,"TB":0},{"Id":81,"V":5,"NV":0,"TB":0},{"Id":83,"V":5,"NV":0,"TB":0},{"Id":88,"V":5,"NV":0,"TB":0},{"Id":67,"V":4,"NV":0,"TB":0},{"Id":76,"V":4,"NV":0,"TB":0},{"Id":82,"V":4,"NV":0,"TB":0},{"Id":87,"V":4,"NV":1,"TB":0},{"Id":72,"V":3,"NV":0,"TB":0},{"Id":79,"V":3,"NV":0,"TB":1}],[{"Id":84,"V":9,"NV":0,"TB":0},{"Id":70,"V":8,"NV":1,"TB":0},{"Id":78,"V":8,"NV":0,"TB":0},{"Id":74,"V":6,"NV":1,"TB":0},{"Id":85,"V":6,"NV":0,"TB":0},{"Id":68,"V":5,"NV":0,"TB":0},{"Id":81,"V":5,"NV":0,"TB":0},{"Id":83,"V":5,"NV":0,"TB":0},{"Id":88,"V":5,"NV":0,"TB":0},{"Id":72,"V":4,"NV":1,"TB":0},{"Id":76,"V":4,"NV":0,"TB":0},{"Id":82,"V":4,"NV":0,"TB":0},{"Id":87,"V":4,"NV":0,"TB":0},{"Id":67,"V":4,"NV":0,"TB":5}],[{"Id":70,"V":9,"NV":1,"TB":0},{"Id":84,"V":9,"NV":0,"TB":0},{"Id":78,"V":8,"NV":0,"TB":0},{"Id":68,"V":6,"NV":1,"TB":0},{"Id":74,"V":6,"NV":0,"TB":0},{"Id":85,"V":6,"NV":0,"TB":0},{"Id":88,"V":6,"NV":1,"TB":0},{"Id":81,"V":5,"NV":0,"TB":0},{"Id":83,"V":5,"NV":0,"TB":0},{"Id":87,"V":5,"NV":1,"TB":0},{"Id":72,"V":4,"NV":0,"TB":0},{"Id":76,"V":4,"NV":0,"TB":0},{"Id":82,"V":4,"NV":0,"TB":1}],[{"Id":70,"V":11,"NV":2,"TB":0},{"Id":84,"V":10,"NV":1,"TB":0},{"Id":78,"V":8,"NV":0,"TB":0},{"Id":68,"V":6,"NV":0,"TB":0},{"Id":74,"V":6,"NV":0,"TB":0},{"Id":85,"V":6,"NV":0,"TB":0},{"Id":88,"V":6,"NV":0,"TB":0},{"Id":76,"V":5,"NV":1,"TB":0},{"Id":81,"V":5,"NV":0,"TB":0},{"Id":83,"V":5,"NV":0,"TB":0},{"Id":87,"V":5,"NV":0,"TB":0},{"Id":72,"V":4,"NV":0,"TB":0}],[{"Id":70,"V":11,"NV":0,"TB":0},{"Id":84,"V":10,"NV":0,"TB":0},{"Id":78,"V":8,"NV":0,"TB":0},{"Id":81,"V":7,"NV":2,"TB":0},{"Id":68,"V":6,"NV":0,"TB":0},{"Id":74,"V":6,"NV":0,"TB":0},{"Id":85,"V":6,"NV":0,"TB":0},{"Id":87,"V":6,"NV":1,"TB":0},{"Id":88,"V":6,"NV":0,"TB":0},{"Id":83,"V":5,"NV":0,"TB":0},{"Id":76,"V":5,"NV":0,"TB":2}],[{"Id":84,"V":12,"NV":2,"TB":0},{"Id":70,"V":11,"NV":0,"TB":0},{"Id":78,"V":9,"NV":1,"TB":0},{"Id":68,"V":7,"NV":1,"TB":0},{"Id":81,"V":7,"NV":0,"TB":0},{"Id":74,"V":6,"NV":0,"TB":0},{"Id":85,"V":6,"NV":0,"TB":0},{"Id":87,"V":6,"NV":0,"TB":0},{"Id":88,"V":6,"NV":0,"TB":0},{"Id":83,"V":5,"NV":0,"TB":0}],[{"Id":84,"V":12,"NV":0,"TB":0},{"Id":70,"V":11,"NV":0,"TB":0},{"Id":78,"V":9,"NV":0,"TB":0},{"Id":74,"V":8,"NV":2,"TB":0},{"Id":87,"V":8,"NV":2,"TB":0},{"Id":68,"V":7,"NV":0,"TB":0},{"Id":81,"V":7,"NV":0,"TB":0},{"Id":88,"V":7,"NV":1,"TB":0},{"Id":85,"V":6,"NV":0,"TB":0}],[{"Id":84,"V":12,"NV":0,"TB":0},{"Id":70,"V":11,"NV":0,"TB":0},{"Id":74,"V":10,"NV":2,"TB":0},{"Id":78,"V":10,"NV":1,"TB":0},{"Id":81,"V":8,"NV":1,"TB":0},{"Id":87,"V":8,"NV":0,"TB":0},{"Id":88,"V":8,"NV":1,"TB":0},{"Id":68,"V":7,"NV":0,"TB":0}],[{"Id":70,"V":13,"NV":2,"TB":0},{"Id":74,"V":12,"NV":2,"TB":0},{"Id":84,"V":12,"NV":0,"TB":0},{"Id":78,"V":11,"NV":1,"TB":0},{"Id":88,"V":9,"NV":1,"TB":0},{"Id":87,"V":8,"NV":0,"TB":0},{"Id":81,"V":8,"NV":0,"TB":2}],[{"Id":70,"V":16,"NV":3,"TB":0},{"Id":74,"V":13,"NV":1,"TB":0},{"Id":84,"V":13,"NV":1,"TB":0},{"Id":78,"V":11,"NV":0,"TB":0},{"Id":88,"V":11,"NV":2,"TB":0},{"Id":87,"V":8,"NV":0,"TB":0}],[{"Id":70,"V":18,"NV":2,"TB":0},{"Id":74,"V":16,"NV":3,"TB":0},{"Id":78,"V":13,"NV":2,"TB":0},{"Id":84,"V":13,"NV":0,"TB":0},{"Id":88,"V":11,"NV":0,"TB":0}],[{"Id":70,"V":20,"NV":2,"TB":0},{"Id":74,"V":18,"NV":2,"TB":0},{"Id":84,"V":14,"NV":1,"TB":0},{"Id":78,"V":14,"NV":1,"TB":2}],[{"Id":70,"V":24,"NV":4,"TB":0},{"Id":84,"V":18,"NV":4,"TB":0},{"Id":74,"V":18,"NV":0,"TB":2}],[{"Id":70,"V":27,"NV":3,"TB":0},{"Id":84,"V":23,"NV":5,"TB":0}],[{"Id":70,"V":38,"NV":11,"TB":0}]],"Expires":1607908433,"SecondsLeft":0}