{"Mtype":"results","Title":"Round 1","PollStarted":"2020-02-16T21:58:29.066856226Z","PollDuration":600000000000,"Options":{"65":"How did Mike get his scar?","66":"Flora and Kathrin Tea Time","67":"Adira gets a bit carried away taste testing a new ale at the tavern.","68":"Raine reacting to Legosi's blue/grey colour and shy demeanor","69":"Family Valentines: Trace and Flora sharing the love with their unborn child","70":"Mike gets a passionate valentine kiss from his admirers in the bunny village.","71":"Paleontologist Zen uncovering an ancient dragon skull.","72":"The explorers get married to their Tiger mates, keidran-style","73":"The main cast dressed as the cast of Bravely Default (Trace=Tiz, Flora=Agnes, Keith=Ringabel, Natani=Edea)","74":"Half-kind Raine angrily shouts at Mary and Euchre for Neglecting and abandoning her respectively, saying she's proud of who she is-Keidran, Halfkind or Human.","75":"A desperate, coffee deprived Landen brawls with an enthusiastic King Adelaide over who's first in line at the local coffee shop.","76":"An older, grizzled Keith drinking away his sorrows at a tavern/bar crying about how he couldn't save Alaric or Laura and now Natani.","77":"Cute Natani Curled Up Redraw","78":"How would the fight between Trace and Mary have gone if she had somehow reflected his spell back at him?","79":"Laura emotion/facial expression chart.","80":"Young Rose Body Pillow/Daki","81":"Adelaide's First Date Part 2: Maddie's Father tries to flee the castle the morning after, but Adelaide won't let him go!","82":"Redraw Originally plain cat keidran Flora","83":"Kathrin goes to ask Eric to be her valentine but he's too preoccupied with Eliras","84":"The main cast dressed as Disney Princesses, all female.","85":"Preparing for the Saria and Trace wedding. Saria asks Rose to be her bridesmaid. Rose doubts this is a good idea but Saria convinces her.","86":"Young Rose and Saria sit drunk in the wine cellar on the floor, and celebrating their friendship.","87":"Nora being pampered by her many obedient Trace clones."},"ExpectedBallots":52,"CountedBallots":52,"Ballots":["G","FAGVUQHCBRTWOJKPEMS","JDGVM","K","NJAOULFCSMGQVPEHRKWBTID","MH","FPVLAD","NEUJAHVRO","HPNRW","CGTW","QUFVHC","ANQVTC","L","QMPEC","AUVNSRBKCFPEJM","EFHMGVUNBSRT","VUNAJF","QHFLCPOUKVTRMAJISEDBGNW","HQECWDUKS","FS","HVFBQG","H","BAPOCUJSQHMFND","JFVG","QDEMGOAKVUSFIJPLCHTRNBW","FAMCBPWTGEHSQURNVKOJD","OWTLDP","EM","HQUVOLEJDGFMWARBITKNCSP","VSAQMUCO","BSRKFACWHN","NACQKVGORJE","SQRFBEMHUW","QVABUGKEHMONSFRDCLPITJW","B","OCVPULWNIFMTJRHAG","ARCKQ","KVOMARCHUBQPGJSTFEW","FAMBCH","OLRNVGIPF","UWRAMQOPVHSG","NCA","RMBAN","ROADUKNQ","HVCNS","CAVPB","BVOWQCILPSAT","HSPRCOAV","VGBPUO","JUHGKN","BTMHD","E"],"Placements":[[{"Id":72,"V":7,"NV":7,"TB":0},{"Id":66,"V":5,"NV":5,"TB":0},{"Id":70,"V":5,"NV":5,"TB":0},{"Id":81,"V":5,"NV":5,"TB":0},{"Id":78,"V":4,"NV":4,"TB":0},{"Id":65,"V":3,"NV":3,"TB":0},{"Id":69,"V":3,"NV":3,"TB":0},{"Id":74,"V":3,"NV":3,"TB":0},{"Id":79,"V":3,"NV":3,"TB":0},{"Id":86,"V":3,"NV":3,"TB":0},{"Id":67,"V":2,"NV":2,"TB":0},{"Id":75,"V":2,"NV":2,"TB":0},{"Id":82,"V":2,"NV":2,"TB":0},{"Id":71,"V":1,"NV":1,"TB":0},{"Id":76,"V":1,"NV":1,"TB":0},{"Id":77,"V":1,"NV":1,"TB":0},{"Id":83,"V":1,"NV":1,"TB":0},{"Id":85,"V":1,"NV":1,"TB":0},{"Id":68,"V":0,"NV":0,"TB":0},{"Id":73,"V":0,"NV":0,"TB":0},{"Id":84,"V":0,"NV":0,"TB":0},{"Id":87,"V":0,"NV":0,"TB":0},{"Id":80,"V":0,"NV":0,"TB":3}],[{"Id":72,"V":7,"NV":0,"TB":0},{"Id":66,"V":5,"NV":0,"TB":0},{"Id":70,"V":5,"NV":0,"TB":0},{"Id":81,"V":5,"NV":0,"TB":0},{"Id":78,"V":4,"NV":0,"TB":0},{"Id":65,"V":3,"NV":0,"TB":0},{"Id":69,"V":3,"NV":0,"TB":0},{"Id":74,"V":3,"NV":0,"TB":0},{"Id":79,"V":3,"NV":0,"TB":0},{"Id":86,"V":3,"NV":0,"TB":0},{"Id":67,"V":2,"NV":0,"TB":0},{"Id":75,"V":2,"NV":0,"TB":0},{"Id":82,"V":2,"NV":0,"TB":0},{"Id":71,"V":1,"NV":0,"TB":0},{"Id":76,"V":1,"NV":0,"TB":0},{"Id":77,"V":1,"NV":0,"TB":0},{"Id":83,"V":1,"NV":0,"TB":0},{"Id":85,"V":1,"NV":0,"TB":0},{"Id":73,"V":0,"NV":0,"TB":0},{"Id":84,"V":0,"NV":0,"TB":0},{"Id":87,"V":0,"NV":0,"TB":0},{"Id":68,"V":0,"NV":0,"TB":4}],[{"Id":72,"V":7,"NV":0,"TB":0},{"Id":66,"V":5,"NV":0,"TB":0},{"Id":70,"V":5,"NV":0,"TB":0},{"Id":81,"V":5,"NV":0,"TB":0},{"Id":78,"V":4,"NV":0,"TB":0},{"Id":65,"V":3,"NV":0,"TB":0},{"Id":69,"V":3,"NV":0,"TB":0},{"Id":74,"V":3,"NV":0,"TB":0},{"Id":79,"V":3,"NV":0,"TB":0},{"Id":86,"V":3,"NV":0,"TB":0},{"Id":67,"V":2,"NV":0,"TB":0},{"Id":75,"V":2,"NV":0,"TB":0},{"Id":82,"V":2,"NV":0,"TB":0},{"Id":71,"V":1,"NV":0,"TB":0},{"Id":76,"V":1,"NV":0,"TB":0},{"Id":77,"V":1,"NV":0,"TB":0},{"Id":83,"V":1,"NV":0,"TB":0},{"Id":85,"V":1,"NV":0,"TB":0},{"Id":73,"V":0,"NV":0,"TB":0},{"Id":84,"V":0,"NV":0,"TB":0},{"Id":87,"V":0,"NV":0,"TB":1}],[{"Id":72,"V":7,"NV":0,"TB":0},{"Id":66,"V":5,"NV":0,"TB":0},{"Id":70,"V":5,"NV":0,"TB":0},{"Id":81,"V":5,"NV":0,"TB":0},{"Id":78,"V":4,"NV":0,"TB":0},{"Id":65,"V":3,"NV":0,"TB":0},{"Id":69,"V":3,"NV":0,"TB":0},{"Id":74,"V":3,"NV":0,"TB":0},{"Id":79,"V":3,"NV":0,"TB":0},{"Id":86,"V":3,"NV":0,"TB":0},{"Id":67,"V":2,"NV":0,"TB":0},{"Id":75,"V":2,"NV":0,"TB":0},{"Id":82,"V":2,"NV":0,"TB":0},{"Id":71,"V":1,"NV":0,"TB":0},{"Id":76,"V":1,"NV":0,"TB":0},{"Id":77,"V":1,"NV":0,"TB":0},{"Id":83,"V":1,"NV":0,"TB":0},{"Id":85,"V":1,"NV":0,"TB":0},{"Id":84,"V":0,"NV":0,"TB":0},{"Id":73,"V":0,"NV":0,"TB":2}],[{"Id":72,"V":7,"NV":0,"TB":0},{"Id":66,"V":5,"NV":0,"TB":0},{"Id":70,"V":5,"NV":0,"TB":0},{"Id":81,"V":5,"NV":0,"TB":0},{"Id":78,"V":4,"NV":0,"TB":0},{"Id":65,"V":3,"NV":0,"TB":0},{"Id":69,"V":3,"NV":0,"TB":0},{"Id":74,"V":3,"NV":0,"TB":0},{"Id":79,"V":3,"NV":0,"TB":0},{"Id":86,"V":3,"NV":0,"TB":0},{"Id":67,"V":2,"NV":0,"TB":0},{"Id":75,"V":2,"NV":0,"TB":0},{"Id":82,"V":2,"NV":0,"TB":0},{"Id":71,"V":1,"NV":0,"TB":0},{"Id":76,"V":1,"NV":0,"TB":0},{"Id":77,"V":1,"NV":0,"TB":0},{"Id":83,"V":1,"NV":0,"TB":0},{"Id":85,"V":1,"NV":0,"TB":0},{"Id":84,"V":0,"NV":0,"TB":0}],[{"Id":72,"V":7,"NV":0,"TB":0},{"Id":66,"V":5,"NV":0,"TB":0},{"Id":70,"V":5,"NV":0,"TB":0},{"Id":81,"V":5,"NV":0,"TB":0},{"Id":78,"V":4,"NV":0,"TB":0},{"Id":65,"V":3,"NV":0,"TB":0},{"Id":69,"V":3,"NV":0,"TB":0},{"Id":74,"V":3,"NV":0,"TB":0},{"Id":79,"V":3,"NV":0,"TB":0},{"Id":86,"V":3,"NV":0,"TB":0},{"Id":67,"V":2,"NV":0,"TB":0},{"Id":75,"V":2,"NV":0,"TB":0},{"Id":82,"V":2,"NV":0,"TB":0},{"Id":71,"V":1,"NV":0,"TB":0},{"Id":76,"V":1,"NV":0,"TB":0},{"Id":77,"V":1,"NV":0,"TB":0},{"Id":85,"V":1,"NV":0,"TB":0},{"Id":83,"V":1,"NV":0,"TB":2}],[{"Id":72,"V":7,"NV":0,"TB":0},{"Id":81,"V":6,"NV":1,"TB":0},{"Id":66,"V":5,"NV":0,"TB":0},{"Id":70,"V":5,"NV":0,"TB":0},{"Id":78,"V":4,"NV":0,"TB":0},{"Id":65,"V":3,"NV":0,"TB":0},{"Id":69,"V":3,"NV":0,"TB":0},{"Id":74,"V":3,"NV":0,"TB":0},{"Id":79,"V":3,"NV":0,"TB":0},{"Id":86,"V":3,"NV":0,"TB":0},{"Id":67,"V":2,"NV":0,"TB":0},{"Id":75,"V":2,"NV":0,"TB":0},{"Id":82,"V":2,"NV":0,"TB":0},{"Id":71,"V":1,"NV":0,"TB":0},{"Id":77,"V":1,"NV":0,"TB":0},{"Id":85,"V":1,"NV":0,"TB":0},{"Id":76,"V":1,"NV":0,"TB":3}],[{"Id":72,"V":7,"NV":0,"TB":0},{"Id":81,"V":6,"NV":0,"TB":0},{"Id":66,"V":5,"NV":0,"TB":0},{"Id":70,"V":5,"NV":0,"TB":0},{"Id":78,"V":4,"NV":0,"TB":0},{"Id":65,"V":3,"NV":0,"TB":0},{"Id":69,"V":3,"NV":0,"TB":0},{"Id":74,"V":3,"NV":0,"TB":0},{"Id":79,"V":3,"NV":0,"TB":0},{"Id":86,"V":3,"NV":0,"TB":0},{"Id":67,"V":2,"NV":0,"TB":0},{"Id":75,"V":2,"NV":0,"TB":0},{"Id":82,"V":2,"NV":0,"TB":0},{"Id":77,"V":1,"NV":0,"TB":0},{"Id":85,"V":1,"NV":0,"TB":0},{"Id":71,"V":1,"NV":0,"TB":3}],[{"Id":72,"V":7,"NV":0,"TB":0},{"Id":81,"V":6,"NV":0,"TB":0},{"Id":66,"V":5,"NV":0,"TB":0},{"Id":70,"V":5,"NV":0,"TB":0},{"Id":78,"V":4,"NV":0,"TB":0},{"Id":65,"V":3,"NV":0,"TB":0},{"Id":69,"V":3,"NV":0,"TB":0},{"Id":74,"V":3,"NV":0,"TB":0},{"Id":79,"V":3,"NV":0,"TB":0},{"Id":86,"V":3,"NV":0,"TB":0},{"Id":67,"V":2,"NV":0,"TB":0},{"Id":75,"V":2,"NV":0,"TB":0},{"Id":82,"V":2,"NV":0,"TB":0},{"Id":85,"V":1,"NV":0,"TB":0},{"Id":77,"V":1,"NV":0,"TB":2}],[{"Id":72,"V":8,"NV":1,"TB":0},{"Id":81,"V":6,"NV":0,"TB":0},{"Id":66,"V":5,"NV":0,"TB":0},{"Id":70,"V":5,"NV":0,"TB":0},{"Id":78,"V":4,"NV":0,"TB":0},{"Id":65,"V":3,"NV":0,"TB":0},{"Id":69,"V":3,"NV":0,"TB":0},{"Id":74,"V":3,"NV":0,"TB":0},{"Id":79,"V":3,"NV":0,"TB":0},{"Id":86,"V":3,"NV":0,"TB":0},{"Id":67,"V":2,"NV":0,"TB":0},{"Id":75,"V":2,"NV":0,"TB":0},{"Id":82,"V":2,"NV":0,"TB":0},{"Id":85,"V":1,"NV":0,"TB":0}],[{"Id":72,"V":8,"NV":0,"TB":0},{"Id":81,"V":6,"NV":0,"TB":0},{"Id":66,"V":5,"NV":0,"TB":0},{"Id":70,"V":5,"NV":0,"TB":0},{"Id":78,"V":4,"NV":0,"TB":0},{"Id":65,"V":3,"NV":0,"TB":0},{"Id":69,"V":3,"NV":0,"TB":0},{"Id":74,"V":3,"NV":0,"TB":0},{"Id":79,"V":3,"NV":0,"TB":0},{"Id":82,"V":3,"NV":1,"TB":0},{"Id":86,"V":3,"NV":0,"TB":0},{"Id":75,"V":2,"NV":0,"TB":0},{"Id":67,"V":2,"NV":0,"TB":2}],[{"Id":72,"V":8,"NV":0,"TB":0},{"Id":81,"V":6,"NV":0,"TB":0},{"Id":66,"V":5,"NV":0,"TB":0},{"Id":70,"V":5,"NV":0,"TB":0},{"Id":65,"V":4,"NV":1,"TB":0},{"Id":78,"V":4,"NV":0,"TB":0},{"Id":69,"V":3,"NV":0,"TB":0},{"Id":74,"V":3,"NV":0,"TB":0},{"Id":79,"V":3,"NV":0,"TB":0},{"Id":82,"V":3,"NV":0,"TB":0},{"Id":86,"V":3,"NV":0,"TB":0},{"Id":75,"V":2,"NV":0,"TB":0}],[{"Id":72,"V":8,"NV":0,"TB":0},{"Id":81,"V":6,"NV":0,"TB":0},{"Id":66,"V":5,"NV":0,"TB":0},{"Id":70,"V":5,"NV":0,"TB":0},{"Id":65,"V":4,"NV":0,"TB":0},{"Id":78,"V":4,"NV":0,"TB":0},{"Id":86,"V":4,"NV":1,"TB":0},{"Id":69,"V":3,"NV":0,"TB":0},{"Id":74,"V":3,"NV":0,"TB":0},{"Id":82,"V":3,"NV":0,"TB":0},{"Id":79,"V":3,"NV":0,"TB":2}],[{"Id":72,"V":8,"NV":0,"TB":0},{"Id":81,"V":6,"NV":0,"TB":0},{"Id":66,"V":5,"NV":0,"TB":0},{"Id":70,"V":5,"NV":0,"TB":0},{"Id":86,"V":5,"NV":1,"TB":0},{"Id":65,"V":4,"NV":0,"TB":0},{"Id":78,"V":4,"NV":0,"TB":0},{"Id":82,"V":4,"NV":1,"TB":0},{"Id":74,"V":3,"NV":0,"TB":0},{"Id":69,"V":3,"NV":0,"TB":2}],[{"Id":72,"V":8,"NV":0,"TB":0},{"Id":70,"V":6,"NV":1,"TB":0},{"Id":81,"V":6,"NV":0,"TB":0},{"Id":66,"V":5,"NV":0,"TB":0},{"Id":86,"V":5,"NV":0,"TB":0},{"Id":65,"V":4,"NV":0,"TB":0},{"Id":78,"V":4,"NV":0,"TB":0},{"Id":82,"V":4,"NV":0,"TB":0},{"Id":74,"V":3,"NV":0,"TB":0}],[{"Id":72,"V":9,"NV":1,"TB":0},{"Id":70,"V":7,"NV":1,"TB":0},{"Id":81,"V":6,"NV":0,"TB":0},{"Id":86,"V":6,"NV":1,"TB":0},{"Id":66,"V":5,"NV":0,"TB":0},{"Id":78,"V":4,"NV":0,"TB":0},{"Id":82,"V":4,"NV":0,"TB":0},{"Id":65,"V":4,"NV":0,"TB":3}],[{"Id":72,"V":9,"NV":0,"TB":0},{"Id":86,"V":8,"NV":2,"TB":0},{"Id":70,"V":7,"NV":0,"TB":0},{"Id":81,"V":6,"NV":0,"TB":0},{"Id":66,"V":5,"NV":0,"TB":0},{"Id":82,"V":5,"NV":1,"TB":0},{"Id":78,"V":5,"NV":1,"TB":2}],[{"Id":72,"V":10,"NV":1,"TB":0},{"Id":70,"V":8,"NV":1,"TB":0},{"Id":81,"V":8,"NV":2,"TB":0},{"Id":86,"V":8,"NV":0,"TB":0},{"Id":82,"V":5,"NV":0,"TB":0},{"Id":66,"V":5,"NV":0,"TB":2}],[{"Id":72,"V":11,"NV":1,"TB":0},{"Id":81,"V":9,"NV":1,"TB":0},{"Id":86,"V":9,"NV":1,"TB":0},{"Id":70,"V":8,"NV":0,"TB":0},{"Id":82,"V":6,"NV":1,"TB":0}],[{"Id":81,"V":12,"NV":3,"TB":0},{"Id":72,"V":11,"NV":0,"TB":0},{"Id":86,"V":10,"NV":1,"TB":0},{"Id":70,"V":9,"NV":1,"TB":0}],[{"Id":72,"V":15,"NV":4,"TB":0},{"Id":81,"V":13,"NV":1,"TB":0},{"Id":86,"V":13,"NV":3,"TB":1}],[{"Id":72,"V":17,"NV":2,"TB":0},{"Id":81,"V":16,"NV":3,"TB":0}],[{"Id":72,"V":26,"NV":9,"TB":0}]],"Expires":1581891509,"SecondsLeft":0}