{"Mtype":"results","Title":"Round 2","PollStarted":"2020-04-12T23:24:50.013734336Z","PollDuration":600000000000,"Options":{"65":"Natani and Yena from Join the Pack! Making manly poses together ","66":"Natani dressed as Red Savarin, and Keith dressed as Elh Melizée from Solatorobo","67":"Office Secretary Flora showing off her new suit with a confident pose","68":"Keith and Alaric's nude sauna outing","69":"Keith and Natani stargazing on a hill","70":"Maddie and Landen accidentally make a coffee so strong, it turns into a coffee elemental. ","71":"Taking Adelaide's advice, Natani tries showing Keith some traditional Wolf romance. It goes surprisingly well","72":"Kat in a Maid outfit","73":"Good Morning Nibbly, except she's a small squirrel on a regular bed.","74":"The floor is lava two (ft. Flora)","75":"A good morning pose. This time for female Mike.","76":"Nora and Reni meet in their human forms for the first time, with Nora complementing a blushing Reni for \"creating such an alluring form\"","77":"Kat massages Zens paws","78":"Flora and Kat as living plush","79":"WW2 desert snipers Laura and Keith","80":"Pop Star Cat Nora","81":"Good Morning Tigress Trace","82":"Erik finds Mike's panties that were made by Kat and in turn mikes secret","83":"Size shenanigans turn Flora into a giant tigress","84":"While the girls do the hula a male Western Basitin teaches the boys Keith, Natani and Zen how to do the Haka.","85":"The trace gang as children playing tag.","86":"Don't know how he managed to get her to agree to this, but Nora takes Zen and human Raine up above the clouds so they can watch the star-filled nights sky.","87":"Kathrin as a mad scientist in front of huge Tesla coil, trying experiments on Mike.","88":"Traditional snow leopard celebration","89":"Kathrin strips clothes from her dolls, unknowingly making her friends strip too"},"ExpectedBallots":57,"CountedBallots":57,"Ballots":["V","CHNMYLR","HXICYDRATULQWPESFKNJGBMV","OWTJFRUGLMCK","RQKLYWGPU","RKGTDXWIYHMEVLUOSCPJBQFA","","ESGFIMV","GEUJ","QNERWCJKYIGXOV","GERFHDPK","XPBLCQHVKGO","GYISXULRECTH","XTC","KGQYRWNPLS","YWGVCHXQSJI","BEGXL","MLHEXS","TCEDFLVRGBPAMWUY","GTKEQDXYWMBIUSAFHRNJCOLPV","RDTYHMLEGFCSXKPUQVJNIWOBA","KJHYQSP","LUQSJCPXKRG","XGT","SPQRLK","SWOX","GVYT","GEB","GE","WDHCNY","HDWPYCRLFUENTQXGOJVBSIKA","SRDMOWGKNTQLYEXJCFH","YCJOXPESTFUGKLV","OPFXGWIBNQHURV","N","HL","GTWXJCEY","TFONJLSKXRVIMWCHAYQPDBUGE","LGPYHI","TFCV","HWCPNYML","DYL","OUVQPNC","ECDGM","WY","KVJLGSEDFTCOPUYQHWMRIANXB","MPW","POERWUHK","UWOLCKQRA","OIEPWSULMV","HJGF","H","QPSGJTIDCEYNWLFVMORXHBAUK","FOMTEWHYDQA","T","ODCLWPUSHXQFTKRYIGNJ","JCU"],"Placements":[[{"Id":71,"V":8,"NV":8,"TB":0},{"Id":72,"V":6,"NV":6,"TB":0},{"Id":79,"V":5,"NV":5,"TB":0},{"Id":84,"V":4,"NV":4,"TB":0},{"Id":75,"V":3,"NV":3,"TB":0},{"Id":82,"V":3,"NV":3,"TB":0},{"Id":83,"V":3,"NV":3,"TB":0},{"Id":88,"V":3,"NV":3,"TB":0},{"Id":69,"V":2,"NV":2,"TB":0},{"Id":76,"V":2,"NV":2,"TB":0},{"Id":77,"V":2,"NV":2,"TB":0},{"Id":81,"V":2,"NV":2,"TB":0},{"Id":87,"V":2,"NV":2,"TB":0},{"Id":89,"V":2,"NV":2,"TB":0},{"Id":66,"V":1,"NV":1,"TB":0},{"Id":67,"V":1,"NV":1,"TB":0},{"Id":68,"V":1,"NV":1,"TB":0},{"Id":70,"V":1,"NV":1,"TB":0},{"Id":74,"V":1,"NV":1,"TB":0},{"Id":78,"V":1,"NV":1,"TB":0},{"Id":80,"V":1,"NV":1,"TB":0},{"Id":85,"V":1,"NV":1,"TB":0},{"Id":86,"V":1,"NV":1,"TB":0},{"Id":73,"V":0,"NV":0,"TB":0},{"Id":65,"V":0,"NV":0,"TB":2}],[{"Id":71,"V":8,"NV":0,"TB":0},{"Id":72,"V":6,"NV":0,"TB":0},{"Id":79,"V":5,"NV":0,"TB":0},{"Id":84,"V":4,"NV":0,"TB":0},{"Id":75,"V":3,"NV":0,"TB":0},{"Id":82,"V":3,"NV":0,"TB":0},{"Id":83,"V":3,"NV":0,"TB":0},{"Id":88,"V":3,"NV":0,"TB":0},{"Id":69,"V":2,"NV":0,"TB":0},{"Id":76,"V":2,"NV":0,"TB":0},{"Id":77,"V":2,"NV":0,"TB":0},{"Id":81,"V":2,"NV":0,"TB":0},{"Id":87,"V":2,"NV":0,"TB":0},{"Id":89,"V":2,"NV":0,"TB":0},{"Id":66,"V":1,"NV":0,"TB":0},{"Id":67,"V":1,"NV":0,"TB":0},{"Id":68,"V":1,"NV":0,"TB":0},{"Id":70,"V":1,"NV":0,"TB":0},{"Id":74,"V":1,"NV":0,"TB":0},{"Id":78,"V":1,"NV":0,"TB":0},{"Id":80,"V":1,"NV":0,"TB":0},{"Id":85,"V":1,"NV":0,"TB":0},{"Id":86,"V":1,"NV":0,"TB":0},{"Id":73,"V":0,"NV":0,"TB":0}],[{"Id":71,"V":8,"NV":0,"TB":0},{"Id":72,"V":6,"NV":0,"TB":0},{"Id":79,"V":5,"NV":0,"TB":0},{"Id":84,"V":4,"NV":0,"TB":0},{"Id":75,"V":3,"NV":0,"TB":0},{"Id":82,"V":3,"NV":0,"TB":0},{"Id":83,"V":3,"NV":0,"TB":0},{"Id":88,"V":3,"NV":0,"TB":0},{"Id":69,"V":2,"NV":0,"TB":0},{"Id":76,"V":2,"NV":0,"TB":0},{"Id":77,"V":2,"NV":0,"TB":0},{"Id":81,"V":2,"NV":0,"TB":0},{"Id":87,"V":2,"NV":0,"TB":0},{"Id":89,"V":2,"NV":0,"TB":0},{"Id":67,"V":1,"NV":0,"TB":0},{"Id":68,"V":1,"NV":0,"TB":0},{"Id":70,"V":1,"NV":0,"TB":0},{"Id":74,"V":1,"NV":0,"TB":0},{"Id":78,"V":1,"NV":0,"TB":0},{"Id":80,"V":1,"NV":0,"TB":0},{"Id":85,"V":1,"NV":0,"TB":0},{"Id":86,"V":1,"NV":0,"TB":0},{"Id":66,"V":1,"NV":0,"TB":9}],[{"Id":71,"V":8,"NV":0,"TB":0},{"Id":72,"V":6,"NV":0,"TB":0},{"Id":79,"V":5,"NV":0,"TB":0},{"Id":84,"V":4,"NV":0,"TB":0},{"Id":69,"V":3,"NV":1,"TB":0},{"Id":75,"V":3,"NV":0,"TB":0},{"Id":82,"V":3,"NV":0,"TB":0},{"Id":83,"V":3,"NV":0,"TB":0},{"Id":88,"V":3,"NV":0,"TB":0},{"Id":76,"V":2,"NV":0,"TB":0},{"Id":77,"V":2,"NV":0,"TB":0},{"Id":81,"V":2,"NV":0,"TB":0},{"Id":87,"V":2,"NV":0,"TB":0},{"Id":89,"V":2,"NV":0,"TB":0},{"Id":67,"V":1,"NV":0,"TB":0},{"Id":68,"V":1,"NV":0,"TB":0},{"Id":70,"V":1,"NV":0,"TB":0},{"Id":78,"V":1,"NV":0,"TB":0},{"Id":80,"V":1,"NV":0,"TB":0},{"Id":85,"V":1,"NV":0,"TB":0},{"Id":86,"V":1,"NV":0,"TB":0},{"Id":74,"V":1,"NV":0,"TB":5}],[{"Id":71,"V":8,"NV":0,"TB":0},{"Id":72,"V":6,"NV":0,"TB":0},{"Id":79,"V":5,"NV":0,"TB":0},{"Id":84,"V":4,"NV":0,"TB":0},{"Id":69,"V":3,"NV":0,"TB":0},{"Id":75,"V":3,"NV":0,"TB":0},{"Id":82,"V":3,"NV":0,"TB":0},{"Id":83,"V":3,"NV":0,"TB":0},{"Id":88,"V":3,"NV":0,"TB":0},{"Id":67,"V":2,"NV":1,"TB":0},{"Id":76,"V":2,"NV":0,"TB":0},{"Id":77,"V":2,"NV":0,"TB":0},{"Id":81,"V":2,"NV":0,"TB":0},{"Id":87,"V":2,"NV":0,"TB":0},{"Id":89,"V":2,"NV":0,"TB":0},{"Id":68,"V":1,"NV":0,"TB":0},{"Id":70,"V":1,"NV":0,"TB":0},{"Id":78,"V":1,"NV":0,"TB":0},{"Id":80,"V":1,"NV":0,"TB":0},{"Id":85,"V":1,"NV":0,"TB":0},{"Id":86,"V":1,"NV":0,"TB":1}],[{"Id":71,"V":8,"NV":0,"TB":0},{"Id":72,"V":6,"NV":0,"TB":0},{"Id":79,"V":5,"NV":0,"TB":0},{"Id":84,"V":4,"NV":0,"TB":0},{"Id":69,"V":3,"NV":0,"TB":0},{"Id":75,"V":3,"NV":0,"TB":0},{"Id":82,"V":3,"NV":0,"TB":0},{"Id":83,"V":3,"NV":0,"TB":0},{"Id":88,"V":3,"NV":0,"TB":0},{"Id":67,"V":2,"NV":0,"TB":0},{"Id":76,"V":2,"NV":0,"TB":0},{"Id":77,"V":2,"NV":0,"TB":0},{"Id":81,"V":2,"NV":0,"TB":0},{"Id":87,"V":2,"NV":0,"TB":0},{"Id":89,"V":2,"NV":0,"TB":0},{"Id":68,"V":1,"NV":0,"TB":0},{"Id":70,"V":1,"NV":0,"TB":0},{"Id":80,"V":1,"NV":0,"TB":0},{"Id":85,"V":1,"NV":0,"TB":0},{"Id":78,"V":1,"NV":0,"TB":3}],[{"Id":71,"V":8,"NV":0,"TB":0},{"Id":72,"V":6,"NV":0,"TB":0},{"Id":79,"V":5,"NV":0,"TB":0},{"Id":84,"V":4,"NV":0,"TB":0},{"Id":69,"V":3,"NV":0,"TB":0},{"Id":75,"V":3,"NV":0,"TB":0},{"Id":82,"V":3,"NV":0,"TB":0},{"Id":83,"V":3,"NV":0,"TB":0},{"Id":88,"V":3,"NV":0,"TB":0},{"Id":67,"V":2,"NV":0,"TB":0},{"Id":76,"V":2,"NV":0,"TB":0},{"Id":77,"V":2,"NV":0,"TB":0},{"Id":81,"V":2,"NV":0,"TB":0},{"Id":87,"V":2,"NV":0,"TB":0},{"Id":89,"V":2,"NV":0,"TB":0},{"Id":68,"V":1,"NV":0,"TB":0},{"Id":70,"V":1,"NV":0,"TB":0},{"Id":85,"V":1,"NV":0,"TB":0},{"Id":80,"V":1,"NV":0,"TB":2}],[{"Id":71,"V":8,"NV":0,"TB":0},{"Id":72,"V":6,"NV":0,"TB":0},{"Id":79,"V":6,"NV":1,"TB":0},{"Id":84,"V":4,"NV":0,"TB":0},{"Id":69,"V":3,"NV":0,"TB":0},{"Id":75,"V":3,"NV":0,"TB":0},{"Id":82,"V":3,"NV":0,"TB":0},{"Id":83,"V":3,"NV":0,"TB":0},{"Id":88,"V":3,"NV":0,"TB":0},{"Id":67,"V":2,"NV":0,"TB":0},{"Id":76,"V":2,"NV":0,"TB":0},{"Id":77,"V":2,"NV":0,"TB":0},{"Id":81,"V":2,"NV":0,"TB":0},{"Id":87,"V":2,"NV":0,"TB":0},{"Id":89,"V":2,"NV":0,"TB":0},{"Id":68,"V":1,"NV":0,"TB":0},{"Id":70,"V":1,"NV":0,"TB":0},{"Id":85,"V":1,"NV":0,"TB":1}],[{"Id":71,"V":8,"NV":0,"TB":0},{"Id":72,"V":6,"NV":0,"TB":0},{"Id":79,"V":6,"NV":0,"TB":0},{"Id":84,"V":4,"NV":0,"TB":0},{"Id":69,"V":3,"NV":0,"TB":0},{"Id":75,"V":3,"NV":0,"TB":0},{"Id":82,"V":3,"NV":0,"TB":0},{"Id":83,"V":3,"NV":0,"TB":0},{"Id":87,"V":3,"NV":1,"TB":0},{"Id":88,"V":3,"NV":0,"TB":0},{"Id":67,"V":2,"NV":0,"TB":0},{"Id":76,"V":2,"NV":0,"TB":0},{"Id":77,"V":2,"NV":0,"TB":0},{"Id":81,"V":2,"NV":0,"TB":0},{"Id":89,"V":2,"NV":0,"TB":0},{"Id":70,"V":1,"NV":0,"TB":0},{"Id":68,"V":1,"NV":0,"TB":2}],[{"Id":71,"V":8,"NV":0,"TB":0},{"Id":72,"V":6,"NV":0,"TB":0},{"Id":79,"V":6,"NV":0,"TB":0},{"Id":84,"V":4,"NV":0,"TB":0},{"Id":69,"V":3,"NV":0,"TB":0},{"Id":75,"V":3,"NV":0,"TB":0},{"Id":82,"V":3,"NV":0,"TB":0},{"Id":83,"V":3,"NV":0,"TB":0},{"Id":87,"V":3,"NV":0,"TB":0},{"Id":88,"V":3,"NV":0,"TB":0},{"Id":89,"V":3,"NV":1,"TB":0},{"Id":67,"V":2,"NV":0,"TB":0},{"Id":76,"V":2,"NV":0,"TB":0},{"Id":77,"V":2,"NV":0,"TB":0},{"Id":81,"V":2,"NV":0,"TB":0},{"Id":70,"V":1,"NV":0,"TB":0}],[{"Id":71,"V":8,"NV":0,"TB":0},{"Id":79,"V":7,"NV":1,"TB":0},{"Id":72,"V":6,"NV":0,"TB":0},{"Id":84,"V":4,"NV":0,"TB":0},{"Id":69,"V":3,"NV":0,"TB":0},{"Id":75,"V":3,"NV":0,"TB":0},{"Id":82,"V":3,"NV":0,"TB":0},{"Id":83,"V":3,"NV":0,"TB":0},{"Id":87,"V":3,"NV":0,"TB":0},{"Id":88,"V":3,"NV":0,"TB":0},{"Id":89,"V":3,"NV":0,"TB":0},{"Id":76,"V":2,"NV":0,"TB":0},{"Id":77,"V":2,"NV":0,"TB":0},{"Id":81,"V":2,"NV":0,"TB":0},{"Id":67,"V":2,"NV":0,"TB":4}],[{"Id":71,"V":8,"NV":0,"TB":0},{"Id":72,"V":7,"NV":1,"TB":0},{"Id":79,"V":7,"NV":0,"TB":0},{"Id":84,"V":4,"NV":0,"TB":0},{"Id":69,"V":3,"NV":0,"TB":0},{"Id":75,"V":3,"NV":0,"TB":0},{"Id":82,"V":3,"NV":0,"TB":0},{"Id":83,"V":3,"NV":0,"TB":0},{"Id":87,"V":3,"NV":0,"TB":0},{"Id":88,"V":3,"NV":0,"TB":0},{"Id":89,"V":3,"NV":0,"TB":0},{"Id":77,"V":2,"NV":0,"TB":0},{"Id":81,"V":2,"NV":0,"TB":0},{"Id":76,"V":2,"NV":0,"TB":3}],[{"Id":71,"V":9,"NV":1,"TB":0},{"Id":72,"V":7,"NV":0,"TB":0},{"Id":79,"V":7,"NV":0,"TB":0},{"Id":84,"V":4,"NV":0,"TB":0},{"Id":69,"V":3,"NV":0,"TB":0},{"Id":75,"V":3,"NV":0,"TB":0},{"Id":81,"V":3,"NV":1,"TB":0},{"Id":82,"V":3,"NV":0,"TB":0},{"Id":83,"V":3,"NV":0,"TB":0},{"Id":87,"V":3,"NV":0,"TB":0},{"Id":88,"V":3,"NV":0,"TB":0},{"Id":89,"V":3,"NV":0,"TB":0},{"Id":77,"V":2,"NV":0,"TB":0}],[{"Id":71,"V":9,"NV":0,"TB":0},{"Id":72,"V":8,"NV":1,"TB":0},{"Id":79,"V":7,"NV":0,"TB":0},{"Id":84,"V":4,"NV":0,"TB":0},{"Id":87,"V":4,"NV":1,"TB":0},{"Id":69,"V":3,"NV":0,"TB":0},{"Id":81,"V":3,"NV":0,"TB":0},{"Id":82,"V":3,"NV":0,"TB":0},{"Id":83,"V":3,"NV":0,"TB":0},{"Id":88,"V":3,"NV":0,"TB":0},{"Id":89,"V":3,"NV":0,"TB":0},{"Id":75,"V":3,"NV":0,"TB":6}],[{"Id":71,"V":11,"NV":2,"TB":0},{"Id":72,"V":9,"NV":1,"TB":0},{"Id":79,"V":7,"NV":0,"TB":0},{"Id":84,"V":4,"NV":0,"TB":0},{"Id":87,"V":4,"NV":0,"TB":0},{"Id":69,"V":3,"NV":0,"TB":0},{"Id":81,"V":3,"NV":0,"TB":0},{"Id":82,"V":3,"NV":0,"TB":0},{"Id":83,"V":3,"NV":0,"TB":0},{"Id":89,"V":3,"NV":0,"TB":0},{"Id":88,"V":3,"NV":0,"TB":2}],[{"Id":71,"V":12,"NV":1,"TB":0},{"Id":72,"V":9,"NV":0,"TB":0},{"Id":79,"V":7,"NV":0,"TB":0},{"Id":84,"V":5,"NV":1,"TB":0},{"Id":81,"V":4,"NV":1,"TB":0},{"Id":87,"V":4,"NV":0,"TB":0},{"Id":69,"V":3,"NV":0,"TB":0},{"Id":82,"V":3,"NV":0,"TB":0},{"Id":83,"V":3,"NV":0,"TB":0},{"Id":89,"V":3,"NV":0,"TB":1}],[{"Id":71,"V":12,"NV":0,"TB":0},{"Id":72,"V":9,"NV":0,"TB":0},{"Id":79,"V":8,"NV":1,"TB":0},{"Id":84,"V":5,"NV":0,"TB":0},{"Id":87,"V":5,"NV":1,"TB":0},{"Id":81,"V":4,"NV":0,"TB":0},{"Id":69,"V":3,"NV":0,"TB":0},{"Id":83,"V":3,"NV":0,"TB":0},{"Id":82,"V":3,"NV":0,"TB":2}],[{"Id":71,"V":13,"NV":1,"TB":0},{"Id":72,"V":9,"NV":0,"TB":0},{"Id":79,"V":8,"NV":0,"TB":0},{"Id":84,"V":6,"NV":1,"TB":0},{"Id":81,"V":5,"NV":1,"TB":0},{"Id":87,"V":5,"NV":0,"TB":0},{"Id":83,"V":3,"NV":0,"TB":0},{"Id":69,"V":3,"NV":0,"TB":2}],[{"Id":71,"V":15,"NV":2,"TB":0},{"Id":72,"V":9,"NV":0,"TB":0},{"Id":79,"V":8,"NV":0,"TB":0},{"Id":84,"V":6,"NV":0,"TB":0},{"Id":81,"V":5,"NV":0,"TB":0},{"Id":87,"V":5,"NV":0,"TB":0},{"Id":83,"V":4,"NV":1,"TB":0}],[{"Id":71,"V":16,"NV":1,"TB":0},{"Id":72,"V":9,"NV":0,"TB":0},{"Id":79,"V":9,"NV":1,"TB":0},{"Id":81,"V":6,"NV":1,"TB":0},{"Id":87,"V":6,"NV":1,"TB":0},{"Id":84,"V":6,"NV":0,"TB":2}],[{"Id":71,"V":17,"NV":1,"TB":0},{"Id":72,"V":10,"NV":1,"TB":0},{"Id":79,"V":10,"NV":1,"TB":0},{"Id":87,"V":6,"NV":0,"TB":0},{"Id":81,"V":6,"NV":0,"TB":2}],[{"Id":71,"V":19,"NV":2,"TB":0},{"Id":72,"V":11,"NV":1,"TB":0},{"Id":79,"V":10,"NV":0,"TB":0},{"Id":87,"V":8,"NV":2,"TB":0}],[{"Id":71,"V":22,"NV":3,"TB":0},{"Id":79,"V":12,"NV":2,"TB":0},{"Id":72,"V":12,"NV":1,"TB":2}],[{"Id":71,"V":27,"NV":5,"TB":0},{"Id":79,"V":12,"NV":0,"TB":0}],[{"Id":71,"V":33,"NV":6,"TB":0}]],"Expires":1586735090,"SecondsLeft":0}