{"Mtype":"results","Title":"Round 2","PollStarted":"2020-08-02T23:18:11.000629534Z","PollDuration":600000000000,"Options":{"65":"Keith comforting Natani during a storm","66":"Willow reference sheet.","67":"Saria finds Rose's habit of going without clothes distracting and begs her to put something on while she works. ","68":"Super embarrassed Reni trying to stop acting like a dog after a mindreading session with puppy goes very wrong!","69":"Laura against the glass.","70":"Zen and Kathrin are looking at the stars on a hill in a beautiful night.","71":"Dog Keidrans playing Poker, featuring Colin. Brutus has the perfect poker face, and has most of the winnings for it.","72":"FemMike introduces Mike to FemEvals","73":"Transformation lapse of Raine ","74":"Adira takes Maeve on a trip to the snow! They find penguins to play with!","75":"cat nora meets windstraw","76":"While Natani is dumping her stash of mana gems from her bindings, Maddie plops out.","77":"Good Morning FemBrutus, the newly transformed Brutus wakes up in bed, Clovis of course has no idea how she got there!","78":"Saria and Rose going for a walk together, Saria keeping her friend dry with her umbrella when it starts to rain.","79":"Nibs steals the wedding rings at the wedding of trace and flora and runs down the the center.","80":"Flora as Lady Opéra from Solatorobo. She may or may not be happy on what ever bust size she appears with though.","81":"Modern day Adult Maddie and Maeve just lounging around on a hot summer day ( in tank tops and shorts ) much to Maddie’s embarrassment.","82":"Clovis wakes up in a sunny field with no memories and encounters Brutus, who is on the run from a human trapper. (Rework of the start of the comic.)","83":"Keith dressed as a Cadian Guardsman from Warhammer 40k.","84":"Willow, Magpie, and Windstraw argue with their “agent” about their side comic getting canceled ","85":"The main characters as Marvel heroes","86":"Good morning, FemAlaric!","87":"The \"let me in\" meme but it’s Clovis trying to get into Trace’s house.","88":"Gunslinger Flora twirls her pistols","89":"Young Zen takes young Natani out for walkies"},"ExpectedBallots":54,"CountedBallots":54,"Ballots":["VYQHJ","IQFUCX","RMXOTFB","GYFVEHWMTBROCDAXNKQILJ","LAFENGCR","","TKBQOFJN","XWTJSBOML","D","YGQNECKDMVBIAWLS","FAEMOJGXLD","MDRQGNJICATWU","KMVH","TPJCSXNQKI","QJCXN","YILXFJB","CHTGEFOV","LNCAWOX","LAYHMFV","LNCARWVJYMOX","FA","CNTQGYR","FWAGVYH","KTI","AMWLQG","WOLAXHJYU","OWYGJBI","BXEA","MHVR","IL","JNSX","ELJWTSKYIU","GYNTIHPSUOVXW","ACNGQYVLKHBOFSR","WXLVSOQMRJNKBHDATEYPFCUIG","LWIBOJURQH","UECIRYMPSHT","BUGIDXALQEFRMSTOHYPWNKCVJ","EOPWXAMFCIT","FBTWXS","BXNEKOWMPGTVHJU","AWEKJR","ISJNAFB","VWLFBK","WEYOBCHXTDMR","IC","GDSBPREFQKXMYC","SOEMBYKWNC","QJYLMSEXUT","IYEMHVRJBGA","EKGXUTSP","V","WH","EIMKCTXYJQFHUB"],"Placements":[[{"Id":73,"V":5,"NV":5,"TB":0},{"Id":76,"V":5,"NV":5,"TB":0},{"Id":69,"V":4,"NV":4,"TB":0},{"Id":70,"V":4,"NV":4,"TB":0},{"Id":87,"V":4,"NV":4,"TB":0},{"Id":65,"V":3,"NV":3,"TB":0},{"Id":66,"V":3,"NV":3,"TB":0},{"Id":71,"V":3,"NV":3,"TB":0},{"Id":86,"V":3,"NV":3,"TB":0},{"Id":67,"V":2,"NV":2,"TB":0},{"Id":75,"V":2,"NV":2,"TB":0},{"Id":77,"V":2,"NV":2,"TB":0},{"Id":81,"V":2,"NV":2,"TB":0},{"Id":84,"V":2,"NV":2,"TB":0},{"Id":89,"V":2,"NV":2,"TB":0},{"Id":68,"V":1,"NV":1,"TB":0},{"Id":74,"V":1,"NV":1,"TB":0},{"Id":79,"V":1,"NV":1,"TB":0},{"Id":82,"V":1,"NV":1,"TB":0},{"Id":83,"V":1,"NV":1,"TB":0},{"Id":85,"V":1,"NV":1,"TB":0},{"Id":88,"V":1,"NV":1,"TB":0},{"Id":72,"V":0,"NV":0,"TB":0},{"Id":78,"V":0,"NV":0,"TB":0},{"Id":80,"V":0,"NV":0,"TB":1}],[{"Id":73,"V":5,"NV":0,"TB":0},{"Id":76,"V":5,"NV":0,"TB":0},{"Id":69,"V":4,"NV":0,"TB":0},{"Id":70,"V":4,"NV":0,"TB":0},{"Id":87,"V":4,"NV":0,"TB":0},{"Id":65,"V":3,"NV":0,"TB":0},{"Id":66,"V":3,"NV":0,"TB":0},{"Id":71,"V":3,"NV":0,"TB":0},{"Id":86,"V":3,"NV":0,"TB":0},{"Id":67,"V":2,"NV":0,"TB":0},{"Id":75,"V":2,"NV":0,"TB":0},{"Id":77,"V":2,"NV":0,"TB":0},{"Id":81,"V":2,"NV":0,"TB":0},{"Id":84,"V":2,"NV":0,"TB":0},{"Id":89,"V":2,"NV":0,"TB":0},{"Id":68,"V":1,"NV":0,"TB":0},{"Id":74,"V":1,"NV":0,"TB":0},{"Id":79,"V":1,"NV":0,"TB":0},{"Id":82,"V":1,"NV":0,"TB":0},{"Id":83,"V":1,"NV":0,"TB":0},{"Id":85,"V":1,"NV":0,"TB":0},{"Id":88,"V":1,"NV":0,"TB":0},{"Id":78,"V":0,"NV":0,"TB":0},{"Id":72,"V":0,"NV":0,"TB":2}],[{"Id":73,"V":5,"NV":0,"TB":0},{"Id":76,"V":5,"NV":0,"TB":0},{"Id":69,"V":4,"NV":0,"TB":0},{"Id":70,"V":4,"NV":0,"TB":0},{"Id":87,"V":4,"NV":0,"TB":0},{"Id":65,"V":3,"NV":0,"TB":0},{"Id":66,"V":3,"NV":0,"TB":0},{"Id":71,"V":3,"NV":0,"TB":0},{"Id":86,"V":3,"NV":0,"TB":0},{"Id":67,"V":2,"NV":0,"TB":0},{"Id":75,"V":2,"NV":0,"TB":0},{"Id":77,"V":2,"NV":0,"TB":0},{"Id":81,"V":2,"NV":0,"TB":0},{"Id":84,"V":2,"NV":0,"TB":0},{"Id":89,"V":2,"NV":0,"TB":0},{"Id":68,"V":1,"NV":0,"TB":0},{"Id":74,"V":1,"NV":0,"TB":0},{"Id":79,"V":1,"NV":0,"TB":0},{"Id":82,"V":1,"NV":0,"TB":0},{"Id":83,"V":1,"NV":0,"TB":0},{"Id":85,"V":1,"NV":0,"TB":0},{"Id":88,"V":1,"NV":0,"TB":0},{"Id":78,"V":0,"NV":0,"TB":0}],[{"Id":73,"V":5,"NV":0,"TB":0},{"Id":76,"V":5,"NV":0,"TB":0},{"Id":69,"V":4,"NV":0,"TB":0},{"Id":70,"V":4,"NV":0,"TB":0},{"Id":87,"V":4,"NV":0,"TB":0},{"Id":65,"V":3,"NV":0,"TB":0},{"Id":66,"V":3,"NV":0,"TB":0},{"Id":71,"V":3,"NV":0,"TB":0},{"Id":86,"V":3,"NV":0,"TB":0},{"Id":67,"V":2,"NV":0,"TB":0},{"Id":75,"V":2,"NV":0,"TB":0},{"Id":77,"V":2,"NV":0,"TB":0},{"Id":81,"V":2,"NV":0,"TB":0},{"Id":84,"V":2,"NV":0,"TB":0},{"Id":89,"V":2,"NV":0,"TB":0},{"Id":68,"V":1,"NV":0,"TB":0},{"Id":74,"V":1,"NV":0,"TB":0},{"Id":79,"V":1,"NV":0,"TB":0},{"Id":82,"V":1,"NV":0,"TB":0},{"Id":83,"V":1,"NV":0,"TB":0},{"Id":88,"V":1,"NV":0,"TB":0},{"Id":85,"V":1,"NV":0,"TB":2}],[{"Id":69,"V":5,"NV":1,"TB":0},{"Id":73,"V":5,"NV":0,"TB":0},{"Id":76,"V":5,"NV":0,"TB":0},{"Id":70,"V":4,"NV":0,"TB":0},{"Id":87,"V":4,"NV":0,"TB":0},{"Id":65,"V":3,"NV":0,"TB":0},{"Id":66,"V":3,"NV":0,"TB":0},{"Id":71,"V":3,"NV":0,"TB":0},{"Id":86,"V":3,"NV":0,"TB":0},{"Id":67,"V":2,"NV":0,"TB":0},{"Id":75,"V":2,"NV":0,"TB":0},{"Id":77,"V":2,"NV":0,"TB":0},{"Id":81,"V":2,"NV":0,"TB":0},{"Id":84,"V":2,"NV":0,"TB":0},{"Id":89,"V":2,"NV":0,"TB":0},{"Id":68,"V":1,"NV":0,"TB":0},{"Id":74,"V":1,"NV":0,"TB":0},{"Id":79,"V":1,"NV":0,"TB":0},{"Id":83,"V":1,"NV":0,"TB":0},{"Id":88,"V":1,"NV":0,"TB":0},{"Id":82,"V":1,"NV":0,"TB":3}],[{"Id":69,"V":5,"NV":0,"TB":0},{"Id":73,"V":5,"NV":0,"TB":0},{"Id":76,"V":5,"NV":0,"TB":0},{"Id":70,"V":4,"NV":0,"TB":0},{"Id":87,"V":4,"NV":0,"TB":0},{"Id":65,"V":3,"NV":0,"TB":0},{"Id":66,"V":3,"NV":0,"TB":0},{"Id":71,"V":3,"NV":0,"TB":0},{"Id":77,"V":3,"NV":1,"TB":0},{"Id":86,"V":3,"NV":0,"TB":0},{"Id":67,"V":2,"NV":0,"TB":0},{"Id":75,"V":2,"NV":0,"TB":0},{"Id":81,"V":2,"NV":0,"TB":0},{"Id":84,"V":2,"NV":0,"TB":0},{"Id":89,"V":2,"NV":0,"TB":0},{"Id":68,"V":1,"NV":0,"TB":0},{"Id":74,"V":1,"NV":0,"TB":0},{"Id":79,"V":1,"NV":0,"TB":0},{"Id":83,"V":1,"NV":0,"TB":0},{"Id":88,"V":1,"NV":0,"TB":1}],[{"Id":69,"V":5,"NV":0,"TB":0},{"Id":73,"V":5,"NV":0,"TB":0},{"Id":76,"V":5,"NV":0,"TB":0},{"Id":87,"V":5,"NV":1,"TB":0},{"Id":70,"V":4,"NV":0,"TB":0},{"Id":65,"V":3,"NV":0,"TB":0},{"Id":66,"V":3,"NV":0,"TB":0},{"Id":71,"V":3,"NV":0,"TB":0},{"Id":77,"V":3,"NV":0,"TB":0},{"Id":86,"V":3,"NV":0,"TB":0},{"Id":67,"V":2,"NV":0,"TB":0},{"Id":75,"V":2,"NV":0,"TB":0},{"Id":81,"V":2,"NV":0,"TB":0},{"Id":84,"V":2,"NV":0,"TB":0},{"Id":89,"V":2,"NV":0,"TB":0},{"Id":68,"V":1,"NV":0,"TB":0},{"Id":74,"V":1,"NV":0,"TB":0},{"Id":79,"V":1,"NV":0,"TB":0},{"Id":83,"V":1,"NV":0,"TB":1}],[{"Id":69,"V":5,"NV":0,"TB":0},{"Id":73,"V":5,"NV":0,"TB":0},{"Id":76,"V":5,"NV":0,"TB":0},{"Id":87,"V":5,"NV":0,"TB":0},{"Id":70,"V":4,"NV":0,"TB":0},{"Id":65,"V":3,"NV":0,"TB":0},{"Id":66,"V":3,"NV":0,"TB":0},{"Id":71,"V":3,"NV":0,"TB":0},{"Id":77,"V":3,"NV":0,"TB":0},{"Id":86,"V":3,"NV":0,"TB":0},{"Id":67,"V":2,"NV":0,"TB":0},{"Id":75,"V":2,"NV":0,"TB":0},{"Id":79,"V":2,"NV":1,"TB":0},{"Id":81,"V":2,"NV":0,"TB":0},{"Id":84,"V":2,"NV":0,"TB":0},{"Id":89,"V":2,"NV":0,"TB":0},{"Id":74,"V":1,"NV":0,"TB":0},{"Id":68,"V":1,"NV":0,"TB":2}],[{"Id":69,"V":5,"NV":0,"TB":0},{"Id":73,"V":5,"NV":0,"TB":0},{"Id":76,"V":5,"NV":0,"TB":0},{"Id":87,"V":5,"NV":0,"TB":0},{"Id":70,"V":4,"NV":0,"TB":0},{"Id":65,"V":3,"NV":0,"TB":0},{"Id":66,"V":3,"NV":0,"TB":0},{"Id":71,"V":3,"NV":0,"TB":0},{"Id":77,"V":3,"NV":0,"TB":0},{"Id":86,"V":3,"NV":0,"TB":0},{"Id":67,"V":2,"NV":0,"TB":0},{"Id":75,"V":2,"NV":0,"TB":0},{"Id":79,"V":2,"NV":0,"TB":0},{"Id":81,"V":2,"NV":0,"TB":0},{"Id":84,"V":2,"NV":0,"TB":0},{"Id":89,"V":2,"NV":0,"TB":0},{"Id":74,"V":1,"NV":0,"TB":0}],[{"Id":69,"V":5,"NV":0,"TB":0},{"Id":73,"V":5,"NV":0,"TB":0},{"Id":76,"V":5,"NV":0,"TB":0},{"Id":87,"V":5,"NV":0,"TB":0},{"Id":70,"V":4,"NV":0,"TB":0},{"Id":65,"V":3,"NV":0,"TB":0},{"Id":66,"V":3,"NV":0,"TB":0},{"Id":71,"V":3,"NV":0,"TB":0},{"Id":77,"V":3,"NV":0,"TB":0},{"Id":86,"V":3,"NV":0,"TB":0},{"Id":67,"V":2,"NV":0,"TB":0},{"Id":75,"V":2,"NV":0,"TB":0},{"Id":79,"V":2,"NV":0,"TB":0},{"Id":81,"V":2,"NV":0,"TB":0},{"Id":84,"V":2,"NV":0,"TB":0},{"Id":89,"V":2,"NV":0,"TB":1}],[{"Id":73,"V":6,"NV":1,"TB":0},{"Id":69,"V":5,"NV":0,"TB":0},{"Id":76,"V":5,"NV":0,"TB":0},{"Id":87,"V":5,"NV":0,"TB":0},{"Id":70,"V":4,"NV":0,"TB":0},{"Id":71,"V":4,"NV":1,"TB":0},{"Id":65,"V":3,"NV":0,"TB":0},{"Id":66,"V":3,"NV":0,"TB":0},{"Id":77,"V":3,"NV":0,"TB":0},{"Id":86,"V":3,"NV":0,"TB":0},{"Id":67,"V":2,"NV":0,"TB":0},{"Id":75,"V":2,"NV":0,"TB":0},{"Id":79,"V":2,"NV":0,"TB":0},{"Id":84,"V":2,"NV":0,"TB":0},{"Id":81,"V":2,"NV":0,"TB":2}],[{"Id":73,"V":6,"NV":0,"TB":0},{"Id":76,"V":6,"NV":1,"TB":0},{"Id":69,"V":5,"NV":0,"TB":0},{"Id":87,"V":5,"NV":0,"TB":0},{"Id":70,"V":4,"NV":0,"TB":0},{"Id":71,"V":4,"NV":0,"TB":0},{"Id":65,"V":3,"NV":0,"TB":0},{"Id":66,"V":3,"NV":0,"TB":0},{"Id":67,"V":3,"NV":1,"TB":0},{"Id":77,"V":3,"NV":0,"TB":0},{"Id":86,"V":3,"NV":0,"TB":0},{"Id":75,"V":2,"NV":0,"TB":0},{"Id":79,"V":2,"NV":0,"TB":0},{"Id":84,"V":2,"NV":0,"TB":1}],[{"Id":73,"V":6,"NV":0,"TB":0},{"Id":76,"V":6,"NV":0,"TB":0},{"Id":69,"V":5,"NV":0,"TB":0},{"Id":87,"V":5,"NV":0,"TB":0},{"Id":67,"V":4,"NV":1,"TB":0},{"Id":70,"V":4,"NV":0,"TB":0},{"Id":71,"V":4,"NV":0,"TB":0},{"Id":65,"V":3,"NV":0,"TB":0},{"Id":66,"V":3,"NV":0,"TB":0},{"Id":75,"V":3,"NV":1,"TB":0},{"Id":77,"V":3,"NV":0,"TB":0},{"Id":86,"V":3,"NV":0,"TB":0},{"Id":79,"V":2,"NV":0,"TB":0}],[{"Id":69,"V":6,"NV":1,"TB":0},{"Id":73,"V":6,"NV":0,"TB":0},{"Id":76,"V":6,"NV":0,"TB":0},{"Id":87,"V":6,"NV":1,"TB":0},{"Id":67,"V":4,"NV":0,"TB":0},{"Id":70,"V":4,"NV":0,"TB":0},{"Id":71,"V":4,"NV":0,"TB":0},{"Id":65,"V":3,"NV":0,"TB":0},{"Id":66,"V":3,"NV":0,"TB":0},{"Id":75,"V":3,"NV":0,"TB":0},{"Id":86,"V":3,"NV":0,"TB":0},{"Id":77,"V":3,"NV":0,"TB":2}],[{"Id":69,"V":6,"NV":0,"TB":0},{"Id":73,"V":6,"NV":0,"TB":0},{"Id":76,"V":6,"NV":0,"TB":0},{"Id":87,"V":6,"NV":0,"TB":0},{"Id":70,"V":5,"NV":1,"TB":0},{"Id":71,"V":5,"NV":1,"TB":0},{"Id":67,"V":4,"NV":0,"TB":0},{"Id":86,"V":4,"NV":1,"TB":0},{"Id":65,"V":3,"NV":0,"TB":0},{"Id":66,"V":3,"NV":0,"TB":0},{"Id":75,"V":3,"NV":0,"TB":1}],[{"Id":73,"V":7,"NV":1,"TB":0},{"Id":69,"V":6,"NV":0,"TB":0},{"Id":76,"V":6,"NV":0,"TB":0},{"Id":87,"V":6,"NV":0,"TB":0},{"Id":70,"V":5,"NV":0,"TB":0},{"Id":71,"V":5,"NV":0,"TB":0},{"Id":86,"V":5,"NV":1,"TB":0},{"Id":66,"V":4,"NV":1,"TB":0},{"Id":67,"V":4,"NV":0,"TB":0},{"Id":65,"V":3,"NV":0,"TB":0}],[{"Id":87,"V":8,"NV":2,"TB":0},{"Id":73,"V":7,"NV":0,"TB":0},{"Id":69,"V":6,"NV":0,"TB":0},{"Id":76,"V":6,"NV":0,"TB":0},{"Id":67,"V":5,"NV":1,"TB":0},{"Id":70,"V":5,"NV":0,"TB":0},{"Id":71,"V":5,"NV":0,"TB":0},{"Id":86,"V":5,"NV":0,"TB":0},{"Id":66,"V":4,"NV":0,"TB":0}],[{"Id":69,"V":8,"NV":2,"TB":0},{"Id":87,"V":8,"NV":0,"TB":0},{"Id":73,"V":7,"NV":0,"TB":0},{"Id":70,"V":6,"NV":1,"TB":0},{"Id":71,"V":6,"NV":1,"TB":0},{"Id":76,"V":6,"NV":0,"TB":0},{"Id":86,"V":5,"NV":0,"TB":0},{"Id":67,"V":5,"NV":0,"TB":2}],[{"Id":71,"V":9,"NV":3,"TB":0},{"Id":69,"V":8,"NV":0,"TB":0},{"Id":73,"V":8,"NV":1,"TB":0},{"Id":87,"V":8,"NV":0,"TB":0},{"Id":70,"V":6,"NV":0,"TB":0},{"Id":76,"V":6,"NV":0,"TB":0},{"Id":86,"V":5,"NV":0,"TB":0}],[{"Id":71,"V":9,"NV":0,"TB":0},{"Id":87,"V":9,"NV":1,"TB":0},{"Id":69,"V":8,"NV":0,"TB":0},{"Id":73,"V":8,"NV":0,"TB":0},{"Id":76,"V":6,"NV":0,"TB":0},{"Id":70,"V":6,"NV":0,"TB":2}],[{"Id":87,"V":11,"NV":2,"TB":0},{"Id":69,"V":9,"NV":1,"TB":0},{"Id":71,"V":9,"NV":0,"TB":0},{"Id":73,"V":8,"NV":0,"TB":0},{"Id":76,"V":6,"NV":0,"TB":0}],[{"Id":87,"V":14,"NV":3,"TB":0},{"Id":69,"V":11,"NV":2,"TB":0},{"Id":71,"V":9,"NV":0,"TB":0},{"Id":73,"V":8,"NV":0,"TB":0}],[{"Id":87,"V":14,"NV":0,"TB":0},{"Id":69,"V":12,"NV":1,"TB":0},{"Id":71,"V":9,"NV":0,"TB":0}],[{"Id":69,"V":17,"NV":5,"TB":0},{"Id":87,"V":16,"NV":2,"TB":0}],[{"Id":69,"V":20,"NV":3,"TB":0}]],"Expires":1596411491,"SecondsLeft":0}