{"Mtype":"results","Title":"Round 1","PollStarted":"2020-01-26T21:10:36.773331467Z","PollDuration":600000000000,"Options":{"65":"Naked Natani, out of character, pressing up against a flustered and confused Kathrin after struck with a stray Valentine arrow.","66":"Trace as Mugen and Flora as Fuu from Samurai Champloo","67":"The Templars (or evil wolves) think that they have captured Raine, but to their horror they discover that this is Nora in the wolf-form.","68":"Adelaide in the \"It's like I'm wearing nothing at all\" pose","69":"On beach / oasis room Maren asks Raine to help apply sunscreen. Bot for unknown reason Raine is very confused by this simple, absolutely asexual request.","70":"Magic Lesson Mishap! Nora tries to teach a young Reni how to use magic, and Reni accidentally turns a fearsome mystical creature into a certain familiar squirrel","71":"The \"That 2 A.M Fresh air\" youtube music video photo but with the gang.","72":"A redraw of the scene from page 185 where Trace slashes through Ephemeral and thus saving Flora from it's hold on her body.","73":"Barbarian hunter Kathrin with a bow.","74":"Kat rubs Flora's paws","75":"[Cosplay] Maren as Carmen Sandiego.","76":"Raine ( human ) and Maren posing in their swimsuits ( as seen in recent chapters ). With Maren showing off a seductive smile and Raine with a shy smile.","77":"Species swap Trace and Flora's Lake Kiss","78":"Loona from helluva telling us to fuck off","79":"A high five between Mike and Kat takes a turn for the awkward when Mike misses Kat’s raised hand and lands a paw on her chest","80":"Kat as a Merfolk, and she's trying to seduce Eric.","81":"Magical Boy Keith (Keith in an outfit similar to the Magical Boy Trace sketch)","82":"Sequel to Fallout Mekkan sketch in which Flora, Trace, Deathclaw Nora, Keith, and also Natani explore the Sierra Madre and find Hologram Laura","83":"“Baby Nibbly”: Sythe finds a special hag stone that allows the holder to see what their subject looked like as a baby; out of curiosity, he points it at Nibbly","84":"Brutus finally shows us why he got the job when Clovis has a run-in with some baddies even baddie-er than him.","85":"The main cast dressed up as the cast of Bravely Default (Trace=Tiz, Flora=Agnes, Keith=Ringabel, Natani=Edea)","86":"Geralt of Rivia the Witcher, as a White Keidran Wolf.","87":"Sam asks Colin for help getting a book from a high shelf. Much to her surprise, Colin helps by lifting Sam up instead of getting the book down. ","88":"Nora and Reni are resting in a rainforest, it starts raining and Nora wraps her wing around her"},"ExpectedBallots":64,"CountedBallots":64,"Ballots":["VKA","LENTGJABOSHDVM","JOIEMDXH","VMXFNKPCRAEIDGSWOHLQJUTB","T","TOJASEHWKLPQDXFICM","TRHIWAOSNLCVKJFPU","CJFRTKOWELMP","T","JELVA","DPFMJTV","CXVP","APMKW","LEAJOWD","HIQTP","DSFPQJTEOKLIXWCH","MDL","ACOVU","UWAO","TVSN","TVFQO","DAIOLQBFGEWXKTNMVRJHUSPC","OJAEDPLXQFTIGMRVKCWBSHNU","DWBSVQKER","BDAHLRQVPK","NKBJOPDVAL","RMJAPOTVNUSID","CWX","JNO","LXEDCF","A","KASLEXDV","QTM","NHCOWXD","QTKRNCDV","WTELKCSAMOXPDJFQIBNV","WKNIL","ADEKIMHJQ","OAIJPX","OAKP","FLVEUQCOGSNTXBRDIKPWA","DOACXWE","FVXML","VTOWC","RFMCEWTPS","S","JTVNICOP","HOMSDRC","VCDXJOTSWALFNIRPMGQBUEKH","JAVIDWOLNE","IOLCE","GRXVIJHCET","JAE","","EWFXCLNOTJSA","VLWP","IAPVTO","CWRMV","RTK","VMT","PLXNT","NVEA","OAJ","RMJ"],"Placements":[[{"Id":74,"V":6,"NV":6,"TB":0},{"Id":84,"V":6,"NV":6,"TB":0},{"Id":86,"V":6,"NV":6,"TB":0},{"Id":68,"V":5,"NV":5,"TB":0},{"Id":65,"V":4,"NV":4,"TB":0},{"Id":67,"V":4,"NV":4,"TB":0},{"Id":79,"V":4,"NV":4,"TB":0},{"Id":82,"V":4,"NV":4,"TB":0},{"Id":76,"V":3,"NV":3,"TB":0},{"Id":78,"V":3,"NV":3,"TB":0},{"Id":70,"V":2,"NV":2,"TB":0},{"Id":72,"V":2,"NV":2,"TB":0},{"Id":73,"V":2,"NV":2,"TB":0},{"Id":81,"V":2,"NV":2,"TB":0},{"Id":87,"V":2,"NV":2,"TB":0},{"Id":66,"V":1,"NV":1,"TB":0},{"Id":69,"V":1,"NV":1,"TB":0},{"Id":71,"V":1,"NV":1,"TB":0},{"Id":75,"V":1,"NV":1,"TB":0},{"Id":77,"V":1,"NV":1,"TB":0},{"Id":80,"V":1,"NV":1,"TB":0},{"Id":83,"V":1,"NV":1,"TB":0},{"Id":85,"V":1,"NV":1,"TB":0},{"Id":88,"V":0,"NV":0,"TB":0}],[{"Id":74,"V":6,"NV":0,"TB":0},{"Id":84,"V":6,"NV":0,"TB":0},{"Id":86,"V":6,"NV":0,"TB":0},{"Id":68,"V":5,"NV":0,"TB":0},{"Id":65,"V":4,"NV":0,"TB":0},{"Id":67,"V":4,"NV":0,"TB":0},{"Id":79,"V":4,"NV":0,"TB":0},{"Id":82,"V":4,"NV":0,"TB":0},{"Id":76,"V":3,"NV":0,"TB":0},{"Id":78,"V":3,"NV":0,"TB":0},{"Id":70,"V":2,"NV":0,"TB":0},{"Id":72,"V":2,"NV":0,"TB":0},{"Id":73,"V":2,"NV":0,"TB":0},{"Id":81,"V":2,"NV":0,"TB":0},{"Id":87,"V":2,"NV":0,"TB":0},{"Id":66,"V":1,"NV":0,"TB":0},{"Id":71,"V":1,"NV":0,"TB":0},{"Id":75,"V":1,"NV":0,"TB":0},{"Id":77,"V":1,"NV":0,"TB":0},{"Id":80,"V":1,"NV":0,"TB":0},{"Id":83,"V":1,"NV":0,"TB":0},{"Id":85,"V":1,"NV":0,"TB":0},{"Id":69,"V":1,"NV":0,"TB":7}],[{"Id":74,"V":6,"NV":0,"TB":0},{"Id":84,"V":6,"NV":0,"TB":0},{"Id":86,"V":6,"NV":0,"TB":0},{"Id":68,"V":5,"NV":0,"TB":0},{"Id":65,"V":4,"NV":0,"TB":0},{"Id":67,"V":4,"NV":0,"TB":0},{"Id":79,"V":4,"NV":0,"TB":0},{"Id":82,"V":4,"NV":0,"TB":0},{"Id":76,"V":3,"NV":0,"TB":0},{"Id":78,"V":3,"NV":0,"TB":0},{"Id":87,"V":3,"NV":1,"TB":0},{"Id":70,"V":2,"NV":0,"TB":0},{"Id":72,"V":2,"NV":0,"TB":0},{"Id":73,"V":2,"NV":0,"TB":0},{"Id":81,"V":2,"NV":0,"TB":0},{"Id":66,"V":1,"NV":0,"TB":0},{"Id":71,"V":1,"NV":0,"TB":0},{"Id":75,"V":1,"NV":0,"TB":0},{"Id":77,"V":1,"NV":0,"TB":0},{"Id":83,"V":1,"NV":0,"TB":0},{"Id":85,"V":1,"NV":0,"TB":0},{"Id":80,"V":1,"NV":0,"TB":3}],[{"Id":74,"V":6,"NV":0,"TB":0},{"Id":84,"V":6,"NV":0,"TB":0},{"Id":86,"V":6,"NV":0,"TB":0},{"Id":68,"V":5,"NV":0,"TB":0},{"Id":65,"V":4,"NV":0,"TB":0},{"Id":67,"V":4,"NV":0,"TB":0},{"Id":76,"V":4,"NV":1,"TB":0},{"Id":79,"V":4,"NV":0,"TB":0},{"Id":82,"V":4,"NV":0,"TB":0},{"Id":78,"V":3,"NV":0,"TB":0},{"Id":87,"V":3,"NV":0,"TB":0},{"Id":70,"V":2,"NV":0,"TB":0},{"Id":72,"V":2,"NV":0,"TB":0},{"Id":73,"V":2,"NV":0,"TB":0},{"Id":81,"V":2,"NV":0,"TB":0},{"Id":66,"V":1,"NV":0,"TB":0},{"Id":71,"V":1,"NV":0,"TB":0},{"Id":77,"V":1,"NV":0,"TB":0},{"Id":83,"V":1,"NV":0,"TB":0},{"Id":85,"V":1,"NV":0,"TB":0},{"Id":75,"V":1,"NV":0,"TB":4}],[{"Id":74,"V":6,"NV":0,"TB":0},{"Id":84,"V":6,"NV":0,"TB":0},{"Id":86,"V":6,"NV":0,"TB":0},{"Id":65,"V":5,"NV":1,"TB":0},{"Id":68,"V":5,"NV":0,"TB":0},{"Id":67,"V":4,"NV":0,"TB":0},{"Id":76,"V":4,"NV":0,"TB":0},{"Id":79,"V":4,"NV":0,"TB":0},{"Id":82,"V":4,"NV":0,"TB":0},{"Id":78,"V":3,"NV":0,"TB":0},{"Id":87,"V":3,"NV":0,"TB":0},{"Id":70,"V":2,"NV":0,"TB":0},{"Id":72,"V":2,"NV":0,"TB":0},{"Id":73,"V":2,"NV":0,"TB":0},{"Id":81,"V":2,"NV":0,"TB":0},{"Id":66,"V":1,"NV":0,"TB":0},{"Id":71,"V":1,"NV":0,"TB":0},{"Id":77,"V":1,"NV":0,"TB":0},{"Id":85,"V":1,"NV":0,"TB":0},{"Id":83,"V":1,"NV":0,"TB":2}],[{"Id":74,"V":6,"NV":0,"TB":0},{"Id":84,"V":6,"NV":0,"TB":0},{"Id":86,"V":6,"NV":0,"TB":0},{"Id":65,"V":5,"NV":0,"TB":0},{"Id":68,"V":5,"NV":0,"TB":0},{"Id":67,"V":4,"NV":0,"TB":0},{"Id":76,"V":4,"NV":0,"TB":0},{"Id":79,"V":4,"NV":0,"TB":0},{"Id":82,"V":4,"NV":0,"TB":0},{"Id":78,"V":3,"NV":0,"TB":0},{"Id":87,"V":3,"NV":0,"TB":0},{"Id":70,"V":2,"NV":0,"TB":0},{"Id":72,"V":2,"NV":0,"TB":0},{"Id":73,"V":2,"NV":0,"TB":0},{"Id":81,"V":2,"NV":0,"TB":0},{"Id":66,"V":1,"NV":0,"TB":0},{"Id":71,"V":1,"NV":0,"TB":0},{"Id":77,"V":1,"NV":0,"TB":0},{"Id":85,"V":1,"NV":0,"TB":1}],[{"Id":74,"V":6,"NV":0,"TB":0},{"Id":84,"V":6,"NV":0,"TB":0},{"Id":86,"V":6,"NV":0,"TB":0},{"Id":65,"V":5,"NV":0,"TB":0},{"Id":68,"V":5,"NV":0,"TB":0},{"Id":67,"V":4,"NV":0,"TB":0},{"Id":76,"V":4,"NV":0,"TB":0},{"Id":79,"V":4,"NV":0,"TB":0},{"Id":82,"V":4,"NV":0,"TB":0},{"Id":87,"V":4,"NV":1,"TB":0},{"Id":78,"V":3,"NV":0,"TB":0},{"Id":70,"V":2,"NV":0,"TB":0},{"Id":72,"V":2,"NV":0,"TB":0},{"Id":73,"V":2,"NV":0,"TB":0},{"Id":81,"V":2,"NV":0,"TB":0},{"Id":71,"V":1,"NV":0,"TB":0},{"Id":77,"V":1,"NV":0,"TB":0},{"Id":66,"V":1,"NV":0,"TB":3}],[{"Id":68,"V":6,"NV":1,"TB":0},{"Id":74,"V":6,"NV":0,"TB":0},{"Id":84,"V":6,"NV":0,"TB":0},{"Id":86,"V":6,"NV":0,"TB":0},{"Id":65,"V":5,"NV":0,"TB":0},{"Id":67,"V":4,"NV":0,"TB":0},{"Id":76,"V":4,"NV":0,"TB":0},{"Id":79,"V":4,"NV":0,"TB":0},{"Id":82,"V":4,"NV":0,"TB":0},{"Id":87,"V":4,"NV":0,"TB":0},{"Id":78,"V":3,"NV":0,"TB":0},{"Id":70,"V":2,"NV":0,"TB":0},{"Id":72,"V":2,"NV":0,"TB":0},{"Id":73,"V":2,"NV":0,"TB":0},{"Id":81,"V":2,"NV":0,"TB":0},{"Id":71,"V":1,"NV":0,"TB":0},{"Id":77,"V":1,"NV":0,"TB":1}],[{"Id":68,"V":7,"NV":1,"TB":0},{"Id":74,"V":6,"NV":0,"TB":0},{"Id":84,"V":6,"NV":0,"TB":0},{"Id":86,"V":6,"NV":0,"TB":0},{"Id":65,"V":5,"NV":0,"TB":0},{"Id":67,"V":4,"NV":0,"TB":0},{"Id":76,"V":4,"NV":0,"TB":0},{"Id":79,"V":4,"NV":0,"TB":0},{"Id":82,"V":4,"NV":0,"TB":0},{"Id":87,"V":4,"NV":0,"TB":0},{"Id":78,"V":3,"NV":0,"TB":0},{"Id":70,"V":2,"NV":0,"TB":0},{"Id":72,"V":2,"NV":0,"TB":0},{"Id":73,"V":2,"NV":0,"TB":0},{"Id":81,"V":2,"NV":0,"TB":0},{"Id":71,"V":1,"NV":0,"TB":0}],[{"Id":68,"V":7,"NV":0,"TB":0},{"Id":74,"V":6,"NV":0,"TB":0},{"Id":84,"V":6,"NV":0,"TB":0},{"Id":86,"V":6,"NV":0,"TB":0},{"Id":65,"V":5,"NV":0,"TB":0},{"Id":82,"V":5,"NV":1,"TB":0},{"Id":67,"V":4,"NV":0,"TB":0},{"Id":76,"V":4,"NV":0,"TB":0},{"Id":79,"V":4,"NV":0,"TB":0},{"Id":87,"V":4,"NV":0,"TB":0},{"Id":78,"V":3,"NV":0,"TB":0},{"Id":70,"V":2,"NV":0,"TB":0},{"Id":73,"V":2,"NV":0,"TB":0},{"Id":81,"V":2,"NV":0,"TB":0},{"Id":72,"V":2,"NV":0,"TB":3}],[{"Id":68,"V":7,"NV":0,"TB":0},{"Id":74,"V":6,"NV":0,"TB":0},{"Id":84,"V":6,"NV":0,"TB":0},{"Id":86,"V":6,"NV":0,"TB":0},{"Id":65,"V":5,"NV":0,"TB":0},{"Id":79,"V":5,"NV":1,"TB":0},{"Id":82,"V":5,"NV":0,"TB":0},{"Id":67,"V":4,"NV":0,"TB":0},{"Id":76,"V":4,"NV":0,"TB":0},{"Id":87,"V":4,"NV":0,"TB":0},{"Id":73,"V":3,"NV":1,"TB":0},{"Id":78,"V":3,"NV":0,"TB":0},{"Id":81,"V":2,"NV":0,"TB":0},{"Id":70,"V":2,"NV":0,"TB":2}],[{"Id":68,"V":7,"NV":0,"TB":0},{"Id":86,"V":7,"NV":1,"TB":0},{"Id":74,"V":6,"NV":0,"TB":0},{"Id":84,"V":6,"NV":0,"TB":0},{"Id":65,"V":5,"NV":0,"TB":0},{"Id":76,"V":5,"NV":1,"TB":0},{"Id":79,"V":5,"NV":0,"TB":0},{"Id":82,"V":5,"NV":0,"TB":0},{"Id":67,"V":4,"NV":0,"TB":0},{"Id":87,"V":4,"NV":0,"TB":0},{"Id":73,"V":3,"NV":0,"TB":0},{"Id":78,"V":3,"NV":0,"TB":0},{"Id":81,"V":2,"NV":0,"TB":0}],[{"Id":84,"V":8,"NV":2,"TB":0},{"Id":68,"V":7,"NV":0,"TB":0},{"Id":86,"V":7,"NV":0,"TB":0},{"Id":74,"V":6,"NV":0,"TB":0},{"Id":65,"V":5,"NV":0,"TB":0},{"Id":76,"V":5,"NV":0,"TB":0},{"Id":79,"V":5,"NV":0,"TB":0},{"Id":82,"V":5,"NV":0,"TB":0},{"Id":67,"V":4,"NV":0,"TB":0},{"Id":87,"V":4,"NV":0,"TB":0},{"Id":73,"V":3,"NV":0,"TB":0},{"Id":78,"V":3,"NV":0,"TB":1}],[{"Id":84,"V":8,"NV":0,"TB":0},{"Id":86,"V":8,"NV":1,"TB":0},{"Id":68,"V":7,"NV":0,"TB":0},{"Id":74,"V":7,"NV":1,"TB":0},{"Id":65,"V":5,"NV":0,"TB":0},{"Id":67,"V":5,"NV":1,"TB":0},{"Id":76,"V":5,"NV":0,"TB":0},{"Id":79,"V":5,"NV":0,"TB":0},{"Id":82,"V":5,"NV":0,"TB":0},{"Id":87,"V":4,"NV":0,"TB":0},{"Id":73,"V":3,"NV":0,"TB":0}],[{"Id":84,"V":9,"NV":1,"TB":0},{"Id":86,"V":8,"NV":0,"TB":0},{"Id":68,"V":7,"NV":0,"TB":0},{"Id":74,"V":7,"NV":0,"TB":0},{"Id":65,"V":6,"NV":1,"TB":0},{"Id":79,"V":6,"NV":1,"TB":0},{"Id":67,"V":5,"NV":0,"TB":0},{"Id":76,"V":5,"NV":0,"TB":0},{"Id":82,"V":5,"NV":0,"TB":0},{"Id":87,"V":4,"NV":0,"TB":0}],[{"Id":84,"V":10,"NV":1,"TB":0},{"Id":86,"V":8,"NV":0,"TB":0},{"Id":65,"V":7,"NV":1,"TB":0},{"Id":68,"V":7,"NV":0,"TB":0},{"Id":74,"V":7,"NV":0,"TB":0},{"Id":67,"V":6,"NV":1,"TB":0},{"Id":76,"V":6,"NV":1,"TB":0},{"Id":79,"V":6,"NV":0,"TB":0},{"Id":82,"V":5,"NV":0,"TB":0}],[{"Id":84,"V":11,"NV":1,"TB":0},{"Id":74,"V":9,"NV":2,"TB":0},{"Id":86,"V":9,"NV":1,"TB":0},{"Id":65,"V":7,"NV":0,"TB":0},{"Id":67,"V":7,"NV":1,"TB":0},{"Id":68,"V":7,"NV":0,"TB":0},{"Id":76,"V":6,"NV":0,"TB":0},{"Id":79,"V":6,"NV":0,"TB":1}],[{"Id":84,"V":11,"NV":0,"TB":0},{"Id":65,"V":10,"NV":3,"TB":0},{"Id":74,"V":10,"NV":1,"TB":0},{"Id":86,"V":9,"NV":0,"TB":0},{"Id":68,"V":8,"NV":1,"TB":0},{"Id":76,"V":7,"NV":1,"TB":0},{"Id":67,"V":7,"NV":0,"TB":2}],[{"Id":84,"V":12,"NV":1,"TB":0},{"Id":74,"V":11,"NV":1,"TB":0},{"Id":86,"V":11,"NV":2,"TB":0},{"Id":65,"V":10,"NV":0,"TB":0},{"Id":68,"V":9,"NV":1,"TB":0},{"Id":76,"V":8,"NV":1,"TB":0}],[{"Id":84,"V":15,"NV":3,"TB":0},{"Id":86,"V":12,"NV":1,"TB":0},{"Id":65,"V":11,"NV":1,"TB":0},{"Id":74,"V":11,"NV":0,"TB":0},{"Id":68,"V":10,"NV":1,"TB":0}],[{"Id":84,"V":15,"NV":0,"TB":0},{"Id":65,"V":14,"NV":3,"TB":0},{"Id":74,"V":13,"NV":2,"TB":0},{"Id":86,"V":13,"NV":1,"TB":1}],[{"Id":84,"V":18,"NV":3,"TB":0},{"Id":65,"V":17,"NV":3,"TB":0},{"Id":74,"V":15,"NV":2,"TB":0}],[{"Id":84,"V":24,"NV":6,"TB":0},{"Id":65,"V":23,"NV":6,"TB":0}],[{"Id":84,"V":29,"NV":5,"TB":0}]],"Expires":1580074236,"SecondsLeft":0}