{"Mtype":"results","Title":"Round 3","PollStarted":"2020-08-24T00:54:05.487289465Z","PollDuration":600000000000,"Options":{"65":"Transformation lapse of Raine","66":"Raine wakes up, looks at the mirror and finds out that her Hair Became Shorter. And she's really shocked about it.","67":"Trace guards human Flora from a horde of humans.","68":"Amelia Riftwall meets Windstraw","69":"Clouded-leopard keidran noble discussing the finer things with similar company.","70":"a happy kitten Maeve purrito","71":"Sensei Keith meditates","72":"Game night with Gamer Laura and Lo-fi Kat: Kat introduces Laura to her new study partner, Keith.","73":"Reni's butterfly reveals its diabolical plans","74":"Red with a double edged battleaxe and the berserker's rage for which we gingers are known!","75":"Raine, trying to become more comfortable with her wolf form, poses for a painting.","76":"Dragon-mail Order Basitins. Basitin Military Guard attempting *yoink* to repel a dragon seige to prevent fulfillment *yoink* of Basitin mail-orders.","77":"Maddie has dressed up in Keith’s general outfit and is caught pretending to be him.","78":"Raine explains magic in the Twokinds universe to the viewers","79":"Portait of Cat Nora ","80":"Natani as Tifa (blue dress) Laura as Aerith (red dress) and Keith as Cloud (fancy dress) from Don Corneo’s bride scene from Final Fantasy VII Remake.","81":"Kathrin or Maren wearing a Jessica Rabbit style cocktail dress, sparkles and split in dress optional, preferably with a 3/4 back/side view.","82":"TwoKinds kids part 2 - We saw Trace, Keith and Flora as kids, so lets do Marren and Sythe","83":"Gamer Laura celebrating with friends after winning a gaming league tournament.","84":"Natani and Keith watch their (offscreen) kid sparring with some other Basitin and reminisce about their adventures","85":"Kathrin having a sad dream. She dreams of having a baby of her own","86":"Natani and Keith have a nice relaxing cup of hot chocolate by the fire","87":"Trace and Flora invited to a \"mix race couples Island retreat\" to meet other mix race couples on a private get away. PS friends welcome PPS: NO Eric Vaughan allowed.","88":"Pirates of the Caribbean: Captain Flora and her secrets","89":"Mike surrounded by Erilas, wolf girl, coyote girl, and female Evals looking at him with desire.","90":"Portrait of Amelia Riftwall"},"ExpectedBallots":59,"CountedBallots":59,"Ballots":["BYEH","MYNFDAKOU","W","PY","KVY","VOKFT","M","MIRQNYSXFGKCHVBZJEWODTAU","SFZKHATNOIUWMV","LFINMHAZ","I","DZYMFVKENHOTBAGISRUXCJPLQW","AVK","ITNDYVFUMLBEW","BSNMUZH","WYCQMVTXHGNKRBSEOAJIPZDFUL","KYTURNSWM","NRUTMCFA","EQPDZFIHLK","NPQVXMYGHUEFJBTKAD","TVYG","ICFYVUKAMZ","KUSQNFZW","TCWV","ANORCHKTYW","DAK","MVGF","VMNI","WCEF","YEMZWNGQHVXCFIDOAKPLRTSUJB","ILENCJXUFG","RIUEQF","YKTGRP","YKQOXZSFHRNGMVLAE","HXBAFDQVK","NQ","UQOCNH","VDOKNHJRSQTGMZXFBY","XVFMYCNEHT","IAFKGRC","NHLGADMRZOKTWPSQYCUIFJXBVE","BAUXIPQKDREYTN","BPYUAHSQRNMJKCDTV","ANE","NVMGXAD","UXNTWCKBRGHJVYA","UHILOJQBNAT","JXKZ","IFWCYUXRAZ","KA","KSZXCQPO","MFAR","HPSTKNIE","NJIAHDTEGUB","SFUANM","XO","DHINTBOEJ","QFMG","IEVSQHTW"],"Placements":[[{"Id":73,"V":7,"NV":7,"TB":0},{"Id":78,"V":6,"NV":6,"TB":0},{"Id":75,"V":5,"NV":5,"TB":0},{"Id":77,"V":5,"NV":5,"TB":0},{"Id":66,"V":4,"NV":4,"TB":0},{"Id":65,"V":3,"NV":3,"TB":0},{"Id":68,"V":3,"NV":3,"TB":0},{"Id":85,"V":3,"NV":3,"TB":0},{"Id":86,"V":3,"NV":3,"TB":0},{"Id":87,"V":3,"NV":3,"TB":0},{"Id":89,"V":3,"NV":3,"TB":0},{"Id":72,"V":2,"NV":2,"TB":0},{"Id":83,"V":2,"NV":2,"TB":0},{"Id":84,"V":2,"NV":2,"TB":0},{"Id":88,"V":2,"NV":2,"TB":0},{"Id":69,"V":1,"NV":1,"TB":0},{"Id":74,"V":1,"NV":1,"TB":0},{"Id":76,"V":1,"NV":1,"TB":0},{"Id":80,"V":1,"NV":1,"TB":0},{"Id":81,"V":1,"NV":1,"TB":0},{"Id":82,"V":1,"NV":1,"TB":0},{"Id":67,"V":0,"NV":0,"TB":0},{"Id":70,"V":0,"NV":0,"TB":0},{"Id":79,"V":0,"NV":0,"TB":0},{"Id":90,"V":0,"NV":0,"TB":0},{"Id":71,"V":0,"NV":0,"TB":3}],[{"Id":73,"V":7,"NV":0,"TB":0},{"Id":78,"V":6,"NV":0,"TB":0},{"Id":75,"V":5,"NV":0,"TB":0},{"Id":77,"V":5,"NV":0,"TB":0},{"Id":66,"V":4,"NV":0,"TB":0},{"Id":65,"V":3,"NV":0,"TB":0},{"Id":68,"V":3,"NV":0,"TB":0},{"Id":85,"V":3,"NV":0,"TB":0},{"Id":86,"V":3,"NV":0,"TB":0},{"Id":87,"V":3,"NV":0,"TB":0},{"Id":89,"V":3,"NV":0,"TB":0},{"Id":72,"V":2,"NV":0,"TB":0},{"Id":83,"V":2,"NV":0,"TB":0},{"Id":84,"V":2,"NV":0,"TB":0},{"Id":88,"V":2,"NV":0,"TB":0},{"Id":69,"V":1,"NV":0,"TB":0},{"Id":74,"V":1,"NV":0,"TB":0},{"Id":76,"V":1,"NV":0,"TB":0},{"Id":80,"V":1,"NV":0,"TB":0},{"Id":81,"V":1,"NV":0,"TB":0},{"Id":82,"V":1,"NV":0,"TB":0},{"Id":67,"V":0,"NV":0,"TB":0},{"Id":70,"V":0,"NV":0,"TB":0},{"Id":90,"V":0,"NV":0,"TB":0},{"Id":79,"V":0,"NV":0,"TB":2}],[{"Id":73,"V":7,"NV":0,"TB":0},{"Id":78,"V":6,"NV":0,"TB":0},{"Id":75,"V":5,"NV":0,"TB":0},{"Id":77,"V":5,"NV":0,"TB":0},{"Id":66,"V":4,"NV":0,"TB":0},{"Id":65,"V":3,"NV":0,"TB":0},{"Id":68,"V":3,"NV":0,"TB":0},{"Id":85,"V":3,"NV":0,"TB":0},{"Id":86,"V":3,"NV":0,"TB":0},{"Id":87,"V":3,"NV":0,"TB":0},{"Id":89,"V":3,"NV":0,"TB":0},{"Id":72,"V":2,"NV":0,"TB":0},{"Id":83,"V":2,"NV":0,"TB":0},{"Id":84,"V":2,"NV":0,"TB":0},{"Id":88,"V":2,"NV":0,"TB":0},{"Id":69,"V":1,"NV":0,"TB":0},{"Id":74,"V":1,"NV":0,"TB":0},{"Id":76,"V":1,"NV":0,"TB":0},{"Id":80,"V":1,"NV":0,"TB":0},{"Id":81,"V":1,"NV":0,"TB":0},{"Id":82,"V":1,"NV":0,"TB":0},{"Id":70,"V":0,"NV":0,"TB":0},{"Id":90,"V":0,"NV":0,"TB":0},{"Id":67,"V":0,"NV":0,"TB":3}],[{"Id":73,"V":7,"NV":0,"TB":0},{"Id":78,"V":6,"NV":0,"TB":0},{"Id":75,"V":5,"NV":0,"TB":0},{"Id":77,"V":5,"NV":0,"TB":0},{"Id":66,"V":4,"NV":0,"TB":0},{"Id":65,"V":3,"NV":0,"TB":0},{"Id":68,"V":3,"NV":0,"TB":0},{"Id":85,"V":3,"NV":0,"TB":0},{"Id":86,"V":3,"NV":0,"TB":0},{"Id":87,"V":3,"NV":0,"TB":0},{"Id":89,"V":3,"NV":0,"TB":0},{"Id":72,"V":2,"NV":0,"TB":0},{"Id":83,"V":2,"NV":0,"TB":0},{"Id":84,"V":2,"NV":0,"TB":0},{"Id":88,"V":2,"NV":0,"TB":0},{"Id":69,"V":1,"NV":0,"TB":0},{"Id":74,"V":1,"NV":0,"TB":0},{"Id":76,"V":1,"NV":0,"TB":0},{"Id":80,"V":1,"NV":0,"TB":0},{"Id":81,"V":1,"NV":0,"TB":0},{"Id":82,"V":1,"NV":0,"TB":0},{"Id":70,"V":0,"NV":0,"TB":0},{"Id":90,"V":0,"NV":0,"TB":1}],[{"Id":73,"V":7,"NV":0,"TB":0},{"Id":78,"V":6,"NV":0,"TB":0},{"Id":75,"V":5,"NV":0,"TB":0},{"Id":77,"V":5,"NV":0,"TB":0},{"Id":66,"V":4,"NV":0,"TB":0},{"Id":65,"V":3,"NV":0,"TB":0},{"Id":68,"V":3,"NV":0,"TB":0},{"Id":85,"V":3,"NV":0,"TB":0},{"Id":86,"V":3,"NV":0,"TB":0},{"Id":87,"V":3,"NV":0,"TB":0},{"Id":89,"V":3,"NV":0,"TB":0},{"Id":72,"V":2,"NV":0,"TB":0},{"Id":83,"V":2,"NV":0,"TB":0},{"Id":84,"V":2,"NV":0,"TB":0},{"Id":88,"V":2,"NV":0,"TB":0},{"Id":69,"V":1,"NV":0,"TB":0},{"Id":74,"V":1,"NV":0,"TB":0},{"Id":76,"V":1,"NV":0,"TB":0},{"Id":80,"V":1,"NV":0,"TB":0},{"Id":81,"V":1,"NV":0,"TB":0},{"Id":82,"V":1,"NV":0,"TB":0},{"Id":70,"V":0,"NV":0,"TB":0}],[{"Id":73,"V":7,"NV":0,"TB":0},{"Id":78,"V":6,"NV":0,"TB":0},{"Id":75,"V":5,"NV":0,"TB":0},{"Id":77,"V":5,"NV":0,"TB":0},{"Id":66,"V":4,"NV":0,"TB":0},{"Id":65,"V":3,"NV":0,"TB":0},{"Id":68,"V":3,"NV":0,"TB":0},{"Id":85,"V":3,"NV":0,"TB":0},{"Id":86,"V":3,"NV":0,"TB":0},{"Id":87,"V":3,"NV":0,"TB":0},{"Id":89,"V":3,"NV":0,"TB":0},{"Id":72,"V":2,"NV":0,"TB":0},{"Id":83,"V":2,"NV":0,"TB":0},{"Id":84,"V":2,"NV":0,"TB":0},{"Id":88,"V":2,"NV":0,"TB":0},{"Id":69,"V":1,"NV":0,"TB":0},{"Id":74,"V":1,"NV":0,"TB":0},{"Id":80,"V":1,"NV":0,"TB":0},{"Id":81,"V":1,"NV":0,"TB":0},{"Id":82,"V":1,"NV":0,"TB":0},{"Id":76,"V":1,"NV":0,"TB":4}],[{"Id":73,"V":8,"NV":1,"TB":0},{"Id":78,"V":6,"NV":0,"TB":0},{"Id":75,"V":5,"NV":0,"TB":0},{"Id":77,"V":5,"NV":0,"TB":0},{"Id":66,"V":4,"NV":0,"TB":0},{"Id":65,"V":3,"NV":0,"TB":0},{"Id":68,"V":3,"NV":0,"TB":0},{"Id":85,"V":3,"NV":0,"TB":0},{"Id":86,"V":3,"NV":0,"TB":0},{"Id":87,"V":3,"NV":0,"TB":0},{"Id":89,"V":3,"NV":0,"TB":0},{"Id":72,"V":2,"NV":0,"TB":0},{"Id":83,"V":2,"NV":0,"TB":0},{"Id":84,"V":2,"NV":0,"TB":0},{"Id":88,"V":2,"NV":0,"TB":0},{"Id":74,"V":1,"NV":0,"TB":0},{"Id":80,"V":1,"NV":0,"TB":0},{"Id":81,"V":1,"NV":0,"TB":0},{"Id":82,"V":1,"NV":0,"TB":0},{"Id":69,"V":1,"NV":0,"TB":5}],[{"Id":73,"V":8,"NV":0,"TB":0},{"Id":78,"V":6,"NV":0,"TB":0},{"Id":75,"V":5,"NV":0,"TB":0},{"Id":77,"V":5,"NV":0,"TB":0},{"Id":66,"V":4,"NV":0,"TB":0},{"Id":65,"V":3,"NV":0,"TB":0},{"Id":68,"V":3,"NV":0,"TB":0},{"Id":85,"V":3,"NV":0,"TB":0},{"Id":86,"V":3,"NV":0,"TB":0},{"Id":87,"V":3,"NV":0,"TB":0},{"Id":89,"V":3,"NV":0,"TB":0},{"Id":72,"V":2,"NV":0,"TB":0},{"Id":81,"V":2,"NV":1,"TB":0},{"Id":83,"V":2,"NV":0,"TB":0},{"Id":84,"V":2,"NV":0,"TB":0},{"Id":88,"V":2,"NV":0,"TB":0},{"Id":80,"V":1,"NV":0,"TB":0},{"Id":82,"V":1,"NV":0,"TB":0},{"Id":74,"V":1,"NV":0,"TB":3}],[{"Id":73,"V":8,"NV":0,"TB":0},{"Id":78,"V":6,"NV":0,"TB":0},{"Id":75,"V":5,"NV":0,"TB":0},{"Id":77,"V":5,"NV":0,"TB":0},{"Id":66,"V":4,"NV":0,"TB":0},{"Id":65,"V":3,"NV":0,"TB":0},{"Id":68,"V":3,"NV":0,"TB":0},{"Id":85,"V":3,"NV":0,"TB":0},{"Id":86,"V":3,"NV":0,"TB":0},{"Id":87,"V":3,"NV":0,"TB":0},{"Id":88,"V":3,"NV":1,"TB":0},{"Id":89,"V":3,"NV":0,"TB":0},{"Id":72,"V":2,"NV":0,"TB":0},{"Id":81,"V":2,"NV":0,"TB":0},{"Id":83,"V":2,"NV":0,"TB":0},{"Id":84,"V":2,"NV":0,"TB":0},{"Id":82,"V":1,"NV":0,"TB":0},{"Id":80,"V":1,"NV":0,"TB":2}],[{"Id":73,"V":8,"NV":0,"TB":0},{"Id":78,"V":6,"NV":0,"TB":0},{"Id":75,"V":5,"NV":0,"TB":0},{"Id":77,"V":5,"NV":0,"TB":0},{"Id":66,"V":4,"NV":0,"TB":0},{"Id":89,"V":4,"NV":1,"TB":0},{"Id":65,"V":3,"NV":0,"TB":0},{"Id":68,"V":3,"NV":0,"TB":0},{"Id":85,"V":3,"NV":0,"TB":0},{"Id":86,"V":3,"NV":0,"TB":0},{"Id":87,"V":3,"NV":0,"TB":0},{"Id":88,"V":3,"NV":0,"TB":0},{"Id":72,"V":2,"NV":0,"TB":0},{"Id":81,"V":2,"NV":0,"TB":0},{"Id":83,"V":2,"NV":0,"TB":0},{"Id":84,"V":2,"NV":0,"TB":0},{"Id":82,"V":1,"NV":0,"TB":0}],[{"Id":73,"V":9,"NV":1,"TB":0},{"Id":78,"V":6,"NV":0,"TB":0},{"Id":75,"V":5,"NV":0,"TB":0},{"Id":77,"V":5,"NV":0,"TB":0},{"Id":66,"V":4,"NV":0,"TB":0},{"Id":89,"V":4,"NV":0,"TB":0},{"Id":65,"V":3,"NV":0,"TB":0},{"Id":68,"V":3,"NV":0,"TB":0},{"Id":85,"V":3,"NV":0,"TB":0},{"Id":86,"V":3,"NV":0,"TB":0},{"Id":87,"V":3,"NV":0,"TB":0},{"Id":88,"V":3,"NV":0,"TB":0},{"Id":72,"V":2,"NV":0,"TB":0},{"Id":83,"V":2,"NV":0,"TB":0},{"Id":84,"V":2,"NV":0,"TB":0},{"Id":81,"V":2,"NV":0,"TB":3}],[{"Id":73,"V":9,"NV":0,"TB":0},{"Id":77,"V":6,"NV":1,"TB":0},{"Id":78,"V":6,"NV":0,"TB":0},{"Id":75,"V":5,"NV":0,"TB":0},{"Id":66,"V":4,"NV":0,"TB":0},{"Id":68,"V":4,"NV":1,"TB":0},{"Id":89,"V":4,"NV":0,"TB":0},{"Id":65,"V":3,"NV":0,"TB":0},{"Id":85,"V":3,"NV":0,"TB":0},{"Id":86,"V":3,"NV":0,"TB":0},{"Id":87,"V":3,"NV":0,"TB":0},{"Id":88,"V":3,"NV":0,"TB":0},{"Id":72,"V":2,"NV":0,"TB":0},{"Id":83,"V":2,"NV":0,"TB":0},{"Id":84,"V":2,"NV":0,"TB":1}],[{"Id":73,"V":9,"NV":0,"TB":0},{"Id":77,"V":6,"NV":0,"TB":0},{"Id":78,"V":6,"NV":0,"TB":0},{"Id":75,"V":5,"NV":0,"TB":0},{"Id":66,"V":4,"NV":0,"TB":0},{"Id":68,"V":4,"NV":0,"TB":0},{"Id":86,"V":4,"NV":1,"TB":0},{"Id":87,"V":4,"NV":1,"TB":0},{"Id":89,"V":4,"NV":0,"TB":0},{"Id":65,"V":3,"NV":0,"TB":0},{"Id":85,"V":3,"NV":0,"TB":0},{"Id":88,"V":3,"NV":0,"TB":0},{"Id":83,"V":2,"NV":0,"TB":0},{"Id":72,"V":2,"NV":0,"TB":2}],[{"Id":73,"V":9,"NV":0,"TB":0},{"Id":77,"V":6,"NV":0,"TB":0},{"Id":78,"V":6,"NV":0,"TB":0},{"Id":75,"V":5,"NV":0,"TB":0},{"Id":66,"V":4,"NV":0,"TB":0},{"Id":68,"V":4,"NV":0,"TB":0},{"Id":86,"V":4,"NV":0,"TB":0},{"Id":87,"V":4,"NV":0,"TB":0},{"Id":88,"V":4,"NV":1,"TB":0},{"Id":89,"V":4,"NV":0,"TB":0},{"Id":83,"V":3,"NV":1,"TB":0},{"Id":85,"V":3,"NV":0,"TB":0},{"Id":65,"V":3,"NV":0,"TB":3}],[{"Id":73,"V":9,"NV":0,"TB":0},{"Id":78,"V":8,"NV":2,"TB":0},{"Id":77,"V":6,"NV":0,"TB":0},{"Id":75,"V":5,"NV":0,"TB":0},{"Id":86,"V":5,"NV":1,"TB":0},{"Id":66,"V":4,"NV":0,"TB":0},{"Id":68,"V":4,"NV":0,"TB":0},{"Id":87,"V":4,"NV":0,"TB":0},{"Id":88,"V":4,"NV":0,"TB":0},{"Id":89,"V":4,"NV":0,"TB":0},{"Id":83,"V":3,"NV":0,"TB":0},{"Id":85,"V":3,"NV":0,"TB":1}],[{"Id":73,"V":10,"NV":1,"TB":0},{"Id":78,"V":9,"NV":1,"TB":0},{"Id":77,"V":6,"NV":0,"TB":0},{"Id":75,"V":5,"NV":0,"TB":0},{"Id":86,"V":5,"NV":0,"TB":0},{"Id":88,"V":5,"NV":1,"TB":0},{"Id":66,"V":4,"NV":0,"TB":0},{"Id":68,"V":4,"NV":0,"TB":0},{"Id":87,"V":4,"NV":0,"TB":0},{"Id":89,"V":4,"NV":0,"TB":0},{"Id":83,"V":3,"NV":0,"TB":0}],[{"Id":73,"V":10,"NV":0,"TB":0},{"Id":78,"V":10,"NV":1,"TB":0},{"Id":75,"V":7,"NV":2,"TB":0},{"Id":77,"V":6,"NV":0,"TB":0},{"Id":86,"V":5,"NV":0,"TB":0},{"Id":88,"V":5,"NV":0,"TB":0},{"Id":66,"V":4,"NV":0,"TB":0},{"Id":87,"V":4,"NV":0,"TB":0},{"Id":89,"V":4,"NV":0,"TB":0},{"Id":68,"V":4,"NV":0,"TB":3}],[{"Id":73,"V":12,"NV":2,"TB":0},{"Id":78,"V":10,"NV":0,"TB":0},{"Id":75,"V":8,"NV":1,"TB":0},{"Id":77,"V":6,"NV":0,"TB":0},{"Id":86,"V":5,"NV":0,"TB":0},{"Id":88,"V":5,"NV":0,"TB":0},{"Id":89,"V":5,"NV":1,"TB":0},{"Id":66,"V":4,"NV":0,"TB":0},{"Id":87,"V":4,"NV":0,"TB":1}],[{"Id":73,"V":12,"NV":0,"TB":0},{"Id":78,"V":10,"NV":0,"TB":0},{"Id":75,"V":8,"NV":0,"TB":0},{"Id":77,"V":6,"NV":0,"TB":0},{"Id":86,"V":6,"NV":1,"TB":0},{"Id":89,"V":6,"NV":1,"TB":0},{"Id":88,"V":5,"NV":0,"TB":0},{"Id":66,"V":4,"NV":0,"TB":0}],[{"Id":73,"V":12,"NV":0,"TB":0},{"Id":78,"V":11,"NV":1,"TB":0},{"Id":75,"V":8,"NV":0,"TB":0},{"Id":89,"V":8,"NV":2,"TB":0},{"Id":77,"V":6,"NV":0,"TB":0},{"Id":88,"V":6,"NV":1,"TB":0},{"Id":86,"V":6,"NV":0,"TB":2}],[{"Id":73,"V":12,"NV":0,"TB":0},{"Id":75,"V":11,"NV":3,"TB":0},{"Id":78,"V":11,"NV":0,"TB":0},{"Id":89,"V":9,"NV":1,"TB":0},{"Id":77,"V":7,"NV":1,"TB":0},{"Id":88,"V":6,"NV":0,"TB":0}],[{"Id":73,"V":13,"NV":1,"TB":0},{"Id":75,"V":13,"NV":2,"TB":0},{"Id":78,"V":12,"NV":1,"TB":0},{"Id":89,"V":9,"NV":0,"TB":0},{"Id":77,"V":8,"NV":1,"TB":0}],[{"Id":73,"V":14,"NV":1,"TB":0},{"Id":75,"V":13,"NV":0,"TB":0},{"Id":78,"V":13,"NV":1,"TB":0},{"Id":89,"V":11,"NV":2,"TB":0}],[{"Id":78,"V":18,"NV":5,"TB":0},{"Id":75,"V":16,"NV":3,"TB":0},{"Id":73,"V":14,"NV":0,"TB":0}],[{"Id":78,"V":24,"NV":6,"TB":0},{"Id":75,"V":20,"NV":4,"TB":0}],[{"Id":78,"V":32,"NV":8,"TB":0}]],"Expires":1598231645,"SecondsLeft":0}