{"Mtype":"results","Title":"Round 2","PollStarted":"2020-10-11T22:17:56.637093837Z","PollDuration":600000000000,"Options":{"65":"Clovis dives into his private money vault Scrooge Mcduck style.","66":"Flora with a fluffy winter coat","67":"Romulus and Remus put on a show at their previous job as the main act in a Chippendales-style exotic dance club. Clovis was just in the audience to scout potential new bodyguards, he swears!","68":"Heartthrob - Evals pulls Mike out of harm's way and into his chest. Mike gets flustered hearing Evals's heartbeat.","69":"Adelaide visits Maddie \u0026 Maeve’s tavern","70":"Keith as an early 20th century private detective","71":"Trace dresses up as his old grand templar self for Halloween without telling anyone and it goes about as well as you would expect","72":"Everyone Gets Boobs! Flora finally gains control of that blasted pen! Now time for an upgrade...! She probably should have checked the settings...","73":"Undercover Maddie Finale. Maddie has safely made her way back home and is preparing to give a report on what was learned... But... What DID we learn???","74":"Wolf Raine dressed as Vampirella and Maren dressed as sexy nun for Halloween.","75":"Red has a nightmare where he'd killed Raine and Sythe on the night of Zen's attack before recognizing her. He wakes up and sobs, struggling to reconcile his prejudice against keidran with his feelings for Raine and friendship with Sythe","76":"Trace and Flora invited to a \"mix race couples Island retreat\" to meet other mix race couples on a private get away. PS friends welcome PPS: NO Eric Vaughan allowed.","77":"Laura learning to drive. She receives driving lessons from her friend, Willow.","78":"Monster Hunter cosplay with Reni and Keiran","79":"Sexy Sexy Alaric resketch","80":"Young Nora's wrath","81":"Older Keith and Natani, watching their kids play in leaf piles","82":"Nora’s 1st Mate The moments before Nora \u0026 her 1st ♂/genderbent♀ mate/intended father of her 1st hatchling/s, 1st mating.","83":"TK History: Sythe's first summer living in a human village, as described in page 828.","84":"Keidran raised by real wolves or a wolf raised as a keidran","85":"In the prohibition era, Detectives Sythe and Keiser pore through files of information in their smoke-filled office, running off a diet of cold coffee and stale donuts.","86":"After getting hired by Amelia, Windstraw has to pour drinks because the place is understaffed, but she struggles due to her size","87":"Flora decides to test Stoney to see if he'll be a good companion for her upcoming baby when it's born. She likes him! Good boy!","88":"Flora meets Tigger and tries to bounce around like him","89":"Modern AU: Cyberpunk Raine is helping Gaming Nora to find RHGUY69"},"ExpectedBallots":73,"CountedBallots":73,"Ballots":["JXY","WJFIANROKBUVGMHDCTEPLYSQX","JCYSRDK","CJSUIGYDBORVFELXMAPNTHWQ","SJAYG","YMQB","","HRPVQ","SVGEJUPDTOWQAM","DNCQUJOSERFIG","DQSXLG","O","SJDBVGFKEWPQCMOU","RHY","DQHVRO","QFEOH","EIQH","QOFTID","MVUEFPIN","DCHOIENGSJQLFBTMRUKPWXAVY","QSIKE","QIHBMACVSTEOKLPNXUWDGJYRF","OCQSKUM","IGJYRQHEKBNCWXADFTOSMPVUL","HTPQ","XBGV","RQHLDTO","HRGKBEMWS","HQ","DVQAW","L","W","HRCJGM","MASVYXFTUE","FDVXBO","COAPSKEDJLTU","YTGMKLH","DITHY","KYR","AGVDPHSEBW","OUFDVEMIJYQW","HR","VTB","EIGCKSFWPRTHDNAUMQXYOJV","SQUFMCAIDP","Q","QGDOEAWX","KY","YLBMAUNSR","MUFPOYJSVGAXBTRKQNIWEHDLC","DCOT","USXCAQGM","NAMEJL","TWFHUENGMXLODKCQJAPRSBYIV","PRNJWBMQY","BPOQGH","BJH","MYSXCQIEUAKGDWR","J","IEHB","","DBYJWHVR","BNCWJRFMAUOHXSLTPDEV","HTYNA","C","GLFJHXKP","SYWMHOUNP","SWLHB","WXBLKGHVARSO","KNMYHRUFCBIGAWQOVT","WYHUFSDVGA","WXBLGC","QKL"],"Placements":[[{"Id":68,"V":8,"NV":8,"TB":0},{"Id":72,"V":7,"NV":7,"TB":0},{"Id":81,"V":7,"NV":7,"TB":0},{"Id":83,"V":6,"NV":6,"TB":0},{"Id":87,"V":5,"NV":5,"TB":0},{"Id":77,"V":4,"NV":4,"TB":0},{"Id":66,"V":3,"NV":3,"TB":0},{"Id":67,"V":3,"NV":3,"TB":0},{"Id":74,"V":3,"NV":3,"TB":0},{"Id":75,"V":3,"NV":3,"TB":0},{"Id":79,"V":3,"NV":3,"TB":0},{"Id":89,"V":3,"NV":3,"TB":0},{"Id":69,"V":2,"NV":2,"TB":0},{"Id":73,"V":2,"NV":2,"TB":0},{"Id":82,"V":2,"NV":2,"TB":0},{"Id":65,"V":1,"NV":1,"TB":0},{"Id":70,"V":1,"NV":1,"TB":0},{"Id":71,"V":1,"NV":1,"TB":0},{"Id":76,"V":1,"NV":1,"TB":0},{"Id":78,"V":1,"NV":1,"TB":0},{"Id":80,"V":1,"NV":1,"TB":0},{"Id":85,"V":1,"NV":1,"TB":0},{"Id":86,"V":1,"NV":1,"TB":0},{"Id":88,"V":1,"NV":1,"TB":0},{"Id":84,"V":1,"NV":1,"TB":4}],[{"Id":68,"V":8,"NV":0,"TB":0},{"Id":72,"V":7,"NV":0,"TB":0},{"Id":81,"V":7,"NV":0,"TB":0},{"Id":83,"V":6,"NV":0,"TB":0},{"Id":87,"V":6,"NV":1,"TB":0},{"Id":77,"V":4,"NV":0,"TB":0},{"Id":66,"V":3,"NV":0,"TB":0},{"Id":67,"V":3,"NV":0,"TB":0},{"Id":74,"V":3,"NV":0,"TB":0},{"Id":75,"V":3,"NV":0,"TB":0},{"Id":79,"V":3,"NV":0,"TB":0},{"Id":89,"V":3,"NV":0,"TB":0},{"Id":69,"V":2,"NV":0,"TB":0},{"Id":73,"V":2,"NV":0,"TB":0},{"Id":82,"V":2,"NV":0,"TB":0},{"Id":65,"V":1,"NV":0,"TB":0},{"Id":70,"V":1,"NV":0,"TB":0},{"Id":71,"V":1,"NV":0,"TB":0},{"Id":76,"V":1,"NV":0,"TB":0},{"Id":80,"V":1,"NV":0,"TB":0},{"Id":85,"V":1,"NV":0,"TB":0},{"Id":86,"V":1,"NV":0,"TB":0},{"Id":88,"V":1,"NV":0,"TB":0},{"Id":78,"V":1,"NV":0,"TB":5}],[{"Id":68,"V":8,"NV":0,"TB":0},{"Id":72,"V":7,"NV":0,"TB":0},{"Id":81,"V":7,"NV":0,"TB":0},{"Id":83,"V":6,"NV":0,"TB":0},{"Id":87,"V":6,"NV":0,"TB":0},{"Id":77,"V":4,"NV":0,"TB":0},{"Id":66,"V":3,"NV":0,"TB":0},{"Id":67,"V":3,"NV":0,"TB":0},{"Id":74,"V":3,"NV":0,"TB":0},{"Id":75,"V":3,"NV":0,"TB":0},{"Id":79,"V":3,"NV":0,"TB":0},{"Id":89,"V":3,"NV":0,"TB":0},{"Id":65,"V":2,"NV":1,"TB":0},{"Id":69,"V":2,"NV":0,"TB":0},{"Id":73,"V":2,"NV":0,"TB":0},{"Id":82,"V":2,"NV":0,"TB":0},{"Id":70,"V":1,"NV":0,"TB":0},{"Id":76,"V":1,"NV":0,"TB":0},{"Id":80,"V":1,"NV":0,"TB":0},{"Id":85,"V":1,"NV":0,"TB":0},{"Id":86,"V":1,"NV":0,"TB":0},{"Id":88,"V":1,"NV":0,"TB":0},{"Id":71,"V":1,"NV":0,"TB":6}],[{"Id":68,"V":8,"NV":0,"TB":0},{"Id":72,"V":7,"NV":0,"TB":0},{"Id":81,"V":7,"NV":0,"TB":0},{"Id":83,"V":6,"NV":0,"TB":0},{"Id":87,"V":6,"NV":0,"TB":0},{"Id":77,"V":4,"NV":0,"TB":0},{"Id":66,"V":3,"NV":0,"TB":0},{"Id":67,"V":3,"NV":0,"TB":0},{"Id":74,"V":3,"NV":0,"TB":0},{"Id":75,"V":3,"NV":0,"TB":0},{"Id":79,"V":3,"NV":0,"TB":0},{"Id":89,"V":3,"NV":0,"TB":0},{"Id":65,"V":2,"NV":0,"TB":0},{"Id":69,"V":2,"NV":0,"TB":0},{"Id":73,"V":2,"NV":0,"TB":0},{"Id":76,"V":2,"NV":1,"TB":0},{"Id":82,"V":2,"NV":0,"TB":0},{"Id":70,"V":1,"NV":0,"TB":0},{"Id":80,"V":1,"NV":0,"TB":0},{"Id":86,"V":1,"NV":0,"TB":0},{"Id":88,"V":1,"NV":0,"TB":0},{"Id":85,"V":1,"NV":0,"TB":3}],[{"Id":68,"V":8,"NV":0,"TB":0},{"Id":72,"V":7,"NV":0,"TB":0},{"Id":81,"V":7,"NV":0,"TB":0},{"Id":83,"V":7,"NV":1,"TB":0},{"Id":87,"V":6,"NV":0,"TB":0},{"Id":77,"V":4,"NV":0,"TB":0},{"Id":66,"V":3,"NV":0,"TB":0},{"Id":67,"V":3,"NV":0,"TB":0},{"Id":74,"V":3,"NV":0,"TB":0},{"Id":75,"V":3,"NV":0,"TB":0},{"Id":79,"V":3,"NV":0,"TB":0},{"Id":89,"V":3,"NV":0,"TB":0},{"Id":65,"V":2,"NV":0,"TB":0},{"Id":69,"V":2,"NV":0,"TB":0},{"Id":73,"V":2,"NV":0,"TB":0},{"Id":76,"V":2,"NV":0,"TB":0},{"Id":82,"V":2,"NV":0,"TB":0},{"Id":70,"V":1,"NV":0,"TB":0},{"Id":86,"V":1,"NV":0,"TB":0},{"Id":88,"V":1,"NV":0,"TB":0},{"Id":80,"V":1,"NV":0,"TB":3}],[{"Id":68,"V":8,"NV":0,"TB":0},{"Id":72,"V":7,"NV":0,"TB":0},{"Id":81,"V":7,"NV":0,"TB":0},{"Id":83,"V":7,"NV":0,"TB":0},{"Id":87,"V":6,"NV":0,"TB":0},{"Id":77,"V":4,"NV":0,"TB":0},{"Id":66,"V":3,"NV":0,"TB":0},{"Id":67,"V":3,"NV":0,"TB":0},{"Id":74,"V":3,"NV":0,"TB":0},{"Id":75,"V":3,"NV":0,"TB":0},{"Id":79,"V":3,"NV":0,"TB":0},{"Id":82,"V":3,"NV":1,"TB":0},{"Id":89,"V":3,"NV":0,"TB":0},{"Id":65,"V":2,"NV":0,"TB":0},{"Id":69,"V":2,"NV":0,"TB":0},{"Id":73,"V":2,"NV":0,"TB":0},{"Id":76,"V":2,"NV":0,"TB":0},{"Id":70,"V":1,"NV":0,"TB":0},{"Id":88,"V":1,"NV":0,"TB":0},{"Id":86,"V":1,"NV":0,"TB":2}],[{"Id":68,"V":8,"NV":0,"TB":0},{"Id":72,"V":7,"NV":0,"TB":0},{"Id":81,"V":7,"NV":0,"TB":0},{"Id":83,"V":7,"NV":0,"TB":0},{"Id":87,"V":6,"NV":0,"TB":0},{"Id":66,"V":4,"NV":1,"TB":0},{"Id":77,"V":4,"NV":0,"TB":0},{"Id":67,"V":3,"NV":0,"TB":0},{"Id":74,"V":3,"NV":0,"TB":0},{"Id":75,"V":3,"NV":0,"TB":0},{"Id":79,"V":3,"NV":0,"TB":0},{"Id":82,"V":3,"NV":0,"TB":0},{"Id":89,"V":3,"NV":0,"TB":0},{"Id":65,"V":2,"NV":0,"TB":0},{"Id":69,"V":2,"NV":0,"TB":0},{"Id":73,"V":2,"NV":0,"TB":0},{"Id":76,"V":2,"NV":0,"TB":0},{"Id":88,"V":1,"NV":0,"TB":0},{"Id":70,"V":1,"NV":0,"TB":2}],[{"Id":68,"V":9,"NV":1,"TB":0},{"Id":72,"V":7,"NV":0,"TB":0},{"Id":81,"V":7,"NV":0,"TB":0},{"Id":83,"V":7,"NV":0,"TB":0},{"Id":87,"V":6,"NV":0,"TB":0},{"Id":66,"V":4,"NV":0,"TB":0},{"Id":77,"V":4,"NV":0,"TB":0},{"Id":67,"V":3,"NV":0,"TB":0},{"Id":74,"V":3,"NV":0,"TB":0},{"Id":75,"V":3,"NV":0,"TB":0},{"Id":79,"V":3,"NV":0,"TB":0},{"Id":82,"V":3,"NV":0,"TB":0},{"Id":89,"V":3,"NV":0,"TB":0},{"Id":65,"V":2,"NV":0,"TB":0},{"Id":69,"V":2,"NV":0,"TB":0},{"Id":73,"V":2,"NV":0,"TB":0},{"Id":76,"V":2,"NV":0,"TB":0},{"Id":88,"V":1,"NV":0,"TB":0}],[{"Id":68,"V":9,"NV":0,"TB":0},{"Id":72,"V":7,"NV":0,"TB":0},{"Id":81,"V":7,"NV":0,"TB":0},{"Id":83,"V":7,"NV":0,"TB":0},{"Id":87,"V":6,"NV":0,"TB":0},{"Id":66,"V":5,"NV":1,"TB":0},{"Id":77,"V":4,"NV":0,"TB":0},{"Id":67,"V":3,"NV":0,"TB":0},{"Id":74,"V":3,"NV":0,"TB":0},{"Id":75,"V":3,"NV":0,"TB":0},{"Id":79,"V":3,"NV":0,"TB":0},{"Id":82,"V":3,"NV":0,"TB":0},{"Id":89,"V":3,"NV":0,"TB":0},{"Id":69,"V":2,"NV":0,"TB":0},{"Id":73,"V":2,"NV":0,"TB":0},{"Id":76,"V":2,"NV":0,"TB":0},{"Id":65,"V":2,"NV":0,"TB":4}],[{"Id":68,"V":10,"NV":1,"TB":0},{"Id":72,"V":7,"NV":0,"TB":0},{"Id":81,"V":7,"NV":0,"TB":0},{"Id":83,"V":7,"NV":0,"TB":0},{"Id":87,"V":6,"NV":0,"TB":0},{"Id":66,"V":5,"NV":0,"TB":0},{"Id":77,"V":5,"NV":1,"TB":0},{"Id":67,"V":3,"NV":0,"TB":0},{"Id":74,"V":3,"NV":0,"TB":0},{"Id":75,"V":3,"NV":0,"TB":0},{"Id":79,"V":3,"NV":0,"TB":0},{"Id":82,"V":3,"NV":0,"TB":0},{"Id":89,"V":3,"NV":0,"TB":0},{"Id":69,"V":2,"NV":0,"TB":0},{"Id":73,"V":2,"NV":0,"TB":0},{"Id":76,"V":2,"NV":0,"TB":1}],[{"Id":68,"V":10,"NV":0,"TB":0},{"Id":72,"V":7,"NV":0,"TB":0},{"Id":81,"V":7,"NV":0,"TB":0},{"Id":83,"V":7,"NV":0,"TB":0},{"Id":87,"V":6,"NV":0,"TB":0},{"Id":66,"V":5,"NV":0,"TB":0},{"Id":77,"V":5,"NV":0,"TB":0},{"Id":74,"V":4,"NV":1,"TB":0},{"Id":67,"V":3,"NV":0,"TB":0},{"Id":75,"V":3,"NV":0,"TB":0},{"Id":79,"V":3,"NV":0,"TB":0},{"Id":82,"V":3,"NV":0,"TB":0},{"Id":89,"V":3,"NV":0,"TB":0},{"Id":69,"V":2,"NV":0,"TB":0},{"Id":73,"V":2,"NV":0,"TB":1}],[{"Id":68,"V":10,"NV":0,"TB":0},{"Id":72,"V":7,"NV":0,"TB":0},{"Id":81,"V":7,"NV":0,"TB":0},{"Id":83,"V":7,"NV":0,"TB":0},{"Id":87,"V":6,"NV":0,"TB":0},{"Id":66,"V":5,"NV":0,"TB":0},{"Id":74,"V":5,"NV":1,"TB":0},{"Id":77,"V":5,"NV":0,"TB":0},{"Id":67,"V":3,"NV":0,"TB":0},{"Id":69,"V":3,"NV":1,"TB":0},{"Id":75,"V":3,"NV":0,"TB":0},{"Id":82,"V":3,"NV":0,"TB":0},{"Id":89,"V":3,"NV":0,"TB":0},{"Id":79,"V":3,"NV":0,"TB":3}],[{"Id":68,"V":11,"NV":1,"TB":0},{"Id":72,"V":7,"NV":0,"TB":0},{"Id":81,"V":7,"NV":0,"TB":0},{"Id":83,"V":7,"NV":0,"TB":0},{"Id":87,"V":6,"NV":0,"TB":0},{"Id":66,"V":5,"NV":0,"TB":0},{"Id":74,"V":5,"NV":0,"TB":0},{"Id":77,"V":5,"NV":0,"TB":0},{"Id":67,"V":4,"NV":1,"TB":0},{"Id":69,"V":3,"NV":0,"TB":0},{"Id":75,"V":3,"NV":0,"TB":0},{"Id":89,"V":3,"NV":0,"TB":0},{"Id":82,"V":3,"NV":0,"TB":2}],[{"Id":68,"V":11,"NV":0,"TB":0},{"Id":72,"V":8,"NV":1,"TB":0},{"Id":81,"V":8,"NV":1,"TB":0},{"Id":83,"V":7,"NV":0,"TB":0},{"Id":74,"V":6,"NV":1,"TB":0},{"Id":87,"V":6,"NV":0,"TB":0},{"Id":66,"V":5,"NV":0,"TB":0},{"Id":77,"V":5,"NV":0,"TB":0},{"Id":67,"V":4,"NV":0,"TB":0},{"Id":69,"V":3,"NV":0,"TB":0},{"Id":75,"V":3,"NV":0,"TB":0},{"Id":89,"V":3,"NV":0,"TB":1}],[{"Id":68,"V":11,"NV":0,"TB":0},{"Id":72,"V":8,"NV":0,"TB":0},{"Id":81,"V":8,"NV":0,"TB":0},{"Id":77,"V":7,"NV":2,"TB":0},{"Id":83,"V":7,"NV":0,"TB":0},{"Id":66,"V":6,"NV":1,"TB":0},{"Id":74,"V":6,"NV":0,"TB":0},{"Id":87,"V":6,"NV":0,"TB":0},{"Id":67,"V":4,"NV":0,"TB":0},{"Id":75,"V":3,"NV":0,"TB":0},{"Id":69,"V":3,"NV":0,"TB":2}],[{"Id":68,"V":11,"NV":0,"TB":0},{"Id":72,"V":9,"NV":1,"TB":0},{"Id":81,"V":9,"NV":1,"TB":0},{"Id":77,"V":7,"NV":0,"TB":0},{"Id":83,"V":7,"NV":0,"TB":0},{"Id":66,"V":6,"NV":0,"TB":0},{"Id":74,"V":6,"NV":0,"TB":0},{"Id":87,"V":6,"NV":0,"TB":0},{"Id":67,"V":5,"NV":1,"TB":0},{"Id":75,"V":3,"NV":0,"TB":0}],[{"Id":68,"V":11,"NV":0,"TB":0},{"Id":72,"V":9,"NV":0,"TB":0},{"Id":81,"V":9,"NV":0,"TB":0},{"Id":77,"V":8,"NV":1,"TB":0},{"Id":83,"V":7,"NV":0,"TB":0},{"Id":66,"V":6,"NV":0,"TB":0},{"Id":74,"V":6,"NV":0,"TB":0},{"Id":87,"V":6,"NV":0,"TB":0},{"Id":67,"V":5,"NV":0,"TB":0}],[{"Id":68,"V":11,"NV":0,"TB":0},{"Id":81,"V":10,"NV":1,"TB":0},{"Id":72,"V":9,"NV":0,"TB":0},{"Id":83,"V":9,"NV":2,"TB":0},{"Id":77,"V":8,"NV":0,"TB":0},{"Id":74,"V":7,"NV":1,"TB":0},{"Id":66,"V":6,"NV":0,"TB":0},{"Id":87,"V":6,"NV":0,"TB":1}],[{"Id":68,"V":11,"NV":0,"TB":0},{"Id":72,"V":11,"NV":2,"TB":0},{"Id":81,"V":10,"NV":0,"TB":0},{"Id":83,"V":9,"NV":0,"TB":0},{"Id":74,"V":8,"NV":1,"TB":0},{"Id":77,"V":8,"NV":0,"TB":0},{"Id":66,"V":8,"NV":2,"TB":3}],[{"Id":72,"V":12,"NV":1,"TB":0},{"Id":68,"V":11,"NV":0,"TB":0},{"Id":81,"V":11,"NV":1,"TB":0},{"Id":74,"V":10,"NV":2,"TB":0},{"Id":77,"V":9,"NV":1,"TB":0},{"Id":83,"V":9,"NV":0,"TB":1}],[{"Id":72,"V":14,"NV":2,"TB":0},{"Id":74,"V":13,"NV":3,"TB":0},{"Id":81,"V":13,"NV":2,"TB":0},{"Id":68,"V":12,"NV":1,"TB":0},{"Id":77,"V":10,"NV":1,"TB":0}],[{"Id":72,"V":17,"NV":3,"TB":0},{"Id":74,"V":15,"NV":2,"TB":0},{"Id":81,"V":15,"NV":2,"TB":0},{"Id":68,"V":12,"NV":0,"TB":0}],[{"Id":72,"V":20,"NV":3,"TB":0},{"Id":81,"V":19,"NV":4,"TB":0},{"Id":74,"V":18,"NV":3,"TB":0}],[{"Id":72,"V":26,"NV":6,"TB":0},{"Id":81,"V":25,"NV":6,"TB":0}],[{"Id":72,"V":34,"NV":8,"TB":0}]],"Expires":1602455876,"SecondsLeft":0}