{"Mtype":"results","Title":"Round 4","PollStarted":"2020-07-06T02:22:03.453672329Z","PollDuration":600000000000,"Options":{"65":"Shiro Ogami from Brand New Animal","66":"Flora gives in to her unusual pregnancy cravings and orders magical room service from the summoning table: baby wants chocolate!","67":"Beginning of the royal dragon family. Reni's grandfather met human princess.","68":"Sequel to Familiar Grief - Maddie comforts a sad, drunk Keith","69":"Modern day Adult Maddie and Maeve just lounging around on a hot summer day ( in tank tops and shorts ) much to Maddie’s chagrin.","70":"Natani finds a pistol but knows not what it is she holds, nor its power. \"What is this hunk of junk?\"","71":"Game night with Gamer Laura and Lo-fi Kat: Kat introduces Laura to her new study partner, Keith.","72":"Snow wolves playing hockey","73":"Squirrel maren cuddling sythe, who is visibly excited and confused","74":"Keith and Natani, both wearing suits, both being overly flirty and romantic at a Basitin party","75":"Mike and Evals setting off fireworks together.","76":"Natani: before and after morning coffee","77":"Twokinds 4th of July Grill Party (A \u0026 B Team)","78":"“Lifts her Tail”, from the Elder Scrolls Lusty Argonian Maid, teaching Roselyn how to properly polish a spear.","79":"Isabelle from Animal Crossing","80":"Steampunk Zen","81":"Grand Templar Mary Siverlock learns that Eris has broken into a Keidran village where a peace agreement has been made and is not happy about it","82":"dragon age chart","83":"Karen, Maren, Raine and Red are the first astronauts on Mars! Karen and Maren plant a flag, while Red and Raine discover a weirdo from another planet (like in Calvin and Hobbes!).","84":"Purrito Flora","85":"(Sequel to Erilas Sun Bathing) Mike rubs Erilas‘s sunscreen in","86":"Mad Cuteness pt. 2: Adelaide \"convinces\" the same guard to let her in to pick up her daughter","87":"\"Young Mike helping Evals get used to the effects of the slave collar.\t\"","88":"Young Zen having to take his little quadruped sister for a walk","89":"Trace and Flora dressed as Naofumi Iwatani \u0026 Raphtalia from The Rising Of The Shield Hero","90":"a portrait painting of wolf Raine.","97":"Rose reveals the shocking truth! She faked her death to dodge the taxes on the Legacy Estate. She then hits up Trace for cash"},"ExpectedBallots":52,"CountedBallots":52,"Ballots":["ZXP","GTVLZWHaSCRJKP","aOUEVBTDNIZLX","MAZCN","AUHPZKMX","HLEPWGKRZUCVDIMBSa","CROGTLE","LIRPBKVaZWDCUGOEFXMN","XIULPWKZETJMBRC","IEZVL","IKaVGEMJOLXUZ","Ka","XWK","PZTXLKUJIBNYWE","HaXZAPI","NVCEUFPRZHaX","RNCaA","JFLXUNDP","BATaJXWKLUI","UKJVENQLOGCWFaTZRPBHIDXYASM","BATaJXC","ABNYFOSaT","YCU","BYTMaCXZN","CBVN","ZUPCVIJEKDHRa","YBGaDRTI","HILZVU","BCWQTXLR","BHCTZMXF","ET","GIEYL","GZTF","NICUJYXDO","QGTAIXC","MAJTUaXBHZ","OCEBSaMDVXJTRWI","DXEW","AHLZKRVJMYEOF","GEVOTIQHXJSFB","ZYaUNTPVIGLBCFWDJQSOAKHMREX","WGKFXQ","ZWIRH","Z","GIP","XNCa","TaQGAXWPOLUFK","TNLWFVAP","SOTHIJBRC","PGNOaHRV","WGCHBPYRDOKANTMFSJILU","GHRaDTZWOI"],"Placements":[[{"Id":71,"V":6,"NV":6,"TB":0},{"Id":66,"V":5,"NV":5,"TB":0},{"Id":90,"V":5,"NV":5,"TB":0},{"Id":65,"V":3,"NV":3,"TB":0},{"Id":72,"V":3,"NV":3,"TB":0},{"Id":88,"V":3,"NV":3,"TB":0},{"Id":67,"V":2,"NV":2,"TB":0},{"Id":73,"V":2,"NV":2,"TB":0},{"Id":77,"V":2,"NV":2,"TB":0},{"Id":78,"V":2,"NV":2,"TB":0},{"Id":80,"V":2,"NV":2,"TB":0},{"Id":84,"V":2,"NV":2,"TB":0},{"Id":87,"V":2,"NV":2,"TB":0},{"Id":89,"V":2,"NV":2,"TB":0},{"Id":68,"V":1,"NV":1,"TB":0},{"Id":69,"V":1,"NV":1,"TB":0},{"Id":74,"V":1,"NV":1,"TB":0},{"Id":75,"V":1,"NV":1,"TB":0},{"Id":76,"V":1,"NV":1,"TB":0},{"Id":79,"V":1,"NV":1,"TB":0},{"Id":81,"V":1,"NV":1,"TB":0},{"Id":82,"V":1,"NV":1,"TB":0},{"Id":83,"V":1,"NV":1,"TB":0},{"Id":85,"V":1,"NV":1,"TB":0},{"Id":97,"V":1,"NV":1,"TB":0},{"Id":86,"V":0,"NV":0,"TB":0},{"Id":70,"V":0,"NV":0,"TB":2}],[{"Id":71,"V":6,"NV":0,"TB":0},{"Id":66,"V":5,"NV":0,"TB":0},{"Id":90,"V":5,"NV":0,"TB":0},{"Id":65,"V":3,"NV":0,"TB":0},{"Id":72,"V":3,"NV":0,"TB":0},{"Id":88,"V":3,"NV":0,"TB":0},{"Id":67,"V":2,"NV":0,"TB":0},{"Id":73,"V":2,"NV":0,"TB":0},{"Id":77,"V":2,"NV":0,"TB":0},{"Id":78,"V":2,"NV":0,"TB":0},{"Id":80,"V":2,"NV":0,"TB":0},{"Id":84,"V":2,"NV":0,"TB":0},{"Id":87,"V":2,"NV":0,"TB":0},{"Id":89,"V":2,"NV":0,"TB":0},{"Id":68,"V":1,"NV":0,"TB":0},{"Id":69,"V":1,"NV":0,"TB":0},{"Id":74,"V":1,"NV":0,"TB":0},{"Id":75,"V":1,"NV":0,"TB":0},{"Id":76,"V":1,"NV":0,"TB":0},{"Id":79,"V":1,"NV":0,"TB":0},{"Id":81,"V":1,"NV":0,"TB":0},{"Id":82,"V":1,"NV":0,"TB":0},{"Id":83,"V":1,"NV":0,"TB":0},{"Id":85,"V":1,"NV":0,"TB":0},{"Id":97,"V":1,"NV":0,"TB":0},{"Id":86,"V":0,"NV":0,"TB":0}],[{"Id":71,"V":6,"NV":0,"TB":0},{"Id":66,"V":5,"NV":0,"TB":0},{"Id":90,"V":5,"NV":0,"TB":0},{"Id":65,"V":3,"NV":0,"TB":0},{"Id":72,"V":3,"NV":0,"TB":0},{"Id":88,"V":3,"NV":0,"TB":0},{"Id":67,"V":2,"NV":0,"TB":0},{"Id":73,"V":2,"NV":0,"TB":0},{"Id":77,"V":2,"NV":0,"TB":0},{"Id":78,"V":2,"NV":0,"TB":0},{"Id":80,"V":2,"NV":0,"TB":0},{"Id":84,"V":2,"NV":0,"TB":0},{"Id":87,"V":2,"NV":0,"TB":0},{"Id":89,"V":2,"NV":0,"TB":0},{"Id":68,"V":1,"NV":0,"TB":0},{"Id":69,"V":1,"NV":0,"TB":0},{"Id":75,"V":1,"NV":0,"TB":0},{"Id":76,"V":1,"NV":0,"TB":0},{"Id":79,"V":1,"NV":0,"TB":0},{"Id":81,"V":1,"NV":0,"TB":0},{"Id":82,"V":1,"NV":0,"TB":0},{"Id":83,"V":1,"NV":0,"TB":0},{"Id":85,"V":1,"NV":0,"TB":0},{"Id":97,"V":1,"NV":0,"TB":0},{"Id":74,"V":1,"NV":0,"TB":9}],[{"Id":71,"V":6,"NV":0,"TB":0},{"Id":66,"V":5,"NV":0,"TB":0},{"Id":90,"V":5,"NV":0,"TB":0},{"Id":65,"V":3,"NV":0,"TB":0},{"Id":72,"V":3,"NV":0,"TB":0},{"Id":88,"V":3,"NV":0,"TB":0},{"Id":67,"V":2,"NV":0,"TB":0},{"Id":73,"V":2,"NV":0,"TB":0},{"Id":76,"V":2,"NV":1,"TB":0},{"Id":77,"V":2,"NV":0,"TB":0},{"Id":78,"V":2,"NV":0,"TB":0},{"Id":80,"V":2,"NV":0,"TB":0},{"Id":84,"V":2,"NV":0,"TB":0},{"Id":87,"V":2,"NV":0,"TB":0},{"Id":89,"V":2,"NV":0,"TB":0},{"Id":69,"V":1,"NV":0,"TB":0},{"Id":75,"V":1,"NV":0,"TB":0},{"Id":79,"V":1,"NV":0,"TB":0},{"Id":81,"V":1,"NV":0,"TB":0},{"Id":82,"V":1,"NV":0,"TB":0},{"Id":83,"V":1,"NV":0,"TB":0},{"Id":85,"V":1,"NV":0,"TB":0},{"Id":97,"V":1,"NV":0,"TB":0},{"Id":68,"V":1,"NV":0,"TB":9}],[{"Id":71,"V":6,"NV":0,"TB":0},{"Id":66,"V":5,"NV":0,"TB":0},{"Id":90,"V":5,"NV":0,"TB":0},{"Id":88,"V":4,"NV":1,"TB":0},{"Id":65,"V":3,"NV":0,"TB":0},{"Id":72,"V":3,"NV":0,"TB":0},{"Id":67,"V":2,"NV":0,"TB":0},{"Id":73,"V":2,"NV":0,"TB":0},{"Id":76,"V":2,"NV":0,"TB":0},{"Id":77,"V":2,"NV":0,"TB":0},{"Id":78,"V":2,"NV":0,"TB":0},{"Id":80,"V":2,"NV":0,"TB":0},{"Id":84,"V":2,"NV":0,"TB":0},{"Id":87,"V":2,"NV":0,"TB":0},{"Id":89,"V":2,"NV":0,"TB":0},{"Id":69,"V":1,"NV":0,"TB":0},{"Id":79,"V":1,"NV":0,"TB":0},{"Id":81,"V":1,"NV":0,"TB":0},{"Id":82,"V":1,"NV":0,"TB":0},{"Id":83,"V":1,"NV":0,"TB":0},{"Id":85,"V":1,"NV":0,"TB":0},{"Id":97,"V":1,"NV":0,"TB":0},{"Id":75,"V":1,"NV":0,"TB":7}],[{"Id":71,"V":6,"NV":0,"TB":0},{"Id":66,"V":5,"NV":0,"TB":0},{"Id":90,"V":5,"NV":0,"TB":0},{"Id":88,"V":4,"NV":0,"TB":0},{"Id":65,"V":3,"NV":0,"TB":0},{"Id":72,"V":3,"NV":0,"TB":0},{"Id":67,"V":2,"NV":0,"TB":0},{"Id":73,"V":2,"NV":0,"TB":0},{"Id":76,"V":2,"NV":0,"TB":0},{"Id":77,"V":2,"NV":0,"TB":0},{"Id":78,"V":2,"NV":0,"TB":0},{"Id":80,"V":2,"NV":0,"TB":0},{"Id":84,"V":2,"NV":0,"TB":0},{"Id":87,"V":2,"NV":0,"TB":0},{"Id":89,"V":2,"NV":0,"TB":0},{"Id":97,"V":2,"NV":1,"TB":0},{"Id":79,"V":1,"NV":0,"TB":0},{"Id":81,"V":1,"NV":0,"TB":0},{"Id":82,"V":1,"NV":0,"TB":0},{"Id":83,"V":1,"NV":0,"TB":0},{"Id":85,"V":1,"NV":0,"TB":0},{"Id":69,"V":1,"NV":0,"TB":6}],[{"Id":71,"V":6,"NV":0,"TB":0},{"Id":66,"V":5,"NV":0,"TB":0},{"Id":90,"V":5,"NV":0,"TB":0},{"Id":88,"V":4,"NV":0,"TB":0},{"Id":65,"V":3,"NV":0,"TB":0},{"Id":72,"V":3,"NV":0,"TB":0},{"Id":84,"V":3,"NV":1,"TB":0},{"Id":67,"V":2,"NV":0,"TB":0},{"Id":73,"V":2,"NV":0,"TB":0},{"Id":76,"V":2,"NV":0,"TB":0},{"Id":77,"V":2,"NV":0,"TB":0},{"Id":78,"V":2,"NV":0,"TB":0},{"Id":80,"V":2,"NV":0,"TB":0},{"Id":87,"V":2,"NV":0,"TB":0},{"Id":89,"V":2,"NV":0,"TB":0},{"Id":97,"V":2,"NV":0,"TB":0},{"Id":79,"V":1,"NV":0,"TB":0},{"Id":81,"V":1,"NV":0,"TB":0},{"Id":82,"V":1,"NV":0,"TB":0},{"Id":83,"V":1,"NV":0,"TB":0},{"Id":85,"V":1,"NV":0,"TB":1}],[{"Id":71,"V":6,"NV":0,"TB":0},{"Id":66,"V":5,"NV":0,"TB":0},{"Id":90,"V":5,"NV":0,"TB":0},{"Id":88,"V":4,"NV":0,"TB":0},{"Id":65,"V":3,"NV":0,"TB":0},{"Id":72,"V":3,"NV":0,"TB":0},{"Id":78,"V":3,"NV":1,"TB":0},{"Id":84,"V":3,"NV":0,"TB":0},{"Id":67,"V":2,"NV":0,"TB":0},{"Id":73,"V":2,"NV":0,"TB":0},{"Id":76,"V":2,"NV":0,"TB":0},{"Id":77,"V":2,"NV":0,"TB":0},{"Id":80,"V":2,"NV":0,"TB":0},{"Id":87,"V":2,"NV":0,"TB":0},{"Id":89,"V":2,"NV":0,"TB":0},{"Id":97,"V":2,"NV":0,"TB":0},{"Id":81,"V":1,"NV":0,"TB":0},{"Id":82,"V":1,"NV":0,"TB":0},{"Id":83,"V":1,"NV":0,"TB":0},{"Id":79,"V":1,"NV":0,"TB":4}],[{"Id":71,"V":6,"NV":0,"TB":0},{"Id":66,"V":5,"NV":0,"TB":0},{"Id":90,"V":5,"NV":0,"TB":0},{"Id":88,"V":4,"NV":0,"TB":0},{"Id":65,"V":3,"NV":0,"TB":0},{"Id":67,"V":3,"NV":1,"TB":0},{"Id":72,"V":3,"NV":0,"TB":0},{"Id":78,"V":3,"NV":0,"TB":0},{"Id":84,"V":3,"NV":0,"TB":0},{"Id":73,"V":2,"NV":0,"TB":0},{"Id":76,"V":2,"NV":0,"TB":0},{"Id":77,"V":2,"NV":0,"TB":0},{"Id":80,"V":2,"NV":0,"TB":0},{"Id":87,"V":2,"NV":0,"TB":0},{"Id":89,"V":2,"NV":0,"TB":0},{"Id":97,"V":2,"NV":0,"TB":0},{"Id":81,"V":1,"NV":0,"TB":0},{"Id":83,"V":1,"NV":0,"TB":0},{"Id":82,"V":1,"NV":0,"TB":2}],[{"Id":71,"V":6,"NV":0,"TB":0},{"Id":66,"V":5,"NV":0,"TB":0},{"Id":90,"V":5,"NV":0,"TB":0},{"Id":78,"V":4,"NV":1,"TB":0},{"Id":88,"V":4,"NV":0,"TB":0},{"Id":65,"V":3,"NV":0,"TB":0},{"Id":67,"V":3,"NV":0,"TB":0},{"Id":72,"V":3,"NV":0,"TB":0},{"Id":84,"V":3,"NV":0,"TB":0},{"Id":73,"V":2,"NV":0,"TB":0},{"Id":76,"V":2,"NV":0,"TB":0},{"Id":77,"V":2,"NV":0,"TB":0},{"Id":80,"V":2,"NV":0,"TB":0},{"Id":87,"V":2,"NV":0,"TB":0},{"Id":89,"V":2,"NV":0,"TB":0},{"Id":97,"V":2,"NV":0,"TB":0},{"Id":83,"V":1,"NV":0,"TB":0},{"Id":81,"V":1,"NV":0,"TB":2}],[{"Id":71,"V":7,"NV":1,"TB":0},{"Id":66,"V":5,"NV":0,"TB":0},{"Id":90,"V":5,"NV":0,"TB":0},{"Id":78,"V":4,"NV":0,"TB":0},{"Id":88,"V":4,"NV":0,"TB":0},{"Id":65,"V":3,"NV":0,"TB":0},{"Id":67,"V":3,"NV":0,"TB":0},{"Id":72,"V":3,"NV":0,"TB":0},{"Id":84,"V":3,"NV":0,"TB":0},{"Id":73,"V":2,"NV":0,"TB":0},{"Id":76,"V":2,"NV":0,"TB":0},{"Id":77,"V":2,"NV":0,"TB":0},{"Id":80,"V":2,"NV":0,"TB":0},{"Id":87,"V":2,"NV":0,"TB":0},{"Id":89,"V":2,"NV":0,"TB":0},{"Id":97,"V":2,"NV":0,"TB":0},{"Id":83,"V":1,"NV":0,"TB":0}],[{"Id":71,"V":7,"NV":0,"TB":0},{"Id":66,"V":5,"NV":0,"TB":0},{"Id":90,"V":5,"NV":0,"TB":0},{"Id":78,"V":4,"NV":0,"TB":0},{"Id":84,"V":4,"NV":1,"TB":0},{"Id":88,"V":4,"NV":0,"TB":0},{"Id":65,"V":3,"NV":0,"TB":0},{"Id":67,"V":3,"NV":0,"TB":0},{"Id":72,"V":3,"NV":0,"TB":0},{"Id":73,"V":2,"NV":0,"TB":0},{"Id":77,"V":2,"NV":0,"TB":0},{"Id":80,"V":2,"NV":0,"TB":0},{"Id":87,"V":2,"NV":0,"TB":0},{"Id":89,"V":2,"NV":0,"TB":0},{"Id":97,"V":2,"NV":0,"TB":0},{"Id":76,"V":2,"NV":0,"TB":6}],[{"Id":71,"V":7,"NV":0,"TB":0},{"Id":66,"V":5,"NV":0,"TB":0},{"Id":88,"V":5,"NV":1,"TB":0},{"Id":90,"V":5,"NV":0,"TB":0},{"Id":78,"V":4,"NV":0,"TB":0},{"Id":84,"V":4,"NV":0,"TB":0},{"Id":65,"V":3,"NV":0,"TB":0},{"Id":67,"V":3,"NV":0,"TB":0},{"Id":72,"V":3,"NV":0,"TB":0},{"Id":73,"V":3,"NV":1,"TB":0},{"Id":77,"V":2,"NV":0,"TB":0},{"Id":87,"V":2,"NV":0,"TB":0},{"Id":89,"V":2,"NV":0,"TB":0},{"Id":97,"V":2,"NV":0,"TB":0},{"Id":80,"V":2,"NV":0,"TB":4}],[{"Id":71,"V":8,"NV":1,"TB":0},{"Id":90,"V":6,"NV":1,"TB":0},{"Id":66,"V":5,"NV":0,"TB":0},{"Id":88,"V":5,"NV":0,"TB":0},{"Id":78,"V":4,"NV":0,"TB":0},{"Id":84,"V":4,"NV":0,"TB":0},{"Id":65,"V":3,"NV":0,"TB":0},{"Id":67,"V":3,"NV":0,"TB":0},{"Id":72,"V":3,"NV":0,"TB":0},{"Id":73,"V":3,"NV":0,"TB":0},{"Id":77,"V":2,"NV":0,"TB":0},{"Id":89,"V":2,"NV":0,"TB":0},{"Id":97,"V":2,"NV":0,"TB":0},{"Id":87,"V":2,"NV":0,"TB":3}],[{"Id":71,"V":10,"NV":2,"TB":0},{"Id":90,"V":6,"NV":0,"TB":0},{"Id":66,"V":5,"NV":0,"TB":0},{"Id":88,"V":5,"NV":0,"TB":0},{"Id":78,"V":4,"NV":0,"TB":0},{"Id":84,"V":4,"NV":0,"TB":0},{"Id":65,"V":3,"NV":0,"TB":0},{"Id":67,"V":3,"NV":0,"TB":0},{"Id":72,"V":3,"NV":0,"TB":0},{"Id":73,"V":3,"NV":0,"TB":0},{"Id":89,"V":2,"NV":0,"TB":0},{"Id":97,"V":2,"NV":0,"TB":0},{"Id":77,"V":2,"NV":0,"TB":3}],[{"Id":71,"V":10,"NV":0,"TB":0},{"Id":90,"V":6,"NV":0,"TB":0},{"Id":65,"V":5,"NV":2,"TB":0},{"Id":66,"V":5,"NV":0,"TB":0},{"Id":88,"V":5,"NV":0,"TB":0},{"Id":78,"V":4,"NV":0,"TB":0},{"Id":84,"V":4,"NV":0,"TB":0},{"Id":67,"V":3,"NV":0,"TB":0},{"Id":72,"V":3,"NV":0,"TB":0},{"Id":73,"V":3,"NV":0,"TB":0},{"Id":97,"V":2,"NV":0,"TB":0},{"Id":89,"V":2,"NV":0,"TB":2}],[{"Id":71,"V":10,"NV":0,"TB":0},{"Id":66,"V":6,"NV":1,"TB":0},{"Id":90,"V":6,"NV":0,"TB":0},{"Id":65,"V":5,"NV":0,"TB":0},{"Id":88,"V":5,"NV":0,"TB":0},{"Id":67,"V":4,"NV":1,"TB":0},{"Id":78,"V":4,"NV":0,"TB":0},{"Id":84,"V":4,"NV":0,"TB":0},{"Id":72,"V":3,"NV":0,"TB":0},{"Id":73,"V":3,"NV":0,"TB":0},{"Id":97,"V":2,"NV":0,"TB":0}],[{"Id":71,"V":10,"NV":0,"TB":0},{"Id":66,"V":7,"NV":1,"TB":0},{"Id":90,"V":6,"NV":0,"TB":0},{"Id":65,"V":5,"NV":0,"TB":0},{"Id":88,"V":5,"NV":0,"TB":0},{"Id":67,"V":4,"NV":0,"TB":0},{"Id":78,"V":4,"NV":0,"TB":0},{"Id":84,"V":4,"NV":0,"TB":0},{"Id":72,"V":3,"NV":0,"TB":0},{"Id":73,"V":3,"NV":0,"TB":1}],[{"Id":71,"V":11,"NV":1,"TB":0},{"Id":66,"V":8,"NV":1,"TB":0},{"Id":90,"V":7,"NV":1,"TB":0},{"Id":65,"V":5,"NV":0,"TB":0},{"Id":88,"V":5,"NV":0,"TB":0},{"Id":67,"V":4,"NV":0,"TB":0},{"Id":78,"V":4,"NV":0,"TB":0},{"Id":84,"V":4,"NV":0,"TB":0},{"Id":72,"V":3,"NV":0,"TB":0}],[{"Id":71,"V":12,"NV":1,"TB":0},{"Id":66,"V":8,"NV":0,"TB":0},{"Id":90,"V":8,"NV":1,"TB":0},{"Id":88,"V":6,"NV":1,"TB":0},{"Id":65,"V":5,"NV":0,"TB":0},{"Id":67,"V":4,"NV":0,"TB":0},{"Id":78,"V":4,"NV":0,"TB":0},{"Id":84,"V":4,"NV":0,"TB":1}],[{"Id":71,"V":13,"NV":1,"TB":0},{"Id":66,"V":9,"NV":1,"TB":0},{"Id":90,"V":8,"NV":0,"TB":0},{"Id":88,"V":6,"NV":0,"TB":0},{"Id":65,"V":5,"NV":0,"TB":0},{"Id":78,"V":5,"NV":1,"TB":0},{"Id":67,"V":4,"NV":0,"TB":0}],[{"Id":71,"V":14,"NV":1,"TB":0},{"Id":66,"V":11,"NV":2,"TB":0},{"Id":90,"V":8,"NV":0,"TB":0},{"Id":88,"V":6,"NV":0,"TB":0},{"Id":65,"V":5,"NV":0,"TB":0},{"Id":78,"V":5,"NV":0,"TB":1}],[{"Id":71,"V":15,"NV":1,"TB":0},{"Id":66,"V":11,"NV":0,"TB":0},{"Id":90,"V":9,"NV":1,"TB":0},{"Id":65,"V":7,"NV":2,"TB":0},{"Id":88,"V":7,"NV":1,"TB":1}],[{"Id":71,"V":15,"NV":0,"TB":0},{"Id":66,"V":11,"NV":0,"TB":0},{"Id":90,"V":11,"NV":2,"TB":0},{"Id":65,"V":7,"NV":0,"TB":0}],[{"Id":71,"V":15,"NV":0,"TB":0},{"Id":90,"V":14,"NV":3,"TB":0},{"Id":66,"V":13,"NV":2,"TB":0}],[{"Id":90,"V":19,"NV":5,"TB":0},{"Id":71,"V":16,"NV":1,"TB":0}],[{"Id":90,"V":25,"NV":6,"TB":0}]],"Expires":1594003322,"SecondsLeft":0}