{"Mtype":"results","Title":"Round 1","PollStarted":"2020-08-16T20:15:10.810711833Z","PollDuration":600000000000,"Options":{"65":"Kat makes a maid outfit for Windstraw, proving that she can work in literally all shapes and sizes. She even makes Windstraw do a cute pose, much to her dismay!","66":"WWII: Tigress Trace in a US Army Airforce Dress uniform","67":"Sensei Keith meditates.","68":"Natani as Mulan training under Keith as Li Shang, respectively, from the animated Disney's 'Mulan'. Nora as Mushu peaking in the background.","69":"Trace and Flora invited to a \"mix race couples Island/retreat\" to meet other mix race couples on a private get away. PS friends welcome PPS: NO Eric Vaughan allowed.","70":"Aztec Warrior Queen Adelaide","71":"Transformation lapse of Raine","72":"Feral cat Nora chases feral dog Reni.","73":"Undercover Western Maddie. Some begin to suspect Maddie. But thinking she's otherwise harmless, they just try to have a bit of fun with her. Maddie does her best to retain her composure!","74":"Reverse of an earlier post. A jealous Trace guards a now human Flora from several onlookers. ","75":"Page 55 but Modern AU \u0026 Non-Rude Radiologist Tom","76":"While exploring a cavern, dragon Reni accidentally discovers a tribe of kobolds","77":"Kat dancing breakdance","78":"Raine, trying to become more comfortable with her wolf form, poses for a painting.","79":"Tiger Trace sleeping on Flora's chest","80":"We’ve just passed 1000 weekly sketches: Kat gets her old bucket of red paint out and enlists some volunteers. (Like the old 1,000,000 hits art!)","81":"Raine getting revenge on Red for the ice cream by freezing his shorts with an ice spell.","82":"Brutus mistakes Mike for Carver, and gives him a bear hug from behind","83":"Kat helps Frankenstein's monsters to re-create the threads that hold her body parts together","84":"A historically accurate knights Templar (with iconic bucket helmet) accuses a cute dark skinned twokinds Templar for being a witch after seeing her use magic.","85":"Young Kathrin sneaks into the room of young Mike \u0026 Evals after dark, she timidly introduces herself and tries to make friends with the two new slaves.","86":"What were Amelia and Adira like when they were kids?","87":"Modern AU: Cyberpunk Raine is helping Gaming Nora to find RHGUY69","88":"Natani mocks a flustered Zen as Kat gives him a bath."},"ExpectedBallots":69,"CountedBallots":69,"Ballots":["URVJC","QNWG","IRENBLXACQGDOWUJSPTKHFVM","XUQRT","UWATXKREIPOQVNBFGMCDHLJ","WAQN","HGLMW","HL","WARPFLVUGHQI","HXFWI","PUVFQEHCG","QVHUWJI","TPFIDEOQSRB","LFVNHIQU","NQGP","XIUCEORLMGJQPAFSDVNHWKTB","FXCVD","IUXGVE","XJQP","LWTQDJOP","OEJRBV","XJCIFBPU","VNDX","VUHJRNGBA","PGSOBJK","AHG","OJREBV","PFSR","UP","P","E","PUVM","PQNGXWFMI","TLWCPKD","UPXH","NPVHOXQUMFIECRBG","OXJFUBDPH","G","GQTWNJ","VHOSGWBULXKRCDAPFETIMQNJ","UGMLVICJ","AHUWPORCE","O","CFTIQG","IU","GLQHWN","OKUERMCGJQ","FJCKLOE","HAPVUGWX","N","VHRJIBUD","O","POMC","NGWQ","SVOQ","RLIFU","FJSDWLPHQKRAIN","DIX","JHLOAWSF","PVXIO","WIUV","LSVAJXO","AETMLVGC","FWQTCNMOAG","UWFELGDQ","GQNIUOXMCFHJWRSKDTEALVBP","WMFIQPDE","TQGCVPLXFHKMDWRBUJS","DPCMHOGL"],"Placements":[[{"Id":80,"V":8,"NV":8,"TB":0},{"Id":79,"V":6,"NV":6,"TB":0},{"Id":85,"V":6,"NV":6,"TB":0},{"Id":70,"V":4,"NV":4,"TB":0},{"Id":71,"V":4,"NV":4,"TB":0},{"Id":72,"V":4,"NV":4,"TB":0},{"Id":78,"V":4,"NV":4,"TB":0},{"Id":86,"V":4,"NV":4,"TB":0},{"Id":87,"V":4,"NV":4,"TB":0},{"Id":88,"V":4,"NV":4,"TB":0},{"Id":65,"V":3,"NV":3,"TB":0},{"Id":73,"V":3,"NV":3,"TB":0},{"Id":76,"V":3,"NV":3,"TB":0},{"Id":84,"V":3,"NV":3,"TB":0},{"Id":68,"V":2,"NV":2,"TB":0},{"Id":81,"V":2,"NV":2,"TB":0},{"Id":67,"V":1,"NV":1,"TB":0},{"Id":69,"V":1,"NV":1,"TB":0},{"Id":74,"V":1,"NV":1,"TB":0},{"Id":82,"V":1,"NV":1,"TB":0},{"Id":83,"V":1,"NV":1,"TB":0},{"Id":75,"V":0,"NV":0,"TB":0},{"Id":77,"V":0,"NV":0,"TB":0},{"Id":66,"V":0,"NV":0,"TB":3}],[{"Id":80,"V":8,"NV":0,"TB":0},{"Id":79,"V":6,"NV":0,"TB":0},{"Id":85,"V":6,"NV":0,"TB":0},{"Id":70,"V":4,"NV":0,"TB":0},{"Id":71,"V":4,"NV":0,"TB":0},{"Id":72,"V":4,"NV":0,"TB":0},{"Id":78,"V":4,"NV":0,"TB":0},{"Id":86,"V":4,"NV":0,"TB":0},{"Id":87,"V":4,"NV":0,"TB":0},{"Id":88,"V":4,"NV":0,"TB":0},{"Id":65,"V":3,"NV":0,"TB":0},{"Id":73,"V":3,"NV":0,"TB":0},{"Id":76,"V":3,"NV":0,"TB":0},{"Id":84,"V":3,"NV":0,"TB":0},{"Id":68,"V":2,"NV":0,"TB":0},{"Id":81,"V":2,"NV":0,"TB":0},{"Id":67,"V":1,"NV":0,"TB":0},{"Id":69,"V":1,"NV":0,"TB":0},{"Id":74,"V":1,"NV":0,"TB":0},{"Id":82,"V":1,"NV":0,"TB":0},{"Id":83,"V":1,"NV":0,"TB":0},{"Id":75,"V":0,"NV":0,"TB":0},{"Id":77,"V":0,"NV":0,"TB":1}],[{"Id":80,"V":8,"NV":0,"TB":0},{"Id":79,"V":6,"NV":0,"TB":0},{"Id":85,"V":6,"NV":0,"TB":0},{"Id":70,"V":4,"NV":0,"TB":0},{"Id":71,"V":4,"NV":0,"TB":0},{"Id":72,"V":4,"NV":0,"TB":0},{"Id":78,"V":4,"NV":0,"TB":0},{"Id":86,"V":4,"NV":0,"TB":0},{"Id":87,"V":4,"NV":0,"TB":0},{"Id":88,"V":4,"NV":0,"TB":0},{"Id":65,"V":3,"NV":0,"TB":0},{"Id":73,"V":3,"NV":0,"TB":0},{"Id":76,"V":3,"NV":0,"TB":0},{"Id":84,"V":3,"NV":0,"TB":0},{"Id":68,"V":2,"NV":0,"TB":0},{"Id":81,"V":2,"NV":0,"TB":0},{"Id":67,"V":1,"NV":0,"TB":0},{"Id":69,"V":1,"NV":0,"TB":0},{"Id":74,"V":1,"NV":0,"TB":0},{"Id":82,"V":1,"NV":0,"TB":0},{"Id":83,"V":1,"NV":0,"TB":0},{"Id":75,"V":0,"NV":0,"TB":0}],[{"Id":80,"V":8,"NV":0,"TB":0},{"Id":79,"V":6,"NV":0,"TB":0},{"Id":85,"V":6,"NV":0,"TB":0},{"Id":70,"V":4,"NV":0,"TB":0},{"Id":71,"V":4,"NV":0,"TB":0},{"Id":72,"V":4,"NV":0,"TB":0},{"Id":78,"V":4,"NV":0,"TB":0},{"Id":86,"V":4,"NV":0,"TB":0},{"Id":87,"V":4,"NV":0,"TB":0},{"Id":88,"V":4,"NV":0,"TB":0},{"Id":65,"V":3,"NV":0,"TB":0},{"Id":73,"V":3,"NV":0,"TB":0},{"Id":76,"V":3,"NV":0,"TB":0},{"Id":84,"V":3,"NV":0,"TB":0},{"Id":68,"V":2,"NV":0,"TB":0},{"Id":81,"V":2,"NV":0,"TB":0},{"Id":67,"V":1,"NV":0,"TB":0},{"Id":69,"V":1,"NV":0,"TB":0},{"Id":82,"V":1,"NV":0,"TB":0},{"Id":83,"V":1,"NV":0,"TB":0},{"Id":74,"V":1,"NV":0,"TB":3}],[{"Id":80,"V":8,"NV":0,"TB":0},{"Id":79,"V":6,"NV":0,"TB":0},{"Id":85,"V":6,"NV":0,"TB":0},{"Id":72,"V":5,"NV":1,"TB":0},{"Id":70,"V":4,"NV":0,"TB":0},{"Id":71,"V":4,"NV":0,"TB":0},{"Id":78,"V":4,"NV":0,"TB":0},{"Id":86,"V":4,"NV":0,"TB":0},{"Id":87,"V":4,"NV":0,"TB":0},{"Id":88,"V":4,"NV":0,"TB":0},{"Id":65,"V":3,"NV":0,"TB":0},{"Id":73,"V":3,"NV":0,"TB":0},{"Id":76,"V":3,"NV":0,"TB":0},{"Id":84,"V":3,"NV":0,"TB":0},{"Id":68,"V":2,"NV":0,"TB":0},{"Id":81,"V":2,"NV":0,"TB":0},{"Id":69,"V":1,"NV":0,"TB":0},{"Id":82,"V":1,"NV":0,"TB":0},{"Id":83,"V":1,"NV":0,"TB":0},{"Id":67,"V":1,"NV":0,"TB":4}],[{"Id":80,"V":8,"NV":0,"TB":0},{"Id":79,"V":6,"NV":0,"TB":0},{"Id":85,"V":6,"NV":0,"TB":0},{"Id":70,"V":5,"NV":1,"TB":0},{"Id":72,"V":5,"NV":0,"TB":0},{"Id":71,"V":4,"NV":0,"TB":0},{"Id":78,"V":4,"NV":0,"TB":0},{"Id":86,"V":4,"NV":0,"TB":0},{"Id":87,"V":4,"NV":0,"TB":0},{"Id":88,"V":4,"NV":0,"TB":0},{"Id":65,"V":3,"NV":0,"TB":0},{"Id":73,"V":3,"NV":0,"TB":0},{"Id":76,"V":3,"NV":0,"TB":0},{"Id":84,"V":3,"NV":0,"TB":0},{"Id":68,"V":2,"NV":0,"TB":0},{"Id":81,"V":2,"NV":0,"TB":0},{"Id":69,"V":1,"NV":0,"TB":0},{"Id":83,"V":1,"NV":0,"TB":0},{"Id":82,"V":1,"NV":0,"TB":2}],[{"Id":80,"V":8,"NV":0,"TB":0},{"Id":79,"V":6,"NV":0,"TB":0},{"Id":85,"V":6,"NV":0,"TB":0},{"Id":70,"V":5,"NV":0,"TB":0},{"Id":72,"V":5,"NV":0,"TB":0},{"Id":71,"V":4,"NV":0,"TB":0},{"Id":76,"V":4,"NV":1,"TB":0},{"Id":78,"V":4,"NV":0,"TB":0},{"Id":86,"V":4,"NV":0,"TB":0},{"Id":87,"V":4,"NV":0,"TB":0},{"Id":88,"V":4,"NV":0,"TB":0},{"Id":65,"V":3,"NV":0,"TB":0},{"Id":73,"V":3,"NV":0,"TB":0},{"Id":84,"V":3,"NV":0,"TB":0},{"Id":68,"V":2,"NV":0,"TB":0},{"Id":81,"V":2,"NV":0,"TB":0},{"Id":69,"V":1,"NV":0,"TB":0},{"Id":83,"V":1,"NV":0,"TB":1}],[{"Id":80,"V":8,"NV":0,"TB":0},{"Id":79,"V":6,"NV":0,"TB":0},{"Id":85,"V":6,"NV":0,"TB":0},{"Id":70,"V":5,"NV":0,"TB":0},{"Id":72,"V":5,"NV":0,"TB":0},{"Id":86,"V":5,"NV":1,"TB":0},{"Id":71,"V":4,"NV":0,"TB":0},{"Id":76,"V":4,"NV":0,"TB":0},{"Id":78,"V":4,"NV":0,"TB":0},{"Id":87,"V":4,"NV":0,"TB":0},{"Id":88,"V":4,"NV":0,"TB":0},{"Id":65,"V":3,"NV":0,"TB":0},{"Id":73,"V":3,"NV":0,"TB":0},{"Id":84,"V":3,"NV":0,"TB":0},{"Id":68,"V":2,"NV":0,"TB":0},{"Id":81,"V":2,"NV":0,"TB":0},{"Id":69,"V":1,"NV":0,"TB":0}],[{"Id":80,"V":8,"NV":0,"TB":0},{"Id":79,"V":6,"NV":0,"TB":0},{"Id":85,"V":6,"NV":0,"TB":0},{"Id":70,"V":5,"NV":0,"TB":0},{"Id":72,"V":5,"NV":0,"TB":0},{"Id":86,"V":5,"NV":0,"TB":0},{"Id":71,"V":4,"NV":0,"TB":0},{"Id":76,"V":4,"NV":0,"TB":0},{"Id":78,"V":4,"NV":0,"TB":0},{"Id":87,"V":4,"NV":0,"TB":0},{"Id":88,"V":4,"NV":0,"TB":0},{"Id":65,"V":3,"NV":0,"TB":0},{"Id":73,"V":3,"NV":0,"TB":0},{"Id":84,"V":3,"NV":0,"TB":0},{"Id":81,"V":2,"NV":0,"TB":0},{"Id":68,"V":2,"NV":0,"TB":2}],[{"Id":80,"V":9,"NV":1,"TB":0},{"Id":79,"V":6,"NV":0,"TB":0},{"Id":85,"V":6,"NV":0,"TB":0},{"Id":70,"V":5,"NV":0,"TB":0},{"Id":72,"V":5,"NV":0,"TB":0},{"Id":86,"V":5,"NV":0,"TB":0},{"Id":71,"V":4,"NV":0,"TB":0},{"Id":73,"V":4,"NV":1,"TB":0},{"Id":76,"V":4,"NV":0,"TB":0},{"Id":78,"V":4,"NV":0,"TB":0},{"Id":87,"V":4,"NV":0,"TB":0},{"Id":88,"V":4,"NV":0,"TB":0},{"Id":65,"V":3,"NV":0,"TB":0},{"Id":84,"V":3,"NV":0,"TB":0},{"Id":81,"V":2,"NV":0,"TB":0}],[{"Id":80,"V":9,"NV":0,"TB":0},{"Id":79,"V":6,"NV":0,"TB":0},{"Id":85,"V":6,"NV":0,"TB":0},{"Id":86,"V":6,"NV":1,"TB":0},{"Id":70,"V":5,"NV":0,"TB":0},{"Id":72,"V":5,"NV":0,"TB":0},{"Id":78,"V":5,"NV":1,"TB":0},{"Id":71,"V":4,"NV":0,"TB":0},{"Id":73,"V":4,"NV":0,"TB":0},{"Id":76,"V":4,"NV":0,"TB":0},{"Id":87,"V":4,"NV":0,"TB":0},{"Id":88,"V":4,"NV":0,"TB":0},{"Id":65,"V":3,"NV":0,"TB":0},{"Id":84,"V":3,"NV":0,"TB":1}],[{"Id":80,"V":10,"NV":1,"TB":0},{"Id":79,"V":6,"NV":0,"TB":0},{"Id":85,"V":6,"NV":0,"TB":0},{"Id":86,"V":6,"NV":0,"TB":0},{"Id":70,"V":5,"NV":0,"TB":0},{"Id":71,"V":5,"NV":1,"TB":0},{"Id":72,"V":5,"NV":0,"TB":0},{"Id":76,"V":5,"NV":1,"TB":0},{"Id":78,"V":5,"NV":0,"TB":0},{"Id":73,"V":4,"NV":0,"TB":0},{"Id":87,"V":4,"NV":0,"TB":0},{"Id":88,"V":4,"NV":0,"TB":0},{"Id":65,"V":3,"NV":0,"TB":0}],[{"Id":80,"V":10,"NV":0,"TB":0},{"Id":72,"V":7,"NV":2,"TB":0},{"Id":76,"V":6,"NV":1,"TB":0},{"Id":79,"V":6,"NV":0,"TB":0},{"Id":85,"V":6,"NV":0,"TB":0},{"Id":86,"V":6,"NV":0,"TB":0},{"Id":70,"V":5,"NV":0,"TB":0},{"Id":71,"V":5,"NV":0,"TB":0},{"Id":78,"V":5,"NV":0,"TB":0},{"Id":87,"V":4,"NV":0,"TB":0},{"Id":88,"V":4,"NV":0,"TB":0},{"Id":73,"V":4,"NV":0,"TB":3}],[{"Id":80,"V":10,"NV":0,"TB":0},{"Id":85,"V":8,"NV":2,"TB":0},{"Id":72,"V":7,"NV":0,"TB":0},{"Id":76,"V":6,"NV":0,"TB":0},{"Id":78,"V":6,"NV":1,"TB":0},{"Id":79,"V":6,"NV":0,"TB":0},{"Id":86,"V":6,"NV":0,"TB":0},{"Id":70,"V":5,"NV":0,"TB":0},{"Id":71,"V":5,"NV":0,"TB":0},{"Id":88,"V":5,"NV":1,"TB":0},{"Id":87,"V":4,"NV":0,"TB":0}],[{"Id":80,"V":11,"NV":1,"TB":0},{"Id":85,"V":9,"NV":1,"TB":0},{"Id":72,"V":7,"NV":0,"TB":0},{"Id":78,"V":7,"NV":1,"TB":0},{"Id":70,"V":6,"NV":1,"TB":0},{"Id":76,"V":6,"NV":0,"TB":0},{"Id":79,"V":6,"NV":0,"TB":0},{"Id":86,"V":6,"NV":0,"TB":0},{"Id":88,"V":5,"NV":0,"TB":0},{"Id":71,"V":5,"NV":0,"TB":2}],[{"Id":80,"V":11,"NV":0,"TB":0},{"Id":78,"V":9,"NV":2,"TB":0},{"Id":85,"V":9,"NV":0,"TB":0},{"Id":72,"V":7,"NV":0,"TB":0},{"Id":76,"V":7,"NV":1,"TB":0},{"Id":86,"V":7,"NV":1,"TB":0},{"Id":70,"V":6,"NV":0,"TB":0},{"Id":79,"V":6,"NV":0,"TB":0},{"Id":88,"V":5,"NV":0,"TB":0}],[{"Id":80,"V":12,"NV":1,"TB":0},{"Id":85,"V":11,"NV":2,"TB":0},{"Id":78,"V":9,"NV":0,"TB":0},{"Id":70,"V":7,"NV":1,"TB":0},{"Id":72,"V":7,"NV":0,"TB":0},{"Id":76,"V":7,"NV":0,"TB":0},{"Id":86,"V":7,"NV":0,"TB":0},{"Id":79,"V":6,"NV":0,"TB":0}],[{"Id":80,"V":12,"NV":0,"TB":0},{"Id":85,"V":12,"NV":1,"TB":0},{"Id":78,"V":9,"NV":0,"TB":0},{"Id":86,"V":9,"NV":2,"TB":0},{"Id":70,"V":8,"NV":1,"TB":0},{"Id":72,"V":7,"NV":0,"TB":0},{"Id":76,"V":7,"NV":0,"TB":1}],[{"Id":80,"V":14,"NV":2,"TB":0},{"Id":85,"V":12,"NV":0,"TB":0},{"Id":86,"V":11,"NV":2,"TB":0},{"Id":70,"V":10,"NV":2,"TB":0},{"Id":78,"V":9,"NV":0,"TB":0},{"Id":72,"V":8,"NV":1,"TB":0}],[{"Id":80,"V":15,"NV":1,"TB":0},{"Id":85,"V":13,"NV":1,"TB":0},{"Id":70,"V":12,"NV":2,"TB":0},{"Id":86,"V":11,"NV":0,"TB":0},{"Id":78,"V":10,"NV":1,"TB":0}],[{"Id":80,"V":17,"NV":2,"TB":0},{"Id":85,"V":15,"NV":2,"TB":0},{"Id":70,"V":12,"NV":0,"TB":0},{"Id":86,"V":11,"NV":0,"TB":0}],[{"Id":85,"V":19,"NV":4,"TB":0},{"Id":80,"V":18,"NV":1,"TB":0},{"Id":70,"V":12,"NV":0,"TB":0}],[{"Id":85,"V":22,"NV":3,"TB":0},{"Id":80,"V":21,"NV":3,"TB":0}],[{"Id":85,"V":29,"NV":7,"TB":0}]],"Expires":1597610110,"SecondsLeft":0}