{"Mtype":"results","Title":"Round 3","PollStarted":"2020-06-07T23:06:57.839425018Z","PollDuration":600000000000,"Options":{"65":"Raine and Red body swap","66":"Office Secretary Flora showing off her new suit with a confident pose","67":"Gamer Laura and Lo-Fi Kat getting snacks and drinks at Squirrelmart. Cat!Nora walking the isles. Cashier/owner Adira.","68":"Good Morning Fem-Mike","69":"Sythe is turned into a squirrel by another of the old Trace's collars, like the scene from Sword in the Stone. Cue an excited Nibbly!","70":"Dark AU Grand Templar Laura and the Slavers Kathrin and Flora. Laura takes notice of a certain special Basitin slave that she must have.","71":"Keith as a hardboiled noir detective. And Flora entering his office in search of a missing Trace. ","72":"School girl Keith Redux! (Remake of the old picture of Keith putting on stockings and wearing a school girl outfit with toast in his mouth)","73":"Cat Nora (actual cat) looking towards water in the distance (sitting on a dock). Red steps on her tail and has the most \"mistakes were made\" face","74":"Trace dealing with Flora’s strange pregnancy cravings","75":"Clovis, who previously sold his parents, will meet them again after a long time","76":"Landscape of northern Mekkan fjords.","77":"Flustered Reni acting strangely silly in front of Kei after mindreading a dog goes wrong and the pet jumps into her body.","78":"Human explorers visit the western Basitin territory and try to establish a trade agreement with them, offering gifts","79":"\"Grand Templar Mary Siverlock learns that Eris has broken into a Keidran village where a peace agreement has been made and is not happy about it\t\"","80":"the assassin twins in the world of assassins creed","81":"Trace joins a secret society ","82":"A pouncing Windstraw misses her toy mouse target!","83":"FemKeith pinning Keith to a bed","84":"Non-genderbent Mike and Evals under the enchanted mistletoe.","85":"The explorers study ancient wall paintings in company of Tigress.","86":"Mike meets his counterpart from the gender-swapped AU.  Each assumes the other has been affected by a gender-swap curse.","87":"Human Nora helps Reni with her human form, but goes overboard on the bust size","88":"Natani getting cuddled between Keith and FemKeith","89":"Laura sitting in Keith’s shoulders holding his ears like reins directing him where to go"},"ExpectedBallots":53,"CountedBallots":53,"Ballots":["PDULTS","TVHKDFEO","DWHSXVEAB","KPAEB","HXDFBCURJVQGNLA","YXITWDSCJGF","NK","UCER","XDSN","BTLPSHRVGDYXOENMCI","EC","XGYSHP","N","DVC","WBKVUNLPT","JBUE","THXSVD","XS","W","JSVDC","JGHPVBC","AJWSDCVMG","","DXSVKAQUROGJFPEILTYHWBMNC","RI","PTHYUJ","FLPSC","XG","YTC","FOPCUYTGEJB","CFGRIBX","RWFJLYMVOHNKSGPXTDQEUACI","SCJEHBGQI","CPLAJD","GYEKPCUIRNJ","CGTFSVYXARIDUJPO","CFJIYKEDHUXMTQNPWLVBGSAOR","UJ","VTKGL","E","WAGJCXRM","XBS","K","IARNW","LYCFMNQAGWBR","ICGYKOJDFESMLNRH","AVDWXCH","CBFQYEWHTKVUODJXI","FTOWJCIYLHSMKA","CGXFHNJWTQBADO","DAK","FPKR","A"],"Placements":[[{"Id":67,"V":6,"NV":6,"TB":0},{"Id":88,"V":5,"NV":5,"TB":0},{"Id":68,"V":4,"NV":4,"TB":0},{"Id":70,"V":4,"NV":4,"TB":0},{"Id":65,"V":3,"NV":3,"TB":0},{"Id":74,"V":3,"NV":3,"TB":0},{"Id":87,"V":3,"NV":3,"TB":0},{"Id":69,"V":2,"NV":2,"TB":0},{"Id":73,"V":2,"NV":2,"TB":0},{"Id":75,"V":2,"NV":2,"TB":0},{"Id":78,"V":2,"NV":2,"TB":0},{"Id":80,"V":2,"NV":2,"TB":0},{"Id":82,"V":2,"NV":2,"TB":0},{"Id":84,"V":2,"NV":2,"TB":0},{"Id":85,"V":2,"NV":2,"TB":0},{"Id":89,"V":2,"NV":2,"TB":0},{"Id":66,"V":1,"NV":1,"TB":0},{"Id":71,"V":1,"NV":1,"TB":0},{"Id":72,"V":1,"NV":1,"TB":0},{"Id":76,"V":1,"NV":1,"TB":0},{"Id":83,"V":1,"NV":1,"TB":0},{"Id":86,"V":1,"NV":1,"TB":0},{"Id":77,"V":0,"NV":0,"TB":0},{"Id":79,"V":0,"NV":0,"TB":0},{"Id":81,"V":0,"NV":0,"TB":1}],[{"Id":67,"V":6,"NV":0,"TB":0},{"Id":88,"V":5,"NV":0,"TB":0},{"Id":68,"V":4,"NV":0,"TB":0},{"Id":70,"V":4,"NV":0,"TB":0},{"Id":65,"V":3,"NV":0,"TB":0},{"Id":74,"V":3,"NV":0,"TB":0},{"Id":87,"V":3,"NV":0,"TB":0},{"Id":69,"V":2,"NV":0,"TB":0},{"Id":73,"V":2,"NV":0,"TB":0},{"Id":75,"V":2,"NV":0,"TB":0},{"Id":78,"V":2,"NV":0,"TB":0},{"Id":80,"V":2,"NV":0,"TB":0},{"Id":82,"V":2,"NV":0,"TB":0},{"Id":84,"V":2,"NV":0,"TB":0},{"Id":85,"V":2,"NV":0,"TB":0},{"Id":89,"V":2,"NV":0,"TB":0},{"Id":66,"V":1,"NV":0,"TB":0},{"Id":71,"V":1,"NV":0,"TB":0},{"Id":72,"V":1,"NV":0,"TB":0},{"Id":76,"V":1,"NV":0,"TB":0},{"Id":83,"V":1,"NV":0,"TB":0},{"Id":86,"V":1,"NV":0,"TB":0},{"Id":79,"V":0,"NV":0,"TB":0},{"Id":77,"V":0,"NV":0,"TB":2}],[{"Id":67,"V":6,"NV":0,"TB":0},{"Id":88,"V":5,"NV":0,"TB":0},{"Id":68,"V":4,"NV":0,"TB":0},{"Id":70,"V":4,"NV":0,"TB":0},{"Id":65,"V":3,"NV":0,"TB":0},{"Id":74,"V":3,"NV":0,"TB":0},{"Id":87,"V":3,"NV":0,"TB":0},{"Id":69,"V":2,"NV":0,"TB":0},{"Id":73,"V":2,"NV":0,"TB":0},{"Id":75,"V":2,"NV":0,"TB":0},{"Id":78,"V":2,"NV":0,"TB":0},{"Id":80,"V":2,"NV":0,"TB":0},{"Id":82,"V":2,"NV":0,"TB":0},{"Id":84,"V":2,"NV":0,"TB":0},{"Id":85,"V":2,"NV":0,"TB":0},{"Id":89,"V":2,"NV":0,"TB":0},{"Id":66,"V":1,"NV":0,"TB":0},{"Id":71,"V":1,"NV":0,"TB":0},{"Id":72,"V":1,"NV":0,"TB":0},{"Id":76,"V":1,"NV":0,"TB":0},{"Id":83,"V":1,"NV":0,"TB":0},{"Id":86,"V":1,"NV":0,"TB":0},{"Id":79,"V":0,"NV":0,"TB":0}],[{"Id":67,"V":6,"NV":0,"TB":0},{"Id":88,"V":5,"NV":0,"TB":0},{"Id":68,"V":4,"NV":0,"TB":0},{"Id":70,"V":4,"NV":0,"TB":0},{"Id":65,"V":3,"NV":0,"TB":0},{"Id":74,"V":3,"NV":0,"TB":0},{"Id":87,"V":3,"NV":0,"TB":0},{"Id":69,"V":2,"NV":0,"TB":0},{"Id":73,"V":2,"NV":0,"TB":0},{"Id":75,"V":2,"NV":0,"TB":0},{"Id":78,"V":2,"NV":0,"TB":0},{"Id":80,"V":2,"NV":0,"TB":0},{"Id":82,"V":2,"NV":0,"TB":0},{"Id":84,"V":2,"NV":0,"TB":0},{"Id":85,"V":2,"NV":0,"TB":0},{"Id":89,"V":2,"NV":0,"TB":0},{"Id":71,"V":1,"NV":0,"TB":0},{"Id":72,"V":1,"NV":0,"TB":0},{"Id":76,"V":1,"NV":0,"TB":0},{"Id":83,"V":1,"NV":0,"TB":0},{"Id":86,"V":1,"NV":0,"TB":0},{"Id":66,"V":1,"NV":0,"TB":6}],[{"Id":67,"V":6,"NV":0,"TB":0},{"Id":88,"V":5,"NV":0,"TB":0},{"Id":68,"V":4,"NV":0,"TB":0},{"Id":70,"V":4,"NV":0,"TB":0},{"Id":65,"V":3,"NV":0,"TB":0},{"Id":74,"V":3,"NV":0,"TB":0},{"Id":84,"V":3,"NV":1,"TB":0},{"Id":87,"V":3,"NV":0,"TB":0},{"Id":69,"V":2,"NV":0,"TB":0},{"Id":73,"V":2,"NV":0,"TB":0},{"Id":75,"V":2,"NV":0,"TB":0},{"Id":78,"V":2,"NV":0,"TB":0},{"Id":80,"V":2,"NV":0,"TB":0},{"Id":82,"V":2,"NV":0,"TB":0},{"Id":85,"V":2,"NV":0,"TB":0},{"Id":89,"V":2,"NV":0,"TB":0},{"Id":71,"V":1,"NV":0,"TB":0},{"Id":72,"V":1,"NV":0,"TB":0},{"Id":76,"V":1,"NV":0,"TB":0},{"Id":83,"V":1,"NV":0,"TB":0},{"Id":86,"V":1,"NV":0,"TB":1}],[{"Id":67,"V":6,"NV":0,"TB":0},{"Id":88,"V":5,"NV":0,"TB":0},{"Id":68,"V":4,"NV":0,"TB":0},{"Id":70,"V":4,"NV":0,"TB":0},{"Id":84,"V":4,"NV":1,"TB":0},{"Id":65,"V":3,"NV":0,"TB":0},{"Id":74,"V":3,"NV":0,"TB":0},{"Id":87,"V":3,"NV":0,"TB":0},{"Id":69,"V":2,"NV":0,"TB":0},{"Id":73,"V":2,"NV":0,"TB":0},{"Id":75,"V":2,"NV":0,"TB":0},{"Id":78,"V":2,"NV":0,"TB":0},{"Id":80,"V":2,"NV":0,"TB":0},{"Id":82,"V":2,"NV":0,"TB":0},{"Id":85,"V":2,"NV":0,"TB":0},{"Id":89,"V":2,"NV":0,"TB":0},{"Id":71,"V":1,"NV":0,"TB":0},{"Id":72,"V":1,"NV":0,"TB":0},{"Id":83,"V":1,"NV":0,"TB":0},{"Id":76,"V":1,"NV":0,"TB":2}],[{"Id":67,"V":6,"NV":0,"TB":0},{"Id":88,"V":5,"NV":0,"TB":0},{"Id":68,"V":4,"NV":0,"TB":0},{"Id":70,"V":4,"NV":0,"TB":0},{"Id":84,"V":4,"NV":0,"TB":0},{"Id":65,"V":3,"NV":0,"TB":0},{"Id":74,"V":3,"NV":0,"TB":0},{"Id":87,"V":3,"NV":0,"TB":0},{"Id":89,"V":3,"NV":1,"TB":0},{"Id":69,"V":2,"NV":0,"TB":0},{"Id":73,"V":2,"NV":0,"TB":0},{"Id":75,"V":2,"NV":0,"TB":0},{"Id":78,"V":2,"NV":0,"TB":0},{"Id":80,"V":2,"NV":0,"TB":0},{"Id":82,"V":2,"NV":0,"TB":0},{"Id":85,"V":2,"NV":0,"TB":0},{"Id":72,"V":1,"NV":0,"TB":0},{"Id":83,"V":1,"NV":0,"TB":0},{"Id":71,"V":1,"NV":0,"TB":3}],[{"Id":67,"V":6,"NV":0,"TB":0},{"Id":88,"V":5,"NV":0,"TB":0},{"Id":68,"V":4,"NV":0,"TB":0},{"Id":70,"V":4,"NV":0,"TB":0},{"Id":84,"V":4,"NV":0,"TB":0},{"Id":89,"V":4,"NV":1,"TB":0},{"Id":65,"V":3,"NV":0,"TB":0},{"Id":74,"V":3,"NV":0,"TB":0},{"Id":87,"V":3,"NV":0,"TB":0},{"Id":69,"V":2,"NV":0,"TB":0},{"Id":73,"V":2,"NV":0,"TB":0},{"Id":75,"V":2,"NV":0,"TB":0},{"Id":78,"V":2,"NV":0,"TB":0},{"Id":80,"V":2,"NV":0,"TB":0},{"Id":82,"V":2,"NV":0,"TB":0},{"Id":85,"V":2,"NV":0,"TB":0},{"Id":83,"V":1,"NV":0,"TB":0},{"Id":72,"V":1,"NV":0,"TB":2}],[{"Id":67,"V":6,"NV":0,"TB":0},{"Id":88,"V":6,"NV":1,"TB":0},{"Id":68,"V":4,"NV":0,"TB":0},{"Id":70,"V":4,"NV":0,"TB":0},{"Id":84,"V":4,"NV":0,"TB":0},{"Id":89,"V":4,"NV":0,"TB":0},{"Id":65,"V":3,"NV":0,"TB":0},{"Id":74,"V":3,"NV":0,"TB":0},{"Id":87,"V":3,"NV":0,"TB":0},{"Id":69,"V":2,"NV":0,"TB":0},{"Id":73,"V":2,"NV":0,"TB":0},{"Id":75,"V":2,"NV":0,"TB":0},{"Id":78,"V":2,"NV":0,"TB":0},{"Id":80,"V":2,"NV":0,"TB":0},{"Id":82,"V":2,"NV":0,"TB":0},{"Id":85,"V":2,"NV":0,"TB":0},{"Id":83,"V":1,"NV":0,"TB":0}],[{"Id":67,"V":7,"NV":1,"TB":0},{"Id":88,"V":6,"NV":0,"TB":0},{"Id":68,"V":4,"NV":0,"TB":0},{"Id":70,"V":4,"NV":0,"TB":0},{"Id":84,"V":4,"NV":0,"TB":0},{"Id":89,"V":4,"NV":0,"TB":0},{"Id":65,"V":3,"NV":0,"TB":0},{"Id":74,"V":3,"NV":0,"TB":0},{"Id":87,"V":3,"NV":0,"TB":0},{"Id":69,"V":2,"NV":0,"TB":0},{"Id":73,"V":2,"NV":0,"TB":0},{"Id":78,"V":2,"NV":0,"TB":0},{"Id":80,"V":2,"NV":0,"TB":0},{"Id":82,"V":2,"NV":0,"TB":0},{"Id":85,"V":2,"NV":0,"TB":0},{"Id":75,"V":2,"NV":0,"TB":5}],[{"Id":67,"V":7,"NV":0,"TB":0},{"Id":88,"V":6,"NV":0,"TB":0},{"Id":68,"V":4,"NV":0,"TB":0},{"Id":70,"V":4,"NV":0,"TB":0},{"Id":84,"V":4,"NV":0,"TB":0},{"Id":89,"V":4,"NV":0,"TB":0},{"Id":65,"V":3,"NV":0,"TB":0},{"Id":74,"V":3,"NV":0,"TB":0},{"Id":80,"V":3,"NV":1,"TB":0},{"Id":87,"V":3,"NV":0,"TB":0},{"Id":69,"V":2,"NV":0,"TB":0},{"Id":73,"V":2,"NV":0,"TB":0},{"Id":78,"V":2,"NV":0,"TB":0},{"Id":82,"V":2,"NV":0,"TB":0},{"Id":85,"V":2,"NV":0,"TB":1}],[{"Id":67,"V":8,"NV":1,"TB":0},{"Id":88,"V":6,"NV":0,"TB":0},{"Id":68,"V":4,"NV":0,"TB":0},{"Id":70,"V":4,"NV":0,"TB":0},{"Id":74,"V":4,"NV":1,"TB":0},{"Id":84,"V":4,"NV":0,"TB":0},{"Id":89,"V":4,"NV":0,"TB":0},{"Id":65,"V":3,"NV":0,"TB":0},{"Id":80,"V":3,"NV":0,"TB":0},{"Id":87,"V":3,"NV":0,"TB":0},{"Id":73,"V":2,"NV":0,"TB":0},{"Id":78,"V":2,"NV":0,"TB":0},{"Id":82,"V":2,"NV":0,"TB":0},{"Id":69,"V":2,"NV":0,"TB":4}],[{"Id":67,"V":9,"NV":1,"TB":0},{"Id":88,"V":6,"NV":0,"TB":0},{"Id":68,"V":4,"NV":0,"TB":0},{"Id":70,"V":4,"NV":0,"TB":0},{"Id":74,"V":4,"NV":0,"TB":0},{"Id":84,"V":4,"NV":0,"TB":0},{"Id":89,"V":4,"NV":0,"TB":0},{"Id":65,"V":3,"NV":0,"TB":0},{"Id":80,"V":3,"NV":0,"TB":0},{"Id":87,"V":3,"NV":0,"TB":0},{"Id":73,"V":2,"NV":0,"TB":0},{"Id":78,"V":2,"NV":0,"TB":0},{"Id":82,"V":2,"NV":0,"TB":1}],[{"Id":67,"V":9,"NV":0,"TB":0},{"Id":88,"V":6,"NV":0,"TB":0},{"Id":68,"V":4,"NV":0,"TB":0},{"Id":70,"V":4,"NV":0,"TB":0},{"Id":74,"V":4,"NV":0,"TB":0},{"Id":84,"V":4,"NV":0,"TB":0},{"Id":87,"V":4,"NV":1,"TB":0},{"Id":89,"V":4,"NV":0,"TB":0},{"Id":65,"V":3,"NV":0,"TB":0},{"Id":73,"V":3,"NV":1,"TB":0},{"Id":80,"V":3,"NV":0,"TB":0},{"Id":78,"V":2,"NV":0,"TB":0}],[{"Id":67,"V":9,"NV":0,"TB":0},{"Id":88,"V":6,"NV":0,"TB":0},{"Id":68,"V":4,"NV":0,"TB":0},{"Id":70,"V":4,"NV":0,"TB":0},{"Id":74,"V":4,"NV":0,"TB":0},{"Id":84,"V":4,"NV":0,"TB":0},{"Id":87,"V":4,"NV":0,"TB":0},{"Id":89,"V":4,"NV":0,"TB":0},{"Id":65,"V":3,"NV":0,"TB":0},{"Id":80,"V":3,"NV":0,"TB":0},{"Id":73,"V":3,"NV":0,"TB":2}],[{"Id":67,"V":10,"NV":1,"TB":0},{"Id":88,"V":6,"NV":0,"TB":0},{"Id":65,"V":4,"NV":1,"TB":0},{"Id":68,"V":4,"NV":0,"TB":0},{"Id":70,"V":4,"NV":0,"TB":0},{"Id":74,"V":4,"NV":0,"TB":0},{"Id":84,"V":4,"NV":0,"TB":0},{"Id":87,"V":4,"NV":0,"TB":0},{"Id":89,"V":4,"NV":0,"TB":0},{"Id":80,"V":3,"NV":0,"TB":0}],[{"Id":67,"V":10,"NV":0,"TB":0},{"Id":88,"V":6,"NV":0,"TB":0},{"Id":65,"V":5,"NV":1,"TB":0},{"Id":68,"V":5,"NV":1,"TB":0},{"Id":84,"V":5,"NV":1,"TB":0},{"Id":74,"V":4,"NV":0,"TB":0},{"Id":87,"V":4,"NV":0,"TB":0},{"Id":89,"V":4,"NV":0,"TB":0},{"Id":70,"V":4,"NV":0,"TB":4}],[{"Id":67,"V":12,"NV":2,"TB":0},{"Id":84,"V":6,"NV":1,"TB":0},{"Id":88,"V":6,"NV":0,"TB":0},{"Id":65,"V":5,"NV":0,"TB":0},{"Id":68,"V":5,"NV":0,"TB":0},{"Id":87,"V":4,"NV":0,"TB":0},{"Id":89,"V":4,"NV":0,"TB":0},{"Id":74,"V":4,"NV":0,"TB":3}],[{"Id":67,"V":13,"NV":1,"TB":0},{"Id":68,"V":6,"NV":1,"TB":0},{"Id":84,"V":6,"NV":0,"TB":0},{"Id":88,"V":6,"NV":0,"TB":0},{"Id":65,"V":5,"NV":0,"TB":0},{"Id":89,"V":4,"NV":0,"TB":0},{"Id":87,"V":4,"NV":0,"TB":2}],[{"Id":67,"V":13,"NV":0,"TB":0},{"Id":84,"V":7,"NV":1,"TB":0},{"Id":65,"V":6,"NV":1,"TB":0},{"Id":68,"V":6,"NV":0,"TB":0},{"Id":88,"V":6,"NV":0,"TB":0},{"Id":89,"V":5,"NV":1,"TB":0}],[{"Id":67,"V":15,"NV":2,"TB":0},{"Id":84,"V":8,"NV":1,"TB":0},{"Id":88,"V":8,"NV":2,"TB":0},{"Id":68,"V":6,"NV":0,"TB":0},{"Id":65,"V":6,"NV":0,"TB":2}],[{"Id":67,"V":16,"NV":1,"TB":0},{"Id":84,"V":8,"NV":0,"TB":0},{"Id":88,"V":8,"NV":0,"TB":0},{"Id":68,"V":8,"NV":2,"TB":3}],[{"Id":67,"V":19,"NV":3,"TB":0},{"Id":88,"V":11,"NV":3,"TB":0},{"Id":84,"V":9,"NV":1,"TB":0}],[{"Id":67,"V":21,"NV":2,"TB":0},{"Id":88,"V":13,"NV":2,"TB":0}],[{"Id":67,"V":27,"NV":6,"TB":0}]],"Expires":1591572420,"SecondsLeft":0}