{"Mtype":"results","Title":"Round 3","PollStarted":"2020-01-27T00:11:23.82067107Z","PollDuration":600000000000,"Options":{"65":"Nibbly on Keith's head tugging his ears, controlling him Ratatouille-style like she did to Flora. Natani's too busy laughing to help.","66":"Karen attaches Rose's control collars around one of Reni's toes. Shockingly, this works!","67":"Sythe Reference Sheet","68":"The Twokinds cast look after you as you're in your sickbed!","69":"A Husky Keidran in a wintry forest.","70":"Flora(Ori) and the Blind Forest","71":"Adelaide looks out her window only to see the entire basitin kingdom chasing Basitin Nora and trying to get her in some clothes.","72":"Monster Hunter Worlds: Zen and Natani team up to slay the Shara Ishvalada.","73":"Kat and Eric back as kids playing in the backyard","74":"Rising of the shield Hero: Keith as Naofumi, Natani as Raphtalia, and Maddie as Filo","75":"Female Clovis maid part 2. Showing the panties under the tail","76":"Bastin Nora accidentally creates a religion workshipping her.","77":"King Adelaide with her parents.","78":"Kat flying through the air wearing 3d mobility gear from attack on titan","79":"AU: Keith and Natani meet as children, one has a crush on the other!","80":"Dark Trace force to relive the memories of 2012 mistletoe incident","81":"How Mike got his scar. (More importantly do the chicks dig it?)","82":"How would the fight between Trace and Mary have gone if she had somehow reflected his spell back at him?","83":"Adira wearing a skimpy tribal outfit and jewelry.","84":"Older Maeve and Maddie visit a spa and see a pedicure on the menu. Maddie is scandalized (and a little curious) when Maeve explains what that is.","85":"Evals wearing a dog muzzle at a park near a sign. ","86":"Natani and Adelaide Flex Off","87":"Legosi and haru from beastars dancing","88":"Laura as a phoenix rising from the ashes.","89":"Flora and the others try to help a sick Trace, but it only makes things worst"},"ExpectedBallots":48,"CountedBallots":48,"Ballots":["ECT","REJCFKPVGLOQDTHYABSIXNWMU","KSRQUC","FUQJ","PG","QSCVYEDBKLMIXNOTPA","D","AXYK","KCSQMTVEAOXBHGNIDL","XSEN","SGMELV","OX","RXIWSOCQFGMDP","GKRFXBT","PFKNWOLSAV","RMQSIEC","LJSDMGNYAXR","PJGK","VOJHQ","OXSFNVCMJ","CSVTGDMXBEWFONPJHQRLYAKIU","DFYCPIGBLKMA","VMDGY","OKLST","QYPMA","STWGMB","MVIGLSPTYJ","OTYHFA","CXEYTLUQ","PYVAW","OXPYRJU","MCQRXVLDYK","VCXGQPUMDABLOKRSIYNEF","UCEQA","IDNQG","EGNRCMJD","WEQFBINCKX","XCKUBEI","GLCOQA","CEVGDO","DVFTSEMG","GKLSMHQR","KS","BEYOSXWFHNA","O","SRQ","KSG","VYXPDOIGEST"],"Placements":[[{"Id":79,"V":6,"NV":6,"TB":0},{"Id":75,"V":4,"NV":4,"TB":0},{"Id":80,"V":4,"NV":4,"TB":0},{"Id":86,"V":4,"NV":4,"TB":0},{"Id":67,"V":3,"NV":3,"TB":0},{"Id":68,"V":3,"NV":3,"TB":0},{"Id":71,"V":3,"NV":3,"TB":0},{"Id":82,"V":3,"NV":3,"TB":0},{"Id":83,"V":3,"NV":3,"TB":0},{"Id":69,"V":2,"NV":2,"TB":0},{"Id":77,"V":2,"NV":2,"TB":0},{"Id":81,"V":2,"NV":2,"TB":0},{"Id":88,"V":2,"NV":2,"TB":0},{"Id":65,"V":1,"NV":1,"TB":0},{"Id":66,"V":1,"NV":1,"TB":0},{"Id":70,"V":1,"NV":1,"TB":0},{"Id":73,"V":1,"NV":1,"TB":0},{"Id":76,"V":1,"NV":1,"TB":0},{"Id":85,"V":1,"NV":1,"TB":0},{"Id":87,"V":1,"NV":1,"TB":0},{"Id":72,"V":0,"NV":0,"TB":0},{"Id":74,"V":0,"NV":0,"TB":0},{"Id":78,"V":0,"NV":0,"TB":0},{"Id":84,"V":0,"NV":0,"TB":0},{"Id":89,"V":0,"NV":0,"TB":1}],[{"Id":79,"V":6,"NV":0,"TB":0},{"Id":75,"V":4,"NV":0,"TB":0},{"Id":80,"V":4,"NV":0,"TB":0},{"Id":86,"V":4,"NV":0,"TB":0},{"Id":67,"V":3,"NV":0,"TB":0},{"Id":68,"V":3,"NV":0,"TB":0},{"Id":71,"V":3,"NV":0,"TB":0},{"Id":82,"V":3,"NV":0,"TB":0},{"Id":83,"V":3,"NV":0,"TB":0},{"Id":69,"V":2,"NV":0,"TB":0},{"Id":77,"V":2,"NV":0,"TB":0},{"Id":81,"V":2,"NV":0,"TB":0},{"Id":88,"V":2,"NV":0,"TB":0},{"Id":65,"V":1,"NV":0,"TB":0},{"Id":66,"V":1,"NV":0,"TB":0},{"Id":70,"V":1,"NV":0,"TB":0},{"Id":73,"V":1,"NV":0,"TB":0},{"Id":76,"V":1,"NV":0,"TB":0},{"Id":85,"V":1,"NV":0,"TB":0},{"Id":87,"V":1,"NV":0,"TB":0},{"Id":72,"V":0,"NV":0,"TB":0},{"Id":78,"V":0,"NV":0,"TB":0},{"Id":84,"V":0,"NV":0,"TB":0},{"Id":74,"V":0,"NV":0,"TB":3}],[{"Id":79,"V":6,"NV":0,"TB":0},{"Id":75,"V":4,"NV":0,"TB":0},{"Id":80,"V":4,"NV":0,"TB":0},{"Id":86,"V":4,"NV":0,"TB":0},{"Id":67,"V":3,"NV":0,"TB":0},{"Id":68,"V":3,"NV":0,"TB":0},{"Id":71,"V":3,"NV":0,"TB":0},{"Id":82,"V":3,"NV":0,"TB":0},{"Id":83,"V":3,"NV":0,"TB":0},{"Id":69,"V":2,"NV":0,"TB":0},{"Id":77,"V":2,"NV":0,"TB":0},{"Id":81,"V":2,"NV":0,"TB":0},{"Id":88,"V":2,"NV":0,"TB":0},{"Id":65,"V":1,"NV":0,"TB":0},{"Id":66,"V":1,"NV":0,"TB":0},{"Id":70,"V":1,"NV":0,"TB":0},{"Id":73,"V":1,"NV":0,"TB":0},{"Id":76,"V":1,"NV":0,"TB":0},{"Id":85,"V":1,"NV":0,"TB":0},{"Id":87,"V":1,"NV":0,"TB":0},{"Id":72,"V":0,"NV":0,"TB":0},{"Id":78,"V":0,"NV":0,"TB":0},{"Id":84,"V":0,"NV":0,"TB":1}],[{"Id":79,"V":6,"NV":0,"TB":0},{"Id":75,"V":4,"NV":0,"TB":0},{"Id":80,"V":4,"NV":0,"TB":0},{"Id":86,"V":4,"NV":0,"TB":0},{"Id":67,"V":3,"NV":0,"TB":0},{"Id":68,"V":3,"NV":0,"TB":0},{"Id":71,"V":3,"NV":0,"TB":0},{"Id":82,"V":3,"NV":0,"TB":0},{"Id":83,"V":3,"NV":0,"TB":0},{"Id":69,"V":2,"NV":0,"TB":0},{"Id":77,"V":2,"NV":0,"TB":0},{"Id":81,"V":2,"NV":0,"TB":0},{"Id":88,"V":2,"NV":0,"TB":0},{"Id":65,"V":1,"NV":0,"TB":0},{"Id":66,"V":1,"NV":0,"TB":0},{"Id":70,"V":1,"NV":0,"TB":0},{"Id":73,"V":1,"NV":0,"TB":0},{"Id":76,"V":1,"NV":0,"TB":0},{"Id":85,"V":1,"NV":0,"TB":0},{"Id":87,"V":1,"NV":0,"TB":0},{"Id":72,"V":0,"NV":0,"TB":0},{"Id":78,"V":0,"NV":0,"TB":1}],[{"Id":79,"V":6,"NV":0,"TB":0},{"Id":75,"V":4,"NV":0,"TB":0},{"Id":80,"V":4,"NV":0,"TB":0},{"Id":86,"V":4,"NV":0,"TB":0},{"Id":67,"V":3,"NV":0,"TB":0},{"Id":68,"V":3,"NV":0,"TB":0},{"Id":71,"V":3,"NV":0,"TB":0},{"Id":82,"V":3,"NV":0,"TB":0},{"Id":83,"V":3,"NV":0,"TB":0},{"Id":69,"V":2,"NV":0,"TB":0},{"Id":77,"V":2,"NV":0,"TB":0},{"Id":81,"V":2,"NV":0,"TB":0},{"Id":88,"V":2,"NV":0,"TB":0},{"Id":65,"V":1,"NV":0,"TB":0},{"Id":66,"V":1,"NV":0,"TB":0},{"Id":70,"V":1,"NV":0,"TB":0},{"Id":73,"V":1,"NV":0,"TB":0},{"Id":76,"V":1,"NV":0,"TB":0},{"Id":85,"V":1,"NV":0,"TB":0},{"Id":87,"V":1,"NV":0,"TB":0},{"Id":72,"V":0,"NV":0,"TB":0}],[{"Id":79,"V":6,"NV":0,"TB":0},{"Id":75,"V":4,"NV":0,"TB":0},{"Id":80,"V":4,"NV":0,"TB":0},{"Id":86,"V":4,"NV":0,"TB":0},{"Id":67,"V":3,"NV":0,"TB":0},{"Id":68,"V":3,"NV":0,"TB":0},{"Id":71,"V":3,"NV":0,"TB":0},{"Id":82,"V":3,"NV":0,"TB":0},{"Id":83,"V":3,"NV":0,"TB":0},{"Id":69,"V":2,"NV":0,"TB":0},{"Id":77,"V":2,"NV":0,"TB":0},{"Id":81,"V":2,"NV":0,"TB":0},{"Id":88,"V":2,"NV":0,"TB":0},{"Id":65,"V":1,"NV":0,"TB":0},{"Id":66,"V":1,"NV":0,"TB":0},{"Id":70,"V":1,"NV":0,"TB":0},{"Id":73,"V":1,"NV":0,"TB":0},{"Id":85,"V":1,"NV":0,"TB":0},{"Id":87,"V":1,"NV":0,"TB":0},{"Id":76,"V":1,"NV":0,"TB":3}],[{"Id":79,"V":6,"NV":0,"TB":0},{"Id":75,"V":4,"NV":0,"TB":0},{"Id":80,"V":4,"NV":0,"TB":0},{"Id":83,"V":4,"NV":1,"TB":0},{"Id":86,"V":4,"NV":0,"TB":0},{"Id":67,"V":3,"NV":0,"TB":0},{"Id":68,"V":3,"NV":0,"TB":0},{"Id":71,"V":3,"NV":0,"TB":0},{"Id":82,"V":3,"NV":0,"TB":0},{"Id":69,"V":2,"NV":0,"TB":0},{"Id":77,"V":2,"NV":0,"TB":0},{"Id":81,"V":2,"NV":0,"TB":0},{"Id":88,"V":2,"NV":0,"TB":0},{"Id":66,"V":1,"NV":0,"TB":0},{"Id":70,"V":1,"NV":0,"TB":0},{"Id":73,"V":1,"NV":0,"TB":0},{"Id":85,"V":1,"NV":0,"TB":0},{"Id":87,"V":1,"NV":0,"TB":0},{"Id":65,"V":1,"NV":0,"TB":6}],[{"Id":79,"V":6,"NV":0,"TB":0},{"Id":75,"V":4,"NV":0,"TB":0},{"Id":80,"V":4,"NV":0,"TB":0},{"Id":83,"V":4,"NV":0,"TB":0},{"Id":86,"V":4,"NV":0,"TB":0},{"Id":67,"V":3,"NV":0,"TB":0},{"Id":68,"V":3,"NV":0,"TB":0},{"Id":71,"V":3,"NV":0,"TB":0},{"Id":82,"V":3,"NV":0,"TB":0},{"Id":88,"V":3,"NV":1,"TB":0},{"Id":69,"V":2,"NV":0,"TB":0},{"Id":77,"V":2,"NV":0,"TB":0},{"Id":81,"V":2,"NV":0,"TB":0},{"Id":66,"V":1,"NV":0,"TB":0},{"Id":70,"V":1,"NV":0,"TB":0},{"Id":73,"V":1,"NV":0,"TB":0},{"Id":85,"V":1,"NV":0,"TB":0},{"Id":87,"V":1,"NV":0,"TB":1}],[{"Id":79,"V":6,"NV":0,"TB":0},{"Id":75,"V":4,"NV":0,"TB":0},{"Id":80,"V":4,"NV":0,"TB":0},{"Id":83,"V":4,"NV":0,"TB":0},{"Id":86,"V":4,"NV":0,"TB":0},{"Id":67,"V":3,"NV":0,"TB":0},{"Id":68,"V":3,"NV":0,"TB":0},{"Id":69,"V":3,"NV":1,"TB":0},{"Id":71,"V":3,"NV":0,"TB":0},{"Id":82,"V":3,"NV":0,"TB":0},{"Id":88,"V":3,"NV":0,"TB":0},{"Id":77,"V":2,"NV":0,"TB":0},{"Id":81,"V":2,"NV":0,"TB":0},{"Id":66,"V":1,"NV":0,"TB":0},{"Id":73,"V":1,"NV":0,"TB":0},{"Id":85,"V":1,"NV":0,"TB":0},{"Id":70,"V":1,"NV":0,"TB":3}],[{"Id":79,"V":6,"NV":0,"TB":0},{"Id":75,"V":4,"NV":0,"TB":0},{"Id":80,"V":4,"NV":0,"TB":0},{"Id":83,"V":4,"NV":0,"TB":0},{"Id":86,"V":4,"NV":0,"TB":0},{"Id":67,"V":3,"NV":0,"TB":0},{"Id":68,"V":3,"NV":0,"TB":0},{"Id":69,"V":3,"NV":0,"TB":0},{"Id":71,"V":3,"NV":0,"TB":0},{"Id":82,"V":3,"NV":0,"TB":0},{"Id":88,"V":3,"NV":0,"TB":0},{"Id":77,"V":2,"NV":0,"TB":0},{"Id":81,"V":2,"NV":0,"TB":0},{"Id":85,"V":2,"NV":1,"TB":0},{"Id":66,"V":1,"NV":0,"TB":0},{"Id":73,"V":1,"NV":0,"TB":1}],[{"Id":79,"V":6,"NV":0,"TB":0},{"Id":68,"V":4,"NV":1,"TB":0},{"Id":75,"V":4,"NV":0,"TB":0},{"Id":80,"V":4,"NV":0,"TB":0},{"Id":83,"V":4,"NV":0,"TB":0},{"Id":86,"V":4,"NV":0,"TB":0},{"Id":67,"V":3,"NV":0,"TB":0},{"Id":69,"V":3,"NV":0,"TB":0},{"Id":71,"V":3,"NV":0,"TB":0},{"Id":82,"V":3,"NV":0,"TB":0},{"Id":88,"V":3,"NV":0,"TB":0},{"Id":77,"V":2,"NV":0,"TB":0},{"Id":81,"V":2,"NV":0,"TB":0},{"Id":85,"V":2,"NV":0,"TB":0},{"Id":66,"V":1,"NV":0,"TB":0}],[{"Id":79,"V":6,"NV":0,"TB":0},{"Id":68,"V":4,"NV":0,"TB":0},{"Id":69,"V":4,"NV":1,"TB":0},{"Id":75,"V":4,"NV":0,"TB":0},{"Id":80,"V":4,"NV":0,"TB":0},{"Id":83,"V":4,"NV":0,"TB":0},{"Id":86,"V":4,"NV":0,"TB":0},{"Id":67,"V":3,"NV":0,"TB":0},{"Id":71,"V":3,"NV":0,"TB":0},{"Id":82,"V":3,"NV":0,"TB":0},{"Id":88,"V":3,"NV":0,"TB":0},{"Id":81,"V":2,"NV":0,"TB":0},{"Id":85,"V":2,"NV":0,"TB":0},{"Id":77,"V":2,"NV":0,"TB":3}],[{"Id":79,"V":6,"NV":0,"TB":0},{"Id":86,"V":5,"NV":1,"TB":0},{"Id":67,"V":4,"NV":1,"TB":0},{"Id":68,"V":4,"NV":0,"TB":0},{"Id":69,"V":4,"NV":0,"TB":0},{"Id":75,"V":4,"NV":0,"TB":0},{"Id":80,"V":4,"NV":0,"TB":0},{"Id":83,"V":4,"NV":0,"TB":0},{"Id":71,"V":3,"NV":0,"TB":0},{"Id":82,"V":3,"NV":0,"TB":0},{"Id":88,"V":3,"NV":0,"TB":0},{"Id":85,"V":2,"NV":0,"TB":0},{"Id":81,"V":2,"NV":0,"TB":2}],[{"Id":79,"V":6,"NV":0,"TB":0},{"Id":80,"V":5,"NV":1,"TB":0},{"Id":83,"V":5,"NV":1,"TB":0},{"Id":86,"V":5,"NV":0,"TB":0},{"Id":67,"V":4,"NV":0,"TB":0},{"Id":68,"V":4,"NV":0,"TB":0},{"Id":69,"V":4,"NV":0,"TB":0},{"Id":75,"V":4,"NV":0,"TB":0},{"Id":71,"V":3,"NV":0,"TB":0},{"Id":82,"V":3,"NV":0,"TB":0},{"Id":88,"V":3,"NV":0,"TB":0},{"Id":85,"V":2,"NV":0,"TB":0}],[{"Id":79,"V":6,"NV":0,"TB":0},{"Id":67,"V":5,"NV":1,"TB":0},{"Id":80,"V":5,"NV":0,"TB":0},{"Id":83,"V":5,"NV":0,"TB":0},{"Id":86,"V":5,"NV":0,"TB":0},{"Id":68,"V":4,"NV":0,"TB":0},{"Id":69,"V":4,"NV":0,"TB":0},{"Id":75,"V":4,"NV":0,"TB":0},{"Id":82,"V":3,"NV":0,"TB":0},{"Id":88,"V":3,"NV":0,"TB":0},{"Id":71,"V":3,"NV":0,"TB":3}],[{"Id":67,"V":6,"NV":1,"TB":0},{"Id":75,"V":6,"NV":2,"TB":0},{"Id":79,"V":6,"NV":0,"TB":0},{"Id":80,"V":5,"NV":0,"TB":0},{"Id":83,"V":5,"NV":0,"TB":0},{"Id":86,"V":5,"NV":0,"TB":0},{"Id":68,"V":4,"NV":0,"TB":0},{"Id":69,"V":4,"NV":0,"TB":0},{"Id":88,"V":3,"NV":0,"TB":0},{"Id":82,"V":3,"NV":0,"TB":2}],[{"Id":67,"V":6,"NV":0,"TB":0},{"Id":75,"V":6,"NV":0,"TB":0},{"Id":79,"V":6,"NV":0,"TB":0},{"Id":83,"V":6,"NV":1,"TB":0},{"Id":69,"V":5,"NV":1,"TB":0},{"Id":80,"V":5,"NV":0,"TB":0},{"Id":86,"V":5,"NV":0,"TB":0},{"Id":88,"V":4,"NV":1,"TB":0},{"Id":68,"V":4,"NV":0,"TB":2}],[{"Id":67,"V":7,"NV":1,"TB":0},{"Id":75,"V":6,"NV":0,"TB":0},{"Id":79,"V":6,"NV":0,"TB":0},{"Id":83,"V":6,"NV":0,"TB":0},{"Id":86,"V":6,"NV":1,"TB":0},{"Id":69,"V":5,"NV":0,"TB":0},{"Id":80,"V":5,"NV":0,"TB":0},{"Id":88,"V":4,"NV":0,"TB":0}],[{"Id":67,"V":8,"NV":1,"TB":0},{"Id":83,"V":8,"NV":2,"TB":0},{"Id":75,"V":7,"NV":1,"TB":0},{"Id":79,"V":6,"NV":0,"TB":0},{"Id":86,"V":6,"NV":0,"TB":0},{"Id":80,"V":5,"NV":0,"TB":0},{"Id":69,"V":5,"NV":0,"TB":2}],[{"Id":67,"V":12,"NV":4,"TB":0},{"Id":83,"V":8,"NV":0,"TB":0},{"Id":75,"V":7,"NV":0,"TB":0},{"Id":79,"V":7,"NV":1,"TB":0},{"Id":86,"V":6,"NV":0,"TB":0},{"Id":80,"V":5,"NV":0,"TB":0}],[{"Id":67,"V":12,"NV":0,"TB":0},{"Id":75,"V":9,"NV":2,"TB":0},{"Id":83,"V":8,"NV":0,"TB":0},{"Id":86,"V":7,"NV":1,"TB":0},{"Id":79,"V":7,"NV":0,"TB":2}],[{"Id":67,"V":12,"NV":0,"TB":0},{"Id":75,"V":10,"NV":1,"TB":0},{"Id":83,"V":10,"NV":2,"TB":0},{"Id":86,"V":7,"NV":0,"TB":0}],[{"Id":67,"V":13,"NV":1,"TB":0},{"Id":83,"V":13,"NV":3,"TB":0},{"Id":75,"V":10,"NV":0,"TB":0}],[{"Id":83,"V":19,"NV":6,"TB":0},{"Id":67,"V":14,"NV":1,"TB":0}],[{"Id":83,"V":23,"NV":4,"TB":0}]],"Expires":1580085084,"SecondsLeft":0}