{"Mtype":"results","Title":"Round 3","PollStarted":"2020-04-20T00:38:54.69987343Z","PollDuration":600000000000,"Options":{"65":"Grand Templar Mary Siverlock learns that Eris has broken into a Keidran village where a peace agreement has been made and is not happy about it","66":"Laura fishing. She catches a Keith.","67":"Transformation lapse of Raine ","68":"Kat massages Zens feetpaws","69":"Trace is dealing with pregnant Flora’s cravings, by getting them personally","70":"Kat in a Maid outfit","71":"Nora 'begrudgingly' takes Zen and human Raine up above the clouds so they can watch the star filled nights sky.","72":"The entire gang is out trying boba tea for the first time and they each have their own reactions to such a tea, while rose is un-bias to the tea.","73":"Magic Lesson Mishap! Nora tries to teach a young Reni how to use magic, and Reni accidentally turns a fearsome mystical creature into a certain familiar squirrel ","74":"Angel Flora fighting an out of control Demon Tiger Trace to bring him back to his senses","75":"Keith and Natani stargazing on a hill","76":"Trace, Keith, Mike, Zen and Katherine in a 1920’s Jazz band ","77":"Good Morning Adira and Maeve ","78":"Natani dressed as Red Savarin, and Keith dressed as Elh Melizée from Solatorobo","79":"Evals is a good boy and deserves ALL the scritches","80":"Girls night out! (Flora, Kat, Natani?!?!) meanwhile Natani is confused on why they are there.","81":"Preparing for the Saria and Trace wedding. Saria asks Rose to be her bridesmaid. Rose doubts this is a good idea but Saria convinces her.","82":"Raine's mindscape: an organized bedroom with a chained-up closet where she keeps her Keidran half, teenager angst, and repressed negative emotions.","83":"Raine's first encounter with her mother after stepping on her locket. As mentioned in page 729.","84":"Follow up to Mistaken Identity Flirting, Natani convinces Keith to show off his lacy underwear to her and Maddie.","85":"Reni reference sheet that includes her human and cat form.","86":"Basitin Kat, with her spots painted in white tribal paint","87":"Good Morning Tigress Trace","88":"FemMike in her Custom Underwear"},"ExpectedBallots":55,"CountedBallots":55,"Ballots":["LPTMVJUQRKFI","G","FDGRS","VXPIUTW","XUTPVDKOWFEQBSCGILR","QULF","TDXBURJKOPSQFM","DGT","KVBPD","C","XWBCFMP","DTBXSFOKEICNUHJ","GPVIU","OSQKVXGBLPHAF","DEFPLXKUTVJ","XFWL","VSQC","EQSUAVL","WXCB","DU","JETPXOWIV","SQRBGOP","FVPET","KWMVNRATIXEDHCJFSPGLOBQU","C","GTV","EJQB","DLVTFH","WJ","XCW","GUFRJVLD","FPVXILUHJGOKRESBWQNTACM","CXFM","WVMTUCXPGKBLDEFHRS","BCKIQFL","BLTXVJSKOUWIPGQF","CJWSEFVL","QUBWVCRAP","XSMWFURTQPOGCBIJDAKNVEHL","UBIRNJACDLGFMHOEXSPWQTVK","FVPWOLD","UTKC","OCDSRB","SDX","LCQIRSPH","AGQSVPINECTJDLRUBOXKWFMH","WBLRAXO","BRVEI","BGWELHFQDJTOUASVI","M","EJ","FBPCNHVDRJLSUEXWA","E","VMEPB","VFB"],"Placements":[[{"Id":68,"V":5,"NV":5,"TB":0},{"Id":70,"V":5,"NV":5,"TB":0},{"Id":88,"V":5,"NV":5,"TB":0},{"Id":66,"V":4,"NV":4,"TB":0},{"Id":67,"V":4,"NV":4,"TB":0},{"Id":69,"V":4,"NV":4,"TB":0},{"Id":71,"V":4,"NV":4,"TB":0},{"Id":86,"V":4,"NV":4,"TB":0},{"Id":87,"V":4,"NV":4,"TB":0},{"Id":75,"V":2,"NV":2,"TB":0},{"Id":76,"V":2,"NV":2,"TB":0},{"Id":79,"V":2,"NV":2,"TB":0},{"Id":81,"V":2,"NV":2,"TB":0},{"Id":83,"V":2,"NV":2,"TB":0},{"Id":85,"V":2,"NV":2,"TB":0},{"Id":65,"V":1,"NV":1,"TB":0},{"Id":74,"V":1,"NV":1,"TB":0},{"Id":77,"V":1,"NV":1,"TB":0},{"Id":84,"V":1,"NV":1,"TB":0},{"Id":72,"V":0,"NV":0,"TB":0},{"Id":73,"V":0,"NV":0,"TB":0},{"Id":78,"V":0,"NV":0,"TB":0},{"Id":80,"V":0,"NV":0,"TB":0},{"Id":82,"V":0,"NV":0,"TB":1}],[{"Id":68,"V":5,"NV":0,"TB":0},{"Id":70,"V":5,"NV":0,"TB":0},{"Id":88,"V":5,"NV":0,"TB":0},{"Id":66,"V":4,"NV":0,"TB":0},{"Id":67,"V":4,"NV":0,"TB":0},{"Id":69,"V":4,"NV":0,"TB":0},{"Id":71,"V":4,"NV":0,"TB":0},{"Id":86,"V":4,"NV":0,"TB":0},{"Id":87,"V":4,"NV":0,"TB":0},{"Id":75,"V":2,"NV":0,"TB":0},{"Id":76,"V":2,"NV":0,"TB":0},{"Id":79,"V":2,"NV":0,"TB":0},{"Id":81,"V":2,"NV":0,"TB":0},{"Id":83,"V":2,"NV":0,"TB":0},{"Id":85,"V":2,"NV":0,"TB":0},{"Id":65,"V":1,"NV":0,"TB":0},{"Id":74,"V":1,"NV":0,"TB":0},{"Id":77,"V":1,"NV":0,"TB":0},{"Id":84,"V":1,"NV":0,"TB":0},{"Id":72,"V":0,"NV":0,"TB":0},{"Id":78,"V":0,"NV":0,"TB":0},{"Id":80,"V":0,"NV":0,"TB":0},{"Id":73,"V":0,"NV":0,"TB":3}],[{"Id":68,"V":5,"NV":0,"TB":0},{"Id":70,"V":5,"NV":0,"TB":0},{"Id":88,"V":5,"NV":0,"TB":0},{"Id":66,"V":4,"NV":0,"TB":0},{"Id":67,"V":4,"NV":0,"TB":0},{"Id":69,"V":4,"NV":0,"TB":0},{"Id":71,"V":4,"NV":0,"TB":0},{"Id":86,"V":4,"NV":0,"TB":0},{"Id":87,"V":4,"NV":0,"TB":0},{"Id":75,"V":2,"NV":0,"TB":0},{"Id":76,"V":2,"NV":0,"TB":0},{"Id":79,"V":2,"NV":0,"TB":0},{"Id":81,"V":2,"NV":0,"TB":0},{"Id":83,"V":2,"NV":0,"TB":0},{"Id":85,"V":2,"NV":0,"TB":0},{"Id":65,"V":1,"NV":0,"TB":0},{"Id":74,"V":1,"NV":0,"TB":0},{"Id":77,"V":1,"NV":0,"TB":0},{"Id":84,"V":1,"NV":0,"TB":0},{"Id":72,"V":0,"NV":0,"TB":0},{"Id":78,"V":0,"NV":0,"TB":0},{"Id":80,"V":0,"NV":0,"TB":1}],[{"Id":68,"V":5,"NV":0,"TB":0},{"Id":70,"V":5,"NV":0,"TB":0},{"Id":88,"V":5,"NV":0,"TB":0},{"Id":66,"V":4,"NV":0,"TB":0},{"Id":67,"V":4,"NV":0,"TB":0},{"Id":69,"V":4,"NV":0,"TB":0},{"Id":71,"V":4,"NV":0,"TB":0},{"Id":86,"V":4,"NV":0,"TB":0},{"Id":87,"V":4,"NV":0,"TB":0},{"Id":75,"V":2,"NV":0,"TB":0},{"Id":76,"V":2,"NV":0,"TB":0},{"Id":79,"V":2,"NV":0,"TB":0},{"Id":81,"V":2,"NV":0,"TB":0},{"Id":83,"V":2,"NV":0,"TB":0},{"Id":85,"V":2,"NV":0,"TB":0},{"Id":65,"V":1,"NV":0,"TB":0},{"Id":74,"V":1,"NV":0,"TB":0},{"Id":77,"V":1,"NV":0,"TB":0},{"Id":84,"V":1,"NV":0,"TB":0},{"Id":78,"V":0,"NV":0,"TB":0},{"Id":72,"V":0,"NV":0,"TB":2}],[{"Id":68,"V":5,"NV":0,"TB":0},{"Id":70,"V":5,"NV":0,"TB":0},{"Id":88,"V":5,"NV":0,"TB":0},{"Id":66,"V":4,"NV":0,"TB":0},{"Id":67,"V":4,"NV":0,"TB":0},{"Id":69,"V":4,"NV":0,"TB":0},{"Id":71,"V":4,"NV":0,"TB":0},{"Id":86,"V":4,"NV":0,"TB":0},{"Id":87,"V":4,"NV":0,"TB":0},{"Id":75,"V":2,"NV":0,"TB":0},{"Id":76,"V":2,"NV":0,"TB":0},{"Id":79,"V":2,"NV":0,"TB":0},{"Id":81,"V":2,"NV":0,"TB":0},{"Id":83,"V":2,"NV":0,"TB":0},{"Id":85,"V":2,"NV":0,"TB":0},{"Id":65,"V":1,"NV":0,"TB":0},{"Id":74,"V":1,"NV":0,"TB":0},{"Id":77,"V":1,"NV":0,"TB":0},{"Id":84,"V":1,"NV":0,"TB":0},{"Id":78,"V":0,"NV":0,"TB":0}],[{"Id":68,"V":5,"NV":0,"TB":0},{"Id":70,"V":5,"NV":0,"TB":0},{"Id":88,"V":5,"NV":0,"TB":0},{"Id":66,"V":4,"NV":0,"TB":0},{"Id":67,"V":4,"NV":0,"TB":0},{"Id":69,"V":4,"NV":0,"TB":0},{"Id":71,"V":4,"NV":0,"TB":0},{"Id":86,"V":4,"NV":0,"TB":0},{"Id":87,"V":4,"NV":0,"TB":0},{"Id":75,"V":2,"NV":0,"TB":0},{"Id":76,"V":2,"NV":0,"TB":0},{"Id":79,"V":2,"NV":0,"TB":0},{"Id":81,"V":2,"NV":0,"TB":0},{"Id":83,"V":2,"NV":0,"TB":0},{"Id":85,"V":2,"NV":0,"TB":0},{"Id":74,"V":1,"NV":0,"TB":0},{"Id":77,"V":1,"NV":0,"TB":0},{"Id":84,"V":1,"NV":0,"TB":0},{"Id":65,"V":1,"NV":0,"TB":4}],[{"Id":68,"V":5,"NV":0,"TB":0},{"Id":70,"V":5,"NV":0,"TB":0},{"Id":71,"V":5,"NV":1,"TB":0},{"Id":88,"V":5,"NV":0,"TB":0},{"Id":66,"V":4,"NV":0,"TB":0},{"Id":67,"V":4,"NV":0,"TB":0},{"Id":69,"V":4,"NV":0,"TB":0},{"Id":86,"V":4,"NV":0,"TB":0},{"Id":87,"V":4,"NV":0,"TB":0},{"Id":75,"V":2,"NV":0,"TB":0},{"Id":76,"V":2,"NV":0,"TB":0},{"Id":79,"V":2,"NV":0,"TB":0},{"Id":81,"V":2,"NV":0,"TB":0},{"Id":83,"V":2,"NV":0,"TB":0},{"Id":85,"V":2,"NV":0,"TB":0},{"Id":74,"V":1,"NV":0,"TB":0},{"Id":77,"V":1,"NV":0,"TB":0},{"Id":84,"V":1,"NV":0,"TB":1}],[{"Id":68,"V":6,"NV":1,"TB":0},{"Id":70,"V":5,"NV":0,"TB":0},{"Id":71,"V":5,"NV":0,"TB":0},{"Id":88,"V":5,"NV":0,"TB":0},{"Id":66,"V":4,"NV":0,"TB":0},{"Id":67,"V":4,"NV":0,"TB":0},{"Id":69,"V":4,"NV":0,"TB":0},{"Id":86,"V":4,"NV":0,"TB":0},{"Id":87,"V":4,"NV":0,"TB":0},{"Id":75,"V":2,"NV":0,"TB":0},{"Id":76,"V":2,"NV":0,"TB":0},{"Id":79,"V":2,"NV":0,"TB":0},{"Id":81,"V":2,"NV":0,"TB":0},{"Id":83,"V":2,"NV":0,"TB":0},{"Id":85,"V":2,"NV":0,"TB":0},{"Id":77,"V":1,"NV":0,"TB":0},{"Id":74,"V":1,"NV":0,"TB":2}],[{"Id":68,"V":6,"NV":0,"TB":0},{"Id":69,"V":5,"NV":1,"TB":0},{"Id":70,"V":5,"NV":0,"TB":0},{"Id":71,"V":5,"NV":0,"TB":0},{"Id":88,"V":5,"NV":0,"TB":0},{"Id":66,"V":4,"NV":0,"TB":0},{"Id":67,"V":4,"NV":0,"TB":0},{"Id":86,"V":4,"NV":0,"TB":0},{"Id":87,"V":4,"NV":0,"TB":0},{"Id":75,"V":2,"NV":0,"TB":0},{"Id":76,"V":2,"NV":0,"TB":0},{"Id":79,"V":2,"NV":0,"TB":0},{"Id":81,"V":2,"NV":0,"TB":0},{"Id":83,"V":2,"NV":0,"TB":0},{"Id":85,"V":2,"NV":0,"TB":0},{"Id":77,"V":1,"NV":0,"TB":0}],[{"Id":68,"V":6,"NV":0,"TB":0},{"Id":69,"V":5,"NV":0,"TB":0},{"Id":70,"V":5,"NV":0,"TB":0},{"Id":71,"V":5,"NV":0,"TB":0},{"Id":88,"V":5,"NV":0,"TB":0},{"Id":66,"V":4,"NV":0,"TB":0},{"Id":67,"V":4,"NV":0,"TB":0},{"Id":86,"V":4,"NV":0,"TB":0},{"Id":87,"V":4,"NV":0,"TB":0},{"Id":75,"V":2,"NV":0,"TB":0},{"Id":76,"V":2,"NV":0,"TB":0},{"Id":79,"V":2,"NV":0,"TB":0},{"Id":81,"V":2,"NV":0,"TB":0},{"Id":83,"V":2,"NV":0,"TB":0},{"Id":85,"V":2,"NV":0,"TB":1}],[{"Id":68,"V":6,"NV":0,"TB":0},{"Id":66,"V":5,"NV":1,"TB":0},{"Id":69,"V":5,"NV":0,"TB":0},{"Id":70,"V":5,"NV":0,"TB":0},{"Id":71,"V":5,"NV":0,"TB":0},{"Id":88,"V":5,"NV":0,"TB":0},{"Id":67,"V":4,"NV":0,"TB":0},{"Id":86,"V":4,"NV":0,"TB":0},{"Id":87,"V":4,"NV":0,"TB":0},{"Id":75,"V":3,"NV":1,"TB":0},{"Id":76,"V":2,"NV":0,"TB":0},{"Id":81,"V":2,"NV":0,"TB":0},{"Id":83,"V":2,"NV":0,"TB":0},{"Id":79,"V":2,"NV":0,"TB":3}],[{"Id":68,"V":6,"NV":0,"TB":0},{"Id":66,"V":5,"NV":0,"TB":0},{"Id":67,"V":5,"NV":1,"TB":0},{"Id":69,"V":5,"NV":0,"TB":0},{"Id":70,"V":5,"NV":0,"TB":0},{"Id":71,"V":5,"NV":0,"TB":0},{"Id":88,"V":5,"NV":0,"TB":0},{"Id":86,"V":4,"NV":0,"TB":0},{"Id":87,"V":4,"NV":0,"TB":0},{"Id":75,"V":3,"NV":0,"TB":0},{"Id":83,"V":3,"NV":1,"TB":0},{"Id":76,"V":2,"NV":0,"TB":0},{"Id":81,"V":2,"NV":0,"TB":1}],[{"Id":66,"V":6,"NV":1,"TB":0},{"Id":68,"V":6,"NV":0,"TB":0},{"Id":67,"V":5,"NV":0,"TB":0},{"Id":69,"V":5,"NV":0,"TB":0},{"Id":70,"V":5,"NV":0,"TB":0},{"Id":71,"V":5,"NV":0,"TB":0},{"Id":88,"V":5,"NV":0,"TB":0},{"Id":86,"V":4,"NV":0,"TB":0},{"Id":87,"V":4,"NV":0,"TB":0},{"Id":76,"V":3,"NV":1,"TB":0},{"Id":83,"V":3,"NV":0,"TB":0},{"Id":75,"V":3,"NV":0,"TB":3}],[{"Id":66,"V":6,"NV":0,"TB":0},{"Id":67,"V":6,"NV":1,"TB":0},{"Id":68,"V":6,"NV":0,"TB":0},{"Id":69,"V":5,"NV":0,"TB":0},{"Id":70,"V":5,"NV":0,"TB":0},{"Id":71,"V":5,"NV":0,"TB":0},{"Id":86,"V":5,"NV":1,"TB":0},{"Id":87,"V":5,"NV":1,"TB":0},{"Id":88,"V":5,"NV":0,"TB":0},{"Id":83,"V":3,"NV":0,"TB":0},{"Id":76,"V":3,"NV":0,"TB":2}],[{"Id":67,"V":7,"NV":1,"TB":0},{"Id":66,"V":6,"NV":0,"TB":0},{"Id":68,"V":6,"NV":0,"TB":0},{"Id":70,"V":6,"NV":1,"TB":0},{"Id":86,"V":6,"NV":1,"TB":0},{"Id":69,"V":5,"NV":0,"TB":0},{"Id":71,"V":5,"NV":0,"TB":0},{"Id":87,"V":5,"NV":0,"TB":0},{"Id":88,"V":5,"NV":0,"TB":0},{"Id":83,"V":3,"NV":0,"TB":0}],[{"Id":66,"V":7,"NV":1,"TB":0},{"Id":67,"V":7,"NV":0,"TB":0},{"Id":68,"V":7,"NV":1,"TB":0},{"Id":86,"V":7,"NV":1,"TB":0},{"Id":70,"V":6,"NV":0,"TB":0},{"Id":69,"V":5,"NV":0,"TB":0},{"Id":71,"V":5,"NV":0,"TB":0},{"Id":87,"V":5,"NV":0,"TB":0},{"Id":88,"V":5,"NV":0,"TB":1}],[{"Id":67,"V":8,"NV":1,"TB":0},{"Id":86,"V":8,"NV":1,"TB":0},{"Id":66,"V":7,"NV":0,"TB":0},{"Id":68,"V":7,"NV":0,"TB":0},{"Id":70,"V":7,"NV":1,"TB":0},{"Id":87,"V":7,"NV":2,"TB":0},{"Id":71,"V":5,"NV":0,"TB":0},{"Id":69,"V":5,"NV":0,"TB":2}],[{"Id":86,"V":9,"NV":1,"TB":0},{"Id":66,"V":8,"NV":1,"TB":0},{"Id":67,"V":8,"NV":0,"TB":0},{"Id":87,"V":8,"NV":1,"TB":0},{"Id":68,"V":7,"NV":0,"TB":0},{"Id":70,"V":7,"NV":0,"TB":0},{"Id":71,"V":5,"NV":0,"TB":0}],[{"Id":86,"V":12,"NV":3,"TB":0},{"Id":66,"V":8,"NV":0,"TB":0},{"Id":67,"V":8,"NV":0,"TB":0},{"Id":70,"V":8,"NV":1,"TB":0},{"Id":87,"V":8,"NV":0,"TB":0},{"Id":68,"V":7,"NV":0,"TB":0}],[{"Id":86,"V":13,"NV":1,"TB":0},{"Id":66,"V":10,"NV":2,"TB":0},{"Id":70,"V":9,"NV":1,"TB":0},{"Id":87,"V":8,"NV":0,"TB":0},{"Id":67,"V":8,"NV":0,"TB":2}],[{"Id":86,"V":13,"NV":0,"TB":0},{"Id":66,"V":11,"NV":1,"TB":0},{"Id":70,"V":10,"NV":1,"TB":0},{"Id":87,"V":10,"NV":2,"TB":1}],[{"Id":86,"V":16,"NV":3,"TB":0},{"Id":66,"V":14,"NV":3,"TB":0},{"Id":70,"V":12,"NV":2,"TB":0}],[{"Id":86,"V":22,"NV":6,"TB":0},{"Id":66,"V":16,"NV":2,"TB":0}],[{"Id":86,"V":29,"NV":7,"TB":0}]],"Expires":1587344334,"SecondsLeft":0}