{"Mtype":"results","Title":"Round 1","PollStarted":"2020-09-13T21:26:21.92231128Z","PollDuration":720000000000,"Options":{"65":"Natani as Mulan training under Keith as Li Shang, respectively, from the animated Disney's 'Mulan'. Nora as Mushu peaking in the background.","66":"A cafe in a modern setting where Madelyn and Maeve are college students studying with their coffee/hot tea as it's raining outside","67":"TwoKinds Off Set, Flora out on a date with her BFF Clovis (Vixen), discussing the show and if they should should tell the rest of the cast their plan together.","68":"The young Rose and Saria get drunk together in the wine cellar","69":"Flora as a Clear Sky member from stalker. Exploring the zone with an ak and Geiger counter.","70":"Sportscaster Brutus excitedly brings the news!","71":"Warrior Pharaoh Adelaide","72":"Rose takes Saria's advice and puts on an apron - just an apron. Saria starts to wonder if she's deliberately messing with her.","73":"Tiger Trace sleeping on Flora's chest","74":"Sequel to \"Island Style Reni\" with Reni getting her hula-skirt snatched away by a nude Vixen Mike as she's being chased by an equally nude Female Brutus (the latter not caring about their state of undress)--leaving Reni bottomless, blushing, exposed and embarrassed.","75":"Zen and his Titan (from Titanfall) stand side by side on the edge of an abyss (a higher position to have a beautiful view over a forest) in a clearing and enjoy the beautiful view with a small waterfall next to them. ","76":"While exploring a cavern, dragon Reni accidentally discovers a tribe of kobolds","77":"Mike admits to enjoying the Gender Shenanigans and only acts flustered for the sake of it","78":"TITANIC movie scene. Keith and Natani on Eric's boat ( Na'Rella ) while sailing to the Basitin Island. Natani stands on the railing and Keith holds her so she doesn't fall. ","79":"Keith as a Lombax","80":"\"Lupus Dei!\" Nat and Zen on guitar, Sythe on the mic, Raine on organ, and Brutus on drums, dressed up in the style of Powerwolf, and ready to rock!","81":"Flora finds a mysterious pair of tiny boots and a small musketeer hat. When she touches the boots she finds herself wearing the hat and boots shrunk to the size of a house cat.","82":"Parallel World Clovis tries taking the newly transformed Brutus clothes shopping! (But why did she keep insisting for help to put it on!)","83":"Past Trace and Current Trace as twins at the Templar school of magic, competing for Nora's attention. ","84":"Adelaide discovers Maddie's secret sketchbook: It's all ankles. Maddie is extremely embarrassed.","85":"Pirates of the Caribbean: Captain Flora and her secrets","86":"Modern Adult Maddie and Adult Maeve going shopping together.","87":"Flora in a sundress in the middle of a meadow!","88":"Natani asking Kathrin on “how to be cute” for Keith, but Kathrin gets the wrong idea and supplies more lingerie. ","89":"Page 55 but Modern AU \u0026 Non-Rude Radiologist Tom","90":"Evals shows the big adorable puppy dog eyes. How could anyone tell him no!"},"ExpectedBallots":65,"CountedBallots":65,"Ballots":["PKA","PBF","FHRDTXZYBMUGNAJIWLQVS","HDN","T","BVRHWDQ","HAWCXDYMVEQJ","PJLBGHDTVCMR","BTZHDXFLMU","MTZLO","HDTCRPOFBVMZNWXGQLKIUAJESY","J","DSQG","ZDBAUWHQIMCVXFGLE","JMHCZBXYWD","IWTGELUS","XOLTMNG","I","HDBZMVQ","JH","WDTC","MXBI","IWUD","GOTJZADIEVMRKULNQFCWPYBXHS","JHMTRXWVCDLQIOBFNZSPKAYGUE","BHGFPCQOTZKXD","OTB","WMTOIY","ZDFVB","HYLDZT","XDAU","QJM","VBTUNWEMXA","DZWHF","CSWTY","HDMITQUPBCRGWZJFO","TUKMI","IPVBHWDFT","HBGD","FOLCTGPUQSRKJNDVXMBHZYIWEA","XML","LGBHDVWEJTXZ","I","PTGQMDULOXKS","SHDXVJELMWBQ","HDTL","I","V","CYZUFWEQ","IWXEFUNM","IPO","PDHXOAZC","SXGHJZIFNDEPLUVROABMYCKTWQ","BTXJMZLSF","LRMBFHISZAVE","KBFGRWZIOX","YFTCBGVL","TLFVYOQABGCH","EWFRIMDOBCJLQNPUHKA","FTZQUWIDMA","ZSRFP","LTRXECQGUO","PIWHQSXBC","WDANGRHTXB","N"],"Placements":[[{"Id":72,"V":8,"NV":8,"TB":0},{"Id":73,"V":8,"NV":8,"TB":0},{"Id":80,"V":6,"NV":6,"TB":0},{"Id":66,"V":4,"NV":4,"TB":0},{"Id":74,"V":4,"NV":4,"TB":0},{"Id":70,"V":3,"NV":3,"TB":0},{"Id":76,"V":3,"NV":3,"TB":0},{"Id":84,"V":3,"NV":3,"TB":0},{"Id":87,"V":3,"NV":3,"TB":0},{"Id":88,"V":3,"NV":3,"TB":0},{"Id":90,"V":3,"NV":3,"TB":0},{"Id":67,"V":2,"NV":2,"TB":0},{"Id":68,"V":2,"NV":2,"TB":0},{"Id":77,"V":2,"NV":2,"TB":0},{"Id":83,"V":2,"NV":2,"TB":0},{"Id":86,"V":2,"NV":2,"TB":0},{"Id":69,"V":1,"NV":1,"TB":0},{"Id":71,"V":1,"NV":1,"TB":0},{"Id":75,"V":1,"NV":1,"TB":0},{"Id":78,"V":1,"NV":1,"TB":0},{"Id":79,"V":1,"NV":1,"TB":0},{"Id":81,"V":1,"NV":1,"TB":0},{"Id":89,"V":1,"NV":1,"TB":0},{"Id":65,"V":0,"NV":0,"TB":0},{"Id":82,"V":0,"NV":0,"TB":0},{"Id":85,"V":0,"NV":0,"TB":1}],[{"Id":72,"V":8,"NV":0,"TB":0},{"Id":73,"V":8,"NV":0,"TB":0},{"Id":80,"V":6,"NV":0,"TB":0},{"Id":66,"V":4,"NV":0,"TB":0},{"Id":74,"V":4,"NV":0,"TB":0},{"Id":70,"V":3,"NV":0,"TB":0},{"Id":76,"V":3,"NV":0,"TB":0},{"Id":84,"V":3,"NV":0,"TB":0},{"Id":87,"V":3,"NV":0,"TB":0},{"Id":88,"V":3,"NV":0,"TB":0},{"Id":90,"V":3,"NV":0,"TB":0},{"Id":67,"V":2,"NV":0,"TB":0},{"Id":68,"V":2,"NV":0,"TB":0},{"Id":77,"V":2,"NV":0,"TB":0},{"Id":83,"V":2,"NV":0,"TB":0},{"Id":86,"V":2,"NV":0,"TB":0},{"Id":69,"V":1,"NV":0,"TB":0},{"Id":71,"V":1,"NV":0,"TB":0},{"Id":75,"V":1,"NV":0,"TB":0},{"Id":78,"V":1,"NV":0,"TB":0},{"Id":79,"V":1,"NV":0,"TB":0},{"Id":81,"V":1,"NV":0,"TB":0},{"Id":89,"V":1,"NV":0,"TB":0},{"Id":65,"V":0,"NV":0,"TB":0},{"Id":82,"V":0,"NV":0,"TB":1}],[{"Id":72,"V":8,"NV":0,"TB":0},{"Id":73,"V":8,"NV":0,"TB":0},{"Id":80,"V":6,"NV":0,"TB":0},{"Id":66,"V":4,"NV":0,"TB":0},{"Id":74,"V":4,"NV":0,"TB":0},{"Id":70,"V":3,"NV":0,"TB":0},{"Id":76,"V":3,"NV":0,"TB":0},{"Id":84,"V":3,"NV":0,"TB":0},{"Id":87,"V":3,"NV":0,"TB":0},{"Id":88,"V":3,"NV":0,"TB":0},{"Id":90,"V":3,"NV":0,"TB":0},{"Id":67,"V":2,"NV":0,"TB":0},{"Id":68,"V":2,"NV":0,"TB":0},{"Id":77,"V":2,"NV":0,"TB":0},{"Id":83,"V":2,"NV":0,"TB":0},{"Id":86,"V":2,"NV":0,"TB":0},{"Id":69,"V":1,"NV":0,"TB":0},{"Id":71,"V":1,"NV":0,"TB":0},{"Id":75,"V":1,"NV":0,"TB":0},{"Id":78,"V":1,"NV":0,"TB":0},{"Id":79,"V":1,"NV":0,"TB":0},{"Id":81,"V":1,"NV":0,"TB":0},{"Id":89,"V":1,"NV":0,"TB":0},{"Id":65,"V":0,"NV":0,"TB":0}],[{"Id":72,"V":8,"NV":0,"TB":0},{"Id":73,"V":8,"NV":0,"TB":0},{"Id":80,"V":6,"NV":0,"TB":0},{"Id":66,"V":4,"NV":0,"TB":0},{"Id":74,"V":4,"NV":0,"TB":0},{"Id":70,"V":3,"NV":0,"TB":0},{"Id":76,"V":3,"NV":0,"TB":0},{"Id":84,"V":3,"NV":0,"TB":0},{"Id":87,"V":3,"NV":0,"TB":0},{"Id":88,"V":3,"NV":0,"TB":0},{"Id":90,"V":3,"NV":0,"TB":0},{"Id":67,"V":2,"NV":0,"TB":0},{"Id":68,"V":2,"NV":0,"TB":0},{"Id":77,"V":2,"NV":0,"TB":0},{"Id":83,"V":2,"NV":0,"TB":0},{"Id":86,"V":2,"NV":0,"TB":0},{"Id":69,"V":1,"NV":0,"TB":0},{"Id":71,"V":1,"NV":0,"TB":0},{"Id":75,"V":1,"NV":0,"TB":0},{"Id":78,"V":1,"NV":0,"TB":0},{"Id":81,"V":1,"NV":0,"TB":0},{"Id":89,"V":1,"NV":0,"TB":0},{"Id":79,"V":1,"NV":0,"TB":3}],[{"Id":72,"V":8,"NV":0,"TB":0},{"Id":73,"V":8,"NV":0,"TB":0},{"Id":80,"V":6,"NV":0,"TB":0},{"Id":66,"V":4,"NV":0,"TB":0},{"Id":74,"V":4,"NV":0,"TB":0},{"Id":84,"V":4,"NV":1,"TB":0},{"Id":70,"V":3,"NV":0,"TB":0},{"Id":76,"V":3,"NV":0,"TB":0},{"Id":87,"V":3,"NV":0,"TB":0},{"Id":88,"V":3,"NV":0,"TB":0},{"Id":90,"V":3,"NV":0,"TB":0},{"Id":67,"V":2,"NV":0,"TB":0},{"Id":68,"V":2,"NV":0,"TB":0},{"Id":77,"V":2,"NV":0,"TB":0},{"Id":83,"V":2,"NV":0,"TB":0},{"Id":86,"V":2,"NV":0,"TB":0},{"Id":69,"V":1,"NV":0,"TB":0},{"Id":71,"V":1,"NV":0,"TB":0},{"Id":78,"V":1,"NV":0,"TB":0},{"Id":81,"V":1,"NV":0,"TB":0},{"Id":89,"V":1,"NV":0,"TB":0},{"Id":75,"V":1,"NV":0,"TB":4}],[{"Id":72,"V":8,"NV":0,"TB":0},{"Id":73,"V":8,"NV":0,"TB":0},{"Id":80,"V":6,"NV":0,"TB":0},{"Id":66,"V":5,"NV":1,"TB":0},{"Id":74,"V":4,"NV":0,"TB":0},{"Id":84,"V":4,"NV":0,"TB":0},{"Id":70,"V":3,"NV":0,"TB":0},{"Id":76,"V":3,"NV":0,"TB":0},{"Id":87,"V":3,"NV":0,"TB":0},{"Id":88,"V":3,"NV":0,"TB":0},{"Id":90,"V":3,"NV":0,"TB":0},{"Id":67,"V":2,"NV":0,"TB":0},{"Id":68,"V":2,"NV":0,"TB":0},{"Id":77,"V":2,"NV":0,"TB":0},{"Id":83,"V":2,"NV":0,"TB":0},{"Id":86,"V":2,"NV":0,"TB":0},{"Id":71,"V":1,"NV":0,"TB":0},{"Id":78,"V":1,"NV":0,"TB":0},{"Id":81,"V":1,"NV":0,"TB":0},{"Id":89,"V":1,"NV":0,"TB":0},{"Id":69,"V":1,"NV":0,"TB":5}],[{"Id":72,"V":8,"NV":0,"TB":0},{"Id":73,"V":8,"NV":0,"TB":0},{"Id":80,"V":6,"NV":0,"TB":0},{"Id":66,"V":5,"NV":0,"TB":0},{"Id":74,"V":4,"NV":0,"TB":0},{"Id":84,"V":4,"NV":0,"TB":0},{"Id":87,"V":4,"NV":1,"TB":0},{"Id":70,"V":3,"NV":0,"TB":0},{"Id":76,"V":3,"NV":0,"TB":0},{"Id":88,"V":3,"NV":0,"TB":0},{"Id":90,"V":3,"NV":0,"TB":0},{"Id":67,"V":2,"NV":0,"TB":0},{"Id":68,"V":2,"NV":0,"TB":0},{"Id":77,"V":2,"NV":0,"TB":0},{"Id":83,"V":2,"NV":0,"TB":0},{"Id":86,"V":2,"NV":0,"TB":0},{"Id":71,"V":1,"NV":0,"TB":0},{"Id":81,"V":1,"NV":0,"TB":0},{"Id":89,"V":1,"NV":0,"TB":0},{"Id":78,"V":1,"NV":0,"TB":3}],[{"Id":72,"V":8,"NV":0,"TB":0},{"Id":73,"V":8,"NV":0,"TB":0},{"Id":80,"V":6,"NV":0,"TB":0},{"Id":66,"V":5,"NV":0,"TB":0},{"Id":74,"V":4,"NV":0,"TB":0},{"Id":84,"V":4,"NV":0,"TB":0},{"Id":87,"V":4,"NV":0,"TB":0},{"Id":70,"V":3,"NV":0,"TB":0},{"Id":76,"V":3,"NV":0,"TB":0},{"Id":88,"V":3,"NV":0,"TB":0},{"Id":90,"V":3,"NV":0,"TB":0},{"Id":67,"V":2,"NV":0,"TB":0},{"Id":68,"V":2,"NV":0,"TB":0},{"Id":77,"V":2,"NV":0,"TB":0},{"Id":83,"V":2,"NV":0,"TB":0},{"Id":86,"V":2,"NV":0,"TB":0},{"Id":81,"V":1,"NV":0,"TB":0},{"Id":89,"V":1,"NV":0,"TB":0},{"Id":71,"V":1,"NV":0,"TB":3}],[{"Id":72,"V":8,"NV":0,"TB":0},{"Id":73,"V":8,"NV":0,"TB":0},{"Id":80,"V":6,"NV":0,"TB":0},{"Id":66,"V":5,"NV":0,"TB":0},{"Id":84,"V":5,"NV":1,"TB":0},{"Id":74,"V":4,"NV":0,"TB":0},{"Id":87,"V":4,"NV":0,"TB":0},{"Id":70,"V":3,"NV":0,"TB":0},{"Id":76,"V":3,"NV":0,"TB":0},{"Id":88,"V":3,"NV":0,"TB":0},{"Id":90,"V":3,"NV":0,"TB":0},{"Id":67,"V":2,"NV":0,"TB":0},{"Id":68,"V":2,"NV":0,"TB":0},{"Id":77,"V":2,"NV":0,"TB":0},{"Id":83,"V":2,"NV":0,"TB":0},{"Id":86,"V":2,"NV":0,"TB":0},{"Id":89,"V":1,"NV":0,"TB":0},{"Id":81,"V":1,"NV":0,"TB":2}],[{"Id":72,"V":8,"NV":0,"TB":0},{"Id":73,"V":8,"NV":0,"TB":0},{"Id":80,"V":6,"NV":0,"TB":0},{"Id":66,"V":5,"NV":0,"TB":0},{"Id":74,"V":5,"NV":1,"TB":0},{"Id":84,"V":5,"NV":0,"TB":0},{"Id":87,"V":4,"NV":0,"TB":0},{"Id":70,"V":3,"NV":0,"TB":0},{"Id":76,"V":3,"NV":0,"TB":0},{"Id":88,"V":3,"NV":0,"TB":0},{"Id":90,"V":3,"NV":0,"TB":0},{"Id":67,"V":2,"NV":0,"TB":0},{"Id":68,"V":2,"NV":0,"TB":0},{"Id":77,"V":2,"NV":0,"TB":0},{"Id":83,"V":2,"NV":0,"TB":0},{"Id":86,"V":2,"NV":0,"TB":0},{"Id":89,"V":1,"NV":0,"TB":0}],[{"Id":72,"V":8,"NV":0,"TB":0},{"Id":73,"V":8,"NV":0,"TB":0},{"Id":80,"V":6,"NV":0,"TB":0},{"Id":66,"V":5,"NV":0,"TB":0},{"Id":74,"V":5,"NV":0,"TB":0},{"Id":84,"V":5,"NV":0,"TB":0},{"Id":70,"V":4,"NV":1,"TB":0},{"Id":87,"V":4,"NV":0,"TB":0},{"Id":76,"V":3,"NV":0,"TB":0},{"Id":88,"V":3,"NV":0,"TB":0},{"Id":90,"V":3,"NV":0,"TB":0},{"Id":68,"V":2,"NV":0,"TB":0},{"Id":77,"V":2,"NV":0,"TB":0},{"Id":83,"V":2,"NV":0,"TB":0},{"Id":86,"V":2,"NV":0,"TB":0},{"Id":67,"V":2,"NV":0,"TB":5}],[{"Id":72,"V":8,"NV":0,"TB":0},{"Id":73,"V":8,"NV":0,"TB":0},{"Id":80,"V":6,"NV":0,"TB":0},{"Id":66,"V":5,"NV":0,"TB":0},{"Id":74,"V":5,"NV":0,"TB":0},{"Id":84,"V":5,"NV":0,"TB":0},{"Id":70,"V":4,"NV":0,"TB":0},{"Id":87,"V":4,"NV":0,"TB":0},{"Id":90,"V":4,"NV":1,"TB":0},{"Id":76,"V":3,"NV":0,"TB":0},{"Id":83,"V":3,"NV":1,"TB":0},{"Id":88,"V":3,"NV":0,"TB":0},{"Id":77,"V":2,"NV":0,"TB":0},{"Id":86,"V":2,"NV":0,"TB":0},{"Id":68,"V":2,"NV":0,"TB":3}],[{"Id":72,"V":8,"NV":0,"TB":0},{"Id":73,"V":8,"NV":0,"TB":0},{"Id":80,"V":6,"NV":0,"TB":0},{"Id":66,"V":5,"NV":0,"TB":0},{"Id":74,"V":5,"NV":0,"TB":0},{"Id":84,"V":5,"NV":0,"TB":0},{"Id":90,"V":5,"NV":1,"TB":0},{"Id":70,"V":4,"NV":0,"TB":0},{"Id":83,"V":4,"NV":1,"TB":0},{"Id":87,"V":4,"NV":0,"TB":0},{"Id":76,"V":3,"NV":0,"TB":0},{"Id":88,"V":3,"NV":0,"TB":0},{"Id":86,"V":2,"NV":0,"TB":0},{"Id":77,"V":2,"NV":0,"TB":2}],[{"Id":72,"V":8,"NV":0,"TB":0},{"Id":73,"V":8,"NV":0,"TB":0},{"Id":80,"V":6,"NV":0,"TB":0},{"Id":84,"V":6,"NV":1,"TB":0},{"Id":66,"V":5,"NV":0,"TB":0},{"Id":74,"V":5,"NV":0,"TB":0},{"Id":90,"V":5,"NV":0,"TB":0},{"Id":70,"V":4,"NV":0,"TB":0},{"Id":83,"V":4,"NV":0,"TB":0},{"Id":87,"V":4,"NV":0,"TB":0},{"Id":88,"V":4,"NV":1,"TB":0},{"Id":76,"V":3,"NV":0,"TB":0},{"Id":86,"V":2,"NV":0,"TB":0}],[{"Id":72,"V":8,"NV":0,"TB":0},{"Id":73,"V":8,"NV":0,"TB":0},{"Id":66,"V":6,"NV":1,"TB":0},{"Id":80,"V":6,"NV":0,"TB":0},{"Id":84,"V":6,"NV":0,"TB":0},{"Id":74,"V":5,"NV":0,"TB":0},{"Id":90,"V":5,"NV":0,"TB":0},{"Id":70,"V":4,"NV":0,"TB":0},{"Id":83,"V":4,"NV":0,"TB":0},{"Id":87,"V":4,"NV":0,"TB":0},{"Id":88,"V":4,"NV":0,"TB":0},{"Id":76,"V":3,"NV":0,"TB":0}],[{"Id":66,"V":8,"NV":2,"TB":0},{"Id":72,"V":8,"NV":0,"TB":0},{"Id":73,"V":8,"NV":0,"TB":0},{"Id":84,"V":7,"NV":1,"TB":0},{"Id":80,"V":6,"NV":0,"TB":0},{"Id":74,"V":5,"NV":0,"TB":0},{"Id":90,"V":5,"NV":0,"TB":0},{"Id":83,"V":4,"NV":0,"TB":0},{"Id":87,"V":4,"NV":0,"TB":0},{"Id":88,"V":4,"NV":0,"TB":0},{"Id":70,"V":4,"NV":0,"TB":4}],[{"Id":84,"V":10,"NV":3,"TB":0},{"Id":72,"V":9,"NV":1,"TB":0},{"Id":66,"V":8,"NV":0,"TB":0},{"Id":73,"V":8,"NV":0,"TB":0},{"Id":80,"V":6,"NV":0,"TB":0},{"Id":74,"V":5,"NV":0,"TB":0},{"Id":90,"V":5,"NV":0,"TB":0},{"Id":87,"V":4,"NV":0,"TB":0},{"Id":88,"V":4,"NV":0,"TB":0},{"Id":83,"V":4,"NV":0,"TB":3}],[{"Id":72,"V":10,"NV":1,"TB":0},{"Id":84,"V":10,"NV":0,"TB":0},{"Id":66,"V":8,"NV":0,"TB":0},{"Id":73,"V":8,"NV":0,"TB":0},{"Id":80,"V":6,"NV":0,"TB":0},{"Id":87,"V":5,"NV":1,"TB":0},{"Id":88,"V":5,"NV":1,"TB":0},{"Id":90,"V":5,"NV":0,"TB":0},{"Id":74,"V":5,"NV":0,"TB":4}],[{"Id":72,"V":13,"NV":3,"TB":0},{"Id":84,"V":10,"NV":0,"TB":0},{"Id":66,"V":8,"NV":0,"TB":0},{"Id":73,"V":8,"NV":0,"TB":0},{"Id":80,"V":6,"NV":0,"TB":0},{"Id":88,"V":5,"NV":0,"TB":0},{"Id":90,"V":5,"NV":0,"TB":0},{"Id":87,"V":5,"NV":0,"TB":3}],[{"Id":72,"V":14,"NV":1,"TB":0},{"Id":84,"V":13,"NV":3,"TB":0},{"Id":73,"V":9,"NV":1,"TB":0},{"Id":66,"V":8,"NV":0,"TB":0},{"Id":80,"V":6,"NV":0,"TB":0},{"Id":90,"V":5,"NV":0,"TB":0},{"Id":88,"V":5,"NV":0,"TB":2}],[{"Id":72,"V":15,"NV":1,"TB":0},{"Id":84,"V":14,"NV":1,"TB":0},{"Id":66,"V":9,"NV":1,"TB":0},{"Id":73,"V":9,"NV":0,"TB":0},{"Id":80,"V":6,"NV":0,"TB":0},{"Id":90,"V":5,"NV":0,"TB":0}],[{"Id":72,"V":16,"NV":1,"TB":0},{"Id":84,"V":14,"NV":0,"TB":0},{"Id":66,"V":11,"NV":2,"TB":0},{"Id":73,"V":9,"NV":0,"TB":0},{"Id":80,"V":7,"NV":1,"TB":0}],[{"Id":72,"V":17,"NV":1,"TB":0},{"Id":84,"V":15,"NV":1,"TB":0},{"Id":66,"V":13,"NV":2,"TB":0},{"Id":73,"V":10,"NV":1,"TB":0}],[{"Id":72,"V":18,"NV":1,"TB":0},{"Id":84,"V":16,"NV":1,"TB":0},{"Id":66,"V":15,"NV":2,"TB":0}],[{"Id":72,"V":26,"NV":8,"TB":0},{"Id":84,"V":19,"NV":3,"TB":0}],[{"Id":72,"V":30,"NV":4,"TB":0}]],"Expires":1600033823,"SecondsLeft":0}