{"Mtype":"results","Title":"Round 3","PollStarted":"2020-10-25T23:14:33.231314711Z","PollDuration":600000000000,"Options":{"65":"Keith/Natani/Trace/Flora friendly picnic date","66":"Wonder Woman Adelaide","67":"Natani, Zen and Youngtani as a three headed Cerberus keidran.","68":"Among us parody. Everyone trying to figure who the imposter is.","69":"Nora demonstrates the proper technique for transforming humans into shapely Keidran to Reni with lioness Keiren and lynx Lt. Reed.","70":"Flora dakimakura","71":"Natani as Mulan training under Keith as Li Shang, respectively, from the animated Disney's 'Mulan'. Nora as Mushu peaking in the background.","72":"Kat drunk hugging Fem-Mike","73":"Laura possesses Keith. Keith is surprised by his body suddenly acting on its own.","74":"Au where eric and kats roles are reversed","75":"Trace and Flora enact the balcony scene from Romeo and Juliet","76":"Hear the Rime of Eric, the Ancient Mariner as he witnesses the forms of Death (Zen) and Life (Raine) roll the dice for the lives of the crew.","77":"Chimera asks Trace and Flora to help her pick a name","78":"Adelaide the Headless Horseman - Full body w/her wearing scary pumpkin/skull themed armor \u0026 holding her grinning evilly head in one hand \u0026 scary sword in the other","79":"Natani, Zen, and Sythe turn into werewolves and no one seems to notice or care.","80":"Very Vixen Trace","81":"Brutus messed Clovis' Halloween costume idea. He wanted them both to go as \"a cute angel\", but Brutus heard \"acute angle\". Now they don't match.","82":"Curse of the weresnep 3: Keith and Natani got bitten by Maeve by their tails and turning them into Weresneps. ","83":"Mike kisses Evals who is reluctant at first, but then gets more into it (both male)","84":"Portal Kat 3 - Kathrin encounters Eric as a Core, who starts casually flirting with her while she's trying to evade a sentry turret","85":"Magical Pen: Very Catgirl Maren and Very Vixen Red.","86":"Kat watches Zen as he bathes in a waterfall, unaware he’s watching her via a very amused Natani. Already entertained by the situation, Natani makes it more interesting by pushing Kat into Zen.","87":"Zen as Dante and Natani as Vergil from Devil May Cry 5","88":"Body Costume Swap 4. This time Red, Raine, keiren and Reni (dragon) decide to go as each other for Halloween and Nora \"helps\" again"},"ExpectedBallots":65,"CountedBallots":64,"Ballots":["LOW","RVSGWTOAM","UOGCVAQBIKSMXJHRPLEFN","WDQX","OVHX","RUCP","CNB","EUXRP","SEIDRGANJCQTOX","EXVNB","THDEOUSKV","NSLVWBEOHAGMKIC","SOENCB","IV","URFDLQ","ODLSMW","SXQ","SVHFPUEROCXIAQDTGNBJKMWL","DQOTSCVJR","ETV","CLNRJBDEWUOVXTM","S","VFA","FBU","XPEMUTIJDNH","RNJXO","WASQ","JDGCHBF","HV","DNJR","ROXCLJIDUNTPGBKFWHSMEAVQ","VEN","FJD","JSTHRQWUCKBGEFMIAPDNLXO","SIUHCVREONATPBMJGXF","MTHFKP","DXO","BCLENFJIDOWR","F","TRD","HEF","DGRQNMIAKF","DWKIHFBAGMXCEQTJRLNPOVUS","CSORLNBVF","QNDMOT","THEXQOFWSUBVM","MFA","IONJRMGFQKWCPX","XEUPCIO","HV","LKETIXM","RPU","IMQJKEBN","HSVCUEPO","UJEVPH","UXEHVP","ANRIFGPK","AELQDNKFOIRWTM","HJBRS","CLVFBKOHIXJQ","MITHADEUWSBVGFO","OIHKQRDMJBGANES","LHCMBIAEDRN","MF"],"Placements":[[{"Id":83,"V":6,"NV":6,"TB":0},{"Id":68,"V":5,"NV":5,"TB":0},{"Id":72,"V":5,"NV":5,"TB":0},{"Id":82,"V":5,"NV":5,"TB":0},{"Id":67,"V":4,"NV":4,"TB":0},{"Id":77,"V":4,"NV":4,"TB":0},{"Id":85,"V":4,"NV":4,"TB":0},{"Id":69,"V":3,"NV":3,"TB":0},{"Id":70,"V":3,"NV":3,"TB":0},{"Id":73,"V":3,"NV":3,"TB":0},{"Id":76,"V":3,"NV":3,"TB":0},{"Id":79,"V":3,"NV":3,"TB":0},{"Id":84,"V":3,"NV":3,"TB":0},{"Id":65,"V":2,"NV":2,"TB":0},{"Id":74,"V":2,"NV":2,"TB":0},{"Id":86,"V":2,"NV":2,"TB":0},{"Id":87,"V":2,"NV":2,"TB":0},{"Id":88,"V":2,"NV":2,"TB":0},{"Id":66,"V":1,"NV":1,"TB":0},{"Id":78,"V":1,"NV":1,"TB":0},{"Id":81,"V":1,"NV":1,"TB":0},{"Id":75,"V":0,"NV":0,"TB":0},{"Id":80,"V":0,"NV":0,"TB":0},{"Id":71,"V":0,"NV":0,"TB":3}],[{"Id":83,"V":6,"NV":0,"TB":0},{"Id":68,"V":5,"NV":0,"TB":0},{"Id":72,"V":5,"NV":0,"TB":0},{"Id":82,"V":5,"NV":0,"TB":0},{"Id":67,"V":4,"NV":0,"TB":0},{"Id":77,"V":4,"NV":0,"TB":0},{"Id":85,"V":4,"NV":0,"TB":0},{"Id":69,"V":3,"NV":0,"TB":0},{"Id":70,"V":3,"NV":0,"TB":0},{"Id":73,"V":3,"NV":0,"TB":0},{"Id":76,"V":3,"NV":0,"TB":0},{"Id":79,"V":3,"NV":0,"TB":0},{"Id":84,"V":3,"NV":0,"TB":0},{"Id":65,"V":2,"NV":0,"TB":0},{"Id":74,"V":2,"NV":0,"TB":0},{"Id":86,"V":2,"NV":0,"TB":0},{"Id":87,"V":2,"NV":0,"TB":0},{"Id":88,"V":2,"NV":0,"TB":0},{"Id":66,"V":1,"NV":0,"TB":0},{"Id":78,"V":1,"NV":0,"TB":0},{"Id":81,"V":1,"NV":0,"TB":0},{"Id":80,"V":0,"NV":0,"TB":0},{"Id":75,"V":0,"NV":0,"TB":2}],[{"Id":83,"V":6,"NV":0,"TB":0},{"Id":68,"V":5,"NV":0,"TB":0},{"Id":72,"V":5,"NV":0,"TB":0},{"Id":82,"V":5,"NV":0,"TB":0},{"Id":67,"V":4,"NV":0,"TB":0},{"Id":77,"V":4,"NV":0,"TB":0},{"Id":85,"V":4,"NV":0,"TB":0},{"Id":69,"V":3,"NV":0,"TB":0},{"Id":70,"V":3,"NV":0,"TB":0},{"Id":73,"V":3,"NV":0,"TB":0},{"Id":76,"V":3,"NV":0,"TB":0},{"Id":79,"V":3,"NV":0,"TB":0},{"Id":84,"V":3,"NV":0,"TB":0},{"Id":65,"V":2,"NV":0,"TB":0},{"Id":74,"V":2,"NV":0,"TB":0},{"Id":86,"V":2,"NV":0,"TB":0},{"Id":87,"V":2,"NV":0,"TB":0},{"Id":88,"V":2,"NV":0,"TB":0},{"Id":66,"V":1,"NV":0,"TB":0},{"Id":78,"V":1,"NV":0,"TB":0},{"Id":81,"V":1,"NV":0,"TB":0},{"Id":80,"V":0,"NV":0,"TB":0}],[{"Id":83,"V":6,"NV":0,"TB":0},{"Id":68,"V":5,"NV":0,"TB":0},{"Id":72,"V":5,"NV":0,"TB":0},{"Id":82,"V":5,"NV":0,"TB":0},{"Id":67,"V":4,"NV":0,"TB":0},{"Id":77,"V":4,"NV":0,"TB":0},{"Id":85,"V":4,"NV":0,"TB":0},{"Id":69,"V":3,"NV":0,"TB":0},{"Id":70,"V":3,"NV":0,"TB":0},{"Id":73,"V":3,"NV":0,"TB":0},{"Id":76,"V":3,"NV":0,"TB":0},{"Id":79,"V":3,"NV":0,"TB":0},{"Id":84,"V":3,"NV":0,"TB":0},{"Id":65,"V":2,"NV":0,"TB":0},{"Id":74,"V":2,"NV":0,"TB":0},{"Id":86,"V":2,"NV":0,"TB":0},{"Id":87,"V":2,"NV":0,"TB":0},{"Id":88,"V":2,"NV":0,"TB":0},{"Id":78,"V":1,"NV":0,"TB":0},{"Id":81,"V":1,"NV":0,"TB":0},{"Id":66,"V":1,"NV":0,"TB":3}],[{"Id":83,"V":6,"NV":0,"TB":0},{"Id":67,"V":5,"NV":1,"TB":0},{"Id":68,"V":5,"NV":0,"TB":0},{"Id":72,"V":5,"NV":0,"TB":0},{"Id":82,"V":5,"NV":0,"TB":0},{"Id":77,"V":4,"NV":0,"TB":0},{"Id":85,"V":4,"NV":0,"TB":0},{"Id":69,"V":3,"NV":0,"TB":0},{"Id":70,"V":3,"NV":0,"TB":0},{"Id":73,"V":3,"NV":0,"TB":0},{"Id":76,"V":3,"NV":0,"TB":0},{"Id":79,"V":3,"NV":0,"TB":0},{"Id":84,"V":3,"NV":0,"TB":0},{"Id":65,"V":2,"NV":0,"TB":0},{"Id":74,"V":2,"NV":0,"TB":0},{"Id":86,"V":2,"NV":0,"TB":0},{"Id":87,"V":2,"NV":0,"TB":0},{"Id":88,"V":2,"NV":0,"TB":0},{"Id":78,"V":1,"NV":0,"TB":0},{"Id":81,"V":1,"NV":0,"TB":1}],[{"Id":83,"V":6,"NV":0,"TB":0},{"Id":67,"V":5,"NV":0,"TB":0},{"Id":68,"V":5,"NV":0,"TB":0},{"Id":72,"V":5,"NV":0,"TB":0},{"Id":82,"V":5,"NV":0,"TB":0},{"Id":77,"V":4,"NV":0,"TB":0},{"Id":85,"V":4,"NV":0,"TB":0},{"Id":69,"V":3,"NV":0,"TB":0},{"Id":70,"V":3,"NV":0,"TB":0},{"Id":73,"V":3,"NV":0,"TB":0},{"Id":76,"V":3,"NV":0,"TB":0},{"Id":79,"V":3,"NV":0,"TB":0},{"Id":84,"V":3,"NV":0,"TB":0},{"Id":65,"V":2,"NV":0,"TB":0},{"Id":74,"V":2,"NV":0,"TB":0},{"Id":78,"V":2,"NV":1,"TB":0},{"Id":86,"V":2,"NV":0,"TB":0},{"Id":87,"V":2,"NV":0,"TB":0},{"Id":88,"V":2,"NV":0,"TB":1}],[{"Id":83,"V":6,"NV":0,"TB":0},{"Id":67,"V":5,"NV":0,"TB":0},{"Id":68,"V":5,"NV":0,"TB":0},{"Id":69,"V":5,"NV":2,"TB":0},{"Id":72,"V":5,"NV":0,"TB":0},{"Id":82,"V":5,"NV":0,"TB":0},{"Id":77,"V":4,"NV":0,"TB":0},{"Id":85,"V":4,"NV":0,"TB":0},{"Id":70,"V":3,"NV":0,"TB":0},{"Id":73,"V":3,"NV":0,"TB":0},{"Id":76,"V":3,"NV":0,"TB":0},{"Id":79,"V":3,"NV":0,"TB":0},{"Id":84,"V":3,"NV":0,"TB":0},{"Id":65,"V":2,"NV":0,"TB":0},{"Id":74,"V":2,"NV":0,"TB":0},{"Id":78,"V":2,"NV":0,"TB":0},{"Id":86,"V":2,"NV":0,"TB":0},{"Id":87,"V":2,"NV":0,"TB":1}],[{"Id":68,"V":6,"NV":1,"TB":0},{"Id":83,"V":6,"NV":0,"TB":0},{"Id":67,"V":5,"NV":0,"TB":0},{"Id":69,"V":5,"NV":0,"TB":0},{"Id":72,"V":5,"NV":0,"TB":0},{"Id":82,"V":5,"NV":0,"TB":0},{"Id":77,"V":4,"NV":0,"TB":0},{"Id":85,"V":4,"NV":0,"TB":0},{"Id":65,"V":3,"NV":1,"TB":0},{"Id":70,"V":3,"NV":0,"TB":0},{"Id":73,"V":3,"NV":0,"TB":0},{"Id":76,"V":3,"NV":0,"TB":0},{"Id":79,"V":3,"NV":0,"TB":0},{"Id":84,"V":3,"NV":0,"TB":0},{"Id":78,"V":2,"NV":0,"TB":0},{"Id":86,"V":2,"NV":0,"TB":0},{"Id":74,"V":2,"NV":0,"TB":3}],[{"Id":68,"V":7,"NV":1,"TB":0},{"Id":83,"V":7,"NV":1,"TB":0},{"Id":67,"V":5,"NV":0,"TB":0},{"Id":69,"V":5,"NV":0,"TB":0},{"Id":72,"V":5,"NV":0,"TB":0},{"Id":82,"V":5,"NV":0,"TB":0},{"Id":77,"V":4,"NV":0,"TB":0},{"Id":85,"V":4,"NV":0,"TB":0},{"Id":65,"V":3,"NV":0,"TB":0},{"Id":70,"V":3,"NV":0,"TB":0},{"Id":73,"V":3,"NV":0,"TB":0},{"Id":76,"V":3,"NV":0,"TB":0},{"Id":79,"V":3,"NV":0,"TB":0},{"Id":84,"V":3,"NV":0,"TB":0},{"Id":78,"V":2,"NV":0,"TB":0},{"Id":86,"V":2,"NV":0,"TB":1}],[{"Id":68,"V":7,"NV":0,"TB":0},{"Id":83,"V":7,"NV":0,"TB":0},{"Id":69,"V":6,"NV":1,"TB":0},{"Id":67,"V":5,"NV":0,"TB":0},{"Id":72,"V":5,"NV":0,"TB":0},{"Id":82,"V":5,"NV":0,"TB":0},{"Id":70,"V":4,"NV":1,"TB":0},{"Id":77,"V":4,"NV":0,"TB":0},{"Id":85,"V":4,"NV":0,"TB":0},{"Id":65,"V":3,"NV":0,"TB":0},{"Id":73,"V":3,"NV":0,"TB":0},{"Id":76,"V":3,"NV":0,"TB":0},{"Id":79,"V":3,"NV":0,"TB":0},{"Id":84,"V":3,"NV":0,"TB":0},{"Id":78,"V":2,"NV":0,"TB":0}],[{"Id":68,"V":8,"NV":1,"TB":0},{"Id":83,"V":8,"NV":1,"TB":0},{"Id":69,"V":6,"NV":0,"TB":0},{"Id":67,"V":5,"NV":0,"TB":0},{"Id":72,"V":5,"NV":0,"TB":0},{"Id":82,"V":5,"NV":0,"TB":0},{"Id":70,"V":4,"NV":0,"TB":0},{"Id":77,"V":4,"NV":0,"TB":0},{"Id":85,"V":4,"NV":0,"TB":0},{"Id":65,"V":3,"NV":0,"TB":0},{"Id":73,"V":3,"NV":0,"TB":0},{"Id":79,"V":3,"NV":0,"TB":0},{"Id":84,"V":3,"NV":0,"TB":0},{"Id":76,"V":3,"NV":0,"TB":3}],[{"Id":68,"V":8,"NV":0,"TB":0},{"Id":83,"V":8,"NV":0,"TB":0},{"Id":69,"V":7,"NV":1,"TB":0},{"Id":72,"V":6,"NV":1,"TB":0},{"Id":67,"V":5,"NV":0,"TB":0},{"Id":82,"V":5,"NV":0,"TB":0},{"Id":70,"V":4,"NV":0,"TB":0},{"Id":77,"V":4,"NV":0,"TB":0},{"Id":79,"V":4,"NV":1,"TB":0},{"Id":85,"V":4,"NV":0,"TB":0},{"Id":65,"V":3,"NV":0,"TB":0},{"Id":84,"V":3,"NV":0,"TB":0},{"Id":73,"V":3,"NV":0,"TB":2}],[{"Id":68,"V":8,"NV":0,"TB":0},{"Id":83,"V":8,"NV":0,"TB":0},{"Id":69,"V":7,"NV":0,"TB":0},{"Id":72,"V":6,"NV":0,"TB":0},{"Id":67,"V":5,"NV":0,"TB":0},{"Id":77,"V":5,"NV":1,"TB":0},{"Id":79,"V":5,"NV":1,"TB":0},{"Id":82,"V":5,"NV":0,"TB":0},{"Id":70,"V":4,"NV":0,"TB":0},{"Id":85,"V":4,"NV":0,"TB":0},{"Id":84,"V":3,"NV":0,"TB":0},{"Id":65,"V":3,"NV":0,"TB":2}],[{"Id":83,"V":9,"NV":1,"TB":0},{"Id":68,"V":8,"NV":0,"TB":0},{"Id":69,"V":8,"NV":1,"TB":0},{"Id":72,"V":6,"NV":0,"TB":0},{"Id":82,"V":6,"NV":1,"TB":0},{"Id":67,"V":5,"NV":0,"TB":0},{"Id":77,"V":5,"NV":0,"TB":0},{"Id":79,"V":5,"NV":0,"TB":0},{"Id":70,"V":4,"NV":0,"TB":0},{"Id":85,"V":4,"NV":0,"TB":0},{"Id":84,"V":3,"NV":0,"TB":0}],[{"Id":83,"V":9,"NV":0,"TB":0},{"Id":68,"V":8,"NV":0,"TB":0},{"Id":69,"V":8,"NV":0,"TB":0},{"Id":72,"V":8,"NV":2,"TB":0},{"Id":82,"V":7,"NV":1,"TB":0},{"Id":67,"V":5,"NV":0,"TB":0},{"Id":77,"V":5,"NV":0,"TB":0},{"Id":79,"V":5,"NV":0,"TB":0},{"Id":70,"V":4,"NV":0,"TB":0},{"Id":85,"V":4,"NV":0,"TB":1}],[{"Id":69,"V":10,"NV":2,"TB":0},{"Id":83,"V":9,"NV":0,"TB":0},{"Id":68,"V":8,"NV":0,"TB":0},{"Id":72,"V":8,"NV":0,"TB":0},{"Id":82,"V":8,"NV":1,"TB":0},{"Id":79,"V":6,"NV":1,"TB":0},{"Id":67,"V":5,"NV":0,"TB":0},{"Id":77,"V":5,"NV":0,"TB":0},{"Id":70,"V":4,"NV":0,"TB":0}],[{"Id":69,"V":10,"NV":0,"TB":0},{"Id":68,"V":9,"NV":1,"TB":0},{"Id":83,"V":9,"NV":0,"TB":0},{"Id":72,"V":8,"NV":0,"TB":0},{"Id":82,"V":8,"NV":0,"TB":0},{"Id":79,"V":6,"NV":0,"TB":0},{"Id":77,"V":5,"NV":0,"TB":0},{"Id":67,"V":5,"NV":0,"TB":2}],[{"Id":69,"V":11,"NV":1,"TB":0},{"Id":83,"V":10,"NV":1,"TB":0},{"Id":68,"V":9,"NV":0,"TB":0},{"Id":82,"V":9,"NV":1,"TB":0},{"Id":72,"V":8,"NV":0,"TB":0},{"Id":79,"V":7,"NV":1,"TB":0},{"Id":77,"V":5,"NV":0,"TB":0}],[{"Id":69,"V":12,"NV":1,"TB":0},{"Id":72,"V":10,"NV":2,"TB":0},{"Id":83,"V":10,"NV":0,"TB":0},{"Id":68,"V":9,"NV":0,"TB":0},{"Id":82,"V":9,"NV":0,"TB":0},{"Id":79,"V":7,"NV":0,"TB":0}],[{"Id":72,"V":13,"NV":3,"TB":0},{"Id":69,"V":12,"NV":0,"TB":0},{"Id":83,"V":11,"NV":1,"TB":0},{"Id":82,"V":10,"NV":1,"TB":0},{"Id":68,"V":10,"NV":1,"TB":2}],[{"Id":72,"V":15,"NV":2,"TB":0},{"Id":83,"V":13,"NV":2,"TB":0},{"Id":82,"V":12,"NV":2,"TB":0},{"Id":69,"V":12,"NV":0,"TB":2}],[{"Id":72,"V":18,"NV":3,"TB":0},{"Id":82,"V":15,"NV":3,"TB":0},{"Id":83,"V":13,"NV":0,"TB":0}],[{"Id":72,"V":23,"NV":5,"TB":0},{"Id":82,"V":18,"NV":3,"TB":0}],[{"Id":72,"V":24,"NV":1,"TB":0}]],"Expires":1603668882,"SecondsLeft":0}