{"Mtype":"results","Title":"Round 2","PollStarted":"2020-12-06T23:37:48.126504848Z","PollDuration":600000000000,"Options":{"65":"Kat-O-Vision 2 - a very disheveled Zen after waking up on a stormy morning is very concerned that Kat froze in place while staring at him, immediately before she tries to jump his bones.","66":"Christmas decoration Trace Legacy is decorating her mansion for Christmas and has no idea that Flora entered him in the competition for the best house / mansion decoration","67":"(AU) Keith returns to the Basitin islands on the boat only to find everything in ruins with few survivors (Tom's original plan for the arc)","68":"Kat and Flora enjoying a hot spring bath","69":"Clovis Scrooge is visited by Laura, Brutus, and Nibbs as the Ghosts of Christmas Past, Present, and Future.","70":"Festive Flora Baby Bump","71":"Mike McFly is stunned to find that his mentor, Euchre \"Doc\" Brown, Ph. D., has built a time machine... out of a DeLorean!","72":"Kat is infertile but... let's say she wasn't. What would her and Zen's cat-dog-wolf child look like? (Kat-o-Vision aftermath I guess)","73":"Before the blowup, Flora spends her first Christmas celebrating with her best new friend Keiren.","74":"Zen peaks in at Natani and is embarrassed to find Natani and Keith kissing","75":"Cozy Flora in her Christmas sweater, sipping cocoa by the warm fire.","76":"Mike awakes the next morning to find Evals between him and Kat. Evals doesn't know how he got there either.","77":"Holidays with the snow leopard tribe","78":"Kat being obsessed with Very Vixen Mike and designing outfits to fit his voluptuous new form","79":"Human Kat’s transformation back to Keidran doesn’t quite go to plan. She gets stuck in a Raine-like half and half form. (Neko Kat)","80":"Raine Daki","81":"(Laura Lives Au) Keith, Natani, and Laura proposing with subtleseed necklaces","82":"Mike asks Sealeen to cure his very vixen transformation, and her \"cure\" turns him into a \"very human female\" instead.","83":"Raine's nightmare: She become a feral keidran.","84":"Willow in a lamp store","85":"Christmas Caper:  Maddie and Maeve are at it again, sneaking around and trying to find where the Christmas presents are hidden. But this time Adira is onto them :)","86":"Laura, willow and kat decorating there home with Christmas decorations","87":"Little Hatchling Reni in a mall, asking Santa (Alabaster for some throwback points) for some magical artifacts.","88":"Raine Dakimakura"},"ExpectedBallots":74,"CountedBallots":74,"Ballots":["LMPTVX","PXJORDCTQ","QLEGUWMC","GNLUE","MWLAEUBVFTXPJOGQHKNCRIDS","ESJUWMGAQ","NRQ","VCRIDKQOT","TVUMBD","W","SCHM","RNWLO","KTFOVCWABMEDILRJUNQ","PXMWUVLRIHK","DLN","FKBWXIEJHDQV","JMFNLHU","AHJ","FHMUOICV","SWELIBMTG","GNOHKAF","CGARPKMOVH","RLNDJMFXPBUQHIVCESWTOAKG","FKBDH","EQ","FWSUKEM","A","VMIRCDETWP","MFDUT","LADJQXORNH","VTPX","WB","FJHTRWUM","EMJGIPSHUL","FHSA","LRNODJQHAPXSCTVMKFUBEWIG","ORNPX","SND","BGOUVRCXIWFHT","OWGUM","PXWJMQLUSCB","QOCSIDURGKBHTLPJWA","VLTSDIROQUFAGMEJNHKWBPXC","TLRJQONAECDMSVUWPXGIKB","CJQM","UVAFGJCBIDXHT","LHNDJCA","D","BMKFUSTICDOV","VXRBDK","QOLKVCSDEI","OFDQERHX","VUINWHAQD","GTVCFAJEONBR","PSXJQFKWACHLOERIVGNBMUDT","MOQCFVDJSURNKGWITH","VLTGUNHA","S","HAFOPDEBSG","WRTOPXVDNA","GJQFRWVUHE","SMATX","GMNSTVKIRDQOBUPA","XJA","IKMVEUR","FKUQINVGERLB","EVQLOKSRXBJ","PXTS","VNKWURL","ETWXVPASR","NRXPDOELF","B","DPENVM","JFN"],"Placements":[[{"Id":86,"V":8,"NV":8,"TB":0},{"Id":70,"V":7,"NV":7,"TB":0},{"Id":69,"V":5,"NV":5,"TB":0},{"Id":71,"V":5,"NV":5,"TB":0},{"Id":80,"V":5,"NV":5,"TB":0},{"Id":83,"V":5,"NV":5,"TB":0},{"Id":76,"V":4,"NV":4,"TB":0},{"Id":66,"V":3,"NV":3,"TB":0},{"Id":68,"V":3,"NV":3,"TB":0},{"Id":77,"V":3,"NV":3,"TB":0},{"Id":79,"V":3,"NV":3,"TB":0},{"Id":81,"V":3,"NV":3,"TB":0},{"Id":87,"V":3,"NV":3,"TB":0},{"Id":65,"V":2,"NV":2,"TB":0},{"Id":67,"V":2,"NV":2,"TB":0},{"Id":74,"V":2,"NV":2,"TB":0},{"Id":78,"V":2,"NV":2,"TB":0},{"Id":82,"V":2,"NV":2,"TB":0},{"Id":84,"V":2,"NV":2,"TB":0},{"Id":73,"V":1,"NV":1,"TB":0},{"Id":75,"V":1,"NV":1,"TB":0},{"Id":85,"V":1,"NV":1,"TB":0},{"Id":88,"V":1,"NV":1,"TB":0},{"Id":72,"V":1,"NV":1,"TB":5}],[{"Id":86,"V":8,"NV":0,"TB":0},{"Id":70,"V":7,"NV":0,"TB":0},{"Id":69,"V":5,"NV":0,"TB":0},{"Id":71,"V":5,"NV":0,"TB":0},{"Id":80,"V":5,"NV":0,"TB":0},{"Id":83,"V":5,"NV":0,"TB":0},{"Id":76,"V":4,"NV":0,"TB":0},{"Id":65,"V":3,"NV":1,"TB":0},{"Id":66,"V":3,"NV":0,"TB":0},{"Id":68,"V":3,"NV":0,"TB":0},{"Id":77,"V":3,"NV":0,"TB":0},{"Id":79,"V":3,"NV":0,"TB":0},{"Id":81,"V":3,"NV":0,"TB":0},{"Id":87,"V":3,"NV":0,"TB":0},{"Id":67,"V":2,"NV":0,"TB":0},{"Id":74,"V":2,"NV":0,"TB":0},{"Id":78,"V":2,"NV":0,"TB":0},{"Id":82,"V":2,"NV":0,"TB":0},{"Id":84,"V":2,"NV":0,"TB":0},{"Id":75,"V":1,"NV":0,"TB":0},{"Id":85,"V":1,"NV":0,"TB":0},{"Id":88,"V":1,"NV":0,"TB":0},{"Id":73,"V":1,"NV":0,"TB":4}],[{"Id":86,"V":8,"NV":0,"TB":0},{"Id":70,"V":7,"NV":0,"TB":0},{"Id":69,"V":5,"NV":0,"TB":0},{"Id":71,"V":5,"NV":0,"TB":0},{"Id":80,"V":5,"NV":0,"TB":0},{"Id":83,"V":5,"NV":0,"TB":0},{"Id":76,"V":4,"NV":0,"TB":0},{"Id":65,"V":3,"NV":0,"TB":0},{"Id":66,"V":3,"NV":0,"TB":0},{"Id":68,"V":3,"NV":0,"TB":0},{"Id":77,"V":3,"NV":0,"TB":0},{"Id":79,"V":3,"NV":0,"TB":0},{"Id":81,"V":3,"NV":0,"TB":0},{"Id":87,"V":3,"NV":0,"TB":0},{"Id":67,"V":2,"NV":0,"TB":0},{"Id":74,"V":2,"NV":0,"TB":0},{"Id":75,"V":2,"NV":1,"TB":0},{"Id":78,"V":2,"NV":0,"TB":0},{"Id":82,"V":2,"NV":0,"TB":0},{"Id":84,"V":2,"NV":0,"TB":0},{"Id":85,"V":1,"NV":0,"TB":0},{"Id":88,"V":1,"NV":0,"TB":1}],[{"Id":86,"V":8,"NV":0,"TB":0},{"Id":70,"V":7,"NV":0,"TB":0},{"Id":69,"V":5,"NV":0,"TB":0},{"Id":71,"V":5,"NV":0,"TB":0},{"Id":80,"V":5,"NV":0,"TB":0},{"Id":83,"V":5,"NV":0,"TB":0},{"Id":76,"V":4,"NV":0,"TB":0},{"Id":65,"V":3,"NV":0,"TB":0},{"Id":66,"V":3,"NV":0,"TB":0},{"Id":68,"V":3,"NV":0,"TB":0},{"Id":74,"V":3,"NV":1,"TB":0},{"Id":77,"V":3,"NV":0,"TB":0},{"Id":79,"V":3,"NV":0,"TB":0},{"Id":81,"V":3,"NV":0,"TB":0},{"Id":87,"V":3,"NV":0,"TB":0},{"Id":67,"V":2,"NV":0,"TB":0},{"Id":75,"V":2,"NV":0,"TB":0},{"Id":78,"V":2,"NV":0,"TB":0},{"Id":82,"V":2,"NV":0,"TB":0},{"Id":84,"V":2,"NV":0,"TB":0},{"Id":85,"V":1,"NV":0,"TB":0}],[{"Id":86,"V":9,"NV":1,"TB":0},{"Id":70,"V":7,"NV":0,"TB":0},{"Id":69,"V":5,"NV":0,"TB":0},{"Id":71,"V":5,"NV":0,"TB":0},{"Id":80,"V":5,"NV":0,"TB":0},{"Id":83,"V":5,"NV":0,"TB":0},{"Id":76,"V":4,"NV":0,"TB":0},{"Id":65,"V":3,"NV":0,"TB":0},{"Id":66,"V":3,"NV":0,"TB":0},{"Id":68,"V":3,"NV":0,"TB":0},{"Id":74,"V":3,"NV":0,"TB":0},{"Id":77,"V":3,"NV":0,"TB":0},{"Id":79,"V":3,"NV":0,"TB":0},{"Id":81,"V":3,"NV":0,"TB":0},{"Id":87,"V":3,"NV":0,"TB":0},{"Id":67,"V":2,"NV":0,"TB":0},{"Id":75,"V":2,"NV":0,"TB":0},{"Id":82,"V":2,"NV":0,"TB":0},{"Id":84,"V":2,"NV":0,"TB":0},{"Id":78,"V":2,"NV":0,"TB":3}],[{"Id":86,"V":9,"NV":0,"TB":0},{"Id":70,"V":7,"NV":0,"TB":0},{"Id":69,"V":5,"NV":0,"TB":0},{"Id":71,"V":5,"NV":0,"TB":0},{"Id":80,"V":5,"NV":0,"TB":0},{"Id":83,"V":5,"NV":0,"TB":0},{"Id":76,"V":4,"NV":0,"TB":0},{"Id":82,"V":4,"NV":2,"TB":0},{"Id":65,"V":3,"NV":0,"TB":0},{"Id":66,"V":3,"NV":0,"TB":0},{"Id":68,"V":3,"NV":0,"TB":0},{"Id":74,"V":3,"NV":0,"TB":0},{"Id":77,"V":3,"NV":0,"TB":0},{"Id":79,"V":3,"NV":0,"TB":0},{"Id":81,"V":3,"NV":0,"TB":0},{"Id":87,"V":3,"NV":0,"TB":0},{"Id":67,"V":2,"NV":0,"TB":0},{"Id":84,"V":2,"NV":0,"TB":0},{"Id":75,"V":2,"NV":0,"TB":2}],[{"Id":86,"V":9,"NV":0,"TB":0},{"Id":70,"V":7,"NV":0,"TB":0},{"Id":69,"V":5,"NV":0,"TB":0},{"Id":71,"V":5,"NV":0,"TB":0},{"Id":80,"V":5,"NV":0,"TB":0},{"Id":83,"V":5,"NV":0,"TB":0},{"Id":76,"V":4,"NV":0,"TB":0},{"Id":77,"V":4,"NV":1,"TB":0},{"Id":82,"V":4,"NV":0,"TB":0},{"Id":65,"V":3,"NV":0,"TB":0},{"Id":66,"V":3,"NV":0,"TB":0},{"Id":68,"V":3,"NV":0,"TB":0},{"Id":74,"V":3,"NV":0,"TB":0},{"Id":79,"V":3,"NV":0,"TB":0},{"Id":81,"V":3,"NV":0,"TB":0},{"Id":84,"V":3,"NV":1,"TB":0},{"Id":87,"V":3,"NV":0,"TB":0},{"Id":67,"V":2,"NV":0,"TB":0}],[{"Id":86,"V":9,"NV":0,"TB":0},{"Id":70,"V":7,"NV":0,"TB":0},{"Id":71,"V":6,"NV":1,"TB":0},{"Id":69,"V":5,"NV":0,"TB":0},{"Id":80,"V":5,"NV":0,"TB":0},{"Id":83,"V":5,"NV":0,"TB":0},{"Id":74,"V":4,"NV":1,"TB":0},{"Id":76,"V":4,"NV":0,"TB":0},{"Id":77,"V":4,"NV":0,"TB":0},{"Id":82,"V":4,"NV":0,"TB":0},{"Id":65,"V":3,"NV":0,"TB":0},{"Id":66,"V":3,"NV":0,"TB":0},{"Id":79,"V":3,"NV":0,"TB":0},{"Id":81,"V":3,"NV":0,"TB":0},{"Id":84,"V":3,"NV":0,"TB":0},{"Id":87,"V":3,"NV":0,"TB":0},{"Id":68,"V":3,"NV":0,"TB":5}],[{"Id":86,"V":9,"NV":0,"TB":0},{"Id":70,"V":7,"NV":0,"TB":0},{"Id":71,"V":6,"NV":0,"TB":0},{"Id":80,"V":6,"NV":1,"TB":0},{"Id":69,"V":5,"NV":0,"TB":0},{"Id":76,"V":5,"NV":1,"TB":0},{"Id":83,"V":5,"NV":0,"TB":0},{"Id":74,"V":4,"NV":0,"TB":0},{"Id":77,"V":4,"NV":0,"TB":0},{"Id":82,"V":4,"NV":0,"TB":0},{"Id":65,"V":3,"NV":0,"TB":0},{"Id":66,"V":3,"NV":0,"TB":0},{"Id":79,"V":3,"NV":0,"TB":0},{"Id":84,"V":3,"NV":0,"TB":0},{"Id":87,"V":3,"NV":0,"TB":0},{"Id":81,"V":3,"NV":0,"TB":3}],[{"Id":86,"V":9,"NV":0,"TB":0},{"Id":70,"V":7,"NV":0,"TB":0},{"Id":71,"V":6,"NV":0,"TB":0},{"Id":76,"V":6,"NV":1,"TB":0},{"Id":80,"V":6,"NV":0,"TB":0},{"Id":69,"V":5,"NV":0,"TB":0},{"Id":79,"V":5,"NV":2,"TB":0},{"Id":83,"V":5,"NV":0,"TB":0},{"Id":74,"V":4,"NV":0,"TB":0},{"Id":77,"V":4,"NV":0,"TB":0},{"Id":82,"V":4,"NV":0,"TB":0},{"Id":65,"V":3,"NV":0,"TB":0},{"Id":66,"V":3,"NV":0,"TB":0},{"Id":84,"V":3,"NV":0,"TB":0},{"Id":87,"V":3,"NV":0,"TB":1}],[{"Id":86,"V":9,"NV":0,"TB":0},{"Id":70,"V":7,"NV":0,"TB":0},{"Id":71,"V":6,"NV":0,"TB":0},{"Id":76,"V":6,"NV":0,"TB":0},{"Id":80,"V":6,"NV":0,"TB":0},{"Id":69,"V":5,"NV":0,"TB":0},{"Id":79,"V":5,"NV":0,"TB":0},{"Id":82,"V":5,"NV":1,"TB":0},{"Id":83,"V":5,"NV":0,"TB":0},{"Id":66,"V":4,"NV":1,"TB":0},{"Id":74,"V":4,"NV":0,"TB":0},{"Id":77,"V":4,"NV":0,"TB":0},{"Id":84,"V":3,"NV":0,"TB":0},{"Id":65,"V":3,"NV":0,"TB":2}],[{"Id":86,"V":9,"NV":0,"TB":0},{"Id":70,"V":8,"NV":1,"TB":0},{"Id":71,"V":6,"NV":0,"TB":0},{"Id":76,"V":6,"NV":0,"TB":0},{"Id":80,"V":6,"NV":0,"TB":0},{"Id":69,"V":5,"NV":0,"TB":0},{"Id":74,"V":5,"NV":1,"TB":0},{"Id":79,"V":5,"NV":0,"TB":0},{"Id":82,"V":5,"NV":0,"TB":0},{"Id":83,"V":5,"NV":0,"TB":0},{"Id":66,"V":4,"NV":0,"TB":0},{"Id":77,"V":4,"NV":0,"TB":0},{"Id":84,"V":3,"NV":0,"TB":0}],[{"Id":86,"V":10,"NV":1,"TB":0},{"Id":70,"V":9,"NV":1,"TB":0},{"Id":76,"V":7,"NV":1,"TB":0},{"Id":71,"V":6,"NV":0,"TB":0},{"Id":80,"V":6,"NV":0,"TB":0},{"Id":69,"V":5,"NV":0,"TB":0},{"Id":74,"V":5,"NV":0,"TB":0},{"Id":79,"V":5,"NV":0,"TB":0},{"Id":82,"V":5,"NV":0,"TB":0},{"Id":83,"V":5,"NV":0,"TB":0},{"Id":77,"V":4,"NV":0,"TB":0},{"Id":66,"V":4,"NV":0,"TB":2}],[{"Id":86,"V":10,"NV":0,"TB":0},{"Id":70,"V":9,"NV":0,"TB":0},{"Id":71,"V":7,"NV":1,"TB":0},{"Id":76,"V":7,"NV":0,"TB":0},{"Id":80,"V":6,"NV":0,"TB":0},{"Id":69,"V":5,"NV":0,"TB":0},{"Id":74,"V":5,"NV":0,"TB":0},{"Id":77,"V":5,"NV":1,"TB":0},{"Id":79,"V":5,"NV":0,"TB":0},{"Id":83,"V":5,"NV":0,"TB":0},{"Id":82,"V":5,"NV":0,"TB":2}],[{"Id":86,"V":10,"NV":0,"TB":0},{"Id":70,"V":9,"NV":0,"TB":0},{"Id":76,"V":9,"NV":2,"TB":0},{"Id":71,"V":7,"NV":0,"TB":0},{"Id":80,"V":7,"NV":1,"TB":0},{"Id":79,"V":6,"NV":1,"TB":0},{"Id":69,"V":5,"NV":0,"TB":0},{"Id":74,"V":5,"NV":0,"TB":0},{"Id":77,"V":5,"NV":0,"TB":0},{"Id":83,"V":5,"NV":0,"TB":1}],[{"Id":86,"V":10,"NV":0,"TB":0},{"Id":70,"V":9,"NV":0,"TB":0},{"Id":76,"V":9,"NV":0,"TB":0},{"Id":71,"V":7,"NV":0,"TB":0},{"Id":77,"V":7,"NV":2,"TB":0},{"Id":80,"V":7,"NV":0,"TB":0},{"Id":69,"V":6,"NV":1,"TB":0},{"Id":79,"V":6,"NV":0,"TB":0},{"Id":74,"V":5,"NV":0,"TB":0}],[{"Id":70,"V":10,"NV":1,"TB":0},{"Id":86,"V":10,"NV":0,"TB":0},{"Id":76,"V":9,"NV":0,"TB":0},{"Id":77,"V":9,"NV":2,"TB":0},{"Id":71,"V":7,"NV":0,"TB":0},{"Id":80,"V":7,"NV":0,"TB":0},{"Id":69,"V":6,"NV":0,"TB":0},{"Id":79,"V":6,"NV":0,"TB":1}],[{"Id":70,"V":11,"NV":1,"TB":0},{"Id":76,"V":10,"NV":1,"TB":0},{"Id":86,"V":10,"NV":0,"TB":0},{"Id":71,"V":9,"NV":2,"TB":0},{"Id":77,"V":9,"NV":0,"TB":0},{"Id":80,"V":9,"NV":2,"TB":0},{"Id":69,"V":6,"NV":0,"TB":0}],[{"Id":86,"V":12,"NV":2,"TB":0},{"Id":70,"V":11,"NV":0,"TB":0},{"Id":76,"V":11,"NV":1,"TB":0},{"Id":77,"V":11,"NV":2,"TB":0},{"Id":80,"V":9,"NV":0,"TB":0},{"Id":71,"V":9,"NV":0,"TB":2}],[{"Id":86,"V":14,"NV":2,"TB":0},{"Id":70,"V":13,"NV":2,"TB":0},{"Id":76,"V":13,"NV":2,"TB":0},{"Id":77,"V":13,"NV":2,"TB":0},{"Id":80,"V":10,"NV":1,"TB":0}],[{"Id":77,"V":16,"NV":3,"TB":0},{"Id":86,"V":16,"NV":2,"TB":0},{"Id":76,"V":14,"NV":1,"TB":0},{"Id":70,"V":14,"NV":1,"TB":2}],[{"Id":86,"V":20,"NV":4,"TB":0},{"Id":77,"V":19,"NV":3,"TB":0},{"Id":76,"V":15,"NV":1,"TB":0}],[{"Id":77,"V":24,"NV":5,"TB":0},{"Id":86,"V":23,"NV":3,"TB":0}],[{"Id":77,"V":31,"NV":7,"TB":0}]],"Expires":1607299067,"SecondsLeft":0}