{"Mtype":"results","Title":"Round 2","PollStarted":"2020-01-26T23:01:01.424370699Z","PollDuration":600000000000,"Options":{"65":"Flora stomps on the Mistletoe so it can NEVER backfire on anyone ever again! Trace walks in moments later to find an angry Flora with her foot stuck in her mouth.","66":"\"Grand Templar Mary Siverlock learns that Eris has broken into a Keidran village where a peace agreement has been made and is not happy about it\t\"","67":"Kathrin cheering up Mike after a bad day on Eric's boat.","68":"A sketch of mcgruff the crime dog, and foux paw; the internet safety icons of our childhood.","69":"Good Morning Flora, Kat version","70":"The summoning table initiates emergency forgotten birthday procedure. Maren is teleported in flowers and crashed under flowers and chocolate.","71":"Dr. Doe from Dr. Doe's Chemical Kitchen","72":"Kathrin, with a sexy evil smirk on her face as all her plans fall into place!","73":"During a snowy night time walk about in a city park, Zen and Human Raine stop to take a selfie.","74":"The Explorers enjoy watching the Tiger tribe ceremonial party celebrating the new year. With a Tigress and the Noble Tigress wanting them to dance with them.","75":"Kat meets the triplets from the Dragon Masquerade and they admire each other’s tailoring skills.","76":"Flora, Kat, and Natani reading the calender wrong and \"celebrating\" Valentine's day early. ","77":"An older, grizzled Keith drinking away his sorrows at a tavern/bar crying about how he couldn't save Alaric or Laura and now Natani.","78":"Cute Natani Curled Up Redraw","79":"Maeve Noms Roan’s Tail, causing him to either have a heart attack from adorableness, or throw his fireball vertically, causing it to land on him.","80":"Seraphina asks if Legosi is a wolf-human hybrid. Legosi is confused, but answers he is 1/4 commodo dragon, to which she exclaims: DRAGON!?","81":"A Riftwall Holidays: Maeve and her cousins watch hungrily as Adira and Amelia put the finishing touches on the Riftwall family holiday dinner.","82":"Natani and Zen as Mandalorians","83":"Mike and Evals finding some alone time at the Oasis","84":"A desperate, coffee deprived Landen brawls with an enthusiastic King Adelaide over who's first in line at a coffee shop.","85":"Eric's lewd suggestion. Eric is a patron and his suggestion wins the ballot, all hell breaks loose.","86":"Keith and Nat sleeping in the same bed, but a cozily sleeping Nat has ripped all the covers away from a shivering Keith","87":"Red as The Joker doing the iconic stairs dance."},"ExpectedBallots":55,"CountedBallots":55,"Ballots":["I","SQNJTRHEKCMD","JNEBIGOCPLFMHWSKAURTDVQ","UOSHCQB","TQAJPC","SCHQJTUVAMFO","JHNFELIV","T","NAU","PQA","KRSCHJVNATFUQELOI","J","LJHC","JOFSVK","NL","UA","VRNOMQS","UANWVJLRE","ACUJEQL","WUQFKEDRSCL","IOFQVNH","PM","UP","SOVQNIKJCFLERUMH","SEOWUHCAKIVQFJNBLTGDPRM","JSVKM","UFCAQJ","ATQEJKFHPOCRU","ILSJCNVPU","M","VTFOSNR","GUKBOPMWF","KUTVESNACJHBROPIQWM","UALHVTDCNKE","ECUHKPSDQAFLMBTRWOV","RHIJSFMVTPUQKOWBNGD","RWBLMNHE","ENCHSLVRIKAD","TQJIVKW","UN","CSJ","JU","EKVNTHUQ","TFUPSIA","CU","MOCGUATFDP","ECJ","NRMES","MJBTWKA","GECQKH","AIHWJ","QOC","FRICKAU","WFRUSBMLADNQ","BRQKUFVHJAMLTOCIPWNDSEG"],"Placements":[[{"Id":85,"V":7,"NV":7,"TB":0},{"Id":74,"V":6,"NV":6,"TB":0},{"Id":69,"V":4,"NV":4,"TB":0},{"Id":83,"V":4,"NV":4,"TB":0},{"Id":84,"V":4,"NV":4,"TB":0},{"Id":65,"V":3,"NV":3,"TB":0},{"Id":73,"V":3,"NV":3,"TB":0},{"Id":77,"V":3,"NV":3,"TB":0},{"Id":78,"V":3,"NV":3,"TB":0},{"Id":67,"V":2,"NV":2,"TB":0},{"Id":71,"V":2,"NV":2,"TB":0},{"Id":75,"V":2,"NV":2,"TB":0},{"Id":80,"V":2,"NV":2,"TB":0},{"Id":82,"V":2,"NV":2,"TB":0},{"Id":86,"V":2,"NV":2,"TB":0},{"Id":87,"V":2,"NV":2,"TB":0},{"Id":66,"V":1,"NV":1,"TB":0},{"Id":70,"V":1,"NV":1,"TB":0},{"Id":76,"V":1,"NV":1,"TB":0},{"Id":81,"V":1,"NV":1,"TB":0},{"Id":68,"V":0,"NV":0,"TB":0},{"Id":72,"V":0,"NV":0,"TB":0},{"Id":79,"V":0,"NV":0,"TB":1}],[{"Id":85,"V":7,"NV":0,"TB":0},{"Id":74,"V":6,"NV":0,"TB":0},{"Id":69,"V":4,"NV":0,"TB":0},{"Id":83,"V":4,"NV":0,"TB":0},{"Id":84,"V":4,"NV":0,"TB":0},{"Id":65,"V":3,"NV":0,"TB":0},{"Id":73,"V":3,"NV":0,"TB":0},{"Id":77,"V":3,"NV":0,"TB":0},{"Id":78,"V":3,"NV":0,"TB":0},{"Id":67,"V":2,"NV":0,"TB":0},{"Id":71,"V":2,"NV":0,"TB":0},{"Id":75,"V":2,"NV":0,"TB":0},{"Id":80,"V":2,"NV":0,"TB":0},{"Id":82,"V":2,"NV":0,"TB":0},{"Id":86,"V":2,"NV":0,"TB":0},{"Id":87,"V":2,"NV":0,"TB":0},{"Id":66,"V":1,"NV":0,"TB":0},{"Id":70,"V":1,"NV":0,"TB":0},{"Id":76,"V":1,"NV":0,"TB":0},{"Id":81,"V":1,"NV":0,"TB":0},{"Id":68,"V":0,"NV":0,"TB":0},{"Id":72,"V":0,"NV":0,"TB":1}],[{"Id":85,"V":7,"NV":0,"TB":0},{"Id":74,"V":6,"NV":0,"TB":0},{"Id":69,"V":4,"NV":0,"TB":0},{"Id":83,"V":4,"NV":0,"TB":0},{"Id":84,"V":4,"NV":0,"TB":0},{"Id":65,"V":3,"NV":0,"TB":0},{"Id":73,"V":3,"NV":0,"TB":0},{"Id":77,"V":3,"NV":0,"TB":0},{"Id":78,"V":3,"NV":0,"TB":0},{"Id":67,"V":2,"NV":0,"TB":0},{"Id":71,"V":2,"NV":0,"TB":0},{"Id":75,"V":2,"NV":0,"TB":0},{"Id":80,"V":2,"NV":0,"TB":0},{"Id":82,"V":2,"NV":0,"TB":0},{"Id":86,"V":2,"NV":0,"TB":0},{"Id":87,"V":2,"NV":0,"TB":0},{"Id":66,"V":1,"NV":0,"TB":0},{"Id":70,"V":1,"NV":0,"TB":0},{"Id":76,"V":1,"NV":0,"TB":0},{"Id":81,"V":1,"NV":0,"TB":0},{"Id":68,"V":0,"NV":0,"TB":0}],[{"Id":85,"V":7,"NV":0,"TB":0},{"Id":74,"V":6,"NV":0,"TB":0},{"Id":69,"V":4,"NV":0,"TB":0},{"Id":83,"V":4,"NV":0,"TB":0},{"Id":84,"V":4,"NV":0,"TB":0},{"Id":65,"V":3,"NV":0,"TB":0},{"Id":73,"V":3,"NV":0,"TB":0},{"Id":77,"V":3,"NV":0,"TB":0},{"Id":78,"V":3,"NV":0,"TB":0},{"Id":67,"V":2,"NV":0,"TB":0},{"Id":71,"V":2,"NV":0,"TB":0},{"Id":75,"V":2,"NV":0,"TB":0},{"Id":80,"V":2,"NV":0,"TB":0},{"Id":82,"V":2,"NV":0,"TB":0},{"Id":86,"V":2,"NV":0,"TB":0},{"Id":87,"V":2,"NV":0,"TB":0},{"Id":66,"V":1,"NV":0,"TB":0},{"Id":70,"V":1,"NV":0,"TB":0},{"Id":81,"V":1,"NV":0,"TB":0},{"Id":76,"V":1,"NV":0,"TB":2}],[{"Id":74,"V":7,"NV":1,"TB":0},{"Id":85,"V":7,"NV":0,"TB":0},{"Id":69,"V":4,"NV":0,"TB":0},{"Id":83,"V":4,"NV":0,"TB":0},{"Id":84,"V":4,"NV":0,"TB":0},{"Id":65,"V":3,"NV":0,"TB":0},{"Id":73,"V":3,"NV":0,"TB":0},{"Id":77,"V":3,"NV":0,"TB":0},{"Id":78,"V":3,"NV":0,"TB":0},{"Id":67,"V":2,"NV":0,"TB":0},{"Id":71,"V":2,"NV":0,"TB":0},{"Id":75,"V":2,"NV":0,"TB":0},{"Id":80,"V":2,"NV":0,"TB":0},{"Id":82,"V":2,"NV":0,"TB":0},{"Id":86,"V":2,"NV":0,"TB":0},{"Id":87,"V":2,"NV":0,"TB":0},{"Id":66,"V":1,"NV":0,"TB":0},{"Id":70,"V":1,"NV":0,"TB":0},{"Id":81,"V":1,"NV":0,"TB":1}],[{"Id":74,"V":7,"NV":0,"TB":0},{"Id":85,"V":7,"NV":0,"TB":0},{"Id":69,"V":4,"NV":0,"TB":0},{"Id":83,"V":4,"NV":0,"TB":0},{"Id":84,"V":4,"NV":0,"TB":0},{"Id":65,"V":3,"NV":0,"TB":0},{"Id":67,"V":3,"NV":1,"TB":0},{"Id":73,"V":3,"NV":0,"TB":0},{"Id":77,"V":3,"NV":0,"TB":0},{"Id":78,"V":3,"NV":0,"TB":0},{"Id":71,"V":2,"NV":0,"TB":0},{"Id":75,"V":2,"NV":0,"TB":0},{"Id":80,"V":2,"NV":0,"TB":0},{"Id":82,"V":2,"NV":0,"TB":0},{"Id":86,"V":2,"NV":0,"TB":0},{"Id":87,"V":2,"NV":0,"TB":0},{"Id":66,"V":1,"NV":0,"TB":0},{"Id":70,"V":1,"NV":0,"TB":1}],[{"Id":74,"V":7,"NV":0,"TB":0},{"Id":85,"V":7,"NV":0,"TB":0},{"Id":69,"V":4,"NV":0,"TB":0},{"Id":83,"V":4,"NV":0,"TB":0},{"Id":84,"V":4,"NV":0,"TB":0},{"Id":65,"V":3,"NV":0,"TB":0},{"Id":67,"V":3,"NV":0,"TB":0},{"Id":73,"V":3,"NV":0,"TB":0},{"Id":77,"V":3,"NV":0,"TB":0},{"Id":78,"V":3,"NV":0,"TB":0},{"Id":82,"V":3,"NV":1,"TB":0},{"Id":71,"V":2,"NV":0,"TB":0},{"Id":75,"V":2,"NV":0,"TB":0},{"Id":80,"V":2,"NV":0,"TB":0},{"Id":86,"V":2,"NV":0,"TB":0},{"Id":87,"V":2,"NV":0,"TB":0},{"Id":66,"V":1,"NV":0,"TB":0}],[{"Id":74,"V":7,"NV":0,"TB":0},{"Id":85,"V":7,"NV":0,"TB":0},{"Id":69,"V":4,"NV":0,"TB":0},{"Id":82,"V":4,"NV":1,"TB":0},{"Id":83,"V":4,"NV":0,"TB":0},{"Id":84,"V":4,"NV":0,"TB":0},{"Id":65,"V":3,"NV":0,"TB":0},{"Id":67,"V":3,"NV":0,"TB":0},{"Id":73,"V":3,"NV":0,"TB":0},{"Id":77,"V":3,"NV":0,"TB":0},{"Id":78,"V":3,"NV":0,"TB":0},{"Id":71,"V":2,"NV":0,"TB":0},{"Id":75,"V":2,"NV":0,"TB":0},{"Id":86,"V":2,"NV":0,"TB":0},{"Id":87,"V":2,"NV":0,"TB":0},{"Id":80,"V":2,"NV":0,"TB":3}],[{"Id":74,"V":7,"NV":0,"TB":0},{"Id":85,"V":7,"NV":0,"TB":0},{"Id":65,"V":4,"NV":1,"TB":0},{"Id":69,"V":4,"NV":0,"TB":0},{"Id":77,"V":4,"NV":1,"TB":0},{"Id":82,"V":4,"NV":0,"TB":0},{"Id":83,"V":4,"NV":0,"TB":0},{"Id":84,"V":4,"NV":0,"TB":0},{"Id":67,"V":3,"NV":0,"TB":0},{"Id":73,"V":3,"NV":0,"TB":0},{"Id":78,"V":3,"NV":0,"TB":0},{"Id":71,"V":2,"NV":0,"TB":0},{"Id":75,"V":2,"NV":0,"TB":0},{"Id":86,"V":2,"NV":0,"TB":0},{"Id":87,"V":2,"NV":0,"TB":1}],[{"Id":85,"V":8,"NV":1,"TB":0},{"Id":74,"V":7,"NV":0,"TB":0},{"Id":82,"V":5,"NV":1,"TB":0},{"Id":65,"V":4,"NV":0,"TB":0},{"Id":69,"V":4,"NV":0,"TB":0},{"Id":77,"V":4,"NV":0,"TB":0},{"Id":83,"V":4,"NV":0,"TB":0},{"Id":84,"V":4,"NV":0,"TB":0},{"Id":67,"V":3,"NV":0,"TB":0},{"Id":73,"V":3,"NV":0,"TB":0},{"Id":78,"V":3,"NV":0,"TB":0},{"Id":71,"V":2,"NV":0,"TB":0},{"Id":86,"V":2,"NV":0,"TB":0},{"Id":75,"V":2,"NV":0,"TB":2}],[{"Id":85,"V":9,"NV":1,"TB":0},{"Id":74,"V":7,"NV":0,"TB":0},{"Id":82,"V":6,"NV":1,"TB":0},{"Id":65,"V":4,"NV":0,"TB":0},{"Id":69,"V":4,"NV":0,"TB":0},{"Id":77,"V":4,"NV":0,"TB":0},{"Id":83,"V":4,"NV":0,"TB":0},{"Id":84,"V":4,"NV":0,"TB":0},{"Id":67,"V":3,"NV":0,"TB":0},{"Id":73,"V":3,"NV":0,"TB":0},{"Id":78,"V":3,"NV":0,"TB":0},{"Id":86,"V":2,"NV":0,"TB":0},{"Id":71,"V":2,"NV":0,"TB":2}],[{"Id":85,"V":10,"NV":1,"TB":0},{"Id":74,"V":7,"NV":0,"TB":0},{"Id":82,"V":6,"NV":0,"TB":0},{"Id":69,"V":5,"NV":1,"TB":0},{"Id":65,"V":4,"NV":0,"TB":0},{"Id":77,"V":4,"NV":0,"TB":0},{"Id":83,"V":4,"NV":0,"TB":0},{"Id":84,"V":4,"NV":0,"TB":0},{"Id":67,"V":3,"NV":0,"TB":0},{"Id":73,"V":3,"NV":0,"TB":0},{"Id":78,"V":3,"NV":0,"TB":0},{"Id":86,"V":2,"NV":0,"TB":0}],[{"Id":85,"V":10,"NV":0,"TB":0},{"Id":74,"V":7,"NV":0,"TB":0},{"Id":82,"V":7,"NV":1,"TB":0},{"Id":69,"V":5,"NV":0,"TB":0},{"Id":84,"V":5,"NV":1,"TB":0},{"Id":65,"V":4,"NV":0,"TB":0},{"Id":77,"V":4,"NV":0,"TB":0},{"Id":83,"V":4,"NV":0,"TB":0},{"Id":67,"V":3,"NV":0,"TB":0},{"Id":73,"V":3,"NV":0,"TB":0},{"Id":78,"V":3,"NV":0,"TB":1}],[{"Id":85,"V":10,"NV":0,"TB":0},{"Id":82,"V":8,"NV":1,"TB":0},{"Id":74,"V":7,"NV":0,"TB":0},{"Id":65,"V":5,"NV":1,"TB":0},{"Id":69,"V":5,"NV":0,"TB":0},{"Id":84,"V":5,"NV":0,"TB":0},{"Id":77,"V":4,"NV":0,"TB":0},{"Id":83,"V":4,"NV":0,"TB":0},{"Id":73,"V":3,"NV":0,"TB":0},{"Id":67,"V":3,"NV":0,"TB":2}],[{"Id":85,"V":11,"NV":1,"TB":0},{"Id":82,"V":8,"NV":0,"TB":0},{"Id":74,"V":7,"NV":0,"TB":0},{"Id":65,"V":5,"NV":0,"TB":0},{"Id":69,"V":5,"NV":0,"TB":0},{"Id":83,"V":5,"NV":1,"TB":0},{"Id":84,"V":5,"NV":0,"TB":0},{"Id":77,"V":4,"NV":0,"TB":0},{"Id":73,"V":3,"NV":0,"TB":0}],[{"Id":85,"V":11,"NV":0,"TB":0},{"Id":82,"V":8,"NV":0,"TB":0},{"Id":74,"V":7,"NV":0,"TB":0},{"Id":83,"V":6,"NV":1,"TB":0},{"Id":65,"V":5,"NV":0,"TB":0},{"Id":69,"V":5,"NV":0,"TB":0},{"Id":84,"V":5,"NV":0,"TB":0},{"Id":77,"V":4,"NV":0,"TB":0}],[{"Id":85,"V":12,"NV":1,"TB":0},{"Id":74,"V":8,"NV":1,"TB":0},{"Id":82,"V":8,"NV":0,"TB":0},{"Id":83,"V":6,"NV":0,"TB":0},{"Id":65,"V":5,"NV":0,"TB":0},{"Id":84,"V":5,"NV":0,"TB":0},{"Id":69,"V":5,"NV":0,"TB":2}],[{"Id":85,"V":13,"NV":1,"TB":0},{"Id":74,"V":9,"NV":1,"TB":0},{"Id":82,"V":8,"NV":0,"TB":0},{"Id":83,"V":7,"NV":1,"TB":0},{"Id":84,"V":6,"NV":1,"TB":0},{"Id":65,"V":5,"NV":0,"TB":0}],[{"Id":85,"V":15,"NV":2,"TB":0},{"Id":74,"V":10,"NV":1,"TB":0},{"Id":82,"V":8,"NV":0,"TB":0},{"Id":83,"V":7,"NV":0,"TB":0},{"Id":84,"V":7,"NV":1,"TB":1}],[{"Id":85,"V":17,"NV":2,"TB":0},{"Id":74,"V":13,"NV":3,"TB":0},{"Id":82,"V":8,"NV":0,"TB":0},{"Id":83,"V":8,"NV":1,"TB":1}],[{"Id":74,"V":18,"NV":5,"TB":0},{"Id":85,"V":18,"NV":1,"TB":0},{"Id":82,"V":10,"NV":2,"TB":0}],[{"Id":85,"V":21,"NV":3,"TB":0},{"Id":74,"V":20,"NV":2,"TB":0}],[{"Id":85,"V":29,"NV":8,"TB":0}]],"Expires":1580080863,"SecondsLeft":0}