{"Mtype":"results","Title":"Round 2","PollStarted":"2020-05-24T21:37:30.425027351Z","PollDuration":600000000000,"Options":{"65":"Day 182, kathrin still doesn’t understand that Flora is having a baby and is determined that she is getting fatter by the day. No one can stop her.","66":"Madelyn procures Magpie to assist in her new coffee brand, Mad Lads Roast - “beans as strong as the King herself”","67":"Trace and Flora enact the balcony scene from Romeo and Juliet","68":"FemKeith absolutely destroying Male Keith in a one-sided game of strip poker.","69":"Kat in a hoodie staring out the window on a rainy day","70":"Nora decides to help Reni with her bust size and goes overboard","71":"Natani tests some new magic on Keith and shrinks the Basitin to a few inches tall","72":"Laura against the glass","73":"Mermaid Kathrin jumps over the sea waves","74":"Willow-wisp reference sheet","75":"Keith and Natani on a walk in the woods. Zen makes faces from a tree. ","76":"If Raine were a fox instead of a wolf","77":"Maeve stares longingly at Landen's cup of coffee. Landen is begrudgingly overcome by the power of adorableness and lets Maeve have a sip :)","78":"Adira walking Maeve down the isle at her and Maddie's wedding.","79":"A wolf soldier and human soldier dueling on the battlefield.","80":"Arts and Crafts day in Trace’s manor. ","81":"Raine going through the collar training in full wolf form, sitting in a cute begging pose, flustered.","82":"Blushing/happy human Reni casually posing, wearing the same outfit she did in \"Reni's New Swimsuit\". Perhaps with a city street backdrop.","83":"Would love to see the main four as Final Fantasy VII characters: Trace as Cloud, Flora as Aeris, Natani as Tifa, and Keith as Vincent","84":"Sequel to Familiar Grief - Madelyn comforts Keith","85":"Natani TIE Fighter pilot, much like Raine as an X-Wing pilot","86":"The explorers study ancient wall paintings in company of Tigress","87":"Raine/Rose AU: Rose receives a Mother's Day gift from young Raine","88":"Clovis \u0026 Brutus in saiyan armor with Brutus striking a Ginyu pose","89":"After Maren sees lion Keiren she is compelled to groom his wild mane to regal perfection. Flora suggests a pretty bow to finish it off.","90":"High School Anime AU Keith is embarrassed to discover his new locker is right next to class rep Laura, the most popular girl in school! Best buddy and local jock Alaric encourages him to go talk to her, while resident bad boy Natani tries not to act jealous."},"ExpectedBallots":64,"CountedBallots":64,"Ballots":["KQM","LYGOKDQJCPRMWNHFEABTXUVSZI","EUBVJXPTZ","LQUWE","MOF","YIDAVQUMZEJTXCRHLKWGFNOPB","OLQHKZ","JNIL","FRD","VJYLGEMQ","JIEQGF","VJXI","OSACWUKEYDMQGJ","AOUWLP","LDFX","XZITUOLWS","KGDTZAS","WNUFYRSVL","KTNGWO","HZTLJQ","QHREXFWYUB","AKLIFZUV","X","QL","Z","AGKVWO","","LOJUHDGVENSFIPBMZXYTRCKAQW","APWV","ND","FRDNYVHPQILKTGABXWCEJMOSZU","RF","VAJ","FR","UOAEIMCF","FEZA","HZFNYAPJSM","FDAETPJHVO","SEAQYKMNWBLJUHOXFPITVRZDCG","WOLHIXTSMG","DNZFMVYHEUA","TUXQGLJZVECKBI","TUKLJA","LO","JHZBOIYLCRAUQGKDWPEFSTMXNV","GHDIBTMJNYLEOKVRFZ","OTWVJUEMBPK","FRIVW","EKGJL","VNA","Q","H","ZHPTALVC","HCZGAFSRY","ZBPQOAVRK","VLJOU","HVYZGEFIDPTOACKB","HIJLWTFOR","IHJOEX","ZLU","OEIWLQMX","WIAVOJQL","ANKF","ZSCKVILYNPAGJUQXB"],"Placements":[[{"Id":70,"V":6,"NV":6,"TB":0},{"Id":72,"V":6,"NV":6,"TB":0},{"Id":65,"V":5,"NV":5,"TB":0},{"Id":76,"V":5,"NV":5,"TB":0},{"Id":86,"V":5,"NV":5,"TB":0},{"Id":90,"V":5,"NV":5,"TB":0},{"Id":79,"V":4,"NV":4,"TB":0},{"Id":74,"V":3,"NV":3,"TB":0},{"Id":75,"V":3,"NV":3,"TB":0},{"Id":81,"V":3,"NV":3,"TB":0},{"Id":87,"V":3,"NV":3,"TB":0},{"Id":69,"V":2,"NV":2,"TB":0},{"Id":84,"V":2,"NV":2,"TB":0},{"Id":88,"V":2,"NV":2,"TB":0},{"Id":68,"V":1,"NV":1,"TB":0},{"Id":71,"V":1,"NV":1,"TB":0},{"Id":73,"V":1,"NV":1,"TB":0},{"Id":77,"V":1,"NV":1,"TB":0},{"Id":78,"V":1,"NV":1,"TB":0},{"Id":82,"V":1,"NV":1,"TB":0},{"Id":83,"V":1,"NV":1,"TB":0},{"Id":85,"V":1,"NV":1,"TB":0},{"Id":89,"V":1,"NV":1,"TB":0},{"Id":67,"V":0,"NV":0,"TB":0},{"Id":80,"V":0,"NV":0,"TB":0},{"Id":66,"V":0,"NV":0,"TB":3}],[{"Id":70,"V":6,"NV":0,"TB":0},{"Id":72,"V":6,"NV":0,"TB":0},{"Id":65,"V":5,"NV":0,"TB":0},{"Id":76,"V":5,"NV":0,"TB":0},{"Id":86,"V":5,"NV":0,"TB":0},{"Id":90,"V":5,"NV":0,"TB":0},{"Id":79,"V":4,"NV":0,"TB":0},{"Id":74,"V":3,"NV":0,"TB":0},{"Id":75,"V":3,"NV":0,"TB":0},{"Id":81,"V":3,"NV":0,"TB":0},{"Id":87,"V":3,"NV":0,"TB":0},{"Id":69,"V":2,"NV":0,"TB":0},{"Id":84,"V":2,"NV":0,"TB":0},{"Id":88,"V":2,"NV":0,"TB":0},{"Id":68,"V":1,"NV":0,"TB":0},{"Id":71,"V":1,"NV":0,"TB":0},{"Id":73,"V":1,"NV":0,"TB":0},{"Id":77,"V":1,"NV":0,"TB":0},{"Id":78,"V":1,"NV":0,"TB":0},{"Id":82,"V":1,"NV":0,"TB":0},{"Id":83,"V":1,"NV":0,"TB":0},{"Id":85,"V":1,"NV":0,"TB":0},{"Id":89,"V":1,"NV":0,"TB":0},{"Id":67,"V":0,"NV":0,"TB":0},{"Id":80,"V":0,"NV":0,"TB":1}],[{"Id":70,"V":6,"NV":0,"TB":0},{"Id":72,"V":6,"NV":0,"TB":0},{"Id":65,"V":5,"NV":0,"TB":0},{"Id":76,"V":5,"NV":0,"TB":0},{"Id":86,"V":5,"NV":0,"TB":0},{"Id":90,"V":5,"NV":0,"TB":0},{"Id":79,"V":4,"NV":0,"TB":0},{"Id":74,"V":3,"NV":0,"TB":0},{"Id":75,"V":3,"NV":0,"TB":0},{"Id":81,"V":3,"NV":0,"TB":0},{"Id":87,"V":3,"NV":0,"TB":0},{"Id":69,"V":2,"NV":0,"TB":0},{"Id":84,"V":2,"NV":0,"TB":0},{"Id":88,"V":2,"NV":0,"TB":0},{"Id":68,"V":1,"NV":0,"TB":0},{"Id":71,"V":1,"NV":0,"TB":0},{"Id":73,"V":1,"NV":0,"TB":0},{"Id":77,"V":1,"NV":0,"TB":0},{"Id":78,"V":1,"NV":0,"TB":0},{"Id":82,"V":1,"NV":0,"TB":0},{"Id":83,"V":1,"NV":0,"TB":0},{"Id":85,"V":1,"NV":0,"TB":0},{"Id":89,"V":1,"NV":0,"TB":0},{"Id":67,"V":0,"NV":0,"TB":0}],[{"Id":70,"V":6,"NV":0,"TB":0},{"Id":72,"V":6,"NV":0,"TB":0},{"Id":65,"V":5,"NV":0,"TB":0},{"Id":76,"V":5,"NV":0,"TB":0},{"Id":86,"V":5,"NV":0,"TB":0},{"Id":90,"V":5,"NV":0,"TB":0},{"Id":79,"V":4,"NV":0,"TB":0},{"Id":74,"V":3,"NV":0,"TB":0},{"Id":75,"V":3,"NV":0,"TB":0},{"Id":81,"V":3,"NV":0,"TB":0},{"Id":87,"V":3,"NV":0,"TB":0},{"Id":69,"V":2,"NV":0,"TB":0},{"Id":84,"V":2,"NV":0,"TB":0},{"Id":88,"V":2,"NV":0,"TB":0},{"Id":68,"V":1,"NV":0,"TB":0},{"Id":71,"V":1,"NV":0,"TB":0},{"Id":73,"V":1,"NV":0,"TB":0},{"Id":77,"V":1,"NV":0,"TB":0},{"Id":82,"V":1,"NV":0,"TB":0},{"Id":83,"V":1,"NV":0,"TB":0},{"Id":85,"V":1,"NV":0,"TB":0},{"Id":89,"V":1,"NV":0,"TB":0},{"Id":78,"V":1,"NV":0,"TB":5}],[{"Id":70,"V":6,"NV":0,"TB":0},{"Id":72,"V":6,"NV":0,"TB":0},{"Id":65,"V":5,"NV":0,"TB":0},{"Id":76,"V":5,"NV":0,"TB":0},{"Id":86,"V":5,"NV":0,"TB":0},{"Id":90,"V":5,"NV":0,"TB":0},{"Id":79,"V":4,"NV":0,"TB":0},{"Id":74,"V":3,"NV":0,"TB":0},{"Id":75,"V":3,"NV":0,"TB":0},{"Id":81,"V":3,"NV":0,"TB":0},{"Id":87,"V":3,"NV":0,"TB":0},{"Id":68,"V":2,"NV":1,"TB":0},{"Id":69,"V":2,"NV":0,"TB":0},{"Id":84,"V":2,"NV":0,"TB":0},{"Id":88,"V":2,"NV":0,"TB":0},{"Id":71,"V":1,"NV":0,"TB":0},{"Id":73,"V":1,"NV":0,"TB":0},{"Id":77,"V":1,"NV":0,"TB":0},{"Id":82,"V":1,"NV":0,"TB":0},{"Id":85,"V":1,"NV":0,"TB":0},{"Id":89,"V":1,"NV":0,"TB":0},{"Id":83,"V":1,"NV":0,"TB":3}],[{"Id":70,"V":6,"NV":0,"TB":0},{"Id":72,"V":6,"NV":0,"TB":0},{"Id":65,"V":5,"NV":0,"TB":0},{"Id":76,"V":5,"NV":0,"TB":0},{"Id":86,"V":5,"NV":0,"TB":0},{"Id":90,"V":5,"NV":0,"TB":0},{"Id":79,"V":4,"NV":0,"TB":0},{"Id":69,"V":3,"NV":1,"TB":0},{"Id":74,"V":3,"NV":0,"TB":0},{"Id":75,"V":3,"NV":0,"TB":0},{"Id":81,"V":3,"NV":0,"TB":0},{"Id":87,"V":3,"NV":0,"TB":0},{"Id":68,"V":2,"NV":0,"TB":0},{"Id":84,"V":2,"NV":0,"TB":0},{"Id":88,"V":2,"NV":0,"TB":0},{"Id":71,"V":1,"NV":0,"TB":0},{"Id":73,"V":1,"NV":0,"TB":0},{"Id":77,"V":1,"NV":0,"TB":0},{"Id":82,"V":1,"NV":0,"TB":0},{"Id":85,"V":1,"NV":0,"TB":0},{"Id":89,"V":1,"NV":0,"TB":1}],[{"Id":70,"V":6,"NV":0,"TB":0},{"Id":72,"V":6,"NV":0,"TB":0},{"Id":65,"V":5,"NV":0,"TB":0},{"Id":76,"V":5,"NV":0,"TB":0},{"Id":86,"V":5,"NV":0,"TB":0},{"Id":90,"V":5,"NV":0,"TB":0},{"Id":79,"V":4,"NV":0,"TB":0},{"Id":69,"V":3,"NV":0,"TB":0},{"Id":74,"V":3,"NV":0,"TB":0},{"Id":75,"V":3,"NV":0,"TB":0},{"Id":81,"V":3,"NV":0,"TB":0},{"Id":87,"V":3,"NV":0,"TB":0},{"Id":68,"V":2,"NV":0,"TB":0},{"Id":73,"V":2,"NV":1,"TB":0},{"Id":84,"V":2,"NV":0,"TB":0},{"Id":88,"V":2,"NV":0,"TB":0},{"Id":71,"V":1,"NV":0,"TB":0},{"Id":82,"V":1,"NV":0,"TB":0},{"Id":85,"V":1,"NV":0,"TB":0},{"Id":77,"V":1,"NV":0,"TB":3}],[{"Id":70,"V":6,"NV":0,"TB":0},{"Id":72,"V":6,"NV":0,"TB":0},{"Id":65,"V":5,"NV":0,"TB":0},{"Id":76,"V":5,"NV":0,"TB":0},{"Id":79,"V":5,"NV":1,"TB":0},{"Id":86,"V":5,"NV":0,"TB":0},{"Id":90,"V":5,"NV":0,"TB":0},{"Id":69,"V":3,"NV":0,"TB":0},{"Id":74,"V":3,"NV":0,"TB":0},{"Id":75,"V":3,"NV":0,"TB":0},{"Id":81,"V":3,"NV":0,"TB":0},{"Id":87,"V":3,"NV":0,"TB":0},{"Id":68,"V":2,"NV":0,"TB":0},{"Id":73,"V":2,"NV":0,"TB":0},{"Id":84,"V":2,"NV":0,"TB":0},{"Id":88,"V":2,"NV":0,"TB":0},{"Id":71,"V":1,"NV":0,"TB":0},{"Id":82,"V":1,"NV":0,"TB":0},{"Id":85,"V":1,"NV":0,"TB":1}],[{"Id":70,"V":6,"NV":0,"TB":0},{"Id":72,"V":6,"NV":0,"TB":0},{"Id":79,"V":6,"NV":1,"TB":0},{"Id":65,"V":5,"NV":0,"TB":0},{"Id":76,"V":5,"NV":0,"TB":0},{"Id":86,"V":5,"NV":0,"TB":0},{"Id":90,"V":5,"NV":0,"TB":0},{"Id":69,"V":3,"NV":0,"TB":0},{"Id":74,"V":3,"NV":0,"TB":0},{"Id":75,"V":3,"NV":0,"TB":0},{"Id":81,"V":3,"NV":0,"TB":0},{"Id":87,"V":3,"NV":0,"TB":0},{"Id":68,"V":2,"NV":0,"TB":0},{"Id":73,"V":2,"NV":0,"TB":0},{"Id":84,"V":2,"NV":0,"TB":0},{"Id":88,"V":2,"NV":0,"TB":0},{"Id":82,"V":1,"NV":0,"TB":0},{"Id":71,"V":1,"NV":0,"TB":2}],[{"Id":72,"V":7,"NV":1,"TB":0},{"Id":70,"V":6,"NV":0,"TB":0},{"Id":79,"V":6,"NV":0,"TB":0},{"Id":65,"V":5,"NV":0,"TB":0},{"Id":76,"V":5,"NV":0,"TB":0},{"Id":86,"V":5,"NV":0,"TB":0},{"Id":90,"V":5,"NV":0,"TB":0},{"Id":69,"V":3,"NV":0,"TB":0},{"Id":74,"V":3,"NV":0,"TB":0},{"Id":75,"V":3,"NV":0,"TB":0},{"Id":81,"V":3,"NV":0,"TB":0},{"Id":87,"V":3,"NV":0,"TB":0},{"Id":68,"V":2,"NV":0,"TB":0},{"Id":73,"V":2,"NV":0,"TB":0},{"Id":84,"V":2,"NV":0,"TB":0},{"Id":88,"V":2,"NV":0,"TB":0},{"Id":82,"V":1,"NV":0,"TB":0}],[{"Id":70,"V":7,"NV":1,"TB":0},{"Id":72,"V":7,"NV":0,"TB":0},{"Id":79,"V":6,"NV":0,"TB":0},{"Id":65,"V":5,"NV":0,"TB":0},{"Id":76,"V":5,"NV":0,"TB":0},{"Id":86,"V":5,"NV":0,"TB":0},{"Id":90,"V":5,"NV":0,"TB":0},{"Id":69,"V":3,"NV":0,"TB":0},{"Id":74,"V":3,"NV":0,"TB":0},{"Id":75,"V":3,"NV":0,"TB":0},{"Id":81,"V":3,"NV":0,"TB":0},{"Id":87,"V":3,"NV":0,"TB":0},{"Id":73,"V":2,"NV":0,"TB":0},{"Id":84,"V":2,"NV":0,"TB":0},{"Id":88,"V":2,"NV":0,"TB":0},{"Id":68,"V":2,"NV":0,"TB":4}],[{"Id":70,"V":7,"NV":0,"TB":0},{"Id":72,"V":7,"NV":0,"TB":0},{"Id":79,"V":6,"NV":0,"TB":0},{"Id":90,"V":6,"NV":1,"TB":0},{"Id":65,"V":5,"NV":0,"TB":0},{"Id":76,"V":5,"NV":0,"TB":0},{"Id":86,"V":5,"NV":0,"TB":0},{"Id":69,"V":3,"NV":0,"TB":0},{"Id":74,"V":3,"NV":0,"TB":0},{"Id":75,"V":3,"NV":0,"TB":0},{"Id":81,"V":3,"NV":0,"TB":0},{"Id":87,"V":3,"NV":0,"TB":0},{"Id":84,"V":2,"NV":0,"TB":0},{"Id":88,"V":2,"NV":0,"TB":0},{"Id":73,"V":2,"NV":0,"TB":3}],[{"Id":72,"V":8,"NV":1,"TB":0},{"Id":70,"V":7,"NV":0,"TB":0},{"Id":65,"V":6,"NV":1,"TB":0},{"Id":79,"V":6,"NV":0,"TB":0},{"Id":90,"V":6,"NV":0,"TB":0},{"Id":76,"V":5,"NV":0,"TB":0},{"Id":86,"V":5,"NV":0,"TB":0},{"Id":69,"V":3,"NV":0,"TB":0},{"Id":74,"V":3,"NV":0,"TB":0},{"Id":75,"V":3,"NV":0,"TB":0},{"Id":81,"V":3,"NV":0,"TB":0},{"Id":87,"V":3,"NV":0,"TB":0},{"Id":84,"V":2,"NV":0,"TB":0},{"Id":88,"V":2,"NV":0,"TB":1}],[{"Id":72,"V":8,"NV":0,"TB":0},{"Id":70,"V":7,"NV":0,"TB":0},{"Id":90,"V":7,"NV":1,"TB":0},{"Id":65,"V":6,"NV":0,"TB":0},{"Id":79,"V":6,"NV":0,"TB":0},{"Id":76,"V":5,"NV":0,"TB":0},{"Id":86,"V":5,"NV":0,"TB":0},{"Id":69,"V":3,"NV":0,"TB":0},{"Id":74,"V":3,"NV":0,"TB":0},{"Id":75,"V":3,"NV":0,"TB":0},{"Id":81,"V":3,"NV":0,"TB":0},{"Id":87,"V":3,"NV":0,"TB":0},{"Id":84,"V":2,"NV":0,"TB":0}],[{"Id":72,"V":8,"NV":0,"TB":0},{"Id":70,"V":7,"NV":0,"TB":0},{"Id":90,"V":7,"NV":0,"TB":0},{"Id":65,"V":6,"NV":0,"TB":0},{"Id":79,"V":6,"NV":0,"TB":0},{"Id":76,"V":5,"NV":0,"TB":0},{"Id":86,"V":5,"NV":0,"TB":0},{"Id":75,"V":4,"NV":1,"TB":0},{"Id":81,"V":4,"NV":1,"TB":0},{"Id":74,"V":3,"NV":0,"TB":0},{"Id":87,"V":3,"NV":0,"TB":0},{"Id":69,"V":3,"NV":0,"TB":3}],[{"Id":72,"V":8,"NV":0,"TB":0},{"Id":65,"V":7,"NV":1,"TB":0},{"Id":70,"V":7,"NV":0,"TB":0},{"Id":90,"V":7,"NV":0,"TB":0},{"Id":79,"V":6,"NV":0,"TB":0},{"Id":86,"V":6,"NV":1,"TB":0},{"Id":75,"V":5,"NV":1,"TB":0},{"Id":76,"V":5,"NV":0,"TB":0},{"Id":81,"V":4,"NV":0,"TB":0},{"Id":74,"V":3,"NV":0,"TB":0},{"Id":87,"V":3,"NV":0,"TB":1}],[{"Id":65,"V":8,"NV":1,"TB":0},{"Id":70,"V":8,"NV":1,"TB":0},{"Id":72,"V":8,"NV":0,"TB":0},{"Id":79,"V":7,"NV":1,"TB":0},{"Id":90,"V":7,"NV":0,"TB":0},{"Id":86,"V":6,"NV":0,"TB":0},{"Id":75,"V":5,"NV":0,"TB":0},{"Id":76,"V":5,"NV":0,"TB":0},{"Id":81,"V":4,"NV":0,"TB":0},{"Id":74,"V":3,"NV":0,"TB":0}],[{"Id":72,"V":9,"NV":1,"TB":0},{"Id":65,"V":8,"NV":0,"TB":0},{"Id":70,"V":8,"NV":0,"TB":0},{"Id":79,"V":7,"NV":0,"TB":0},{"Id":90,"V":7,"NV":0,"TB":0},{"Id":76,"V":6,"NV":1,"TB":0},{"Id":86,"V":6,"NV":0,"TB":0},{"Id":81,"V":5,"NV":1,"TB":0},{"Id":75,"V":5,"NV":0,"TB":2}],[{"Id":72,"V":9,"NV":0,"TB":0},{"Id":65,"V":8,"NV":0,"TB":0},{"Id":70,"V":8,"NV":0,"TB":0},{"Id":76,"V":8,"NV":2,"TB":0},{"Id":79,"V":8,"NV":1,"TB":0},{"Id":90,"V":8,"NV":1,"TB":0},{"Id":81,"V":6,"NV":1,"TB":0},{"Id":86,"V":6,"NV":0,"TB":1}],[{"Id":65,"V":10,"NV":2,"TB":0},{"Id":76,"V":10,"NV":2,"TB":0},{"Id":72,"V":9,"NV":0,"TB":0},{"Id":90,"V":9,"NV":1,"TB":0},{"Id":70,"V":8,"NV":0,"TB":0},{"Id":79,"V":8,"NV":0,"TB":0},{"Id":81,"V":6,"NV":0,"TB":0}],[{"Id":76,"V":12,"NV":2,"TB":0},{"Id":65,"V":10,"NV":0,"TB":0},{"Id":72,"V":10,"NV":1,"TB":0},{"Id":70,"V":9,"NV":1,"TB":0},{"Id":90,"V":9,"NV":0,"TB":0},{"Id":79,"V":8,"NV":0,"TB":0}],[{"Id":76,"V":15,"NV":3,"TB":0},{"Id":65,"V":12,"NV":2,"TB":0},{"Id":70,"V":10,"NV":1,"TB":0},{"Id":72,"V":10,"NV":0,"TB":0},{"Id":90,"V":9,"NV":0,"TB":0}],[{"Id":76,"V":18,"NV":3,"TB":0},{"Id":65,"V":14,"NV":2,"TB":0},{"Id":70,"V":11,"NV":1,"TB":0},{"Id":72,"V":11,"NV":1,"TB":1}],[{"Id":76,"V":22,"NV":4,"TB":0},{"Id":65,"V":16,"NV":2,"TB":0},{"Id":70,"V":14,"NV":3,"TB":0}],[{"Id":76,"V":24,"NV":2,"TB":0},{"Id":65,"V":21,"NV":5,"TB":0}],[{"Id":76,"V":30,"NV":6,"TB":0}]],"Expires":1590357450,"SecondsLeft":0}