{"Mtype":"results","Title":"Round 2","PollStarted":"2020-12-20T23:44:57.789217061Z","PollDuration":600000000000,"Options":{"65":"Half-keidran Raine meets human Holo from the “Spice and Wolf”.","66":"Swiping the magic mistletoe away from Sythe and Maren, Nibbly carries it past the conversations of Keith and Trace, Raine and Reni, and Adira and Kei","67":"Raine wearing a Christmas Outfit.","68":"Frankensteins monster meets red and helps decorate the Mansion","69":"Mike McFly is stunned to find that his mentor, Euchre \"Doc\" Brown, Ph. D., has built a time machine... out of a DeLorean!","70":"Adelaide and Maddie singing Christmas Carols while wearing festive clothes","71":"Mrs Nibbly dressed up for Christmas with Zen.","72":"Young Flora spends her first Christmas celebrating with her best new friend Keiren.","73":"Maddie and Maeve on their next Splinter Cell OP, \"Operation Sneak Peek\" Their mission, to gather intel on their Christmas presents. ","74":"Flora tries to lick off the blue triangle on Trace's face but only manages to get it stuck to her tongue.","75":"Back when they were still slaves, Mike and Evals exchange what holiday gifts they could manage to scrounge up.","76":"Feline treetoper, this time Tiger Trace and he didn't expect it.","77":"Windstraw enters a drinking competition to help the bar get more visitors, but gets drunk after one shot.","78":"Laura takes a nap like a true fox, cuddling her own tail","79":"Tigress Trace in a Reindeer outfit.","80":"TwoKinds fans and Kat simps organize a surprise Christmas themed blood drive, arriving through portals from the real world, to give blood, as well as holding Eric captive beneath the magic mistletoe. Vampire Kathrin tearfully thanks everyone.","81":"Couples retreat with Reni meeting a Lizardman and Fox Keidran couple and possible Dragon Western basitin couple.","82":"Keith had a little too much of the good nog at the annual holiday party and accidentally stumbles into the wrong Magi Brother's bed.","83":"Raine Daki","84":"Rose modelling some new festive lingerie that Kathrin made for her as a Christmas gift","85":"Saria, Trace, and Rose having their first Christmas together. ","86":"Modern day Kat spending a romantic evening with Zen at their apartment. ","87":"Keith as Geralt training Maddie as Ciri at Khear Morhen","88":"TwoKids: Kid Keith and Young Trace frolic in the snow with Kitten Flora and Puptani.","89":"Hide and Seek with Ms. Nibbly, she is hiding somewhere in the picture!"},"ExpectedBallots":83,"CountedBallots":82,"Ballots":["UIQOCNSYA","JKXEYR","KTFNSJAXCROGDUHIVLPYQEBM","MHBVJXWN","TCGRFNBO","OTGUM","EBDGRVLQH","UQT","CNIXFUJYVOBHRQTWSLEGMADKP","NGVCIQP","H","JHANUGTCVY","KHRFXCJTNGUVLMOW","CTGMVF","XFSRJUQ","MQB","TSUAICHOXL","FNX","SOV","OPYBEXJGUKDLNCV","UBRFNGJ","XFKHU","UXJRGCOHTB","OQ","BSQKCJRUFTNYIXEAO","VR","NUKMECI","VJ","LSTDFMOUQCWVNKHI","NVK","UHKLIVX","FN","IQJ","UXJHOR","UTXVCREQL","QJI","MO","JIVK","SCBATJIEYOUKRLHVWGFMXNQPD","TOB","RKMTXH","PXTHUKOSNB","RQVTJ","RBXHJQL","GBCSHXV","S","VJAINKLCFDORQS","GJEMDCNWKHVXUB","BFIJXPYKN","NJQRXDUOTGAMCEPVSHILKYFBW","FQVTBDMJXESYUKIGNCPARWH","IXKUJHFRGYC","EPYNHLAU","WRVNFS","EVIFNXDQCTRW","YXOJGN","TRJLNAMXKHGPVBFUCSYI","STFEGRLBJPCIDNOV","TSUGYCN","DNABOQXRLIJHMPUKTVEWYFGSC","NIGDTMKRP","WIANGKPQJHUDEYLCV","JNIGYAEKTWCXVU","RXW","JNRU","NUFGXPLAVKTJBO","CNO","ENUVMQA","C","ANPVSC","KNT","QUBJYOILT","NMASIHCFLEDVYKJOXUG","MXNKAQICJFHOG","IEQYNVCGXA","RCNOTSKXJLMQFUPBDHEIYAGW","PQSCTUOJKHNLFIEVWXM","V","ORATVXK","B","OLUSIMVNBGJPAXHKFWRDYQTEC","TSCAMVG"],"Placements":[[{"Id":78,"V":7,"NV":7,"TB":0},{"Id":85,"V":7,"NV":7,"TB":0},{"Id":84,"V":6,"NV":6,"TB":0},{"Id":74,"V":5,"NV":5,"TB":0},{"Id":79,"V":5,"NV":5,"TB":0},{"Id":82,"V":5,"NV":5,"TB":0},{"Id":67,"V":4,"NV":4,"TB":0},{"Id":69,"V":4,"NV":4,"TB":0},{"Id":77,"V":4,"NV":4,"TB":0},{"Id":83,"V":4,"NV":4,"TB":0},{"Id":86,"V":4,"NV":4,"TB":0},{"Id":66,"V":3,"NV":3,"TB":0},{"Id":70,"V":3,"NV":3,"TB":0},{"Id":73,"V":3,"NV":3,"TB":0},{"Id":75,"V":3,"NV":3,"TB":0},{"Id":71,"V":2,"NV":2,"TB":0},{"Id":80,"V":2,"NV":2,"TB":0},{"Id":81,"V":2,"NV":2,"TB":0},{"Id":87,"V":2,"NV":2,"TB":0},{"Id":88,"V":2,"NV":2,"TB":0},{"Id":68,"V":1,"NV":1,"TB":0},{"Id":72,"V":1,"NV":1,"TB":0},{"Id":76,"V":1,"NV":1,"TB":0},{"Id":89,"V":1,"NV":1,"TB":0},{"Id":65,"V":1,"NV":1,"TB":5}],[{"Id":78,"V":8,"NV":1,"TB":0},{"Id":85,"V":7,"NV":0,"TB":0},{"Id":84,"V":6,"NV":0,"TB":0},{"Id":74,"V":5,"NV":0,"TB":0},{"Id":79,"V":5,"NV":0,"TB":0},{"Id":82,"V":5,"NV":0,"TB":0},{"Id":67,"V":4,"NV":0,"TB":0},{"Id":69,"V":4,"NV":0,"TB":0},{"Id":77,"V":4,"NV":0,"TB":0},{"Id":83,"V":4,"NV":0,"TB":0},{"Id":86,"V":4,"NV":0,"TB":0},{"Id":66,"V":3,"NV":0,"TB":0},{"Id":70,"V":3,"NV":0,"TB":0},{"Id":73,"V":3,"NV":0,"TB":0},{"Id":75,"V":3,"NV":0,"TB":0},{"Id":71,"V":2,"NV":0,"TB":0},{"Id":80,"V":2,"NV":0,"TB":0},{"Id":81,"V":2,"NV":0,"TB":0},{"Id":87,"V":2,"NV":0,"TB":0},{"Id":88,"V":2,"NV":0,"TB":0},{"Id":68,"V":1,"NV":0,"TB":0},{"Id":72,"V":1,"NV":0,"TB":0},{"Id":89,"V":1,"NV":0,"TB":0},{"Id":76,"V":1,"NV":0,"TB":2}],[{"Id":78,"V":8,"NV":0,"TB":0},{"Id":85,"V":7,"NV":0,"TB":0},{"Id":84,"V":6,"NV":0,"TB":0},{"Id":74,"V":5,"NV":0,"TB":0},{"Id":79,"V":5,"NV":0,"TB":0},{"Id":82,"V":5,"NV":0,"TB":0},{"Id":83,"V":5,"NV":1,"TB":0},{"Id":67,"V":4,"NV":0,"TB":0},{"Id":69,"V":4,"NV":0,"TB":0},{"Id":77,"V":4,"NV":0,"TB":0},{"Id":86,"V":4,"NV":0,"TB":0},{"Id":66,"V":3,"NV":0,"TB":0},{"Id":70,"V":3,"NV":0,"TB":0},{"Id":73,"V":3,"NV":0,"TB":0},{"Id":75,"V":3,"NV":0,"TB":0},{"Id":71,"V":2,"NV":0,"TB":0},{"Id":80,"V":2,"NV":0,"TB":0},{"Id":81,"V":2,"NV":0,"TB":0},{"Id":87,"V":2,"NV":0,"TB":0},{"Id":88,"V":2,"NV":0,"TB":0},{"Id":68,"V":1,"NV":0,"TB":0},{"Id":72,"V":1,"NV":0,"TB":0},{"Id":89,"V":1,"NV":0,"TB":1}],[{"Id":78,"V":8,"NV":0,"TB":0},{"Id":85,"V":7,"NV":0,"TB":0},{"Id":84,"V":6,"NV":0,"TB":0},{"Id":74,"V":5,"NV":0,"TB":0},{"Id":79,"V":5,"NV":0,"TB":0},{"Id":82,"V":5,"NV":0,"TB":0},{"Id":83,"V":5,"NV":0,"TB":0},{"Id":67,"V":4,"NV":0,"TB":0},{"Id":69,"V":4,"NV":0,"TB":0},{"Id":77,"V":4,"NV":0,"TB":0},{"Id":86,"V":4,"NV":0,"TB":0},{"Id":66,"V":3,"NV":0,"TB":0},{"Id":70,"V":3,"NV":0,"TB":0},{"Id":73,"V":3,"NV":0,"TB":0},{"Id":75,"V":3,"NV":0,"TB":0},{"Id":88,"V":3,"NV":1,"TB":0},{"Id":71,"V":2,"NV":0,"TB":0},{"Id":80,"V":2,"NV":0,"TB":0},{"Id":81,"V":2,"NV":0,"TB":0},{"Id":87,"V":2,"NV":0,"TB":0},{"Id":68,"V":1,"NV":0,"TB":0},{"Id":72,"V":1,"NV":0,"TB":1}],[{"Id":78,"V":8,"NV":0,"TB":0},{"Id":85,"V":7,"NV":0,"TB":0},{"Id":84,"V":6,"NV":0,"TB":0},{"Id":74,"V":5,"NV":0,"TB":0},{"Id":79,"V":5,"NV":0,"TB":0},{"Id":82,"V":5,"NV":0,"TB":0},{"Id":83,"V":5,"NV":0,"TB":0},{"Id":67,"V":4,"NV":0,"TB":0},{"Id":69,"V":4,"NV":0,"TB":0},{"Id":77,"V":4,"NV":0,"TB":0},{"Id":86,"V":4,"NV":0,"TB":0},{"Id":66,"V":3,"NV":0,"TB":0},{"Id":70,"V":3,"NV":0,"TB":0},{"Id":73,"V":3,"NV":0,"TB":0},{"Id":75,"V":3,"NV":0,"TB":0},{"Id":88,"V":3,"NV":0,"TB":0},{"Id":71,"V":2,"NV":0,"TB":0},{"Id":80,"V":2,"NV":0,"TB":0},{"Id":81,"V":2,"NV":0,"TB":0},{"Id":87,"V":2,"NV":0,"TB":0},{"Id":68,"V":1,"NV":0,"TB":0}],[{"Id":78,"V":9,"NV":1,"TB":0},{"Id":85,"V":7,"NV":0,"TB":0},{"Id":84,"V":6,"NV":0,"TB":0},{"Id":74,"V":5,"NV":0,"TB":0},{"Id":79,"V":5,"NV":0,"TB":0},{"Id":82,"V":5,"NV":0,"TB":0},{"Id":83,"V":5,"NV":0,"TB":0},{"Id":67,"V":4,"NV":0,"TB":0},{"Id":69,"V":4,"NV":0,"TB":0},{"Id":77,"V":4,"NV":0,"TB":0},{"Id":86,"V":4,"NV":0,"TB":0},{"Id":66,"V":3,"NV":0,"TB":0},{"Id":70,"V":3,"NV":0,"TB":0},{"Id":73,"V":3,"NV":0,"TB":0},{"Id":75,"V":3,"NV":0,"TB":0},{"Id":88,"V":3,"NV":0,"TB":0},{"Id":71,"V":2,"NV":0,"TB":0},{"Id":81,"V":2,"NV":0,"TB":0},{"Id":87,"V":2,"NV":0,"TB":0},{"Id":80,"V":2,"NV":0,"TB":3}],[{"Id":78,"V":9,"NV":0,"TB":0},{"Id":85,"V":7,"NV":0,"TB":0},{"Id":84,"V":6,"NV":0,"TB":0},{"Id":74,"V":5,"NV":0,"TB":0},{"Id":79,"V":5,"NV":0,"TB":0},{"Id":82,"V":5,"NV":0,"TB":0},{"Id":83,"V":5,"NV":0,"TB":0},{"Id":67,"V":4,"NV":0,"TB":0},{"Id":69,"V":4,"NV":0,"TB":0},{"Id":77,"V":4,"NV":0,"TB":0},{"Id":86,"V":4,"NV":0,"TB":0},{"Id":88,"V":4,"NV":1,"TB":0},{"Id":66,"V":3,"NV":0,"TB":0},{"Id":70,"V":3,"NV":0,"TB":0},{"Id":73,"V":3,"NV":0,"TB":0},{"Id":75,"V":3,"NV":0,"TB":0},{"Id":81,"V":3,"NV":1,"TB":0},{"Id":87,"V":2,"NV":0,"TB":0},{"Id":71,"V":2,"NV":0,"TB":2}],[{"Id":78,"V":9,"NV":0,"TB":0},{"Id":85,"V":7,"NV":0,"TB":0},{"Id":74,"V":6,"NV":1,"TB":0},{"Id":84,"V":6,"NV":0,"TB":0},{"Id":79,"V":5,"NV":0,"TB":0},{"Id":82,"V":5,"NV":0,"TB":0},{"Id":83,"V":5,"NV":0,"TB":0},{"Id":66,"V":4,"NV":1,"TB":0},{"Id":67,"V":4,"NV":0,"TB":0},{"Id":69,"V":4,"NV":0,"TB":0},{"Id":77,"V":4,"NV":0,"TB":0},{"Id":86,"V":4,"NV":0,"TB":0},{"Id":88,"V":4,"NV":0,"TB":0},{"Id":70,"V":3,"NV":0,"TB":0},{"Id":73,"V":3,"NV":0,"TB":0},{"Id":75,"V":3,"NV":0,"TB":0},{"Id":81,"V":3,"NV":0,"TB":0},{"Id":87,"V":2,"NV":0,"TB":0}],[{"Id":78,"V":9,"NV":0,"TB":0},{"Id":85,"V":7,"NV":0,"TB":0},{"Id":74,"V":6,"NV":0,"TB":0},{"Id":82,"V":6,"NV":1,"TB":0},{"Id":84,"V":6,"NV":0,"TB":0},{"Id":79,"V":5,"NV":0,"TB":0},{"Id":83,"V":5,"NV":0,"TB":0},{"Id":66,"V":4,"NV":0,"TB":0},{"Id":67,"V":4,"NV":0,"TB":0},{"Id":69,"V":4,"NV":0,"TB":0},{"Id":73,"V":4,"NV":1,"TB":0},{"Id":77,"V":4,"NV":0,"TB":0},{"Id":86,"V":4,"NV":0,"TB":0},{"Id":88,"V":4,"NV":0,"TB":0},{"Id":70,"V":3,"NV":0,"TB":0},{"Id":75,"V":3,"NV":0,"TB":0},{"Id":81,"V":3,"NV":0,"TB":1}],[{"Id":78,"V":9,"NV":0,"TB":0},{"Id":85,"V":8,"NV":1,"TB":0},{"Id":74,"V":7,"NV":1,"TB":0},{"Id":82,"V":6,"NV":0,"TB":0},{"Id":83,"V":6,"NV":1,"TB":0},{"Id":84,"V":6,"NV":0,"TB":0},{"Id":79,"V":5,"NV":0,"TB":0},{"Id":66,"V":4,"NV":0,"TB":0},{"Id":67,"V":4,"NV":0,"TB":0},{"Id":69,"V":4,"NV":0,"TB":0},{"Id":73,"V":4,"NV":0,"TB":0},{"Id":77,"V":4,"NV":0,"TB":0},{"Id":86,"V":4,"NV":0,"TB":0},{"Id":88,"V":4,"NV":0,"TB":0},{"Id":70,"V":3,"NV":0,"TB":0},{"Id":75,"V":3,"NV":0,"TB":1}],[{"Id":78,"V":10,"NV":1,"TB":0},{"Id":85,"V":8,"NV":0,"TB":0},{"Id":74,"V":7,"NV":0,"TB":0},{"Id":82,"V":7,"NV":1,"TB":0},{"Id":84,"V":7,"NV":1,"TB":0},{"Id":83,"V":6,"NV":0,"TB":0},{"Id":79,"V":5,"NV":0,"TB":0},{"Id":66,"V":4,"NV":0,"TB":0},{"Id":67,"V":4,"NV":0,"TB":0},{"Id":69,"V":4,"NV":0,"TB":0},{"Id":73,"V":4,"NV":0,"TB":0},{"Id":77,"V":4,"NV":0,"TB":0},{"Id":86,"V":4,"NV":0,"TB":0},{"Id":88,"V":4,"NV":0,"TB":0},{"Id":70,"V":3,"NV":0,"TB":0}],[{"Id":78,"V":12,"NV":2,"TB":0},{"Id":85,"V":8,"NV":0,"TB":0},{"Id":74,"V":7,"NV":0,"TB":0},{"Id":82,"V":7,"NV":0,"TB":0},{"Id":84,"V":7,"NV":0,"TB":0},{"Id":83,"V":6,"NV":0,"TB":0},{"Id":79,"V":5,"NV":0,"TB":0},{"Id":86,"V":5,"NV":1,"TB":0},{"Id":67,"V":4,"NV":0,"TB":0},{"Id":69,"V":4,"NV":0,"TB":0},{"Id":73,"V":4,"NV":0,"TB":0},{"Id":77,"V":4,"NV":0,"TB":0},{"Id":88,"V":4,"NV":0,"TB":0},{"Id":66,"V":4,"NV":0,"TB":6}],[{"Id":78,"V":12,"NV":0,"TB":0},{"Id":85,"V":8,"NV":0,"TB":0},{"Id":74,"V":7,"NV":0,"TB":0},{"Id":82,"V":7,"NV":0,"TB":0},{"Id":83,"V":7,"NV":1,"TB":0},{"Id":84,"V":7,"NV":0,"TB":0},{"Id":67,"V":5,"NV":1,"TB":0},{"Id":73,"V":5,"NV":1,"TB":0},{"Id":79,"V":5,"NV":0,"TB":0},{"Id":86,"V":5,"NV":0,"TB":0},{"Id":69,"V":4,"NV":0,"TB":0},{"Id":77,"V":4,"NV":0,"TB":0},{"Id":88,"V":4,"NV":0,"TB":1}],[{"Id":78,"V":12,"NV":0,"TB":0},{"Id":85,"V":9,"NV":1,"TB":0},{"Id":83,"V":8,"NV":1,"TB":0},{"Id":84,"V":8,"NV":1,"TB":0},{"Id":74,"V":7,"NV":0,"TB":0},{"Id":82,"V":7,"NV":0,"TB":0},{"Id":79,"V":6,"NV":1,"TB":0},{"Id":67,"V":5,"NV":0,"TB":0},{"Id":73,"V":5,"NV":0,"TB":0},{"Id":86,"V":5,"NV":0,"TB":0},{"Id":77,"V":4,"NV":0,"TB":0},{"Id":69,"V":4,"NV":0,"TB":2}],[{"Id":78,"V":14,"NV":2,"TB":0},{"Id":85,"V":9,"NV":0,"TB":0},{"Id":82,"V":8,"NV":1,"TB":0},{"Id":83,"V":8,"NV":0,"TB":0},{"Id":84,"V":8,"NV":0,"TB":0},{"Id":74,"V":7,"NV":0,"TB":0},{"Id":79,"V":6,"NV":0,"TB":0},{"Id":86,"V":6,"NV":1,"TB":0},{"Id":67,"V":5,"NV":0,"TB":0},{"Id":73,"V":5,"NV":0,"TB":0},{"Id":77,"V":4,"NV":0,"TB":0}],[{"Id":78,"V":15,"NV":1,"TB":0},{"Id":85,"V":9,"NV":0,"TB":0},{"Id":82,"V":8,"NV":0,"TB":0},{"Id":83,"V":8,"NV":0,"TB":0},{"Id":84,"V":8,"NV":0,"TB":0},{"Id":74,"V":7,"NV":0,"TB":0},{"Id":79,"V":7,"NV":1,"TB":0},{"Id":86,"V":7,"NV":1,"TB":0},{"Id":73,"V":5,"NV":0,"TB":0},{"Id":67,"V":5,"NV":0,"TB":2}],[{"Id":78,"V":17,"NV":2,"TB":0},{"Id":83,"V":9,"NV":1,"TB":0},{"Id":84,"V":9,"NV":1,"TB":0},{"Id":85,"V":9,"NV":0,"TB":0},{"Id":82,"V":8,"NV":0,"TB":0},{"Id":74,"V":7,"NV":0,"TB":0},{"Id":79,"V":7,"NV":0,"TB":0},{"Id":86,"V":7,"NV":0,"TB":0},{"Id":73,"V":5,"NV":0,"TB":0}],[{"Id":78,"V":19,"NV":2,"TB":0},{"Id":85,"V":10,"NV":1,"TB":0},{"Id":74,"V":9,"NV":2,"TB":0},{"Id":83,"V":9,"NV":0,"TB":0},{"Id":84,"V":9,"NV":0,"TB":0},{"Id":82,"V":8,"NV":0,"TB":0},{"Id":86,"V":7,"NV":0,"TB":0},{"Id":79,"V":7,"NV":0,"TB":2}],[{"Id":78,"V":19,"NV":0,"TB":0},{"Id":74,"V":11,"NV":2,"TB":0},{"Id":85,"V":11,"NV":1,"TB":0},{"Id":84,"V":10,"NV":1,"TB":0},{"Id":82,"V":9,"NV":1,"TB":0},{"Id":83,"V":9,"NV":0,"TB":0},{"Id":86,"V":7,"NV":0,"TB":0}],[{"Id":78,"V":20,"NV":1,"TB":0},{"Id":74,"V":14,"NV":3,"TB":0},{"Id":84,"V":11,"NV":1,"TB":0},{"Id":85,"V":11,"NV":0,"TB":0},{"Id":82,"V":10,"NV":1,"TB":0},{"Id":83,"V":9,"NV":0,"TB":0}],[{"Id":78,"V":20,"NV":0,"TB":0},{"Id":74,"V":15,"NV":1,"TB":0},{"Id":84,"V":15,"NV":4,"TB":0},{"Id":82,"V":11,"NV":1,"TB":0},{"Id":85,"V":11,"NV":0,"TB":1}],[{"Id":78,"V":22,"NV":2,"TB":0},{"Id":74,"V":19,"NV":4,"TB":0},{"Id":84,"V":17,"NV":2,"TB":0},{"Id":82,"V":12,"NV":1,"TB":0}],[{"Id":78,"V":25,"NV":3,"TB":0},{"Id":74,"V":22,"NV":3,"TB":0},{"Id":84,"V":20,"NV":3,"TB":0}],[{"Id":78,"V":30,"NV":5,"TB":0},{"Id":74,"V":28,"NV":6,"TB":0}],[{"Id":78,"V":46,"NV":16,"TB":0}]],"Expires":1608509106,"SecondsLeft":0}