{"Mtype":"results","Title":"Round 4","PollStarted":"2020-10-26T00:21:51.451789436Z","PollDuration":600000000000,"Options":{"65":"Flora decides to test Stoney to see if he'll be a good companion for her upcoming baby when it's born. She likes him! Good boy!","66":"Kat Evals and Mike chillin and sunbathing in free time during the cruise ","67":"Willow uses herself to light up a Jack-O-Lantern! The not so bright body tries to do the same...","68":"Vampire Kat 2: Willing Prey TwoKinds fans and Kat simps organize a surprise blood drive to give blood. Kathrin walks in and doesn’t know what to do with all the donations and tearfully thanks everyone.","69":"Maddie and Maeve stealthily stealing the bowl of Halloween candy while being dressed as Splinter Cell agents. ","70":"Flora, Kathrin and Maren are on a diet and enviously look at (human) Reni, which are carried by caravans of food. “Ah, that?” asks Reni. “Just to refresh my inner dragon.”","71":"Human Raine and Zen share a kiss on the hood of a car overlooking a distant city","72":"Keidran among us. Templarmates argue over who is the impostor.","73":"Clovis in Madonna’s red dress from her “Material Girl” video, arm-in-arm with Romulus on one arm and Remus on the other. The two wolves are dressed in tuxes like the guys in the same video.","74":"Nibbly cuddling with voodoo doll Sythe","75":"Raine/Rose AU: Rose drops young Raine off at the Taverndatters so she can go trick-or-treating with Maren and Karen.","76":"Sequel to \"Island Style Reni.\" Reni's clothes have been stolen by Seraphina, who is gushing over them, while a mortified Reni has to deal with being in the nude.","77":"Keith and Natani find a rodeo bull inside the Legacy mansion. Unfortunately, only Natani finds it funny that the Basitin general doesn't seem to have a good sense of balance.","78":"Lounge Singer Laura","79":"Willow and ghost Laura go deep into the woods and meet Willow’s “Mother”","80":"FemClovis wearing a slave collar. Natani having having a bit of revenge, giving commands while having Clovis model Kats latest cute outfit(s).","81":"Kat no longer desires Eric’s love and affection, she now only hungers for his brains. (Zombie Kat)","82":"Raine compliments Detritus on his very spooky Halloween costume","83":"After an Oblivion gate opens in Riftwall tavern, Adira and Maeve are swamped with thirsty Daedra fresh from their shifts and looking for a good place to drink.","84":"Legacy's haunted mansion. Trac Legacy was preparing for Halloween, using a little black magic to make his mansion so scary that even he didn't expect it.","85":"While waiting for Keith to return from banishment, how did Laura spend her time after migrating to the Basidian Islands?","86":"Halloween party. Human Nora dressed as sexy vampire queen.","87":"Maddie and Maeve cosplaying as Kora and Asami"},"ExpectedBallots":65,"CountedBallots":65,"Ballots":["G","MKUREDP","JIPD","DWNCRV","IKRPQEUCFBMONDTLGVJA","QIRGNK","PILN","OCDEV","C","LGRTWNBUACSHE","CVJO","L","RCKVBONIWEUGJL","JPKO","OHECUNI","KCHBGONA","KLEUTB","PU","PT","AKJHWBQRVTU","EVP","GUTILOSCBJKVPMDAFQWENRH","BLIPNVGDUEKWSTOJCFMHARQ","KFIVNUPDJHMQL","ASDQCTEOH","LVM","DINBPV","DAQRJOUKTLP","MWDSEP","AEWHVS","VEKDQCU","PL","AHCTR","AOUM","EDLORCNKFMTUPGQAWVHJBIS","ECK","","VDEQC","DANUHC","NICVOUGJMRDTLKS","AKECO","CBVGQPUN","PIVQLDB","G","B","UCQAGSPMIWFODTJBKNH","COEDVTB","UGSBFILTNJKRCV","QOMGWEIPSNLD","VJDST","TROQANUWCSPF","JOTHMK","NEVJQHAUODB","ONULFEIHJWV","ULNKCOVARMHPTQBIFWSDEGJ","UKNHGPWDORMQACJV","LEKG","DTNB","NPJUCTBWIRGADVK","AT","Q","NOQKMIG","NMCOUWKRID","T","LDHUONKEVRWTCA"],"Placements":[[{"Id":65,"V":7,"NV":7,"TB":0},{"Id":68,"V":5,"NV":5,"TB":0},{"Id":76,"V":5,"NV":5,"TB":0},{"Id":78,"V":5,"NV":5,"TB":0},{"Id":80,"V":5,"NV":5,"TB":0},{"Id":67,"V":4,"NV":4,"TB":0},{"Id":85,"V":4,"NV":4,"TB":0},{"Id":69,"V":3,"NV":3,"TB":0},{"Id":71,"V":3,"NV":3,"TB":0},{"Id":74,"V":3,"NV":3,"TB":0},{"Id":75,"V":3,"NV":3,"TB":0},{"Id":79,"V":3,"NV":3,"TB":0},{"Id":81,"V":3,"NV":3,"TB":0},{"Id":86,"V":3,"NV":3,"TB":0},{"Id":66,"V":2,"NV":2,"TB":0},{"Id":77,"V":2,"NV":2,"TB":0},{"Id":84,"V":2,"NV":2,"TB":0},{"Id":73,"V":1,"NV":1,"TB":0},{"Id":82,"V":1,"NV":1,"TB":0},{"Id":70,"V":0,"NV":0,"TB":0},{"Id":72,"V":0,"NV":0,"TB":0},{"Id":87,"V":0,"NV":0,"TB":0},{"Id":83,"V":0,"NV":0,"TB":2}],[{"Id":65,"V":7,"NV":0,"TB":0},{"Id":68,"V":5,"NV":0,"TB":0},{"Id":76,"V":5,"NV":0,"TB":0},{"Id":78,"V":5,"NV":0,"TB":0},{"Id":80,"V":5,"NV":0,"TB":0},{"Id":67,"V":4,"NV":0,"TB":0},{"Id":85,"V":4,"NV":0,"TB":0},{"Id":69,"V":3,"NV":0,"TB":0},{"Id":71,"V":3,"NV":0,"TB":0},{"Id":74,"V":3,"NV":0,"TB":0},{"Id":75,"V":3,"NV":0,"TB":0},{"Id":79,"V":3,"NV":0,"TB":0},{"Id":81,"V":3,"NV":0,"TB":0},{"Id":86,"V":3,"NV":0,"TB":0},{"Id":66,"V":2,"NV":0,"TB":0},{"Id":77,"V":2,"NV":0,"TB":0},{"Id":84,"V":2,"NV":0,"TB":0},{"Id":73,"V":1,"NV":0,"TB":0},{"Id":82,"V":1,"NV":0,"TB":0},{"Id":70,"V":0,"NV":0,"TB":0},{"Id":72,"V":0,"NV":0,"TB":0},{"Id":87,"V":0,"NV":0,"TB":1}],[{"Id":65,"V":7,"NV":0,"TB":0},{"Id":68,"V":5,"NV":0,"TB":0},{"Id":76,"V":5,"NV":0,"TB":0},{"Id":78,"V":5,"NV":0,"TB":0},{"Id":80,"V":5,"NV":0,"TB":0},{"Id":67,"V":4,"NV":0,"TB":0},{"Id":85,"V":4,"NV":0,"TB":0},{"Id":69,"V":3,"NV":0,"TB":0},{"Id":71,"V":3,"NV":0,"TB":0},{"Id":74,"V":3,"NV":0,"TB":0},{"Id":75,"V":3,"NV":0,"TB":0},{"Id":79,"V":3,"NV":0,"TB":0},{"Id":81,"V":3,"NV":0,"TB":0},{"Id":86,"V":3,"NV":0,"TB":0},{"Id":66,"V":2,"NV":0,"TB":0},{"Id":77,"V":2,"NV":0,"TB":0},{"Id":84,"V":2,"NV":0,"TB":0},{"Id":73,"V":1,"NV":0,"TB":0},{"Id":82,"V":1,"NV":0,"TB":0},{"Id":72,"V":0,"NV":0,"TB":0},{"Id":70,"V":0,"NV":0,"TB":2}],[{"Id":65,"V":7,"NV":0,"TB":0},{"Id":68,"V":5,"NV":0,"TB":0},{"Id":76,"V":5,"NV":0,"TB":0},{"Id":78,"V":5,"NV":0,"TB":0},{"Id":80,"V":5,"NV":0,"TB":0},{"Id":67,"V":4,"NV":0,"TB":0},{"Id":85,"V":4,"NV":0,"TB":0},{"Id":69,"V":3,"NV":0,"TB":0},{"Id":71,"V":3,"NV":0,"TB":0},{"Id":74,"V":3,"NV":0,"TB":0},{"Id":75,"V":3,"NV":0,"TB":0},{"Id":79,"V":3,"NV":0,"TB":0},{"Id":81,"V":3,"NV":0,"TB":0},{"Id":86,"V":3,"NV":0,"TB":0},{"Id":66,"V":2,"NV":0,"TB":0},{"Id":77,"V":2,"NV":0,"TB":0},{"Id":84,"V":2,"NV":0,"TB":0},{"Id":73,"V":1,"NV":0,"TB":0},{"Id":82,"V":1,"NV":0,"TB":0},{"Id":72,"V":0,"NV":0,"TB":0}],[{"Id":65,"V":7,"NV":0,"TB":0},{"Id":68,"V":5,"NV":0,"TB":0},{"Id":76,"V":5,"NV":0,"TB":0},{"Id":78,"V":5,"NV":0,"TB":0},{"Id":80,"V":5,"NV":0,"TB":0},{"Id":67,"V":4,"NV":0,"TB":0},{"Id":85,"V":4,"NV":0,"TB":0},{"Id":69,"V":3,"NV":0,"TB":0},{"Id":71,"V":3,"NV":0,"TB":0},{"Id":74,"V":3,"NV":0,"TB":0},{"Id":75,"V":3,"NV":0,"TB":0},{"Id":79,"V":3,"NV":0,"TB":0},{"Id":81,"V":3,"NV":0,"TB":0},{"Id":86,"V":3,"NV":0,"TB":0},{"Id":66,"V":2,"NV":0,"TB":0},{"Id":77,"V":2,"NV":0,"TB":0},{"Id":84,"V":2,"NV":0,"TB":0},{"Id":82,"V":1,"NV":0,"TB":0},{"Id":73,"V":1,"NV":0,"TB":2}],[{"Id":65,"V":7,"NV":0,"TB":0},{"Id":68,"V":5,"NV":0,"TB":0},{"Id":76,"V":5,"NV":0,"TB":0},{"Id":78,"V":5,"NV":0,"TB":0},{"Id":80,"V":5,"NV":0,"TB":0},{"Id":67,"V":4,"NV":0,"TB":0},{"Id":75,"V":4,"NV":1,"TB":0},{"Id":85,"V":4,"NV":0,"TB":0},{"Id":69,"V":3,"NV":0,"TB":0},{"Id":71,"V":3,"NV":0,"TB":0},{"Id":74,"V":3,"NV":0,"TB":0},{"Id":79,"V":3,"NV":0,"TB":0},{"Id":81,"V":3,"NV":0,"TB":0},{"Id":86,"V":3,"NV":0,"TB":0},{"Id":66,"V":2,"NV":0,"TB":0},{"Id":77,"V":2,"NV":0,"TB":0},{"Id":84,"V":2,"NV":0,"TB":0},{"Id":82,"V":1,"NV":0,"TB":0}],[{"Id":65,"V":7,"NV":0,"TB":0},{"Id":67,"V":5,"NV":1,"TB":0},{"Id":68,"V":5,"NV":0,"TB":0},{"Id":76,"V":5,"NV":0,"TB":0},{"Id":78,"V":5,"NV":0,"TB":0},{"Id":80,"V":5,"NV":0,"TB":0},{"Id":75,"V":4,"NV":0,"TB":0},{"Id":85,"V":4,"NV":0,"TB":0},{"Id":69,"V":3,"NV":0,"TB":0},{"Id":71,"V":3,"NV":0,"TB":0},{"Id":74,"V":3,"NV":0,"TB":0},{"Id":79,"V":3,"NV":0,"TB":0},{"Id":81,"V":3,"NV":0,"TB":0},{"Id":86,"V":3,"NV":0,"TB":0},{"Id":66,"V":2,"NV":0,"TB":0},{"Id":77,"V":2,"NV":0,"TB":0},{"Id":84,"V":2,"NV":0,"TB":1}],[{"Id":65,"V":7,"NV":0,"TB":0},{"Id":67,"V":5,"NV":0,"TB":0},{"Id":68,"V":5,"NV":0,"TB":0},{"Id":76,"V":5,"NV":0,"TB":0},{"Id":78,"V":5,"NV":0,"TB":0},{"Id":80,"V":5,"NV":0,"TB":0},{"Id":75,"V":4,"NV":0,"TB":0},{"Id":79,"V":4,"NV":1,"TB":0},{"Id":85,"V":4,"NV":0,"TB":0},{"Id":69,"V":3,"NV":0,"TB":0},{"Id":71,"V":3,"NV":0,"TB":0},{"Id":74,"V":3,"NV":0,"TB":0},{"Id":81,"V":3,"NV":0,"TB":0},{"Id":86,"V":3,"NV":0,"TB":0},{"Id":77,"V":2,"NV":0,"TB":0},{"Id":66,"V":2,"NV":0,"TB":2}],[{"Id":65,"V":7,"NV":0,"TB":0},{"Id":76,"V":6,"NV":1,"TB":0},{"Id":67,"V":5,"NV":0,"TB":0},{"Id":68,"V":5,"NV":0,"TB":0},{"Id":78,"V":5,"NV":0,"TB":0},{"Id":80,"V":5,"NV":0,"TB":0},{"Id":75,"V":4,"NV":0,"TB":0},{"Id":79,"V":4,"NV":0,"TB":0},{"Id":85,"V":4,"NV":0,"TB":0},{"Id":69,"V":3,"NV":0,"TB":0},{"Id":71,"V":3,"NV":0,"TB":0},{"Id":74,"V":3,"NV":0,"TB":0},{"Id":81,"V":3,"NV":0,"TB":0},{"Id":86,"V":3,"NV":0,"TB":0},{"Id":77,"V":2,"NV":0,"TB":0}],[{"Id":65,"V":7,"NV":0,"TB":0},{"Id":68,"V":6,"NV":1,"TB":0},{"Id":76,"V":6,"NV":0,"TB":0},{"Id":67,"V":5,"NV":0,"TB":0},{"Id":75,"V":5,"NV":1,"TB":0},{"Id":78,"V":5,"NV":0,"TB":0},{"Id":80,"V":5,"NV":0,"TB":0},{"Id":79,"V":4,"NV":0,"TB":0},{"Id":85,"V":4,"NV":0,"TB":0},{"Id":69,"V":3,"NV":0,"TB":0},{"Id":71,"V":3,"NV":0,"TB":0},{"Id":74,"V":3,"NV":0,"TB":0},{"Id":86,"V":3,"NV":0,"TB":0},{"Id":81,"V":3,"NV":0,"TB":2}],[{"Id":65,"V":7,"NV":0,"TB":0},{"Id":68,"V":6,"NV":0,"TB":0},{"Id":76,"V":6,"NV":0,"TB":0},{"Id":67,"V":5,"NV":0,"TB":0},{"Id":75,"V":5,"NV":0,"TB":0},{"Id":78,"V":5,"NV":0,"TB":0},{"Id":79,"V":5,"NV":1,"TB":0},{"Id":80,"V":5,"NV":0,"TB":0},{"Id":71,"V":4,"NV":1,"TB":0},{"Id":85,"V":4,"NV":0,"TB":0},{"Id":74,"V":3,"NV":0,"TB":0},{"Id":86,"V":3,"NV":0,"TB":0},{"Id":69,"V":3,"NV":0,"TB":3}],[{"Id":65,"V":7,"NV":0,"TB":0},{"Id":68,"V":7,"NV":1,"TB":0},{"Id":67,"V":6,"NV":1,"TB":0},{"Id":76,"V":6,"NV":0,"TB":0},{"Id":75,"V":5,"NV":0,"TB":0},{"Id":78,"V":5,"NV":0,"TB":0},{"Id":79,"V":5,"NV":0,"TB":0},{"Id":80,"V":5,"NV":0,"TB":0},{"Id":71,"V":4,"NV":0,"TB":0},{"Id":85,"V":4,"NV":0,"TB":0},{"Id":86,"V":4,"NV":1,"TB":0},{"Id":74,"V":3,"NV":0,"TB":0}],[{"Id":65,"V":7,"NV":0,"TB":0},{"Id":68,"V":7,"NV":0,"TB":0},{"Id":80,"V":7,"NV":2,"TB":0},{"Id":67,"V":6,"NV":0,"TB":0},{"Id":76,"V":6,"NV":0,"TB":0},{"Id":79,"V":6,"NV":1,"TB":0},{"Id":75,"V":5,"NV":0,"TB":0},{"Id":78,"V":5,"NV":0,"TB":0},{"Id":71,"V":4,"NV":0,"TB":0},{"Id":85,"V":4,"NV":0,"TB":0},{"Id":86,"V":4,"NV":0,"TB":1}],[{"Id":68,"V":9,"NV":2,"TB":0},{"Id":80,"V":8,"NV":1,"TB":0},{"Id":65,"V":7,"NV":0,"TB":0},{"Id":67,"V":6,"NV":0,"TB":0},{"Id":75,"V":6,"NV":1,"TB":0},{"Id":76,"V":6,"NV":0,"TB":0},{"Id":79,"V":6,"NV":0,"TB":0},{"Id":78,"V":5,"NV":0,"TB":0},{"Id":85,"V":4,"NV":0,"TB":0},{"Id":71,"V":4,"NV":0,"TB":2}],[{"Id":68,"V":9,"NV":0,"TB":0},{"Id":80,"V":8,"NV":0,"TB":0},{"Id":65,"V":7,"NV":0,"TB":0},{"Id":67,"V":6,"NV":0,"TB":0},{"Id":75,"V":6,"NV":0,"TB":0},{"Id":76,"V":6,"NV":0,"TB":0},{"Id":78,"V":6,"NV":1,"TB":0},{"Id":79,"V":6,"NV":0,"TB":0},{"Id":85,"V":5,"NV":1,"TB":0}],[{"Id":68,"V":9,"NV":0,"TB":0},{"Id":76,"V":9,"NV":3,"TB":0},{"Id":80,"V":8,"NV":0,"TB":0},{"Id":65,"V":7,"NV":0,"TB":0},{"Id":67,"V":7,"NV":1,"TB":0},{"Id":75,"V":7,"NV":1,"TB":0},{"Id":79,"V":6,"NV":0,"TB":0},{"Id":78,"V":6,"NV":0,"TB":2}],[{"Id":67,"V":9,"NV":2,"TB":0},{"Id":68,"V":9,"NV":0,"TB":0},{"Id":76,"V":9,"NV":0,"TB":0},{"Id":80,"V":9,"NV":1,"TB":0},{"Id":65,"V":8,"NV":1,"TB":0},{"Id":75,"V":8,"NV":1,"TB":0},{"Id":79,"V":7,"NV":1,"TB":0}],[{"Id":67,"V":11,"NV":2,"TB":0},{"Id":75,"V":10,"NV":2,"TB":0},{"Id":76,"V":10,"NV":1,"TB":0},{"Id":80,"V":10,"NV":1,"TB":0},{"Id":68,"V":9,"NV":0,"TB":0},{"Id":65,"V":9,"NV":1,"TB":2}],[{"Id":67,"V":13,"NV":2,"TB":0},{"Id":75,"V":12,"NV":2,"TB":0},{"Id":68,"V":11,"NV":2,"TB":0},{"Id":76,"V":10,"NV":0,"TB":0},{"Id":80,"V":10,"NV":0,"TB":1}],[{"Id":67,"V":14,"NV":1,"TB":0},{"Id":76,"V":14,"NV":4,"TB":0},{"Id":75,"V":13,"NV":1,"TB":0},{"Id":68,"V":12,"NV":1,"TB":0}],[{"Id":67,"V":18,"NV":4,"TB":0},{"Id":76,"V":15,"NV":1,"TB":0},{"Id":75,"V":14,"NV":1,"TB":0}],[{"Id":67,"V":23,"NV":5,"TB":0},{"Id":76,"V":18,"NV":3,"TB":0}],[{"Id":67,"V":30,"NV":7,"TB":0}]],"Expires":1603672911,"SecondsLeft":0}