{"Mtype":"results","Title":"Round 2","PollStarted":"2020-04-05T22:53:34.275536392Z","PollDuration":600000000000,"Options":{"65":"Maeve playing ‘the floor is lava’ in the tavern. Maeve’s imagination vs what Adira sees.","66":"An Angry Raine (Halfkind form) shouts at her parents for abandoning and neglecting her, stating that she's proud of who she is-Human, Halfkind and Keidran.","67":"During the Dragon Masquerade, a young Trace is challenged to a duel by a noble by the name of Lord Montgomery Shaw, a rather brusque man wearing a wolf's mask.","68":"Human explorers visit the Western Basitin's offering to trade and resources to them to start a friendly treaty.","69":"Raine enjoying a good book on a porch while it rains","70":"Nora wearing the control collar, offering to be Trace's \"pet\". Trace, amused, orders her do tricks. \"This isn't what I meant!\"","71":"Trace and flora in bed being woken by a cry of a baby.","72":"Hula dancing Reni in dragon form. Keiren is amused, but appreciates the effort, to Reni's embarrassment. ","73":"Littlekinds! In an AU where the main four meet as children, intrepid leader Trace plans a grand adventure into a cave rumored to be home to a fearsome dragon!","74":"A concerned Fem!Clovis tends to Brutus's wounds after he risks his life to protect her. ","75":"Good Morning Nibbly, except she's a small squirrel on a regular bed.","76":"Behind the scenes of TwoKinds; we find that Clovis’ actor (male) plays both male and female versions of Clovis.","77":"Chimera dressing sequel. The Chimera is trying new clothes from Kathrin.","78":"Trace's magical experiments: Creating the stone guardian.","79":"Magical shenanigans at the Legacy Estate lead to size magic. Flora or Trace or another character of your choice gets tiny, or Miss Nibbly turns into a huge squirrel!","80":"Good morning Willow Wisp","81":"Mike's dream vixen, but she turns into Evals when Mike wakes up.  Maybe have Eval snoring and drooling on his pillow.","82":"Maddie and Landen accidentally make a coffee so strong, it turns into a coffee elemental.","83":"After grooming Scythe, an unamused Maren is covered with fluff and Scythe has to use a lint remover on her","84":"While the girls do the Hula a male western basitin teaches the boys Keith, Natani and Zen how to do the Haka.","85":"Angel Flora fighting an out of control Demon Tiger Trace to bring him back to his senses","86":"The Solider from Basitin Flirting learning how to properly flirt with a Basitin."},"ExpectedBallots":58,"CountedBallots":58,"Ballots":["TE","UGANQF","FDVAIRMG","AHEOMNPSRB","MPGHASRDO","VSTDKGJQAELPHNIMOUBR","AUIFVDCKSGEBMTPQORJLNH","STIUN","H","PFQAIM","EPSJR","PAEHSKN","JBFUL","VSEAFBHDTMPU","LBDNMGS","ETHSVQAMLRDUBGN","VDKHAGLSETNI","","LFVJBQADSETHRKGCIPUONM","SGJ","CUN","BQA","UFQOGALKEH","VJLDSN","ASRIVK","T","DVGT","IQDLNE","CUB","ILUPNBMGF","PIJBTNQFK","RSBHV","KLJSFERA","FALNHOMPCRES","JTGEA","KPNJCHQEMAFBORLDTISV","PNSQAMOTLECJRUFDBIV","BTPJNLIRDQUSEMKOAGCVFH","HLUPMET","DUEPB","BE","PKOBGIANQCRVMFDUTSLHEJ","GICMQTD","GNKEQTSLF","PCQANFD","SEP","ES","ASJQR","AFSKHMEP","TRMGKA","HJF","IODASMRPVFEU","THQJVFAOKLNMIDRESCGBUP","PNDGQOARBU","P","PEHGOUL","AS","V"],"Placements":[[{"Id":80,"V":9,"NV":9,"TB":0},{"Id":65,"V":6,"NV":6,"TB":0},{"Id":86,"V":5,"NV":5,"TB":0},{"Id":84,"V":4,"NV":4,"TB":0},{"Id":66,"V":3,"NV":3,"TB":0},{"Id":69,"V":3,"NV":3,"TB":0},{"Id":72,"V":3,"NV":3,"TB":0},{"Id":73,"V":3,"NV":3,"TB":0},{"Id":83,"V":3,"NV":3,"TB":0},{"Id":67,"V":2,"NV":2,"TB":0},{"Id":68,"V":2,"NV":2,"TB":0},{"Id":70,"V":2,"NV":2,"TB":0},{"Id":71,"V":2,"NV":2,"TB":0},{"Id":74,"V":2,"NV":2,"TB":0},{"Id":75,"V":2,"NV":2,"TB":0},{"Id":76,"V":2,"NV":2,"TB":0},{"Id":85,"V":2,"NV":2,"TB":0},{"Id":77,"V":1,"NV":1,"TB":0},{"Id":82,"V":1,"NV":1,"TB":0},{"Id":79,"V":0,"NV":0,"TB":0},{"Id":81,"V":0,"NV":0,"TB":0},{"Id":78,"V":0,"NV":0,"TB":3}],[{"Id":80,"V":9,"NV":0,"TB":0},{"Id":65,"V":6,"NV":0,"TB":0},{"Id":86,"V":5,"NV":0,"TB":0},{"Id":84,"V":4,"NV":0,"TB":0},{"Id":66,"V":3,"NV":0,"TB":0},{"Id":69,"V":3,"NV":0,"TB":0},{"Id":72,"V":3,"NV":0,"TB":0},{"Id":73,"V":3,"NV":0,"TB":0},{"Id":83,"V":3,"NV":0,"TB":0},{"Id":67,"V":2,"NV":0,"TB":0},{"Id":68,"V":2,"NV":0,"TB":0},{"Id":70,"V":2,"NV":0,"TB":0},{"Id":71,"V":2,"NV":0,"TB":0},{"Id":74,"V":2,"NV":0,"TB":0},{"Id":75,"V":2,"NV":0,"TB":0},{"Id":76,"V":2,"NV":0,"TB":0},{"Id":85,"V":2,"NV":0,"TB":0},{"Id":77,"V":1,"NV":0,"TB":0},{"Id":82,"V":1,"NV":0,"TB":0},{"Id":79,"V":0,"NV":0,"TB":0},{"Id":81,"V":0,"NV":0,"TB":1}],[{"Id":80,"V":9,"NV":0,"TB":0},{"Id":65,"V":6,"NV":0,"TB":0},{"Id":86,"V":5,"NV":0,"TB":0},{"Id":84,"V":4,"NV":0,"TB":0},{"Id":66,"V":3,"NV":0,"TB":0},{"Id":69,"V":3,"NV":0,"TB":0},{"Id":72,"V":3,"NV":0,"TB":0},{"Id":73,"V":3,"NV":0,"TB":0},{"Id":83,"V":3,"NV":0,"TB":0},{"Id":67,"V":2,"NV":0,"TB":0},{"Id":68,"V":2,"NV":0,"TB":0},{"Id":70,"V":2,"NV":0,"TB":0},{"Id":71,"V":2,"NV":0,"TB":0},{"Id":74,"V":2,"NV":0,"TB":0},{"Id":75,"V":2,"NV":0,"TB":0},{"Id":76,"V":2,"NV":0,"TB":0},{"Id":85,"V":2,"NV":0,"TB":0},{"Id":77,"V":1,"NV":0,"TB":0},{"Id":82,"V":1,"NV":0,"TB":0},{"Id":79,"V":0,"NV":0,"TB":0}],[{"Id":80,"V":9,"NV":0,"TB":0},{"Id":65,"V":6,"NV":0,"TB":0},{"Id":86,"V":5,"NV":0,"TB":0},{"Id":84,"V":4,"NV":0,"TB":0},{"Id":66,"V":3,"NV":0,"TB":0},{"Id":69,"V":3,"NV":0,"TB":0},{"Id":72,"V":3,"NV":0,"TB":0},{"Id":73,"V":3,"NV":0,"TB":0},{"Id":83,"V":3,"NV":0,"TB":0},{"Id":67,"V":2,"NV":0,"TB":0},{"Id":68,"V":2,"NV":0,"TB":0},{"Id":70,"V":2,"NV":0,"TB":0},{"Id":71,"V":2,"NV":0,"TB":0},{"Id":74,"V":2,"NV":0,"TB":0},{"Id":75,"V":2,"NV":0,"TB":0},{"Id":76,"V":2,"NV":0,"TB":0},{"Id":85,"V":2,"NV":0,"TB":0},{"Id":82,"V":1,"NV":0,"TB":0},{"Id":77,"V":1,"NV":0,"TB":2}],[{"Id":80,"V":10,"NV":1,"TB":0},{"Id":65,"V":6,"NV":0,"TB":0},{"Id":86,"V":5,"NV":0,"TB":0},{"Id":84,"V":4,"NV":0,"TB":0},{"Id":66,"V":3,"NV":0,"TB":0},{"Id":69,"V":3,"NV":0,"TB":0},{"Id":72,"V":3,"NV":0,"TB":0},{"Id":73,"V":3,"NV":0,"TB":0},{"Id":83,"V":3,"NV":0,"TB":0},{"Id":67,"V":2,"NV":0,"TB":0},{"Id":68,"V":2,"NV":0,"TB":0},{"Id":70,"V":2,"NV":0,"TB":0},{"Id":71,"V":2,"NV":0,"TB":0},{"Id":74,"V":2,"NV":0,"TB":0},{"Id":75,"V":2,"NV":0,"TB":0},{"Id":76,"V":2,"NV":0,"TB":0},{"Id":85,"V":2,"NV":0,"TB":0},{"Id":82,"V":1,"NV":0,"TB":0}],[{"Id":80,"V":10,"NV":0,"TB":0},{"Id":65,"V":6,"NV":0,"TB":0},{"Id":86,"V":5,"NV":0,"TB":0},{"Id":83,"V":4,"NV":1,"TB":0},{"Id":84,"V":4,"NV":0,"TB":0},{"Id":66,"V":3,"NV":0,"TB":0},{"Id":69,"V":3,"NV":0,"TB":0},{"Id":72,"V":3,"NV":0,"TB":0},{"Id":73,"V":3,"NV":0,"TB":0},{"Id":67,"V":2,"NV":0,"TB":0},{"Id":68,"V":2,"NV":0,"TB":0},{"Id":70,"V":2,"NV":0,"TB":0},{"Id":71,"V":2,"NV":0,"TB":0},{"Id":74,"V":2,"NV":0,"TB":0},{"Id":75,"V":2,"NV":0,"TB":0},{"Id":76,"V":2,"NV":0,"TB":0},{"Id":85,"V":2,"NV":0,"TB":1}],[{"Id":80,"V":10,"NV":0,"TB":0},{"Id":65,"V":6,"NV":0,"TB":0},{"Id":86,"V":5,"NV":0,"TB":0},{"Id":83,"V":4,"NV":0,"TB":0},{"Id":84,"V":4,"NV":0,"TB":0},{"Id":66,"V":3,"NV":0,"TB":0},{"Id":69,"V":3,"NV":0,"TB":0},{"Id":70,"V":3,"NV":1,"TB":0},{"Id":71,"V":3,"NV":1,"TB":0},{"Id":72,"V":3,"NV":0,"TB":0},{"Id":73,"V":3,"NV":0,"TB":0},{"Id":67,"V":2,"NV":0,"TB":0},{"Id":68,"V":2,"NV":0,"TB":0},{"Id":75,"V":2,"NV":0,"TB":0},{"Id":76,"V":2,"NV":0,"TB":0},{"Id":74,"V":2,"NV":0,"TB":3}],[{"Id":80,"V":10,"NV":0,"TB":0},{"Id":65,"V":6,"NV":0,"TB":0},{"Id":84,"V":5,"NV":1,"TB":0},{"Id":86,"V":5,"NV":0,"TB":0},{"Id":66,"V":4,"NV":1,"TB":0},{"Id":83,"V":4,"NV":0,"TB":0},{"Id":69,"V":3,"NV":0,"TB":0},{"Id":70,"V":3,"NV":0,"TB":0},{"Id":71,"V":3,"NV":0,"TB":0},{"Id":72,"V":3,"NV":0,"TB":0},{"Id":73,"V":3,"NV":0,"TB":0},{"Id":68,"V":2,"NV":0,"TB":0},{"Id":75,"V":2,"NV":0,"TB":0},{"Id":76,"V":2,"NV":0,"TB":0},{"Id":67,"V":2,"NV":0,"TB":4}],[{"Id":80,"V":10,"NV":0,"TB":0},{"Id":65,"V":6,"NV":0,"TB":0},{"Id":66,"V":5,"NV":1,"TB":0},{"Id":84,"V":5,"NV":0,"TB":0},{"Id":86,"V":5,"NV":0,"TB":0},{"Id":83,"V":4,"NV":0,"TB":0},{"Id":69,"V":3,"NV":0,"TB":0},{"Id":70,"V":3,"NV":0,"TB":0},{"Id":71,"V":3,"NV":0,"TB":0},{"Id":72,"V":3,"NV":0,"TB":0},{"Id":73,"V":3,"NV":0,"TB":0},{"Id":68,"V":2,"NV":0,"TB":0},{"Id":76,"V":2,"NV":0,"TB":0},{"Id":75,"V":2,"NV":0,"TB":2}],[{"Id":80,"V":11,"NV":1,"TB":0},{"Id":65,"V":6,"NV":0,"TB":0},{"Id":66,"V":5,"NV":0,"TB":0},{"Id":84,"V":5,"NV":0,"TB":0},{"Id":86,"V":5,"NV":0,"TB":0},{"Id":83,"V":4,"NV":0,"TB":0},{"Id":69,"V":3,"NV":0,"TB":0},{"Id":70,"V":3,"NV":0,"TB":0},{"Id":71,"V":3,"NV":0,"TB":0},{"Id":72,"V":3,"NV":0,"TB":0},{"Id":73,"V":3,"NV":0,"TB":0},{"Id":76,"V":3,"NV":1,"TB":0},{"Id":68,"V":2,"NV":0,"TB":0}],[{"Id":80,"V":11,"NV":0,"TB":0},{"Id":65,"V":6,"NV":0,"TB":0},{"Id":86,"V":6,"NV":1,"TB":0},{"Id":66,"V":5,"NV":0,"TB":0},{"Id":84,"V":5,"NV":0,"TB":0},{"Id":69,"V":4,"NV":1,"TB":0},{"Id":83,"V":4,"NV":0,"TB":0},{"Id":70,"V":3,"NV":0,"TB":0},{"Id":71,"V":3,"NV":0,"TB":0},{"Id":72,"V":3,"NV":0,"TB":0},{"Id":76,"V":3,"NV":0,"TB":0},{"Id":73,"V":3,"NV":0,"TB":2}],[{"Id":80,"V":11,"NV":0,"TB":0},{"Id":65,"V":7,"NV":1,"TB":0},{"Id":86,"V":6,"NV":0,"TB":0},{"Id":66,"V":5,"NV":0,"TB":0},{"Id":76,"V":5,"NV":2,"TB":0},{"Id":84,"V":5,"NV":0,"TB":0},{"Id":69,"V":4,"NV":0,"TB":0},{"Id":83,"V":4,"NV":0,"TB":0},{"Id":70,"V":3,"NV":0,"TB":0},{"Id":72,"V":3,"NV":0,"TB":0},{"Id":71,"V":3,"NV":0,"TB":2}],[{"Id":80,"V":11,"NV":0,"TB":0},{"Id":65,"V":8,"NV":1,"TB":0},{"Id":84,"V":6,"NV":1,"TB":0},{"Id":86,"V":6,"NV":0,"TB":0},{"Id":66,"V":5,"NV":0,"TB":0},{"Id":69,"V":5,"NV":1,"TB":0},{"Id":76,"V":5,"NV":0,"TB":0},{"Id":83,"V":4,"NV":0,"TB":0},{"Id":72,"V":3,"NV":0,"TB":0},{"Id":70,"V":3,"NV":0,"TB":2}],[{"Id":80,"V":11,"NV":0,"TB":0},{"Id":65,"V":10,"NV":2,"TB":0},{"Id":86,"V":7,"NV":1,"TB":0},{"Id":84,"V":6,"NV":0,"TB":0},{"Id":66,"V":5,"NV":0,"TB":0},{"Id":69,"V":5,"NV":0,"TB":0},{"Id":76,"V":5,"NV":0,"TB":0},{"Id":83,"V":4,"NV":0,"TB":0},{"Id":72,"V":3,"NV":0,"TB":0}],[{"Id":80,"V":11,"NV":0,"TB":0},{"Id":65,"V":10,"NV":0,"TB":0},{"Id":86,"V":7,"NV":0,"TB":0},{"Id":76,"V":6,"NV":1,"TB":0},{"Id":84,"V":6,"NV":0,"TB":0},{"Id":66,"V":5,"NV":0,"TB":0},{"Id":69,"V":5,"NV":0,"TB":0},{"Id":83,"V":4,"NV":0,"TB":0}],[{"Id":80,"V":11,"NV":0,"TB":0},{"Id":65,"V":10,"NV":0,"TB":0},{"Id":84,"V":7,"NV":1,"TB":0},{"Id":86,"V":7,"NV":0,"TB":0},{"Id":66,"V":6,"NV":1,"TB":0},{"Id":76,"V":6,"NV":0,"TB":0},{"Id":69,"V":6,"NV":1,"TB":2}],[{"Id":80,"V":14,"NV":3,"TB":0},{"Id":65,"V":10,"NV":0,"TB":0},{"Id":84,"V":9,"NV":2,"TB":0},{"Id":86,"V":7,"NV":0,"TB":0},{"Id":76,"V":6,"NV":0,"TB":0},{"Id":66,"V":6,"NV":0,"TB":2}],[{"Id":80,"V":14,"NV":0,"TB":0},{"Id":65,"V":11,"NV":1,"TB":0},{"Id":84,"V":10,"NV":1,"TB":0},{"Id":86,"V":8,"NV":1,"TB":0},{"Id":76,"V":7,"NV":1,"TB":0}],[{"Id":80,"V":16,"NV":2,"TB":0},{"Id":65,"V":12,"NV":1,"TB":0},{"Id":84,"V":10,"NV":0,"TB":0},{"Id":86,"V":9,"NV":1,"TB":0}],[{"Id":65,"V":16,"NV":4,"TB":0},{"Id":80,"V":16,"NV":0,"TB":0},{"Id":84,"V":12,"NV":2,"TB":0}],[{"Id":65,"V":21,"NV":5,"TB":0},{"Id":80,"V":17,"NV":1,"TB":0}],[{"Id":65,"V":30,"NV":9,"TB":0}]],"Expires":1586128413,"SecondsLeft":0}