{"Mtype":"results","Title":"Round 4","PollStarted":"2020-04-13T01:46:55.443066492Z","PollDuration":600000000000,"Options":{"65":"Keith and Natani at an '80s arcade (On a date?) in era-appropriate cloths. Preferably Natani with a smug smile while kicking Keith's ass at a game!","66":"trace as a vixen and flora as a male ","67":"Brutus is excited to share with Clovis that Clovis's \"sister\" wrote a letter saying she will visit him soon!","68":"Pajama Party followup Kathrin wants to see how well the panties look on FemMike","69":"Alternate history. What if Cornelius joined Cathleen as a western Basitin?","70":"Maeve tries to get Maddy to play a game of tag  with her.","71":"Kathrin as a wild west bounty hunter searching for her quarry","72":"The Solider from Basitin Flirting learning how to properly flirt with a Basitin.","73":"The characters drew straws to see who would do this year’s Easter bunnies. The Basitins lost.","74":"Grand Templar Mary Siverlock learns that Eris has broken into a Keidran village where a peace agreement has been made and is not happy about it","75":"Natani meets her gender reversed version from AU and arguing with him about who is better to be a male or a female.","76":"Chance encounter part 2: Zen and Brutus catch up while Kat tries to chat with Clovis’s “sister”. Things get more interesting when Natani and Keith show up ","77":"King of the World scene from Titanic, with Keith as Jack and Laura as Rose.","78":"Good Morning Human Nora","79":"Raine's mindscape: an organized bedroom with a chained-up closet where she keeps her Keidran half, teenager angst, and repressed negative emotions.","80":"Mike kisses Kat.","81":"Reni gets her bikini bottom yoinked by an errant fishing hook latching to the metal hoop.","82":"Sword fight between wolf and human soldiers. Could also be wolf with a spear and human with a sword.","83":"An angry Raine (Half-kind form) shouts at her parents for neglecting and abandoning her, declaring that she's proud of who she is-human, half-kind and keidran.","84":"Tail Tug but featuring Natani and Keith. Natani explodes with joy when he realizes he won't need to use his chest bindings anymore.","85":"Reni as a cat about to pounce on a butterfly.","86":"Hula dancing Reni in dragon form. Keiren is amused, but appreciates the effort, to Reni's embarrassment.","87":"A deadpan Zen suffers another sword through chest, and goes to a blindfolded basitin doctor to sort it out.","88":"Good Morning Adelaide"},"ExpectedBallots":46,"CountedBallots":46,"Ballots":["P","SPGFLBQ","LMPTCXOGH","FUL","V","DIHPCGBEXVTLARFQKUNMSW","QCWDPIU","FALWTO","ESCUX","HNXFQOB","ESIRJ","EHGVWPURJDQASFM","QLDAGFXUC","LBDNKC","TAX","LQ","QCDPTIUKHLFABJGRNXESVOMW","KPBCLTMRIO","ILHAQRDBMT","XBTP","HXWF","AQFE","DQBN","OSWRFUE","SIX","XE","OEAMBCUJDVWTFL","VGUQER","MCPNBRVIDQ","EKXPQGDTBFUJAVCWOIMLSRHN","UMXGJHBWIREPOTCVASFQDNLK","S","","VAKCMLFIU","PG","JKUIVBQXPOFTWERCHGNASLDM","F","DNSPCOQ","MOFRDNTKUAPW","MSLIB","DMEAKUJCI","VHX","MKUTFRQGXNO","G","RNJMISLKUTQODCXPWBFVA","MHLEIBAWS"],"Placements":[[{"Id":77,"V":5,"NV":5,"TB":0},{"Id":68,"V":4,"NV":4,"TB":0},{"Id":69,"V":4,"NV":4,"TB":0},{"Id":86,"V":4,"NV":4,"TB":0},{"Id":70,"V":3,"NV":3,"TB":0},{"Id":76,"V":3,"NV":3,"TB":0},{"Id":81,"V":3,"NV":3,"TB":0},{"Id":83,"V":3,"NV":3,"TB":0},{"Id":72,"V":2,"NV":2,"TB":0},{"Id":79,"V":2,"NV":2,"TB":0},{"Id":80,"V":2,"NV":2,"TB":0},{"Id":88,"V":2,"NV":2,"TB":0},{"Id":65,"V":1,"NV":1,"TB":0},{"Id":71,"V":1,"NV":1,"TB":0},{"Id":73,"V":1,"NV":1,"TB":0},{"Id":74,"V":1,"NV":1,"TB":0},{"Id":75,"V":1,"NV":1,"TB":0},{"Id":82,"V":1,"NV":1,"TB":0},{"Id":84,"V":1,"NV":1,"TB":0},{"Id":85,"V":1,"NV":1,"TB":0},{"Id":67,"V":0,"NV":0,"TB":0},{"Id":78,"V":0,"NV":0,"TB":0},{"Id":87,"V":0,"NV":0,"TB":0},{"Id":66,"V":0,"NV":0,"TB":4}],[{"Id":77,"V":5,"NV":0,"TB":0},{"Id":68,"V":4,"NV":0,"TB":0},{"Id":69,"V":4,"NV":0,"TB":0},{"Id":86,"V":4,"NV":0,"TB":0},{"Id":70,"V":3,"NV":0,"TB":0},{"Id":76,"V":3,"NV":0,"TB":0},{"Id":81,"V":3,"NV":0,"TB":0},{"Id":83,"V":3,"NV":0,"TB":0},{"Id":72,"V":2,"NV":0,"TB":0},{"Id":79,"V":2,"NV":0,"TB":0},{"Id":80,"V":2,"NV":0,"TB":0},{"Id":88,"V":2,"NV":0,"TB":0},{"Id":65,"V":1,"NV":0,"TB":0},{"Id":71,"V":1,"NV":0,"TB":0},{"Id":73,"V":1,"NV":0,"TB":0},{"Id":74,"V":1,"NV":0,"TB":0},{"Id":75,"V":1,"NV":0,"TB":0},{"Id":82,"V":1,"NV":0,"TB":0},{"Id":84,"V":1,"NV":0,"TB":0},{"Id":85,"V":1,"NV":0,"TB":0},{"Id":67,"V":0,"NV":0,"TB":0},{"Id":87,"V":0,"NV":0,"TB":0},{"Id":78,"V":0,"NV":0,"TB":2}],[{"Id":77,"V":5,"NV":0,"TB":0},{"Id":68,"V":4,"NV":0,"TB":0},{"Id":69,"V":4,"NV":0,"TB":0},{"Id":86,"V":4,"NV":0,"TB":0},{"Id":70,"V":3,"NV":0,"TB":0},{"Id":76,"V":3,"NV":0,"TB":0},{"Id":81,"V":3,"NV":0,"TB":0},{"Id":83,"V":3,"NV":0,"TB":0},{"Id":72,"V":2,"NV":0,"TB":0},{"Id":79,"V":2,"NV":0,"TB":0},{"Id":80,"V":2,"NV":0,"TB":0},{"Id":88,"V":2,"NV":0,"TB":0},{"Id":65,"V":1,"NV":0,"TB":0},{"Id":71,"V":1,"NV":0,"TB":0},{"Id":73,"V":1,"NV":0,"TB":0},{"Id":74,"V":1,"NV":0,"TB":0},{"Id":75,"V":1,"NV":0,"TB":0},{"Id":82,"V":1,"NV":0,"TB":0},{"Id":84,"V":1,"NV":0,"TB":0},{"Id":85,"V":1,"NV":0,"TB":0},{"Id":67,"V":0,"NV":0,"TB":0},{"Id":87,"V":0,"NV":0,"TB":1}],[{"Id":77,"V":5,"NV":0,"TB":0},{"Id":68,"V":4,"NV":0,"TB":0},{"Id":69,"V":4,"NV":0,"TB":0},{"Id":86,"V":4,"NV":0,"TB":0},{"Id":70,"V":3,"NV":0,"TB":0},{"Id":76,"V":3,"NV":0,"TB":0},{"Id":81,"V":3,"NV":0,"TB":0},{"Id":83,"V":3,"NV":0,"TB":0},{"Id":72,"V":2,"NV":0,"TB":0},{"Id":79,"V":2,"NV":0,"TB":0},{"Id":80,"V":2,"NV":0,"TB":0},{"Id":88,"V":2,"NV":0,"TB":0},{"Id":65,"V":1,"NV":0,"TB":0},{"Id":71,"V":1,"NV":0,"TB":0},{"Id":73,"V":1,"NV":0,"TB":0},{"Id":74,"V":1,"NV":0,"TB":0},{"Id":75,"V":1,"NV":0,"TB":0},{"Id":82,"V":1,"NV":0,"TB":0},{"Id":84,"V":1,"NV":0,"TB":0},{"Id":85,"V":1,"NV":0,"TB":0},{"Id":67,"V":0,"NV":0,"TB":0}],[{"Id":77,"V":5,"NV":0,"TB":0},{"Id":68,"V":4,"NV":0,"TB":0},{"Id":69,"V":4,"NV":0,"TB":0},{"Id":86,"V":4,"NV":0,"TB":0},{"Id":70,"V":3,"NV":0,"TB":0},{"Id":76,"V":3,"NV":0,"TB":0},{"Id":81,"V":3,"NV":0,"TB":0},{"Id":83,"V":3,"NV":0,"TB":0},{"Id":72,"V":2,"NV":0,"TB":0},{"Id":79,"V":2,"NV":0,"TB":0},{"Id":80,"V":2,"NV":0,"TB":0},{"Id":88,"V":2,"NV":0,"TB":0},{"Id":65,"V":1,"NV":0,"TB":0},{"Id":73,"V":1,"NV":0,"TB":0},{"Id":74,"V":1,"NV":0,"TB":0},{"Id":75,"V":1,"NV":0,"TB":0},{"Id":82,"V":1,"NV":0,"TB":0},{"Id":84,"V":1,"NV":0,"TB":0},{"Id":85,"V":1,"NV":0,"TB":0},{"Id":71,"V":1,"NV":0,"TB":7}],[{"Id":77,"V":5,"NV":0,"TB":0},{"Id":68,"V":4,"NV":0,"TB":0},{"Id":69,"V":4,"NV":0,"TB":0},{"Id":86,"V":4,"NV":0,"TB":0},{"Id":70,"V":3,"NV":0,"TB":0},{"Id":76,"V":3,"NV":0,"TB":0},{"Id":81,"V":3,"NV":0,"TB":0},{"Id":83,"V":3,"NV":0,"TB":0},{"Id":72,"V":2,"NV":0,"TB":0},{"Id":79,"V":2,"NV":0,"TB":0},{"Id":80,"V":2,"NV":0,"TB":0},{"Id":88,"V":2,"NV":0,"TB":0},{"Id":65,"V":1,"NV":0,"TB":0},{"Id":73,"V":1,"NV":0,"TB":0},{"Id":74,"V":1,"NV":0,"TB":0},{"Id":75,"V":1,"NV":0,"TB":0},{"Id":82,"V":1,"NV":0,"TB":0},{"Id":85,"V":1,"NV":0,"TB":0},{"Id":84,"V":1,"NV":0,"TB":2}],[{"Id":77,"V":5,"NV":0,"TB":0},{"Id":68,"V":4,"NV":0,"TB":0},{"Id":69,"V":4,"NV":0,"TB":0},{"Id":86,"V":4,"NV":0,"TB":0},{"Id":70,"V":3,"NV":0,"TB":0},{"Id":76,"V":3,"NV":0,"TB":0},{"Id":81,"V":3,"NV":0,"TB":0},{"Id":83,"V":3,"NV":0,"TB":0},{"Id":65,"V":2,"NV":1,"TB":0},{"Id":72,"V":2,"NV":0,"TB":0},{"Id":79,"V":2,"NV":0,"TB":0},{"Id":80,"V":2,"NV":0,"TB":0},{"Id":88,"V":2,"NV":0,"TB":0},{"Id":73,"V":1,"NV":0,"TB":0},{"Id":75,"V":1,"NV":0,"TB":0},{"Id":82,"V":1,"NV":0,"TB":0},{"Id":85,"V":1,"NV":0,"TB":0},{"Id":74,"V":1,"NV":0,"TB":4}],[{"Id":77,"V":5,"NV":0,"TB":0},{"Id":68,"V":4,"NV":0,"TB":0},{"Id":69,"V":4,"NV":0,"TB":0},{"Id":86,"V":4,"NV":0,"TB":0},{"Id":70,"V":3,"NV":0,"TB":0},{"Id":76,"V":3,"NV":0,"TB":0},{"Id":81,"V":3,"NV":0,"TB":0},{"Id":83,"V":3,"NV":0,"TB":0},{"Id":65,"V":2,"NV":0,"TB":0},{"Id":72,"V":2,"NV":0,"TB":0},{"Id":75,"V":2,"NV":1,"TB":0},{"Id":79,"V":2,"NV":0,"TB":0},{"Id":80,"V":2,"NV":0,"TB":0},{"Id":88,"V":2,"NV":0,"TB":0},{"Id":82,"V":1,"NV":0,"TB":0},{"Id":85,"V":1,"NV":0,"TB":0},{"Id":73,"V":1,"NV":0,"TB":3}],[{"Id":77,"V":5,"NV":0,"TB":0},{"Id":68,"V":4,"NV":0,"TB":0},{"Id":69,"V":4,"NV":0,"TB":0},{"Id":76,"V":4,"NV":1,"TB":0},{"Id":86,"V":4,"NV":0,"TB":0},{"Id":70,"V":3,"NV":0,"TB":0},{"Id":81,"V":3,"NV":0,"TB":0},{"Id":83,"V":3,"NV":0,"TB":0},{"Id":65,"V":2,"NV":0,"TB":0},{"Id":72,"V":2,"NV":0,"TB":0},{"Id":75,"V":2,"NV":0,"TB":0},{"Id":79,"V":2,"NV":0,"TB":0},{"Id":80,"V":2,"NV":0,"TB":0},{"Id":88,"V":2,"NV":0,"TB":0},{"Id":85,"V":1,"NV":0,"TB":0},{"Id":82,"V":1,"NV":0,"TB":2}],[{"Id":77,"V":6,"NV":1,"TB":0},{"Id":68,"V":4,"NV":0,"TB":0},{"Id":69,"V":4,"NV":0,"TB":0},{"Id":76,"V":4,"NV":0,"TB":0},{"Id":86,"V":4,"NV":0,"TB":0},{"Id":70,"V":3,"NV":0,"TB":0},{"Id":81,"V":3,"NV":0,"TB":0},{"Id":83,"V":3,"NV":0,"TB":0},{"Id":65,"V":2,"NV":0,"TB":0},{"Id":72,"V":2,"NV":0,"TB":0},{"Id":75,"V":2,"NV":0,"TB":0},{"Id":79,"V":2,"NV":0,"TB":0},{"Id":80,"V":2,"NV":0,"TB":0},{"Id":88,"V":2,"NV":0,"TB":0},{"Id":85,"V":1,"NV":0,"TB":0}],[{"Id":77,"V":7,"NV":1,"TB":0},{"Id":68,"V":4,"NV":0,"TB":0},{"Id":69,"V":4,"NV":0,"TB":0},{"Id":76,"V":4,"NV":0,"TB":0},{"Id":86,"V":4,"NV":0,"TB":0},{"Id":70,"V":3,"NV":0,"TB":0},{"Id":81,"V":3,"NV":0,"TB":0},{"Id":83,"V":3,"NV":0,"TB":0},{"Id":72,"V":2,"NV":0,"TB":0},{"Id":75,"V":2,"NV":0,"TB":0},{"Id":79,"V":2,"NV":0,"TB":0},{"Id":80,"V":2,"NV":0,"TB":0},{"Id":88,"V":2,"NV":0,"TB":0},{"Id":65,"V":2,"NV":0,"TB":6}],[{"Id":77,"V":7,"NV":0,"TB":0},{"Id":68,"V":4,"NV":0,"TB":0},{"Id":69,"V":4,"NV":0,"TB":0},{"Id":76,"V":4,"NV":0,"TB":0},{"Id":81,"V":4,"NV":1,"TB":0},{"Id":86,"V":4,"NV":0,"TB":0},{"Id":70,"V":3,"NV":0,"TB":0},{"Id":83,"V":3,"NV":0,"TB":0},{"Id":88,"V":3,"NV":1,"TB":0},{"Id":72,"V":2,"NV":0,"TB":0},{"Id":79,"V":2,"NV":0,"TB":0},{"Id":80,"V":2,"NV":0,"TB":0},{"Id":75,"V":2,"NV":0,"TB":3}],[{"Id":77,"V":7,"NV":0,"TB":0},{"Id":86,"V":5,"NV":1,"TB":0},{"Id":68,"V":4,"NV":0,"TB":0},{"Id":69,"V":4,"NV":0,"TB":0},{"Id":76,"V":4,"NV":0,"TB":0},{"Id":81,"V":4,"NV":0,"TB":0},{"Id":70,"V":3,"NV":0,"TB":0},{"Id":80,"V":3,"NV":1,"TB":0},{"Id":83,"V":3,"NV":0,"TB":0},{"Id":88,"V":3,"NV":0,"TB":0},{"Id":72,"V":2,"NV":0,"TB":0},{"Id":79,"V":2,"NV":0,"TB":1}],[{"Id":77,"V":7,"NV":0,"TB":0},{"Id":69,"V":5,"NV":1,"TB":0},{"Id":86,"V":5,"NV":0,"TB":0},{"Id":68,"V":4,"NV":0,"TB":0},{"Id":76,"V":4,"NV":0,"TB":0},{"Id":81,"V":4,"NV":0,"TB":0},{"Id":83,"V":4,"NV":1,"TB":0},{"Id":70,"V":3,"NV":0,"TB":0},{"Id":80,"V":3,"NV":0,"TB":0},{"Id":88,"V":3,"NV":0,"TB":0},{"Id":72,"V":2,"NV":0,"TB":0}],[{"Id":77,"V":7,"NV":0,"TB":0},{"Id":69,"V":5,"NV":0,"TB":0},{"Id":86,"V":5,"NV":0,"TB":0},{"Id":88,"V":5,"NV":2,"TB":0},{"Id":68,"V":4,"NV":0,"TB":0},{"Id":76,"V":4,"NV":0,"TB":0},{"Id":81,"V":4,"NV":0,"TB":0},{"Id":83,"V":4,"NV":0,"TB":0},{"Id":70,"V":3,"NV":0,"TB":0},{"Id":80,"V":3,"NV":0,"TB":1}],[{"Id":77,"V":7,"NV":0,"TB":0},{"Id":69,"V":5,"NV":0,"TB":0},{"Id":76,"V":5,"NV":1,"TB":0},{"Id":86,"V":5,"NV":0,"TB":0},{"Id":88,"V":5,"NV":0,"TB":0},{"Id":68,"V":4,"NV":0,"TB":0},{"Id":81,"V":4,"NV":0,"TB":0},{"Id":83,"V":4,"NV":0,"TB":0},{"Id":70,"V":3,"NV":0,"TB":0}],[{"Id":76,"V":7,"NV":2,"TB":0},{"Id":77,"V":7,"NV":0,"TB":0},{"Id":69,"V":5,"NV":0,"TB":0},{"Id":86,"V":5,"NV":0,"TB":0},{"Id":88,"V":5,"NV":0,"TB":0},{"Id":68,"V":4,"NV":0,"TB":0},{"Id":83,"V":4,"NV":0,"TB":0},{"Id":81,"V":4,"NV":0,"TB":2}],[{"Id":76,"V":8,"NV":1,"TB":0},{"Id":77,"V":7,"NV":0,"TB":0},{"Id":68,"V":6,"NV":2,"TB":0},{"Id":69,"V":6,"NV":1,"TB":0},{"Id":86,"V":5,"NV":0,"TB":0},{"Id":88,"V":5,"NV":0,"TB":0},{"Id":83,"V":4,"NV":0,"TB":0}],[{"Id":76,"V":9,"NV":1,"TB":0},{"Id":69,"V":7,"NV":1,"TB":0},{"Id":77,"V":7,"NV":0,"TB":0},{"Id":68,"V":6,"NV":0,"TB":0},{"Id":88,"V":6,"NV":1,"TB":0},{"Id":86,"V":5,"NV":0,"TB":0}],[{"Id":76,"V":9,"NV":0,"TB":0},{"Id":69,"V":8,"NV":1,"TB":0},{"Id":77,"V":8,"NV":1,"TB":0},{"Id":88,"V":8,"NV":2,"TB":0},{"Id":68,"V":6,"NV":0,"TB":0}],[{"Id":76,"V":10,"NV":1,"TB":0},{"Id":69,"V":9,"NV":1,"TB":0},{"Id":77,"V":9,"NV":1,"TB":0},{"Id":88,"V":8,"NV":0,"TB":0}],[{"Id":69,"V":11,"NV":2,"TB":0},{"Id":76,"V":10,"NV":0,"TB":0},{"Id":77,"V":9,"NV":0,"TB":0}],[{"Id":76,"V":14,"NV":4,"TB":0},{"Id":69,"V":13,"NV":2,"TB":0}],[{"Id":76,"V":19,"NV":5,"TB":0}]],"Expires":1586743615,"SecondsLeft":0}