{"Mtype":"results","Title":"Round 1","PollStarted":"2020-06-07T20:13:15.803091313Z","PollDuration":600000000000,"Options":{"65":"Young Rose shows Saria her secret human form the first time","66":"Transformation lapse of Raine ","67":"Trace and Flora having a water fight on the beach as the sunsets","68":"Post fight, Natani takes off his bandages and a small mountain of Mana crystals spills out. A nearby Keith stares in bewilderment","69":"Nora daydreams of being tangled up, in her cat Keidran form, by a giant YarnBall of Inappropriateness","70":"Demotivatal Flora: dream “big” poster","71":"Squirrel maren gives in to pressure and cuddles sythe, who gets equally flustered and excited.","72":"Natani as Tifa, Laura as Aerith, and Keith as Cloud (in dresses) from Don Corneo’s (pathetic Clovis?) bride scene from Final Fantasy VII Remake","73":"Flora, dressed up stereo-typically French, complete with Garlic Garland, Beret and baguette  ","74":"Young Mike helping Evals get used to the slave collar.","75":"Laura and Kat on waverunners.","76":"Maren makes flustered wolf Raine 'sit' while she grooms her.","77":"Kat dakimakura","78":"Drunk human Reni kisses Kei, Flora is very amused ","79":"Natani and Yena from Seton Academy: Join the Pack making manly poses together ","80":"Squirrelfied Maren sleeping on top of a bed of stolen clothes.","81":"Colin and Sam As DoomGuy and Daisy","82":"Maeve is introduced to Windstraw","83":"Flora wakes up one morning and finds that Trace has been replaced by a space alien","84":"Keith and Natani stargazing on a hill","85":"Undercover Western Basitin Maddie abuses her adorableness while on duty to get invited to a Western Basitin feast and gala. ","86":"Pirates of the Caribbean: Captain Flora and her secrets","87":"Trace \u0026 Flora as mermaids, sharing a tender moment with each other under the sea."},"ExpectedBallots":55,"CountedBallots":55,"Ballots":["QSU","J","VEFBTPJ","JKAEDULICWSFGBVRMPTN","U","QGLETPRCKB","DFT","EBSMLP","UHLQARJENSC","HBAJLW","AJNBWE","UTJHVAFLICKQDWOE","TDNQ","QRWVU","SFDELIVRCAW","RLB","HGNPAQME","DRCUHFLWOVPNKMJGETQSIAB","BK","S","NMC","LRTG","FANSD","DCUNLMTJRPWSFKIGBAEVOQH","EALUF","WCASD","EVLFMKJU","ECKLDQWFGV","AJRF","BLDEANM","AGHCMKEJBQFSVT","EGN","TDVQI","RLGJAEIKCDTUPWNQVM","MHBKALJUGTICEPDFORQNVSW","V","MKJFIENLDAVS","BDE","ULAJ","DTMR","ANERMDLGC","T","FGNDLEVI","TUHDJ","LBA","QKRLOECTSPVBDUAGWHNJ","HKGAU","VGDI","KHTCQRFSJVWMN","JHSBDIVMOARGPE","BGPKREIOMCVQATWLSFU","KGSRVMILJDWF","LDF","RSFICMHDNAQWP","JRVIDLNCUFH"],"Placements":[[{"Id":69,"V":5,"NV":5,"TB":0},{"Id":65,"V":4,"NV":4,"TB":0},{"Id":66,"V":4,"NV":4,"TB":0},{"Id":68,"V":4,"NV":4,"TB":0},{"Id":74,"V":4,"NV":4,"TB":0},{"Id":81,"V":4,"NV":4,"TB":0},{"Id":84,"V":4,"NV":4,"TB":0},{"Id":85,"V":4,"NV":4,"TB":0},{"Id":72,"V":3,"NV":3,"TB":0},{"Id":76,"V":3,"NV":3,"TB":0},{"Id":82,"V":3,"NV":3,"TB":0},{"Id":86,"V":3,"NV":3,"TB":0},{"Id":70,"V":2,"NV":2,"TB":0},{"Id":75,"V":2,"NV":2,"TB":0},{"Id":77,"V":2,"NV":2,"TB":0},{"Id":83,"V":2,"NV":2,"TB":0},{"Id":78,"V":1,"NV":1,"TB":0},{"Id":87,"V":1,"NV":1,"TB":0},{"Id":67,"V":0,"NV":0,"TB":0},{"Id":71,"V":0,"NV":0,"TB":0},{"Id":73,"V":0,"NV":0,"TB":0},{"Id":80,"V":0,"NV":0,"TB":0},{"Id":79,"V":0,"NV":0,"TB":2}],[{"Id":69,"V":5,"NV":0,"TB":0},{"Id":65,"V":4,"NV":0,"TB":0},{"Id":66,"V":4,"NV":0,"TB":0},{"Id":68,"V":4,"NV":0,"TB":0},{"Id":74,"V":4,"NV":0,"TB":0},{"Id":81,"V":4,"NV":0,"TB":0},{"Id":84,"V":4,"NV":0,"TB":0},{"Id":85,"V":4,"NV":0,"TB":0},{"Id":72,"V":3,"NV":0,"TB":0},{"Id":76,"V":3,"NV":0,"TB":0},{"Id":82,"V":3,"NV":0,"TB":0},{"Id":86,"V":3,"NV":0,"TB":0},{"Id":70,"V":2,"NV":0,"TB":0},{"Id":75,"V":2,"NV":0,"TB":0},{"Id":77,"V":2,"NV":0,"TB":0},{"Id":83,"V":2,"NV":0,"TB":0},{"Id":78,"V":1,"NV":0,"TB":0},{"Id":87,"V":1,"NV":0,"TB":0},{"Id":67,"V":0,"NV":0,"TB":0},{"Id":73,"V":0,"NV":0,"TB":0},{"Id":80,"V":0,"NV":0,"TB":0},{"Id":71,"V":0,"NV":0,"TB":3}],[{"Id":69,"V":5,"NV":0,"TB":0},{"Id":65,"V":4,"NV":0,"TB":0},{"Id":66,"V":4,"NV":0,"TB":0},{"Id":68,"V":4,"NV":0,"TB":0},{"Id":74,"V":4,"NV":0,"TB":0},{"Id":81,"V":4,"NV":0,"TB":0},{"Id":84,"V":4,"NV":0,"TB":0},{"Id":85,"V":4,"NV":0,"TB":0},{"Id":72,"V":3,"NV":0,"TB":0},{"Id":76,"V":3,"NV":0,"TB":0},{"Id":82,"V":3,"NV":0,"TB":0},{"Id":86,"V":3,"NV":0,"TB":0},{"Id":70,"V":2,"NV":0,"TB":0},{"Id":75,"V":2,"NV":0,"TB":0},{"Id":77,"V":2,"NV":0,"TB":0},{"Id":83,"V":2,"NV":0,"TB":0},{"Id":78,"V":1,"NV":0,"TB":0},{"Id":87,"V":1,"NV":0,"TB":0},{"Id":67,"V":0,"NV":0,"TB":0},{"Id":73,"V":0,"NV":0,"TB":0},{"Id":80,"V":0,"NV":0,"TB":1}],[{"Id":69,"V":5,"NV":0,"TB":0},{"Id":65,"V":4,"NV":0,"TB":0},{"Id":66,"V":4,"NV":0,"TB":0},{"Id":68,"V":4,"NV":0,"TB":0},{"Id":74,"V":4,"NV":0,"TB":0},{"Id":81,"V":4,"NV":0,"TB":0},{"Id":84,"V":4,"NV":0,"TB":0},{"Id":85,"V":4,"NV":0,"TB":0},{"Id":72,"V":3,"NV":0,"TB":0},{"Id":76,"V":3,"NV":0,"TB":0},{"Id":82,"V":3,"NV":0,"TB":0},{"Id":86,"V":3,"NV":0,"TB":0},{"Id":70,"V":2,"NV":0,"TB":0},{"Id":75,"V":2,"NV":0,"TB":0},{"Id":77,"V":2,"NV":0,"TB":0},{"Id":83,"V":2,"NV":0,"TB":0},{"Id":78,"V":1,"NV":0,"TB":0},{"Id":87,"V":1,"NV":0,"TB":0},{"Id":67,"V":0,"NV":0,"TB":0},{"Id":73,"V":0,"NV":0,"TB":1}],[{"Id":69,"V":5,"NV":0,"TB":0},{"Id":65,"V":4,"NV":0,"TB":0},{"Id":66,"V":4,"NV":0,"TB":0},{"Id":68,"V":4,"NV":0,"TB":0},{"Id":74,"V":4,"NV":0,"TB":0},{"Id":81,"V":4,"NV":0,"TB":0},{"Id":84,"V":4,"NV":0,"TB":0},{"Id":85,"V":4,"NV":0,"TB":0},{"Id":72,"V":3,"NV":0,"TB":0},{"Id":76,"V":3,"NV":0,"TB":0},{"Id":82,"V":3,"NV":0,"TB":0},{"Id":86,"V":3,"NV":0,"TB":0},{"Id":70,"V":2,"NV":0,"TB":0},{"Id":75,"V":2,"NV":0,"TB":0},{"Id":77,"V":2,"NV":0,"TB":0},{"Id":83,"V":2,"NV":0,"TB":0},{"Id":78,"V":1,"NV":0,"TB":0},{"Id":87,"V":1,"NV":0,"TB":0},{"Id":67,"V":0,"NV":0,"TB":0}],[{"Id":69,"V":5,"NV":0,"TB":0},{"Id":65,"V":4,"NV":0,"TB":0},{"Id":66,"V":4,"NV":0,"TB":0},{"Id":68,"V":4,"NV":0,"TB":0},{"Id":74,"V":4,"NV":0,"TB":0},{"Id":81,"V":4,"NV":0,"TB":0},{"Id":84,"V":4,"NV":0,"TB":0},{"Id":85,"V":4,"NV":0,"TB":0},{"Id":72,"V":3,"NV":0,"TB":0},{"Id":76,"V":3,"NV":0,"TB":0},{"Id":82,"V":3,"NV":0,"TB":0},{"Id":86,"V":3,"NV":0,"TB":0},{"Id":70,"V":2,"NV":0,"TB":0},{"Id":75,"V":2,"NV":0,"TB":0},{"Id":77,"V":2,"NV":0,"TB":0},{"Id":83,"V":2,"NV":0,"TB":0},{"Id":87,"V":1,"NV":0,"TB":0},{"Id":78,"V":1,"NV":0,"TB":2}],[{"Id":69,"V":5,"NV":0,"TB":0},{"Id":65,"V":4,"NV":0,"TB":0},{"Id":66,"V":4,"NV":0,"TB":0},{"Id":68,"V":4,"NV":0,"TB":0},{"Id":74,"V":4,"NV":0,"TB":0},{"Id":81,"V":4,"NV":0,"TB":0},{"Id":84,"V":4,"NV":0,"TB":0},{"Id":85,"V":4,"NV":0,"TB":0},{"Id":72,"V":3,"NV":0,"TB":0},{"Id":76,"V":3,"NV":0,"TB":0},{"Id":77,"V":3,"NV":1,"TB":0},{"Id":82,"V":3,"NV":0,"TB":0},{"Id":86,"V":3,"NV":0,"TB":0},{"Id":70,"V":2,"NV":0,"TB":0},{"Id":75,"V":2,"NV":0,"TB":0},{"Id":83,"V":2,"NV":0,"TB":0},{"Id":87,"V":1,"NV":0,"TB":0}],[{"Id":65,"V":5,"NV":1,"TB":0},{"Id":69,"V":5,"NV":0,"TB":0},{"Id":66,"V":4,"NV":0,"TB":0},{"Id":68,"V":4,"NV":0,"TB":0},{"Id":74,"V":4,"NV":0,"TB":0},{"Id":81,"V":4,"NV":0,"TB":0},{"Id":84,"V":4,"NV":0,"TB":0},{"Id":85,"V":4,"NV":0,"TB":0},{"Id":72,"V":3,"NV":0,"TB":0},{"Id":76,"V":3,"NV":0,"TB":0},{"Id":77,"V":3,"NV":0,"TB":0},{"Id":82,"V":3,"NV":0,"TB":0},{"Id":86,"V":3,"NV":0,"TB":0},{"Id":75,"V":2,"NV":0,"TB":0},{"Id":83,"V":2,"NV":0,"TB":0},{"Id":70,"V":2,"NV":0,"TB":3}],[{"Id":65,"V":6,"NV":1,"TB":0},{"Id":68,"V":5,"NV":1,"TB":0},{"Id":69,"V":5,"NV":0,"TB":0},{"Id":66,"V":4,"NV":0,"TB":0},{"Id":74,"V":4,"NV":0,"TB":0},{"Id":81,"V":4,"NV":0,"TB":0},{"Id":84,"V":4,"NV":0,"TB":0},{"Id":85,"V":4,"NV":0,"TB":0},{"Id":72,"V":3,"NV":0,"TB":0},{"Id":76,"V":3,"NV":0,"TB":0},{"Id":77,"V":3,"NV":0,"TB":0},{"Id":82,"V":3,"NV":0,"TB":0},{"Id":86,"V":3,"NV":0,"TB":0},{"Id":75,"V":2,"NV":0,"TB":0},{"Id":83,"V":2,"NV":0,"TB":1}],[{"Id":65,"V":6,"NV":0,"TB":0},{"Id":68,"V":6,"NV":1,"TB":0},{"Id":69,"V":5,"NV":0,"TB":0},{"Id":66,"V":4,"NV":0,"TB":0},{"Id":74,"V":4,"NV":0,"TB":0},{"Id":81,"V":4,"NV":0,"TB":0},{"Id":84,"V":4,"NV":0,"TB":0},{"Id":85,"V":4,"NV":0,"TB":0},{"Id":72,"V":3,"NV":0,"TB":0},{"Id":76,"V":3,"NV":0,"TB":0},{"Id":77,"V":3,"NV":0,"TB":0},{"Id":82,"V":3,"NV":0,"TB":0},{"Id":86,"V":3,"NV":0,"TB":0},{"Id":75,"V":2,"NV":0,"TB":0}],[{"Id":65,"V":6,"NV":0,"TB":0},{"Id":68,"V":6,"NV":0,"TB":0},{"Id":69,"V":5,"NV":0,"TB":0},{"Id":66,"V":4,"NV":0,"TB":0},{"Id":72,"V":4,"NV":1,"TB":0},{"Id":74,"V":4,"NV":0,"TB":0},{"Id":81,"V":4,"NV":0,"TB":0},{"Id":82,"V":4,"NV":1,"TB":0},{"Id":84,"V":4,"NV":0,"TB":0},{"Id":85,"V":4,"NV":0,"TB":0},{"Id":77,"V":3,"NV":0,"TB":0},{"Id":86,"V":3,"NV":0,"TB":0},{"Id":76,"V":3,"NV":0,"TB":3}],[{"Id":68,"V":7,"NV":1,"TB":0},{"Id":65,"V":6,"NV":0,"TB":0},{"Id":66,"V":5,"NV":1,"TB":0},{"Id":69,"V":5,"NV":0,"TB":0},{"Id":82,"V":5,"NV":1,"TB":0},{"Id":72,"V":4,"NV":0,"TB":0},{"Id":74,"V":4,"NV":0,"TB":0},{"Id":81,"V":4,"NV":0,"TB":0},{"Id":84,"V":4,"NV":0,"TB":0},{"Id":85,"V":4,"NV":0,"TB":0},{"Id":77,"V":3,"NV":0,"TB":0},{"Id":86,"V":3,"NV":0,"TB":1}],[{"Id":68,"V":8,"NV":1,"TB":0},{"Id":65,"V":6,"NV":0,"TB":0},{"Id":69,"V":6,"NV":1,"TB":0},{"Id":66,"V":5,"NV":0,"TB":0},{"Id":82,"V":5,"NV":0,"TB":0},{"Id":72,"V":4,"NV":0,"TB":0},{"Id":74,"V":4,"NV":0,"TB":0},{"Id":81,"V":4,"NV":0,"TB":0},{"Id":84,"V":4,"NV":0,"TB":0},{"Id":85,"V":4,"NV":0,"TB":0},{"Id":77,"V":3,"NV":0,"TB":0}],[{"Id":68,"V":8,"NV":0,"TB":0},{"Id":65,"V":6,"NV":0,"TB":0},{"Id":69,"V":6,"NV":0,"TB":0},{"Id":66,"V":5,"NV":0,"TB":0},{"Id":72,"V":5,"NV":1,"TB":0},{"Id":74,"V":5,"NV":1,"TB":0},{"Id":82,"V":5,"NV":0,"TB":0},{"Id":81,"V":4,"NV":0,"TB":0},{"Id":84,"V":4,"NV":0,"TB":0},{"Id":85,"V":4,"NV":0,"TB":1}],[{"Id":68,"V":8,"NV":0,"TB":0},{"Id":65,"V":7,"NV":1,"TB":0},{"Id":69,"V":6,"NV":0,"TB":0},{"Id":72,"V":6,"NV":1,"TB":0},{"Id":66,"V":5,"NV":0,"TB":0},{"Id":74,"V":5,"NV":0,"TB":0},{"Id":82,"V":5,"NV":0,"TB":0},{"Id":84,"V":5,"NV":1,"TB":0},{"Id":81,"V":4,"NV":0,"TB":0}],[{"Id":68,"V":8,"NV":0,"TB":0},{"Id":65,"V":7,"NV":0,"TB":0},{"Id":69,"V":7,"NV":1,"TB":0},{"Id":82,"V":7,"NV":2,"TB":0},{"Id":72,"V":6,"NV":0,"TB":0},{"Id":66,"V":5,"NV":0,"TB":0},{"Id":84,"V":5,"NV":0,"TB":0},{"Id":74,"V":5,"NV":0,"TB":2}],[{"Id":65,"V":8,"NV":1,"TB":0},{"Id":68,"V":8,"NV":0,"TB":0},{"Id":69,"V":8,"NV":1,"TB":0},{"Id":82,"V":8,"NV":1,"TB":0},{"Id":72,"V":7,"NV":1,"TB":0},{"Id":66,"V":5,"NV":0,"TB":0},{"Id":84,"V":5,"NV":0,"TB":1}],[{"Id":68,"V":10,"NV":2,"TB":0},{"Id":72,"V":9,"NV":2,"TB":0},{"Id":65,"V":8,"NV":0,"TB":0},{"Id":69,"V":8,"NV":0,"TB":0},{"Id":82,"V":8,"NV":0,"TB":0},{"Id":66,"V":5,"NV":0,"TB":0}],[{"Id":68,"V":12,"NV":2,"TB":0},{"Id":65,"V":9,"NV":1,"TB":0},{"Id":72,"V":9,"NV":0,"TB":0},{"Id":82,"V":9,"NV":1,"TB":0},{"Id":69,"V":8,"NV":0,"TB":0}],[{"Id":68,"V":14,"NV":2,"TB":0},{"Id":65,"V":10,"NV":1,"TB":0},{"Id":82,"V":10,"NV":1,"TB":0},{"Id":72,"V":9,"NV":0,"TB":0}],[{"Id":65,"V":16,"NV":6,"TB":0},{"Id":68,"V":16,"NV":2,"TB":0},{"Id":82,"V":11,"NV":1,"TB":0}],[{"Id":68,"V":20,"NV":4,"TB":0},{"Id":65,"V":18,"NV":2,"TB":0}],[{"Id":68,"V":27,"NV":7,"TB":0}]],"Expires":1591561995,"SecondsLeft":0}