{"Mtype":"results","Title":"Round 1","PollStarted":"2020-07-05T20:53:55.117462034Z","PollDuration":600000000000,"Options":{"65":"Pixie Panic Eric painting a picture with Tiger Trace and Keith posing together ","66":"Special reference Sheet Windstraw","67":"In a modern AU, Sythe gives Maren a subtleseed necklace.","68":"Flora and Kat as Shrine maidens ","69":"Tiger Trace, Lioness Saria and their litter of tigon children","70":"Gamers Laura and Kat training new teammate Nora for the up-coming eSports tournament.","71":"Natani as Tifa (blue dress), Laura as Aerith (red dress) and Keith as Cloud (fancy dress) from Don Corneo’s bride scene from Final Fantasy VII Remake.","72":"Backstage Romance. After a long day filming on the set of Twokinds, Trace's actor retires backstage to greet his fiancée... Laura's actress.","73":"WW2: Tigress Trace in a US Army air force Dress uniform sitting on the wings of a P-40","74":"Alaric and Keith’s nude beach vacation","75":"Street artist Raine (human) stands back and admires the mural she’s spray painted of her mother.","76":"Laura against the glass","77":"Maeve joins the tech team to help with the streaming.","78":"Redraw of \"Flora and Kat - No Context\", but reversed! Flora has the nervous look and Kat the manic look.","79":"Roberto the happy crab standing at his sand castle balcony, looking over his vast crab army.  ","80":"Natani getting cuddled between Keith and FemKeith","81":"Human Reni attempting to swipe a magic idol à la Raiders of the Lost Ark style","82":"Willow dakimakura","83":"Evil Trace and Nora battle to the death at the Legacy Estate.","84":"Eval's reaction to Mike's in \"Erilas sunbathing\"","85":"Rose and Raine on a shopping trip trying on clothes. ","86":"Natani against the glass","87":"Laura as a breakfast cereal mascot.","88":"What if Maddie found a lightsaber","89":"After Maren sees lion Keiren she is compelled to groom his wild mane to regal perfection. Flora suggests a pretty bow to finish it off.","90":"Everyone celebrating the 4th of July at a barbecue","97":"Brutus Reference Sheet","98":"Squirrilified Maren fights the influence of Nibbly, who keeps trying to fondle 'her' new bosom.","99":"Kat, Flora, Laura, Raine, and Natani in a singing group."},"ExpectedBallots":68,"CountedBallots":68,"Ballots":["OaUK","FRDXCIAOMVaTH","","IPGVUMRB","YVOTaJMWPQEKUABLXbCFcDIRHNZ","CaVLTUX","aPLJVTRAYQMHEZ","CYbX","XFMCbYNUZ","V","","RAO","ESKDaMR","aQJbSVcHX","NGPQVcZDC","E","PV","QETUDMRYCZGBX","a","ISHNPbMFAE","LFIPWR","UaEZI","ECSHKTB","Q","EUZOTXSICMP","HFTVAUDNb","KUWSYQF","a","bQ","RD","BN","DNLV","FMEIYaK","AOTDGIbc","HBRTLWFXbY","VPFLYHMUCaNTD","D","ZMPFKQIO","EaT","GXWJDESMHaYACQFNT","bSaFXMNP","FbRHWOKBTXLGMcaDYQNCJUVEAPZIS","PJMAORB","PJDFWNBMCLVYHRI","FRbMUVSOX","KAcTZbCYUIMSRVaLP","QV","B","DNFI","MU","EMT","VLP","TAH","TEWUcDLZKPHRXQOBCGJAMYS","VSLEWRX","GLHFWbcR","UaEVIJPDZTCAB","NECTVPDY","LCKHFVAcDZNOYQJB","WSHNUIYB","aOCX","MNcDJX","WFHcOGLREMD","OKWAbRaXDCUTL","FNMBHVQJAZIYDb","ZGMXUCN","VDPbGIRF","HFQVBZaLRCNPJAb"],"Placements":[[{"Id":69,"V":6,"NV":6,"TB":0},{"Id":70,"V":5,"NV":5,"TB":0},{"Id":86,"V":5,"NV":5,"TB":0},{"Id":97,"V":5,"NV":5,"TB":0},{"Id":68,"V":3,"NV":3,"TB":0},{"Id":72,"V":3,"NV":3,"TB":0},{"Id":80,"V":3,"NV":3,"TB":0},{"Id":81,"V":3,"NV":3,"TB":0},{"Id":66,"V":2,"NV":2,"TB":0},{"Id":67,"V":2,"NV":2,"TB":0},{"Id":71,"V":2,"NV":2,"TB":0},{"Id":73,"V":2,"NV":2,"TB":0},{"Id":75,"V":2,"NV":2,"TB":0},{"Id":76,"V":2,"NV":2,"TB":0},{"Id":77,"V":2,"NV":2,"TB":0},{"Id":78,"V":2,"NV":2,"TB":0},{"Id":79,"V":2,"NV":2,"TB":0},{"Id":82,"V":2,"NV":2,"TB":0},{"Id":84,"V":2,"NV":2,"TB":0},{"Id":85,"V":2,"NV":2,"TB":0},{"Id":87,"V":2,"NV":2,"TB":0},{"Id":90,"V":2,"NV":2,"TB":0},{"Id":98,"V":2,"NV":2,"TB":0},{"Id":65,"V":1,"NV":1,"TB":0},{"Id":88,"V":1,"NV":1,"TB":0},{"Id":89,"V":1,"NV":1,"TB":0},{"Id":74,"V":0,"NV":0,"TB":0},{"Id":83,"V":0,"NV":0,"TB":0},{"Id":99,"V":0,"NV":0,"TB":1}],[{"Id":69,"V":6,"NV":0,"TB":0},{"Id":70,"V":5,"NV":0,"TB":0},{"Id":86,"V":5,"NV":0,"TB":0},{"Id":97,"V":5,"NV":0,"TB":0},{"Id":68,"V":3,"NV":0,"TB":0},{"Id":72,"V":3,"NV":0,"TB":0},{"Id":80,"V":3,"NV":0,"TB":0},{"Id":81,"V":3,"NV":0,"TB":0},{"Id":66,"V":2,"NV":0,"TB":0},{"Id":67,"V":2,"NV":0,"TB":0},{"Id":71,"V":2,"NV":0,"TB":0},{"Id":73,"V":2,"NV":0,"TB":0},{"Id":75,"V":2,"NV":0,"TB":0},{"Id":76,"V":2,"NV":0,"TB":0},{"Id":77,"V":2,"NV":0,"TB":0},{"Id":78,"V":2,"NV":0,"TB":0},{"Id":79,"V":2,"NV":0,"TB":0},{"Id":82,"V":2,"NV":0,"TB":0},{"Id":84,"V":2,"NV":0,"TB":0},{"Id":85,"V":2,"NV":0,"TB":0},{"Id":87,"V":2,"NV":0,"TB":0},{"Id":90,"V":2,"NV":0,"TB":0},{"Id":98,"V":2,"NV":0,"TB":0},{"Id":65,"V":1,"NV":0,"TB":0},{"Id":88,"V":1,"NV":0,"TB":0},{"Id":89,"V":1,"NV":0,"TB":0},{"Id":83,"V":0,"NV":0,"TB":0},{"Id":74,"V":0,"NV":0,"TB":2}],[{"Id":69,"V":6,"NV":0,"TB":0},{"Id":70,"V":5,"NV":0,"TB":0},{"Id":86,"V":5,"NV":0,"TB":0},{"Id":97,"V":5,"NV":0,"TB":0},{"Id":68,"V":3,"NV":0,"TB":0},{"Id":72,"V":3,"NV":0,"TB":0},{"Id":80,"V":3,"NV":0,"TB":0},{"Id":81,"V":3,"NV":0,"TB":0},{"Id":66,"V":2,"NV":0,"TB":0},{"Id":67,"V":2,"NV":0,"TB":0},{"Id":71,"V":2,"NV":0,"TB":0},{"Id":73,"V":2,"NV":0,"TB":0},{"Id":75,"V":2,"NV":0,"TB":0},{"Id":76,"V":2,"NV":0,"TB":0},{"Id":77,"V":2,"NV":0,"TB":0},{"Id":78,"V":2,"NV":0,"TB":0},{"Id":79,"V":2,"NV":0,"TB":0},{"Id":82,"V":2,"NV":0,"TB":0},{"Id":84,"V":2,"NV":0,"TB":0},{"Id":85,"V":2,"NV":0,"TB":0},{"Id":87,"V":2,"NV":0,"TB":0},{"Id":90,"V":2,"NV":0,"TB":0},{"Id":98,"V":2,"NV":0,"TB":0},{"Id":65,"V":1,"NV":0,"TB":0},{"Id":88,"V":1,"NV":0,"TB":0},{"Id":89,"V":1,"NV":0,"TB":0},{"Id":83,"V":0,"NV":0,"TB":0}],[{"Id":69,"V":6,"NV":0,"TB":0},{"Id":70,"V":5,"NV":0,"TB":0},{"Id":86,"V":5,"NV":0,"TB":0},{"Id":97,"V":5,"NV":0,"TB":0},{"Id":68,"V":3,"NV":0,"TB":0},{"Id":72,"V":3,"NV":0,"TB":0},{"Id":80,"V":3,"NV":0,"TB":0},{"Id":81,"V":3,"NV":0,"TB":0},{"Id":66,"V":2,"NV":0,"TB":0},{"Id":67,"V":2,"NV":0,"TB":0},{"Id":71,"V":2,"NV":0,"TB":0},{"Id":73,"V":2,"NV":0,"TB":0},{"Id":75,"V":2,"NV":0,"TB":0},{"Id":76,"V":2,"NV":0,"TB":0},{"Id":77,"V":2,"NV":0,"TB":0},{"Id":78,"V":2,"NV":0,"TB":0},{"Id":79,"V":2,"NV":0,"TB":0},{"Id":82,"V":2,"NV":0,"TB":0},{"Id":84,"V":2,"NV":0,"TB":0},{"Id":85,"V":2,"NV":0,"TB":0},{"Id":87,"V":2,"NV":0,"TB":0},{"Id":90,"V":2,"NV":0,"TB":0},{"Id":98,"V":2,"NV":0,"TB":0},{"Id":65,"V":1,"NV":0,"TB":0},{"Id":88,"V":1,"NV":0,"TB":0},{"Id":89,"V":1,"NV":0,"TB":1}],[{"Id":69,"V":6,"NV":0,"TB":0},{"Id":86,"V":6,"NV":1,"TB":0},{"Id":70,"V":5,"NV":0,"TB":0},{"Id":97,"V":5,"NV":0,"TB":0},{"Id":68,"V":3,"NV":0,"TB":0},{"Id":72,"V":3,"NV":0,"TB":0},{"Id":80,"V":3,"NV":0,"TB":0},{"Id":81,"V":3,"NV":0,"TB":0},{"Id":66,"V":2,"NV":0,"TB":0},{"Id":67,"V":2,"NV":0,"TB":0},{"Id":71,"V":2,"NV":0,"TB":0},{"Id":73,"V":2,"NV":0,"TB":0},{"Id":75,"V":2,"NV":0,"TB":0},{"Id":76,"V":2,"NV":0,"TB":0},{"Id":77,"V":2,"NV":0,"TB":0},{"Id":78,"V":2,"NV":0,"TB":0},{"Id":79,"V":2,"NV":0,"TB":0},{"Id":82,"V":2,"NV":0,"TB":0},{"Id":84,"V":2,"NV":0,"TB":0},{"Id":85,"V":2,"NV":0,"TB":0},{"Id":87,"V":2,"NV":0,"TB":0},{"Id":90,"V":2,"NV":0,"TB":0},{"Id":98,"V":2,"NV":0,"TB":0},{"Id":88,"V":1,"NV":0,"TB":0},{"Id":65,"V":1,"NV":0,"TB":2}],[{"Id":69,"V":6,"NV":0,"TB":0},{"Id":86,"V":6,"NV":0,"TB":0},{"Id":70,"V":5,"NV":0,"TB":0},{"Id":97,"V":5,"NV":0,"TB":0},{"Id":68,"V":3,"NV":0,"TB":0},{"Id":72,"V":3,"NV":0,"TB":0},{"Id":79,"V":3,"NV":1,"TB":0},{"Id":80,"V":3,"NV":0,"TB":0},{"Id":81,"V":3,"NV":0,"TB":0},{"Id":66,"V":2,"NV":0,"TB":0},{"Id":67,"V":2,"NV":0,"TB":0},{"Id":71,"V":2,"NV":0,"TB":0},{"Id":73,"V":2,"NV":0,"TB":0},{"Id":75,"V":2,"NV":0,"TB":0},{"Id":76,"V":2,"NV":0,"TB":0},{"Id":77,"V":2,"NV":0,"TB":0},{"Id":78,"V":2,"NV":0,"TB":0},{"Id":82,"V":2,"NV":0,"TB":0},{"Id":84,"V":2,"NV":0,"TB":0},{"Id":85,"V":2,"NV":0,"TB":0},{"Id":87,"V":2,"NV":0,"TB":0},{"Id":90,"V":2,"NV":0,"TB":0},{"Id":98,"V":2,"NV":0,"TB":0},{"Id":88,"V":1,"NV":0,"TB":0}],[{"Id":69,"V":6,"NV":0,"TB":0},{"Id":70,"V":6,"NV":1,"TB":0},{"Id":86,"V":6,"NV":0,"TB":0},{"Id":97,"V":5,"NV":0,"TB":0},{"Id":68,"V":3,"NV":0,"TB":0},{"Id":72,"V":3,"NV":0,"TB":0},{"Id":79,"V":3,"NV":0,"TB":0},{"Id":80,"V":3,"NV":0,"TB":0},{"Id":81,"V":3,"NV":0,"TB":0},{"Id":66,"V":2,"NV":0,"TB":0},{"Id":67,"V":2,"NV":0,"TB":0},{"Id":71,"V":2,"NV":0,"TB":0},{"Id":73,"V":2,"NV":0,"TB":0},{"Id":75,"V":2,"NV":0,"TB":0},{"Id":76,"V":2,"NV":0,"TB":0},{"Id":77,"V":2,"NV":0,"TB":0},{"Id":78,"V":2,"NV":0,"TB":0},{"Id":82,"V":2,"NV":0,"TB":0},{"Id":84,"V":2,"NV":0,"TB":0},{"Id":85,"V":2,"NV":0,"TB":0},{"Id":90,"V":2,"NV":0,"TB":0},{"Id":98,"V":2,"NV":0,"TB":0},{"Id":87,"V":2,"NV":0,"TB":3}],[{"Id":70,"V":7,"NV":1,"TB":0},{"Id":69,"V":6,"NV":0,"TB":0},{"Id":86,"V":6,"NV":0,"TB":0},{"Id":97,"V":5,"NV":0,"TB":0},{"Id":72,"V":4,"NV":1,"TB":0},{"Id":68,"V":3,"NV":0,"TB":0},{"Id":79,"V":3,"NV":0,"TB":0},{"Id":80,"V":3,"NV":0,"TB":0},{"Id":81,"V":3,"NV":0,"TB":0},{"Id":66,"V":2,"NV":0,"TB":0},{"Id":67,"V":2,"NV":0,"TB":0},{"Id":73,"V":2,"NV":0,"TB":0},{"Id":75,"V":2,"NV":0,"TB":0},{"Id":76,"V":2,"NV":0,"TB":0},{"Id":77,"V":2,"NV":0,"TB":0},{"Id":78,"V":2,"NV":0,"TB":0},{"Id":82,"V":2,"NV":0,"TB":0},{"Id":84,"V":2,"NV":0,"TB":0},{"Id":85,"V":2,"NV":0,"TB":0},{"Id":90,"V":2,"NV":0,"TB":0},{"Id":98,"V":2,"NV":0,"TB":0},{"Id":71,"V":2,"NV":0,"TB":11}],[{"Id":70,"V":7,"NV":0,"TB":0},{"Id":69,"V":6,"NV":0,"TB":0},{"Id":86,"V":6,"NV":0,"TB":0},{"Id":97,"V":5,"NV":0,"TB":0},{"Id":68,"V":4,"NV":1,"TB":0},{"Id":72,"V":4,"NV":0,"TB":0},{"Id":76,"V":3,"NV":1,"TB":0},{"Id":79,"V":3,"NV":0,"TB":0},{"Id":80,"V":3,"NV":0,"TB":0},{"Id":81,"V":3,"NV":0,"TB":0},{"Id":66,"V":2,"NV":0,"TB":0},{"Id":67,"V":2,"NV":0,"TB":0},{"Id":73,"V":2,"NV":0,"TB":0},{"Id":75,"V":2,"NV":0,"TB":0},{"Id":77,"V":2,"NV":0,"TB":0},{"Id":78,"V":2,"NV":0,"TB":0},{"Id":82,"V":2,"NV":0,"TB":0},{"Id":85,"V":2,"NV":0,"TB":0},{"Id":90,"V":2,"NV":0,"TB":0},{"Id":98,"V":2,"NV":0,"TB":0},{"Id":84,"V":2,"NV":0,"TB":4}],[{"Id":69,"V":7,"NV":1,"TB":0},{"Id":70,"V":7,"NV":0,"TB":0},{"Id":86,"V":6,"NV":0,"TB":0},{"Id":72,"V":5,"NV":1,"TB":0},{"Id":97,"V":5,"NV":0,"TB":0},{"Id":68,"V":4,"NV":0,"TB":0},{"Id":76,"V":3,"NV":0,"TB":0},{"Id":79,"V":3,"NV":0,"TB":0},{"Id":80,"V":3,"NV":0,"TB":0},{"Id":81,"V":3,"NV":0,"TB":0},{"Id":66,"V":2,"NV":0,"TB":0},{"Id":67,"V":2,"NV":0,"TB":0},{"Id":73,"V":2,"NV":0,"TB":0},{"Id":75,"V":2,"NV":0,"TB":0},{"Id":77,"V":2,"NV":0,"TB":0},{"Id":78,"V":2,"NV":0,"TB":0},{"Id":82,"V":2,"NV":0,"TB":0},{"Id":85,"V":2,"NV":0,"TB":0},{"Id":90,"V":2,"NV":0,"TB":0},{"Id":98,"V":2,"NV":0,"TB":1}],[{"Id":69,"V":7,"NV":0,"TB":0},{"Id":70,"V":7,"NV":0,"TB":0},{"Id":86,"V":6,"NV":0,"TB":0},{"Id":97,"V":6,"NV":1,"TB":0},{"Id":72,"V":5,"NV":0,"TB":0},{"Id":68,"V":4,"NV":0,"TB":0},{"Id":81,"V":4,"NV":1,"TB":0},{"Id":76,"V":3,"NV":0,"TB":0},{"Id":79,"V":3,"NV":0,"TB":0},{"Id":80,"V":3,"NV":0,"TB":0},{"Id":66,"V":2,"NV":0,"TB":0},{"Id":67,"V":2,"NV":0,"TB":0},{"Id":73,"V":2,"NV":0,"TB":0},{"Id":75,"V":2,"NV":0,"TB":0},{"Id":77,"V":2,"NV":0,"TB":0},{"Id":78,"V":2,"NV":0,"TB":0},{"Id":85,"V":2,"NV":0,"TB":0},{"Id":90,"V":2,"NV":0,"TB":0},{"Id":82,"V":2,"NV":0,"TB":3}],[{"Id":69,"V":7,"NV":0,"TB":0},{"Id":70,"V":7,"NV":0,"TB":0},{"Id":86,"V":6,"NV":0,"TB":0},{"Id":97,"V":6,"NV":0,"TB":0},{"Id":68,"V":5,"NV":1,"TB":0},{"Id":72,"V":5,"NV":0,"TB":0},{"Id":79,"V":4,"NV":1,"TB":0},{"Id":81,"V":4,"NV":0,"TB":0},{"Id":76,"V":3,"NV":0,"TB":0},{"Id":80,"V":3,"NV":0,"TB":0},{"Id":66,"V":2,"NV":0,"TB":0},{"Id":67,"V":2,"NV":0,"TB":0},{"Id":73,"V":2,"NV":0,"TB":0},{"Id":77,"V":2,"NV":0,"TB":0},{"Id":78,"V":2,"NV":0,"TB":0},{"Id":85,"V":2,"NV":0,"TB":0},{"Id":90,"V":2,"NV":0,"TB":0},{"Id":75,"V":2,"NV":0,"TB":5}],[{"Id":69,"V":7,"NV":0,"TB":0},{"Id":70,"V":7,"NV":0,"TB":0},{"Id":86,"V":6,"NV":0,"TB":0},{"Id":97,"V":6,"NV":0,"TB":0},{"Id":68,"V":5,"NV":0,"TB":0},{"Id":72,"V":5,"NV":0,"TB":0},{"Id":79,"V":4,"NV":0,"TB":0},{"Id":81,"V":4,"NV":0,"TB":0},{"Id":76,"V":3,"NV":0,"TB":0},{"Id":80,"V":3,"NV":0,"TB":0},{"Id":85,"V":3,"NV":1,"TB":0},{"Id":90,"V":3,"NV":1,"TB":0},{"Id":66,"V":2,"NV":0,"TB":0},{"Id":73,"V":2,"NV":0,"TB":0},{"Id":77,"V":2,"NV":0,"TB":0},{"Id":78,"V":2,"NV":0,"TB":0},{"Id":67,"V":2,"NV":0,"TB":4}],[{"Id":69,"V":7,"NV":0,"TB":0},{"Id":70,"V":7,"NV":0,"TB":0},{"Id":97,"V":7,"NV":1,"TB":0},{"Id":86,"V":6,"NV":0,"TB":0},{"Id":68,"V":5,"NV":0,"TB":0},{"Id":72,"V":5,"NV":0,"TB":0},{"Id":79,"V":4,"NV":0,"TB":0},{"Id":81,"V":4,"NV":0,"TB":0},{"Id":76,"V":3,"NV":0,"TB":0},{"Id":80,"V":3,"NV":0,"TB":0},{"Id":85,"V":3,"NV":0,"TB":0},{"Id":90,"V":3,"NV":0,"TB":0},{"Id":73,"V":2,"NV":0,"TB":0},{"Id":77,"V":2,"NV":0,"TB":0},{"Id":78,"V":2,"NV":0,"TB":0},{"Id":66,"V":2,"NV":0,"TB":4}],[{"Id":69,"V":7,"NV":0,"TB":0},{"Id":70,"V":7,"NV":0,"TB":0},{"Id":97,"V":7,"NV":0,"TB":0},{"Id":86,"V":6,"NV":0,"TB":0},{"Id":68,"V":5,"NV":0,"TB":0},{"Id":72,"V":5,"NV":0,"TB":0},{"Id":79,"V":4,"NV":0,"TB":0},{"Id":81,"V":4,"NV":0,"TB":0},{"Id":76,"V":3,"NV":0,"TB":0},{"Id":78,"V":3,"NV":1,"TB":0},{"Id":80,"V":3,"NV":0,"TB":0},{"Id":85,"V":3,"NV":0,"TB":0},{"Id":90,"V":3,"NV":0,"TB":0},{"Id":77,"V":2,"NV":0,"TB":0},{"Id":73,"V":2,"NV":0,"TB":2}],[{"Id":69,"V":7,"NV":0,"TB":0},{"Id":70,"V":7,"NV":0,"TB":0},{"Id":97,"V":7,"NV":0,"TB":0},{"Id":72,"V":6,"NV":1,"TB":0},{"Id":86,"V":6,"NV":0,"TB":0},{"Id":68,"V":5,"NV":0,"TB":0},{"Id":79,"V":4,"NV":0,"TB":0},{"Id":80,"V":4,"NV":1,"TB":0},{"Id":81,"V":4,"NV":0,"TB":0},{"Id":76,"V":3,"NV":0,"TB":0},{"Id":78,"V":3,"NV":0,"TB":0},{"Id":85,"V":3,"NV":0,"TB":0},{"Id":90,"V":3,"NV":0,"TB":0},{"Id":77,"V":2,"NV":0,"TB":0}],[{"Id":69,"V":7,"NV":0,"TB":0},{"Id":70,"V":7,"NV":0,"TB":0},{"Id":97,"V":7,"NV":0,"TB":0},{"Id":72,"V":6,"NV":0,"TB":0},{"Id":86,"V":6,"NV":0,"TB":0},{"Id":68,"V":5,"NV":0,"TB":0},{"Id":78,"V":4,"NV":1,"TB":0},{"Id":79,"V":4,"NV":0,"TB":0},{"Id":80,"V":4,"NV":0,"TB":0},{"Id":81,"V":4,"NV":0,"TB":0},{"Id":85,"V":4,"NV":1,"TB":0},{"Id":90,"V":3,"NV":0,"TB":0},{"Id":76,"V":3,"NV":0,"TB":2}],[{"Id":70,"V":8,"NV":1,"TB":0},{"Id":72,"V":8,"NV":2,"TB":0},{"Id":69,"V":7,"NV":0,"TB":0},{"Id":97,"V":7,"NV":0,"TB":0},{"Id":86,"V":6,"NV":0,"TB":0},{"Id":68,"V":5,"NV":0,"TB":0},{"Id":78,"V":4,"NV":0,"TB":0},{"Id":79,"V":4,"NV":0,"TB":0},{"Id":80,"V":4,"NV":0,"TB":0},{"Id":81,"V":4,"NV":0,"TB":0},{"Id":85,"V":4,"NV":0,"TB":0},{"Id":90,"V":3,"NV":0,"TB":0}],[{"Id":70,"V":8,"NV":0,"TB":0},{"Id":72,"V":8,"NV":0,"TB":0},{"Id":69,"V":7,"NV":0,"TB":0},{"Id":97,"V":7,"NV":0,"TB":0},{"Id":85,"V":6,"NV":2,"TB":0},{"Id":86,"V":6,"NV":0,"TB":0},{"Id":68,"V":5,"NV":0,"TB":0},{"Id":80,"V":5,"NV":1,"TB":0},{"Id":78,"V":4,"NV":0,"TB":0},{"Id":81,"V":4,"NV":0,"TB":0},{"Id":79,"V":4,"NV":0,"TB":2}],[{"Id":97,"V":9,"NV":2,"TB":0},{"Id":70,"V":8,"NV":0,"TB":0},{"Id":72,"V":8,"NV":0,"TB":0},{"Id":69,"V":7,"NV":0,"TB":0},{"Id":68,"V":6,"NV":1,"TB":0},{"Id":85,"V":6,"NV":0,"TB":0},{"Id":86,"V":6,"NV":0,"TB":0},{"Id":80,"V":5,"NV":0,"TB":0},{"Id":81,"V":4,"NV":0,"TB":0},{"Id":78,"V":4,"NV":0,"TB":2}],[{"Id":97,"V":9,"NV":0,"TB":0},{"Id":69,"V":8,"NV":1,"TB":0},{"Id":70,"V":8,"NV":0,"TB":0},{"Id":72,"V":8,"NV":0,"TB":0},{"Id":68,"V":7,"NV":1,"TB":0},{"Id":80,"V":6,"NV":1,"TB":0},{"Id":85,"V":6,"NV":0,"TB":0},{"Id":86,"V":6,"NV":0,"TB":0},{"Id":81,"V":4,"NV":0,"TB":0}],[{"Id":69,"V":9,"NV":1,"TB":0},{"Id":97,"V":9,"NV":0,"TB":0},{"Id":70,"V":8,"NV":0,"TB":0},{"Id":72,"V":8,"NV":0,"TB":0},{"Id":68,"V":7,"NV":0,"TB":0},{"Id":86,"V":7,"NV":1,"TB":0},{"Id":85,"V":6,"NV":0,"TB":0},{"Id":80,"V":6,"NV":0,"TB":2}],[{"Id":86,"V":10,"NV":3,"TB":0},{"Id":69,"V":9,"NV":0,"TB":0},{"Id":70,"V":9,"NV":1,"TB":0},{"Id":97,"V":9,"NV":0,"TB":0},{"Id":68,"V":8,"NV":1,"TB":0},{"Id":72,"V":8,"NV":0,"TB":0},{"Id":85,"V":6,"NV":0,"TB":0}],[{"Id":86,"V":11,"NV":1,"TB":0},{"Id":97,"V":11,"NV":2,"TB":0},{"Id":70,"V":10,"NV":1,"TB":0},{"Id":69,"V":9,"NV":0,"TB":0},{"Id":72,"V":8,"NV":0,"TB":0},{"Id":68,"V":8,"NV":0,"TB":2}],[{"Id":70,"V":12,"NV":2,"TB":0},{"Id":86,"V":12,"NV":1,"TB":0},{"Id":97,"V":11,"NV":0,"TB":0},{"Id":69,"V":10,"NV":1,"TB":0},{"Id":72,"V":8,"NV":0,"TB":0}],[{"Id":70,"V":18,"NV":6,"TB":0},{"Id":86,"V":12,"NV":0,"TB":0},{"Id":97,"V":11,"NV":0,"TB":0},{"Id":69,"V":10,"NV":0,"TB":0}],[{"Id":70,"V":18,"NV":0,"TB":0},{"Id":97,"V":14,"NV":3,"TB":0},{"Id":86,"V":13,"NV":1,"TB":0}],[{"Id":70,"V":20,"NV":2,"TB":0},{"Id":97,"V":16,"NV":2,"TB":0}],[{"Id":70,"V":23,"NV":3,"TB":0}]],"Expires":1593983634,"SecondsLeft":0}