{"Mtype":"results","Title":"Round 2","PollStarted":"2020-06-21T22:25:54.960175468Z","PollDuration":600000000000,"Options":{"65":"Adira and Maeve meet Windstraw","66":"Pixie Panic - While the characters are still under the effects of the pixie magic, Tiger Trace and Keith are posing for a painting for Eric.","67":"King Adelaide throws the opening pitch at a Basitan Isle baseball game, with predictable results :)","68":"Raine/Rose AU: Rose reads young Raine a bedtime story.","69":"Angel Flora fighting an out of control Demon Tiger Trace to bring him back to his senses","70":"Bird types of twokinds worlds! (penguins, owls, ravens)","71":"Flora tries on different swim suits for Trace","72":"Cat Nora against glass","73":"Keith and Natani stargazing on a hill","74":"Reni accidentally makes Lt. Reed a Lynx Keidran while Keiren struggles to fight back his laughter.","75":"Natani as Tifa, Laura as Aerith, and Keith as Cloud from Don Corneo’s bride scene from Final Fantasy VII Remake.","76":"Erilas against the glass.","77":"Laura-chan is late for school and is in a rush; as she rounds the corner, she slams full force into Keith-kun.","78":"Wolf soldier and human soldier dueling on the battlefield.","79":"Kat becomes Laura's personal trainer and nutritionist after her gaming lifestyle causes her to put on some weight.","80":"Natani and Keith kissing at the beach while sunset and the sea in the background ","81":"Good morning FemMike","82":"Laura possesses Keith. She explores his body while he gets flustered","83":"Keith and Natani encounter a pack of wolves. Keith asks Natani if he can talk to them, an offended Natani objects.","84":"What does Pet Daughter look like after these two and a half years since the last time we saw her?","85":"Raine tries a raw steak.","86":"Modern Laura and Willow going through a haunted house attraction","87":"Cat Nora (normal cat) looking/gazing towards water in the distance while Red steps on her tail and having the most \"mistakes were made\" face","88":"After Maren sees lion Keiren she is compelled to groom his wild mane to regal perfection. Flora suggests a pretty bow to finish it off.","89":"Backstage Romance. After a long day filming on the set of Twokinds, Trace's actor retires backstage to greet his fiancée... Laura's actress."},"ExpectedBallots":57,"CountedBallots":57,"Ballots":["GUQEBTPIS","QD","","EVTOAUQCGHWNXJMDFB","TN","NLJPI","XQVLSYGDUTOBJIMRENPCFAW","VJXPIAU","ULAYQGHTIVM","IPKDOJUXYGVFMABR","JFVNC","DXTVKWNUEFJQC","CPILHKT","NYDATVF","PSIJL","PG","EGPIDQUL","LUGDJH","DSUNTWJ","GJTOUQXPBRYFSD","J","ED","VFTG","YVOMGP","QCAUGI","PIKS","ATQJ","HLBQYGM","DAOUL","YDRJNWHFCE","IVYFXAQNSDJCGWLUB","RCVYJWBOAXESPTGQMIN","MCYBQUPVNJ","SJUFVWGEDPI","OAPECYRFQWXTDBNGIKVJMHUSL","LJVHOF","IPSAGB","UT","OVB","SDVBUWTHPYMIRACFXOQNKJL","WU","HLVAIU","UOHN","QU","HRVG","MYVOKIAJWQTLE","VSHIJFTUWNQ","OPYWNFMDEBKRX","VXDMEYANLHJ","ETGPFSNU","XTKYGJBDFE","LVNGH","EBPUVACTD","AJGYTM","URWDLJNHMVAXQG","LP","H"],"Placements":[[{"Id":69,"V":5,"NV":5,"TB":0},{"Id":72,"V":4,"NV":4,"TB":0},{"Id":76,"V":4,"NV":4,"TB":0},{"Id":85,"V":4,"NV":4,"TB":0},{"Id":86,"V":4,"NV":4,"TB":0},{"Id":68,"V":3,"NV":3,"TB":0},{"Id":73,"V":3,"NV":3,"TB":0},{"Id":79,"V":3,"NV":3,"TB":0},{"Id":80,"V":3,"NV":3,"TB":0},{"Id":81,"V":3,"NV":3,"TB":0},{"Id":65,"V":2,"NV":2,"TB":0},{"Id":71,"V":2,"NV":2,"TB":0},{"Id":74,"V":2,"NV":2,"TB":0},{"Id":77,"V":2,"NV":2,"TB":0},{"Id":78,"V":2,"NV":2,"TB":0},{"Id":83,"V":2,"NV":2,"TB":0},{"Id":88,"V":2,"NV":2,"TB":0},{"Id":89,"V":2,"NV":2,"TB":0},{"Id":67,"V":1,"NV":1,"TB":0},{"Id":82,"V":1,"NV":1,"TB":0},{"Id":84,"V":1,"NV":1,"TB":0},{"Id":87,"V":1,"NV":1,"TB":0},{"Id":70,"V":0,"NV":0,"TB":0},{"Id":75,"V":0,"NV":0,"TB":0},{"Id":66,"V":0,"NV":0,"TB":3}],[{"Id":69,"V":5,"NV":0,"TB":0},{"Id":72,"V":4,"NV":0,"TB":0},{"Id":76,"V":4,"NV":0,"TB":0},{"Id":85,"V":4,"NV":0,"TB":0},{"Id":86,"V":4,"NV":0,"TB":0},{"Id":68,"V":3,"NV":0,"TB":0},{"Id":73,"V":3,"NV":0,"TB":0},{"Id":79,"V":3,"NV":0,"TB":0},{"Id":80,"V":3,"NV":0,"TB":0},{"Id":81,"V":3,"NV":0,"TB":0},{"Id":65,"V":2,"NV":0,"TB":0},{"Id":71,"V":2,"NV":0,"TB":0},{"Id":74,"V":2,"NV":0,"TB":0},{"Id":77,"V":2,"NV":0,"TB":0},{"Id":78,"V":2,"NV":0,"TB":0},{"Id":83,"V":2,"NV":0,"TB":0},{"Id":88,"V":2,"NV":0,"TB":0},{"Id":89,"V":2,"NV":0,"TB":0},{"Id":67,"V":1,"NV":0,"TB":0},{"Id":82,"V":1,"NV":0,"TB":0},{"Id":84,"V":1,"NV":0,"TB":0},{"Id":87,"V":1,"NV":0,"TB":0},{"Id":70,"V":0,"NV":0,"TB":0},{"Id":75,"V":0,"NV":0,"TB":1}],[{"Id":69,"V":5,"NV":0,"TB":0},{"Id":72,"V":4,"NV":0,"TB":0},{"Id":76,"V":4,"NV":0,"TB":0},{"Id":85,"V":4,"NV":0,"TB":0},{"Id":86,"V":4,"NV":0,"TB":0},{"Id":68,"V":3,"NV":0,"TB":0},{"Id":73,"V":3,"NV":0,"TB":0},{"Id":79,"V":3,"NV":0,"TB":0},{"Id":80,"V":3,"NV":0,"TB":0},{"Id":81,"V":3,"NV":0,"TB":0},{"Id":65,"V":2,"NV":0,"TB":0},{"Id":71,"V":2,"NV":0,"TB":0},{"Id":74,"V":2,"NV":0,"TB":0},{"Id":77,"V":2,"NV":0,"TB":0},{"Id":78,"V":2,"NV":0,"TB":0},{"Id":83,"V":2,"NV":0,"TB":0},{"Id":88,"V":2,"NV":0,"TB":0},{"Id":89,"V":2,"NV":0,"TB":0},{"Id":67,"V":1,"NV":0,"TB":0},{"Id":82,"V":1,"NV":0,"TB":0},{"Id":84,"V":1,"NV":0,"TB":0},{"Id":87,"V":1,"NV":0,"TB":0},{"Id":70,"V":0,"NV":0,"TB":0}],[{"Id":69,"V":5,"NV":0,"TB":0},{"Id":72,"V":4,"NV":0,"TB":0},{"Id":76,"V":4,"NV":0,"TB":0},{"Id":85,"V":4,"NV":0,"TB":0},{"Id":86,"V":4,"NV":0,"TB":0},{"Id":68,"V":3,"NV":0,"TB":0},{"Id":73,"V":3,"NV":0,"TB":0},{"Id":79,"V":3,"NV":0,"TB":0},{"Id":80,"V":3,"NV":0,"TB":0},{"Id":81,"V":3,"NV":0,"TB":0},{"Id":65,"V":2,"NV":0,"TB":0},{"Id":71,"V":2,"NV":0,"TB":0},{"Id":74,"V":2,"NV":0,"TB":0},{"Id":77,"V":2,"NV":0,"TB":0},{"Id":78,"V":2,"NV":0,"TB":0},{"Id":83,"V":2,"NV":0,"TB":0},{"Id":88,"V":2,"NV":0,"TB":0},{"Id":89,"V":2,"NV":0,"TB":0},{"Id":67,"V":1,"NV":0,"TB":0},{"Id":84,"V":1,"NV":0,"TB":0},{"Id":87,"V":1,"NV":0,"TB":0},{"Id":82,"V":1,"NV":0,"TB":3}],[{"Id":69,"V":5,"NV":0,"TB":0},{"Id":72,"V":4,"NV":0,"TB":0},{"Id":76,"V":4,"NV":0,"TB":0},{"Id":85,"V":4,"NV":0,"TB":0},{"Id":86,"V":4,"NV":0,"TB":0},{"Id":68,"V":3,"NV":0,"TB":0},{"Id":73,"V":3,"NV":0,"TB":0},{"Id":79,"V":3,"NV":0,"TB":0},{"Id":80,"V":3,"NV":0,"TB":0},{"Id":81,"V":3,"NV":0,"TB":0},{"Id":65,"V":2,"NV":0,"TB":0},{"Id":67,"V":2,"NV":1,"TB":0},{"Id":71,"V":2,"NV":0,"TB":0},{"Id":74,"V":2,"NV":0,"TB":0},{"Id":77,"V":2,"NV":0,"TB":0},{"Id":78,"V":2,"NV":0,"TB":0},{"Id":83,"V":2,"NV":0,"TB":0},{"Id":88,"V":2,"NV":0,"TB":0},{"Id":89,"V":2,"NV":0,"TB":0},{"Id":84,"V":1,"NV":0,"TB":0},{"Id":87,"V":1,"NV":0,"TB":1}],[{"Id":69,"V":5,"NV":0,"TB":0},{"Id":85,"V":5,"NV":1,"TB":0},{"Id":72,"V":4,"NV":0,"TB":0},{"Id":76,"V":4,"NV":0,"TB":0},{"Id":86,"V":4,"NV":0,"TB":0},{"Id":68,"V":3,"NV":0,"TB":0},{"Id":73,"V":3,"NV":0,"TB":0},{"Id":79,"V":3,"NV":0,"TB":0},{"Id":80,"V":3,"NV":0,"TB":0},{"Id":81,"V":3,"NV":0,"TB":0},{"Id":65,"V":2,"NV":0,"TB":0},{"Id":67,"V":2,"NV":0,"TB":0},{"Id":71,"V":2,"NV":0,"TB":0},{"Id":74,"V":2,"NV":0,"TB":0},{"Id":77,"V":2,"NV":0,"TB":0},{"Id":78,"V":2,"NV":0,"TB":0},{"Id":83,"V":2,"NV":0,"TB":0},{"Id":88,"V":2,"NV":0,"TB":0},{"Id":89,"V":2,"NV":0,"TB":0},{"Id":84,"V":1,"NV":0,"TB":0}],[{"Id":69,"V":5,"NV":0,"TB":0},{"Id":85,"V":5,"NV":0,"TB":0},{"Id":72,"V":4,"NV":0,"TB":0},{"Id":76,"V":4,"NV":0,"TB":0},{"Id":86,"V":4,"NV":0,"TB":0},{"Id":68,"V":3,"NV":0,"TB":0},{"Id":73,"V":3,"NV":0,"TB":0},{"Id":78,"V":3,"NV":1,"TB":0},{"Id":79,"V":3,"NV":0,"TB":0},{"Id":80,"V":3,"NV":0,"TB":0},{"Id":81,"V":3,"NV":0,"TB":0},{"Id":65,"V":2,"NV":0,"TB":0},{"Id":67,"V":2,"NV":0,"TB":0},{"Id":71,"V":2,"NV":0,"TB":0},{"Id":74,"V":2,"NV":0,"TB":0},{"Id":77,"V":2,"NV":0,"TB":0},{"Id":83,"V":2,"NV":0,"TB":0},{"Id":89,"V":2,"NV":0,"TB":0},{"Id":88,"V":2,"NV":0,"TB":2}],[{"Id":69,"V":5,"NV":0,"TB":0},{"Id":85,"V":5,"NV":0,"TB":0},{"Id":72,"V":4,"NV":0,"TB":0},{"Id":76,"V":4,"NV":0,"TB":0},{"Id":81,"V":4,"NV":1,"TB":0},{"Id":86,"V":4,"NV":0,"TB":0},{"Id":68,"V":3,"NV":0,"TB":0},{"Id":73,"V":3,"NV":0,"TB":0},{"Id":78,"V":3,"NV":0,"TB":0},{"Id":79,"V":3,"NV":0,"TB":0},{"Id":80,"V":3,"NV":0,"TB":0},{"Id":89,"V":3,"NV":1,"TB":0},{"Id":65,"V":2,"NV":0,"TB":0},{"Id":67,"V":2,"NV":0,"TB":0},{"Id":74,"V":2,"NV":0,"TB":0},{"Id":77,"V":2,"NV":0,"TB":0},{"Id":83,"V":2,"NV":0,"TB":0},{"Id":71,"V":2,"NV":0,"TB":4}],[{"Id":85,"V":6,"NV":1,"TB":0},{"Id":69,"V":5,"NV":0,"TB":0},{"Id":72,"V":4,"NV":0,"TB":0},{"Id":76,"V":4,"NV":0,"TB":0},{"Id":81,"V":4,"NV":0,"TB":0},{"Id":86,"V":4,"NV":0,"TB":0},{"Id":68,"V":3,"NV":0,"TB":0},{"Id":73,"V":3,"NV":0,"TB":0},{"Id":74,"V":3,"NV":1,"TB":0},{"Id":78,"V":3,"NV":0,"TB":0},{"Id":79,"V":3,"NV":0,"TB":0},{"Id":80,"V":3,"NV":0,"TB":0},{"Id":89,"V":3,"NV":0,"TB":0},{"Id":65,"V":2,"NV":0,"TB":0},{"Id":77,"V":2,"NV":0,"TB":0},{"Id":83,"V":2,"NV":0,"TB":0},{"Id":67,"V":2,"NV":0,"TB":3}],[{"Id":85,"V":6,"NV":0,"TB":0},{"Id":69,"V":5,"NV":0,"TB":0},{"Id":86,"V":5,"NV":1,"TB":0},{"Id":72,"V":4,"NV":0,"TB":0},{"Id":76,"V":4,"NV":0,"TB":0},{"Id":80,"V":4,"NV":1,"TB":0},{"Id":81,"V":4,"NV":0,"TB":0},{"Id":68,"V":3,"NV":0,"TB":0},{"Id":73,"V":3,"NV":0,"TB":0},{"Id":74,"V":3,"NV":0,"TB":0},{"Id":78,"V":3,"NV":0,"TB":0},{"Id":79,"V":3,"NV":0,"TB":0},{"Id":89,"V":3,"NV":0,"TB":0},{"Id":65,"V":2,"NV":0,"TB":0},{"Id":83,"V":2,"NV":0,"TB":0},{"Id":77,"V":2,"NV":0,"TB":2}],[{"Id":85,"V":6,"NV":0,"TB":0},{"Id":69,"V":5,"NV":0,"TB":0},{"Id":86,"V":5,"NV":0,"TB":0},{"Id":89,"V":5,"NV":2,"TB":0},{"Id":72,"V":4,"NV":0,"TB":0},{"Id":76,"V":4,"NV":0,"TB":0},{"Id":80,"V":4,"NV":0,"TB":0},{"Id":81,"V":4,"NV":0,"TB":0},{"Id":68,"V":3,"NV":0,"TB":0},{"Id":73,"V":3,"NV":0,"TB":0},{"Id":74,"V":3,"NV":0,"TB":0},{"Id":78,"V":3,"NV":0,"TB":0},{"Id":79,"V":3,"NV":0,"TB":0},{"Id":83,"V":2,"NV":0,"TB":0},{"Id":65,"V":2,"NV":0,"TB":2}],[{"Id":85,"V":6,"NV":0,"TB":0},{"Id":69,"V":5,"NV":0,"TB":0},{"Id":81,"V":5,"NV":1,"TB":0},{"Id":86,"V":5,"NV":0,"TB":0},{"Id":89,"V":5,"NV":0,"TB":0},{"Id":72,"V":4,"NV":0,"TB":0},{"Id":74,"V":4,"NV":1,"TB":0},{"Id":76,"V":4,"NV":0,"TB":0},{"Id":80,"V":4,"NV":0,"TB":0},{"Id":68,"V":3,"NV":0,"TB":0},{"Id":73,"V":3,"NV":0,"TB":0},{"Id":78,"V":3,"NV":0,"TB":0},{"Id":79,"V":3,"NV":0,"TB":0},{"Id":83,"V":2,"NV":0,"TB":0}],[{"Id":85,"V":6,"NV":0,"TB":0},{"Id":69,"V":5,"NV":0,"TB":0},{"Id":74,"V":5,"NV":1,"TB":0},{"Id":81,"V":5,"NV":0,"TB":0},{"Id":86,"V":5,"NV":0,"TB":0},{"Id":89,"V":5,"NV":0,"TB":0},{"Id":68,"V":4,"NV":1,"TB":0},{"Id":72,"V":4,"NV":0,"TB":0},{"Id":76,"V":4,"NV":0,"TB":0},{"Id":80,"V":4,"NV":0,"TB":0},{"Id":78,"V":3,"NV":0,"TB":0},{"Id":79,"V":3,"NV":0,"TB":0},{"Id":73,"V":3,"NV":0,"TB":3}],[{"Id":80,"V":6,"NV":2,"TB":0},{"Id":85,"V":6,"NV":0,"TB":0},{"Id":86,"V":6,"NV":1,"TB":0},{"Id":69,"V":5,"NV":0,"TB":0},{"Id":74,"V":5,"NV":0,"TB":0},{"Id":81,"V":5,"NV":0,"TB":0},{"Id":89,"V":5,"NV":0,"TB":0},{"Id":68,"V":4,"NV":0,"TB":0},{"Id":72,"V":4,"NV":0,"TB":0},{"Id":76,"V":4,"NV":0,"TB":0},{"Id":79,"V":3,"NV":0,"TB":0},{"Id":78,"V":3,"NV":0,"TB":2}],[{"Id":80,"V":6,"NV":0,"TB":0},{"Id":85,"V":6,"NV":0,"TB":0},{"Id":86,"V":6,"NV":0,"TB":0},{"Id":89,"V":6,"NV":1,"TB":0},{"Id":69,"V":5,"NV":0,"TB":0},{"Id":74,"V":5,"NV":0,"TB":0},{"Id":76,"V":5,"NV":1,"TB":0},{"Id":81,"V":5,"NV":0,"TB":0},{"Id":68,"V":4,"NV":0,"TB":0},{"Id":72,"V":4,"NV":0,"TB":0},{"Id":79,"V":3,"NV":0,"TB":0}],[{"Id":80,"V":8,"NV":2,"TB":0},{"Id":86,"V":7,"NV":1,"TB":0},{"Id":85,"V":6,"NV":0,"TB":0},{"Id":89,"V":6,"NV":0,"TB":0},{"Id":69,"V":5,"NV":0,"TB":0},{"Id":74,"V":5,"NV":0,"TB":0},{"Id":76,"V":5,"NV":0,"TB":0},{"Id":81,"V":5,"NV":0,"TB":0},{"Id":72,"V":4,"NV":0,"TB":0},{"Id":68,"V":4,"NV":0,"TB":2}],[{"Id":86,"V":9,"NV":2,"TB":0},{"Id":80,"V":8,"NV":0,"TB":0},{"Id":85,"V":8,"NV":2,"TB":0},{"Id":89,"V":6,"NV":0,"TB":0},{"Id":69,"V":5,"NV":0,"TB":0},{"Id":74,"V":5,"NV":0,"TB":0},{"Id":76,"V":5,"NV":0,"TB":0},{"Id":81,"V":5,"NV":0,"TB":0},{"Id":72,"V":4,"NV":0,"TB":0}],[{"Id":86,"V":10,"NV":1,"TB":0},{"Id":80,"V":8,"NV":0,"TB":0},{"Id":85,"V":8,"NV":0,"TB":0},{"Id":76,"V":7,"NV":2,"TB":0},{"Id":89,"V":6,"NV":0,"TB":0},{"Id":69,"V":5,"NV":0,"TB":0},{"Id":74,"V":5,"NV":0,"TB":0},{"Id":81,"V":5,"NV":0,"TB":1}],[{"Id":86,"V":11,"NV":1,"TB":0},{"Id":85,"V":10,"NV":2,"TB":0},{"Id":80,"V":8,"NV":0,"TB":0},{"Id":76,"V":7,"NV":0,"TB":0},{"Id":74,"V":6,"NV":1,"TB":0},{"Id":89,"V":6,"NV":0,"TB":0},{"Id":69,"V":5,"NV":0,"TB":0}],[{"Id":86,"V":12,"NV":1,"TB":0},{"Id":80,"V":11,"NV":3,"TB":0},{"Id":85,"V":10,"NV":0,"TB":0},{"Id":76,"V":7,"NV":0,"TB":0},{"Id":89,"V":6,"NV":0,"TB":0},{"Id":74,"V":6,"NV":0,"TB":2}],[{"Id":86,"V":13,"NV":1,"TB":0},{"Id":85,"V":12,"NV":2,"TB":0},{"Id":80,"V":11,"NV":0,"TB":0},{"Id":89,"V":7,"NV":1,"TB":0},{"Id":76,"V":7,"NV":0,"TB":2}],[{"Id":86,"V":16,"NV":3,"TB":0},{"Id":80,"V":13,"NV":2,"TB":0},{"Id":85,"V":13,"NV":1,"TB":0},{"Id":89,"V":8,"NV":1,"TB":0}],[{"Id":86,"V":19,"NV":3,"TB":0},{"Id":85,"V":14,"NV":1,"TB":0},{"Id":80,"V":13,"NV":0,"TB":0}],[{"Id":86,"V":20,"NV":1,"TB":0},{"Id":85,"V":18,"NV":4,"TB":0}],[{"Id":86,"V":26,"NV":6,"TB":0}]],"Expires":1592779556,"SecondsLeft":0}