{"Mtype":"results","Title":"Round 4","PollStarted":"2020-10-19T01:57:21.852372696Z","PollDuration":600000000000,"Options":{"65":"Getting a closer, Trace and Flora discover that Detritus is actually a pygmy version of Trace using a light source and other effects to project shadow Detritus :)","66":"Sexy Halloween witch Reni (Dragon) showing off to Kei with Nora shedding a proud tear for her great grand daughter.","67":"Curse of the Weresnep 2: Trace finds Snow Leopard Flora to be very comfortable to snuggle with. Flora then decides to nibble on his neck, accidentally turning him into one as well.","68":"Trace and Flora enact the balcony scene from Romeo and Juliet","69":"Windstraw enters a drinking competition and is drunk after just one shot","70":"A dentist's nightmare. Dragon comes in for dental check-up","71":"Elvira Erilas causes Mike to faint","72":"Older Keith and Natani, watching their kids play in leaf piles","73":"Demon Tigress Trace","74":"Mike kisses Evals who is reluctant at first, but then gets more into it (both male)","75":"Reni's butterfly reveals its diabolical plans","76":"Flora, Kathrin and Maren are on a diet and enviously look at (human) Reni, which are carried by caravans of food. “Ah, that?” asks Reni. “Just to refresh my inner dragon.”","77":"Raine/Rose AU: Rose drops young Raine off at the Taverndatters so she can go trick-or-treating with Maren and Karen.","78":"Flora dakimakura (body pillow) 2020 update","79":"Natani dressed as a knight of the round table with short/long hair.","80":"What happened to Carver? Turns out he has a harem of Western Basitins who run him ragged.","81":"Kat watches Zen as he bathes in a waterfall, unaware he’s returning the favor her via Natani. ","82":"Willow and ghost Laura go deep into the woods and meet Willow’s “Mother”","83":"Double date: Trace and Flora go on a date, with Sythe and Maren joining them","84":"Follow-up to \"Bare Rose.\" Rose is now instructing Reni in what constitutes proper attire ... which means putting Reni in an maid outfit that leaves her butt exposed to her considerable embarrassment, as well as Kei's.","85":"Vampire Kat 2: Willing Prey - TwoKinds fans and Kat simps organize a surprise blood drive, arriving through portals from the real world, to give blood. Kathrin tearfully thanks everyone.","86":"Vampire Kat gets a blood donation from Willow’s body (yet willow is nowhere to be found)","87":"Natani, Zen and Keith as the Spanish Inquisition from Monty Python. Nobody expects the Spanish Inquisition!!"},"ExpectedBallots":57,"CountedBallots":57,"Ballots":["JMEWFBS","UCNPIQVB","PKGTOBAMQFLEHUCDVRWNISJ","PSQCGFBWO","TBCIH","RCVFU","T","BJTKHPWCRAMSQ","RMEFKGJDHAN","BCIS","JRHP","MJQVERGOCSDWBH","CNSIHKT","WJE","FMVECOR","MCPRIGEK","HOQSJE","QHTSN","CSRUVKOFBEAI","HCVMU","GQMOWTHRB","ICANUFH","JTGPBQFEMRLVAUHCSINKODW","KFBE","QM","NC","CRFUMK","CGSMA","UGE","BTFKQ","S","TBJUD","UVEIBTSGCNFJALROHKDMPW","FROBHVEUP","REKFVD","VUGFQ","KVFURAOWNHGEMQL","RVMHDBOKGPUFJAQICESLNWT","NR","BRCIWQH","LQRNFUGSTIVKMPEJ","UAWRTLCMFPSHQ","WEFIP","Q","I","OEHRMPCABNGSKIDVJWL","LRUVSM","EBTN","FSKTJUCELGM","ULWDKG","J","BRMWKI","MWSOGQF","UELASIQT","WEPMTCRKFSUVH","NCA","CIMTHKPGAJLSN"],"Placements":[[{"Id":85,"V":6,"NV":6,"TB":0},{"Id":66,"V":5,"NV":5,"TB":0},{"Id":67,"V":5,"NV":5,"TB":0},{"Id":74,"V":4,"NV":4,"TB":0},{"Id":82,"V":4,"NV":4,"TB":0},{"Id":70,"V":3,"NV":3,"TB":0},{"Id":77,"V":3,"NV":3,"TB":0},{"Id":78,"V":3,"NV":3,"TB":0},{"Id":81,"V":3,"NV":3,"TB":0},{"Id":84,"V":3,"NV":3,"TB":0},{"Id":87,"V":3,"NV":3,"TB":0},{"Id":72,"V":2,"NV":2,"TB":0},{"Id":73,"V":2,"NV":2,"TB":0},{"Id":75,"V":2,"NV":2,"TB":0},{"Id":76,"V":2,"NV":2,"TB":0},{"Id":80,"V":2,"NV":2,"TB":0},{"Id":69,"V":1,"NV":1,"TB":0},{"Id":71,"V":1,"NV":1,"TB":0},{"Id":79,"V":1,"NV":1,"TB":0},{"Id":83,"V":1,"NV":1,"TB":0},{"Id":86,"V":1,"NV":1,"TB":0},{"Id":65,"V":0,"NV":0,"TB":0},{"Id":68,"V":0,"NV":0,"TB":1}],[{"Id":85,"V":6,"NV":0,"TB":0},{"Id":66,"V":5,"NV":0,"TB":0},{"Id":67,"V":5,"NV":0,"TB":0},{"Id":74,"V":4,"NV":0,"TB":0},{"Id":82,"V":4,"NV":0,"TB":0},{"Id":70,"V":3,"NV":0,"TB":0},{"Id":77,"V":3,"NV":0,"TB":0},{"Id":78,"V":3,"NV":0,"TB":0},{"Id":81,"V":3,"NV":0,"TB":0},{"Id":84,"V":3,"NV":0,"TB":0},{"Id":87,"V":3,"NV":0,"TB":0},{"Id":72,"V":2,"NV":0,"TB":0},{"Id":73,"V":2,"NV":0,"TB":0},{"Id":75,"V":2,"NV":0,"TB":0},{"Id":76,"V":2,"NV":0,"TB":0},{"Id":80,"V":2,"NV":0,"TB":0},{"Id":69,"V":1,"NV":0,"TB":0},{"Id":71,"V":1,"NV":0,"TB":0},{"Id":79,"V":1,"NV":0,"TB":0},{"Id":83,"V":1,"NV":0,"TB":0},{"Id":86,"V":1,"NV":0,"TB":0},{"Id":65,"V":0,"NV":0,"TB":0}],[{"Id":85,"V":6,"NV":0,"TB":0},{"Id":66,"V":5,"NV":0,"TB":0},{"Id":67,"V":5,"NV":0,"TB":0},{"Id":74,"V":4,"NV":0,"TB":0},{"Id":82,"V":4,"NV":0,"TB":0},{"Id":70,"V":3,"NV":0,"TB":0},{"Id":77,"V":3,"NV":0,"TB":0},{"Id":78,"V":3,"NV":0,"TB":0},{"Id":81,"V":3,"NV":0,"TB":0},{"Id":84,"V":3,"NV":0,"TB":0},{"Id":87,"V":3,"NV":0,"TB":0},{"Id":72,"V":2,"NV":0,"TB":0},{"Id":73,"V":2,"NV":0,"TB":0},{"Id":75,"V":2,"NV":0,"TB":0},{"Id":76,"V":2,"NV":0,"TB":0},{"Id":80,"V":2,"NV":0,"TB":0},{"Id":69,"V":1,"NV":0,"TB":0},{"Id":71,"V":1,"NV":0,"TB":0},{"Id":83,"V":1,"NV":0,"TB":0},{"Id":86,"V":1,"NV":0,"TB":0},{"Id":79,"V":1,"NV":0,"TB":3}],[{"Id":85,"V":6,"NV":0,"TB":0},{"Id":66,"V":5,"NV":0,"TB":0},{"Id":67,"V":5,"NV":0,"TB":0},{"Id":74,"V":4,"NV":0,"TB":0},{"Id":82,"V":4,"NV":0,"TB":0},{"Id":70,"V":3,"NV":0,"TB":0},{"Id":77,"V":3,"NV":0,"TB":0},{"Id":78,"V":3,"NV":0,"TB":0},{"Id":81,"V":3,"NV":0,"TB":0},{"Id":84,"V":3,"NV":0,"TB":0},{"Id":87,"V":3,"NV":0,"TB":0},{"Id":69,"V":2,"NV":1,"TB":0},{"Id":72,"V":2,"NV":0,"TB":0},{"Id":73,"V":2,"NV":0,"TB":0},{"Id":75,"V":2,"NV":0,"TB":0},{"Id":76,"V":2,"NV":0,"TB":0},{"Id":80,"V":2,"NV":0,"TB":0},{"Id":83,"V":1,"NV":0,"TB":0},{"Id":86,"V":1,"NV":0,"TB":0},{"Id":71,"V":1,"NV":0,"TB":3}],[{"Id":85,"V":6,"NV":0,"TB":0},{"Id":66,"V":5,"NV":0,"TB":0},{"Id":67,"V":5,"NV":0,"TB":0},{"Id":74,"V":4,"NV":0,"TB":0},{"Id":81,"V":4,"NV":1,"TB":0},{"Id":82,"V":4,"NV":0,"TB":0},{"Id":70,"V":3,"NV":0,"TB":0},{"Id":77,"V":3,"NV":0,"TB":0},{"Id":78,"V":3,"NV":0,"TB":0},{"Id":84,"V":3,"NV":0,"TB":0},{"Id":87,"V":3,"NV":0,"TB":0},{"Id":69,"V":2,"NV":0,"TB":0},{"Id":72,"V":2,"NV":0,"TB":0},{"Id":73,"V":2,"NV":0,"TB":0},{"Id":75,"V":2,"NV":0,"TB":0},{"Id":76,"V":2,"NV":0,"TB":0},{"Id":80,"V":2,"NV":0,"TB":0},{"Id":86,"V":1,"NV":0,"TB":0},{"Id":83,"V":1,"NV":0,"TB":2}],[{"Id":85,"V":6,"NV":0,"TB":0},{"Id":66,"V":5,"NV":0,"TB":0},{"Id":67,"V":5,"NV":0,"TB":0},{"Id":74,"V":4,"NV":0,"TB":0},{"Id":81,"V":4,"NV":0,"TB":0},{"Id":82,"V":4,"NV":0,"TB":0},{"Id":70,"V":3,"NV":0,"TB":0},{"Id":77,"V":3,"NV":0,"TB":0},{"Id":78,"V":3,"NV":0,"TB":0},{"Id":84,"V":3,"NV":0,"TB":0},{"Id":87,"V":3,"NV":0,"TB":0},{"Id":69,"V":2,"NV":0,"TB":0},{"Id":72,"V":2,"NV":0,"TB":0},{"Id":73,"V":2,"NV":0,"TB":0},{"Id":75,"V":2,"NV":0,"TB":0},{"Id":76,"V":2,"NV":0,"TB":0},{"Id":80,"V":2,"NV":0,"TB":0},{"Id":86,"V":1,"NV":0,"TB":0}],[{"Id":85,"V":7,"NV":1,"TB":0},{"Id":66,"V":5,"NV":0,"TB":0},{"Id":67,"V":5,"NV":0,"TB":0},{"Id":74,"V":4,"NV":0,"TB":0},{"Id":81,"V":4,"NV":0,"TB":0},{"Id":82,"V":4,"NV":0,"TB":0},{"Id":70,"V":3,"NV":0,"TB":0},{"Id":77,"V":3,"NV":0,"TB":0},{"Id":78,"V":3,"NV":0,"TB":0},{"Id":84,"V":3,"NV":0,"TB":0},{"Id":87,"V":3,"NV":0,"TB":0},{"Id":69,"V":2,"NV":0,"TB":0},{"Id":72,"V":2,"NV":0,"TB":0},{"Id":73,"V":2,"NV":0,"TB":0},{"Id":75,"V":2,"NV":0,"TB":0},{"Id":76,"V":2,"NV":0,"TB":0},{"Id":80,"V":2,"NV":0,"TB":1}],[{"Id":85,"V":7,"NV":0,"TB":0},{"Id":66,"V":5,"NV":0,"TB":0},{"Id":67,"V":5,"NV":0,"TB":0},{"Id":81,"V":5,"NV":1,"TB":0},{"Id":74,"V":4,"NV":0,"TB":0},{"Id":82,"V":4,"NV":0,"TB":0},{"Id":70,"V":3,"NV":0,"TB":0},{"Id":75,"V":3,"NV":1,"TB":0},{"Id":77,"V":3,"NV":0,"TB":0},{"Id":78,"V":3,"NV":0,"TB":0},{"Id":84,"V":3,"NV":0,"TB":0},{"Id":87,"V":3,"NV":0,"TB":0},{"Id":72,"V":2,"NV":0,"TB":0},{"Id":73,"V":2,"NV":0,"TB":0},{"Id":76,"V":2,"NV":0,"TB":0},{"Id":69,"V":2,"NV":0,"TB":4}],[{"Id":85,"V":7,"NV":0,"TB":0},{"Id":66,"V":6,"NV":1,"TB":0},{"Id":67,"V":5,"NV":0,"TB":0},{"Id":81,"V":5,"NV":0,"TB":0},{"Id":74,"V":4,"NV":0,"TB":0},{"Id":82,"V":4,"NV":0,"TB":0},{"Id":70,"V":3,"NV":0,"TB":0},{"Id":72,"V":3,"NV":1,"TB":0},{"Id":75,"V":3,"NV":0,"TB":0},{"Id":77,"V":3,"NV":0,"TB":0},{"Id":78,"V":3,"NV":0,"TB":0},{"Id":84,"V":3,"NV":0,"TB":0},{"Id":87,"V":3,"NV":0,"TB":0},{"Id":76,"V":2,"NV":0,"TB":0},{"Id":73,"V":2,"NV":0,"TB":2}],[{"Id":85,"V":7,"NV":0,"TB":0},{"Id":66,"V":6,"NV":0,"TB":0},{"Id":67,"V":6,"NV":1,"TB":0},{"Id":81,"V":5,"NV":0,"TB":0},{"Id":74,"V":4,"NV":0,"TB":0},{"Id":82,"V":4,"NV":0,"TB":0},{"Id":70,"V":3,"NV":0,"TB":0},{"Id":72,"V":3,"NV":0,"TB":0},{"Id":75,"V":3,"NV":0,"TB":0},{"Id":77,"V":3,"NV":0,"TB":0},{"Id":78,"V":3,"NV":0,"TB":0},{"Id":84,"V":3,"NV":0,"TB":0},{"Id":87,"V":3,"NV":0,"TB":0},{"Id":76,"V":2,"NV":0,"TB":0}],[{"Id":85,"V":7,"NV":0,"TB":0},{"Id":66,"V":6,"NV":0,"TB":0},{"Id":67,"V":6,"NV":0,"TB":0},{"Id":81,"V":6,"NV":1,"TB":0},{"Id":82,"V":5,"NV":1,"TB":0},{"Id":74,"V":4,"NV":0,"TB":0},{"Id":70,"V":3,"NV":0,"TB":0},{"Id":72,"V":3,"NV":0,"TB":0},{"Id":75,"V":3,"NV":0,"TB":0},{"Id":77,"V":3,"NV":0,"TB":0},{"Id":78,"V":3,"NV":0,"TB":0},{"Id":87,"V":3,"NV":0,"TB":0},{"Id":84,"V":3,"NV":0,"TB":2}],[{"Id":66,"V":8,"NV":2,"TB":0},{"Id":85,"V":7,"NV":0,"TB":0},{"Id":67,"V":6,"NV":0,"TB":0},{"Id":81,"V":6,"NV":0,"TB":0},{"Id":82,"V":5,"NV":0,"TB":0},{"Id":74,"V":4,"NV":0,"TB":0},{"Id":70,"V":3,"NV":0,"TB":0},{"Id":72,"V":3,"NV":0,"TB":0},{"Id":77,"V":3,"NV":0,"TB":0},{"Id":78,"V":3,"NV":0,"TB":0},{"Id":87,"V":3,"NV":0,"TB":0},{"Id":75,"V":3,"NV":0,"TB":4}],[{"Id":66,"V":9,"NV":1,"TB":0},{"Id":85,"V":7,"NV":0,"TB":0},{"Id":67,"V":6,"NV":0,"TB":0},{"Id":81,"V":6,"NV":0,"TB":0},{"Id":70,"V":5,"NV":2,"TB":0},{"Id":82,"V":5,"NV":0,"TB":0},{"Id":74,"V":4,"NV":0,"TB":0},{"Id":72,"V":3,"NV":0,"TB":0},{"Id":77,"V":3,"NV":0,"TB":0},{"Id":78,"V":3,"NV":0,"TB":0},{"Id":87,"V":3,"NV":0,"TB":1}],[{"Id":66,"V":9,"NV":0,"TB":0},{"Id":85,"V":7,"NV":0,"TB":0},{"Id":67,"V":6,"NV":0,"TB":0},{"Id":70,"V":6,"NV":1,"TB":0},{"Id":81,"V":6,"NV":0,"TB":0},{"Id":74,"V":5,"NV":1,"TB":0},{"Id":82,"V":5,"NV":0,"TB":0},{"Id":77,"V":4,"NV":1,"TB":0},{"Id":78,"V":3,"NV":0,"TB":0},{"Id":72,"V":3,"NV":0,"TB":2}],[{"Id":66,"V":9,"NV":0,"TB":0},{"Id":67,"V":7,"NV":1,"TB":0},{"Id":81,"V":7,"NV":1,"TB":0},{"Id":85,"V":7,"NV":0,"TB":0},{"Id":70,"V":6,"NV":0,"TB":0},{"Id":82,"V":6,"NV":1,"TB":0},{"Id":74,"V":5,"NV":0,"TB":0},{"Id":77,"V":4,"NV":0,"TB":0},{"Id":78,"V":3,"NV":0,"TB":0}],[{"Id":66,"V":9,"NV":0,"TB":0},{"Id":67,"V":9,"NV":2,"TB":0},{"Id":81,"V":7,"NV":0,"TB":0},{"Id":82,"V":7,"NV":1,"TB":0},{"Id":85,"V":7,"NV":0,"TB":0},{"Id":70,"V":6,"NV":0,"TB":0},{"Id":74,"V":5,"NV":0,"TB":0},{"Id":77,"V":4,"NV":0,"TB":0}],[{"Id":67,"V":11,"NV":2,"TB":0},{"Id":66,"V":9,"NV":0,"TB":0},{"Id":81,"V":8,"NV":1,"TB":0},{"Id":82,"V":7,"NV":0,"TB":0},{"Id":85,"V":7,"NV":0,"TB":0},{"Id":70,"V":6,"NV":0,"TB":0},{"Id":74,"V":6,"NV":1,"TB":1}],[{"Id":67,"V":11,"NV":0,"TB":0},{"Id":66,"V":10,"NV":1,"TB":0},{"Id":81,"V":9,"NV":1,"TB":0},{"Id":82,"V":8,"NV":1,"TB":0},{"Id":85,"V":7,"NV":0,"TB":0},{"Id":70,"V":7,"NV":1,"TB":2}],[{"Id":66,"V":12,"NV":2,"TB":0},{"Id":67,"V":12,"NV":1,"TB":0},{"Id":81,"V":9,"NV":0,"TB":0},{"Id":85,"V":9,"NV":2,"TB":0},{"Id":82,"V":9,"NV":1,"TB":2}],[{"Id":66,"V":14,"NV":2,"TB":0},{"Id":67,"V":14,"NV":2,"TB":0},{"Id":85,"V":10,"NV":1,"TB":0},{"Id":81,"V":9,"NV":0,"TB":0}],[{"Id":67,"V":16,"NV":2,"TB":0},{"Id":66,"V":15,"NV":1,"TB":0},{"Id":85,"V":11,"NV":1,"TB":0}],[{"Id":67,"V":19,"NV":3,"TB":0},{"Id":66,"V":16,"NV":1,"TB":0}],[{"Id":67,"V":27,"NV":8,"TB":0}]],"Expires":1603073842,"SecondsLeft":0}