{"Mtype":"results","Title":"Round 1","PollStarted":"2020-04-05T20:54:01.045013954Z","PollDuration":600000000000,"Options":{"65":"Good Morning Natani, except Natani is much less graceful in the morning than the others.","66":"WWII: Tigress Trace wearing a US Army Air Force Dress Uniform, Sitting on the wings of a P-40","67":"Nib Nab 5: Trace and Flora","68":"Nibbles with long flowing blond hair","69":"In preparation for their first date together, Trace and Saria seek advice from their friends. Trace from Nora, and Saria from Rose.","70":"Natani dressed as Red Savarin, and Keith dressed as Elh Melizée from Solatorobo","71":"Keith and Natani doing Jojo poses.","72":"Brutus the babysitter! Brutus babysits for Adira and watches Maeve they have a dress up tea party!","73":"Good morning Adelaide","74":"Kathrin trying to cheer up Mike after a bad day on Eric's boat.","75":"Grand Templar Mary Siverlock learns that Eris has broken into a Keidran village where a peace agreement has been made and is not happy about it","76":"Maeve Noms Roan’s Tail","77":"Merveille Million from Solatorobo","78":"Flora and kathrin as living plushes ","79":"Kat as a gunslinger cowgirl","80":"Natani and Yena from Join the Pack! Making manly poses together","81":"Kat Combat Training sequel: Natani has Kat try throws instead of strikes. After a picture perfect throw, a stunned Natani admits that they may have found Kat's forte.","82":"Kathrin makes pajama bottoms with little cute dragons on them and proudly presents them to the viewer. In the background, Fem-Mike is in another set of adorable pyjamas.","83":"Good Morning Keith and Natani. With Natani as the little spoon.","84":"The party dungeon crawling","85":"Desert snipers Laura and Keith. ((WW2 style.))","86":"Reni tries to scare off invaders, but forgets she's in her adorable human form."},"ExpectedBallots":63,"CountedBallots":63,"Ballots":["RNJVAOQTBS","JRV","TKLDACSEFJIMGQPVRNO","UBTJAO","OJHARDISVQGTECBUNL","EQC","NRA","CQS","I","SA","HRVALINDEJCQUTO","RVCT","NHVTLO","OJQRENDATMVK","MVJUOIHRT","EKTJ","NSRAQICEVLHOTJDUBPKGMF","CRNOHASI","CLBH","CV","VLJIE","ISFCBEDLRKAGQVUMTOJPNH","MAOLGI","UIGPO","ICBVAERJ","ICLASH","QICBKERVLOUAPHFJSTDGNM","HJBQ","CIMHQLA","FSAGL","EGIDRKQ","HEVTGRAI","R","SQAIORJNVEH","CVRTJHEILDNQSAGOKMBUPF","UJQISAORNBKHCELVDT","OB","ASIPJVET","N","EJQU","ELTVDCOKJIBAFUPSHRGQNM","GAVQE","VSRO","EDSUBCGVOHAL","OJQ","AVCIS","UODNHJAVMLBREP","EVAQJNICR","RQOJNVBGH","VUBHOFMKILPGAQJTDRESNC","EAC","UEVIO","JIA","HLVUOTJIB","HQABEKC","CHRBSLUOQAJI","QICJNEB","JROQN","NAQTUMHOJ","UTBKMOE","KJSIHLVUAMQGBNECROTFPD","HSO","GSUHQ"],"Placements":[[{"Id":69,"V":8,"NV":8,"TB":0},{"Id":67,"V":7,"NV":7,"TB":0},{"Id":72,"V":6,"NV":6,"TB":0},{"Id":85,"V":6,"NV":6,"TB":0},{"Id":78,"V":5,"NV":5,"TB":0},{"Id":73,"V":4,"NV":4,"TB":0},{"Id":79,"V":4,"NV":4,"TB":0},{"Id":82,"V":4,"NV":4,"TB":0},{"Id":74,"V":3,"NV":3,"TB":0},{"Id":86,"V":3,"NV":3,"TB":0},{"Id":65,"V":2,"NV":2,"TB":0},{"Id":71,"V":2,"NV":2,"TB":0},{"Id":77,"V":2,"NV":2,"TB":0},{"Id":81,"V":2,"NV":2,"TB":0},{"Id":83,"V":2,"NV":2,"TB":0},{"Id":70,"V":1,"NV":1,"TB":0},{"Id":75,"V":1,"NV":1,"TB":0},{"Id":84,"V":1,"NV":1,"TB":0},{"Id":66,"V":0,"NV":0,"TB":0},{"Id":68,"V":0,"NV":0,"TB":0},{"Id":76,"V":0,"NV":0,"TB":0},{"Id":80,"V":0,"NV":0,"TB":1}],[{"Id":69,"V":8,"NV":0,"TB":0},{"Id":67,"V":7,"NV":0,"TB":0},{"Id":72,"V":6,"NV":0,"TB":0},{"Id":85,"V":6,"NV":0,"TB":0},{"Id":78,"V":5,"NV":0,"TB":0},{"Id":73,"V":4,"NV":0,"TB":0},{"Id":79,"V":4,"NV":0,"TB":0},{"Id":82,"V":4,"NV":0,"TB":0},{"Id":74,"V":3,"NV":0,"TB":0},{"Id":86,"V":3,"NV":0,"TB":0},{"Id":65,"V":2,"NV":0,"TB":0},{"Id":71,"V":2,"NV":0,"TB":0},{"Id":77,"V":2,"NV":0,"TB":0},{"Id":81,"V":2,"NV":0,"TB":0},{"Id":83,"V":2,"NV":0,"TB":0},{"Id":70,"V":1,"NV":0,"TB":0},{"Id":75,"V":1,"NV":0,"TB":0},{"Id":84,"V":1,"NV":0,"TB":0},{"Id":66,"V":0,"NV":0,"TB":0},{"Id":76,"V":0,"NV":0,"TB":0},{"Id":68,"V":0,"NV":0,"TB":2}],[{"Id":69,"V":8,"NV":0,"TB":0},{"Id":67,"V":7,"NV":0,"TB":0},{"Id":72,"V":6,"NV":0,"TB":0},{"Id":85,"V":6,"NV":0,"TB":0},{"Id":78,"V":5,"NV":0,"TB":0},{"Id":73,"V":4,"NV":0,"TB":0},{"Id":79,"V":4,"NV":0,"TB":0},{"Id":82,"V":4,"NV":0,"TB":0},{"Id":74,"V":3,"NV":0,"TB":0},{"Id":86,"V":3,"NV":0,"TB":0},{"Id":65,"V":2,"NV":0,"TB":0},{"Id":71,"V":2,"NV":0,"TB":0},{"Id":77,"V":2,"NV":0,"TB":0},{"Id":81,"V":2,"NV":0,"TB":0},{"Id":83,"V":2,"NV":0,"TB":0},{"Id":70,"V":1,"NV":0,"TB":0},{"Id":75,"V":1,"NV":0,"TB":0},{"Id":84,"V":1,"NV":0,"TB":0},{"Id":66,"V":0,"NV":0,"TB":0},{"Id":76,"V":0,"NV":0,"TB":1}],[{"Id":69,"V":8,"NV":0,"TB":0},{"Id":67,"V":7,"NV":0,"TB":0},{"Id":72,"V":6,"NV":0,"TB":0},{"Id":85,"V":6,"NV":0,"TB":0},{"Id":78,"V":5,"NV":0,"TB":0},{"Id":73,"V":4,"NV":0,"TB":0},{"Id":79,"V":4,"NV":0,"TB":0},{"Id":82,"V":4,"NV":0,"TB":0},{"Id":74,"V":3,"NV":0,"TB":0},{"Id":86,"V":3,"NV":0,"TB":0},{"Id":65,"V":2,"NV":0,"TB":0},{"Id":71,"V":2,"NV":0,"TB":0},{"Id":77,"V":2,"NV":0,"TB":0},{"Id":81,"V":2,"NV":0,"TB":0},{"Id":83,"V":2,"NV":0,"TB":0},{"Id":70,"V":1,"NV":0,"TB":0},{"Id":75,"V":1,"NV":0,"TB":0},{"Id":84,"V":1,"NV":0,"TB":0},{"Id":66,"V":0,"NV":0,"TB":0}],[{"Id":69,"V":8,"NV":0,"TB":0},{"Id":67,"V":7,"NV":0,"TB":0},{"Id":72,"V":6,"NV":0,"TB":0},{"Id":85,"V":6,"NV":0,"TB":0},{"Id":78,"V":5,"NV":0,"TB":0},{"Id":73,"V":4,"NV":0,"TB":0},{"Id":79,"V":4,"NV":0,"TB":0},{"Id":82,"V":4,"NV":0,"TB":0},{"Id":74,"V":3,"NV":0,"TB":0},{"Id":86,"V":3,"NV":0,"TB":0},{"Id":65,"V":2,"NV":0,"TB":0},{"Id":71,"V":2,"NV":0,"TB":0},{"Id":77,"V":2,"NV":0,"TB":0},{"Id":81,"V":2,"NV":0,"TB":0},{"Id":83,"V":2,"NV":0,"TB":0},{"Id":70,"V":1,"NV":0,"TB":0},{"Id":75,"V":1,"NV":0,"TB":0},{"Id":84,"V":1,"NV":0,"TB":1}],[{"Id":69,"V":8,"NV":0,"TB":0},{"Id":67,"V":7,"NV":0,"TB":0},{"Id":72,"V":6,"NV":0,"TB":0},{"Id":85,"V":6,"NV":0,"TB":0},{"Id":78,"V":5,"NV":0,"TB":0},{"Id":73,"V":4,"NV":0,"TB":0},{"Id":79,"V":4,"NV":0,"TB":0},{"Id":82,"V":4,"NV":0,"TB":0},{"Id":74,"V":3,"NV":0,"TB":0},{"Id":86,"V":3,"NV":0,"TB":0},{"Id":65,"V":2,"NV":0,"TB":0},{"Id":71,"V":2,"NV":0,"TB":0},{"Id":75,"V":2,"NV":1,"TB":0},{"Id":77,"V":2,"NV":0,"TB":0},{"Id":81,"V":2,"NV":0,"TB":0},{"Id":83,"V":2,"NV":0,"TB":0},{"Id":70,"V":1,"NV":0,"TB":0}],[{"Id":69,"V":8,"NV":0,"TB":0},{"Id":67,"V":7,"NV":0,"TB":0},{"Id":72,"V":6,"NV":0,"TB":0},{"Id":85,"V":6,"NV":0,"TB":0},{"Id":78,"V":5,"NV":0,"TB":0},{"Id":73,"V":4,"NV":0,"TB":0},{"Id":79,"V":4,"NV":0,"TB":0},{"Id":82,"V":4,"NV":0,"TB":0},{"Id":74,"V":3,"NV":0,"TB":0},{"Id":83,"V":3,"NV":1,"TB":0},{"Id":86,"V":3,"NV":0,"TB":0},{"Id":65,"V":2,"NV":0,"TB":0},{"Id":75,"V":2,"NV":0,"TB":0},{"Id":77,"V":2,"NV":0,"TB":0},{"Id":81,"V":2,"NV":0,"TB":0},{"Id":71,"V":2,"NV":0,"TB":4}],[{"Id":69,"V":8,"NV":0,"TB":0},{"Id":67,"V":7,"NV":0,"TB":0},{"Id":72,"V":6,"NV":0,"TB":0},{"Id":85,"V":6,"NV":0,"TB":0},{"Id":78,"V":5,"NV":0,"TB":0},{"Id":73,"V":4,"NV":0,"TB":0},{"Id":79,"V":4,"NV":0,"TB":0},{"Id":82,"V":4,"NV":0,"TB":0},{"Id":83,"V":4,"NV":1,"TB":0},{"Id":65,"V":3,"NV":1,"TB":0},{"Id":74,"V":3,"NV":0,"TB":0},{"Id":86,"V":3,"NV":0,"TB":0},{"Id":75,"V":2,"NV":0,"TB":0},{"Id":81,"V":2,"NV":0,"TB":0},{"Id":77,"V":2,"NV":0,"TB":2}],[{"Id":69,"V":8,"NV":0,"TB":0},{"Id":67,"V":7,"NV":0,"TB":0},{"Id":72,"V":6,"NV":0,"TB":0},{"Id":85,"V":6,"NV":0,"TB":0},{"Id":78,"V":5,"NV":0,"TB":0},{"Id":65,"V":4,"NV":1,"TB":0},{"Id":73,"V":4,"NV":0,"TB":0},{"Id":79,"V":4,"NV":0,"TB":0},{"Id":82,"V":4,"NV":0,"TB":0},{"Id":83,"V":4,"NV":0,"TB":0},{"Id":86,"V":4,"NV":1,"TB":0},{"Id":74,"V":3,"NV":0,"TB":0},{"Id":81,"V":2,"NV":0,"TB":0},{"Id":75,"V":2,"NV":0,"TB":2}],[{"Id":69,"V":8,"NV":0,"TB":0},{"Id":67,"V":7,"NV":0,"TB":0},{"Id":72,"V":6,"NV":0,"TB":0},{"Id":85,"V":6,"NV":0,"TB":0},{"Id":65,"V":5,"NV":1,"TB":0},{"Id":78,"V":5,"NV":0,"TB":0},{"Id":73,"V":4,"NV":0,"TB":0},{"Id":74,"V":4,"NV":1,"TB":0},{"Id":79,"V":4,"NV":0,"TB":0},{"Id":82,"V":4,"NV":0,"TB":0},{"Id":83,"V":4,"NV":0,"TB":0},{"Id":86,"V":4,"NV":0,"TB":0},{"Id":81,"V":2,"NV":0,"TB":0}],[{"Id":69,"V":8,"NV":0,"TB":0},{"Id":67,"V":7,"NV":0,"TB":0},{"Id":72,"V":6,"NV":0,"TB":0},{"Id":73,"V":6,"NV":2,"TB":0},{"Id":85,"V":6,"NV":0,"TB":0},{"Id":65,"V":5,"NV":0,"TB":0},{"Id":78,"V":5,"NV":0,"TB":0},{"Id":74,"V":4,"NV":0,"TB":0},{"Id":79,"V":4,"NV":0,"TB":0},{"Id":83,"V":4,"NV":0,"TB":0},{"Id":86,"V":4,"NV":0,"TB":0},{"Id":82,"V":4,"NV":0,"TB":3}],[{"Id":69,"V":8,"NV":0,"TB":0},{"Id":67,"V":7,"NV":0,"TB":0},{"Id":72,"V":6,"NV":0,"TB":0},{"Id":73,"V":6,"NV":0,"TB":0},{"Id":78,"V":6,"NV":1,"TB":0},{"Id":85,"V":6,"NV":0,"TB":0},{"Id":65,"V":5,"NV":0,"TB":0},{"Id":79,"V":5,"NV":1,"TB":0},{"Id":86,"V":5,"NV":1,"TB":0},{"Id":83,"V":4,"NV":0,"TB":0},{"Id":74,"V":4,"NV":0,"TB":2}],[{"Id":69,"V":8,"NV":0,"TB":0},{"Id":67,"V":7,"NV":0,"TB":0},{"Id":73,"V":7,"NV":1,"TB":0},{"Id":72,"V":6,"NV":0,"TB":0},{"Id":78,"V":6,"NV":0,"TB":0},{"Id":79,"V":6,"NV":1,"TB":0},{"Id":85,"V":6,"NV":0,"TB":0},{"Id":86,"V":6,"NV":1,"TB":0},{"Id":83,"V":5,"NV":1,"TB":0},{"Id":65,"V":5,"NV":0,"TB":2}],[{"Id":67,"V":8,"NV":1,"TB":0},{"Id":69,"V":8,"NV":0,"TB":0},{"Id":86,"V":8,"NV":2,"TB":0},{"Id":73,"V":7,"NV":0,"TB":0},{"Id":79,"V":7,"NV":1,"TB":0},{"Id":72,"V":6,"NV":0,"TB":0},{"Id":78,"V":6,"NV":0,"TB":0},{"Id":85,"V":6,"NV":0,"TB":0},{"Id":83,"V":6,"NV":1,"TB":2}],[{"Id":73,"V":10,"NV":3,"TB":0},{"Id":67,"V":8,"NV":0,"TB":0},{"Id":69,"V":8,"NV":0,"TB":0},{"Id":86,"V":8,"NV":0,"TB":0},{"Id":79,"V":7,"NV":0,"TB":0},{"Id":85,"V":7,"NV":1,"TB":0},{"Id":78,"V":6,"NV":0,"TB":0},{"Id":72,"V":6,"NV":0,"TB":2}],[{"Id":69,"V":10,"NV":2,"TB":0},{"Id":73,"V":10,"NV":0,"TB":0},{"Id":86,"V":10,"NV":2,"TB":0},{"Id":67,"V":8,"NV":0,"TB":0},{"Id":79,"V":8,"NV":1,"TB":0},{"Id":85,"V":7,"NV":0,"TB":0},{"Id":78,"V":6,"NV":0,"TB":0}],[{"Id":86,"V":12,"NV":2,"TB":0},{"Id":73,"V":11,"NV":1,"TB":0},{"Id":69,"V":10,"NV":0,"TB":0},{"Id":67,"V":8,"NV":0,"TB":0},{"Id":85,"V":8,"NV":1,"TB":0},{"Id":79,"V":8,"NV":0,"TB":2}],[{"Id":73,"V":13,"NV":2,"TB":0},{"Id":86,"V":13,"NV":1,"TB":0},{"Id":69,"V":11,"NV":1,"TB":0},{"Id":85,"V":8,"NV":0,"TB":0},{"Id":67,"V":8,"NV":0,"TB":2}],[{"Id":73,"V":15,"NV":2,"TB":0},{"Id":86,"V":15,"NV":2,"TB":0},{"Id":69,"V":12,"NV":1,"TB":0},{"Id":85,"V":9,"NV":1,"TB":0}],[{"Id":73,"V":18,"NV":3,"TB":0},{"Id":86,"V":16,"NV":1,"TB":0},{"Id":69,"V":14,"NV":2,"TB":0}],[{"Id":86,"V":22,"NV":6,"TB":0},{"Id":73,"V":20,"NV":2,"TB":0}],[{"Id":86,"V":32,"NV":10,"TB":0}]],"Expires":1586121241,"SecondsLeft":0}