{"Mtype":"results","Title":"Round 4","PollStarted":"2020-02-17T01:31:32.589611242Z","PollDuration":600000000000,"Options":{"65":"Nib Nab 5: Flora and Trace","66":"Doggy Dragon. Nora gets a taste of her own medicine when a mirror bounces a prank back and becomes possessed by a dog.","67":"Natani as a 1950s roller skate carhop waitress, taking a flirty Keith’s order. ","68":"Sarah N. Dippity. She is the pink cat character from the YouTube animation 'The World Ending by AtroxChobatsu'","69":"Keith and Alaric meeting for the first time","70":"Flora asks Trace for a hair cut. Trace uses a spell but the spell does not distinguish between hair and fur.","71":"Innocent Basitan witnessing the horrors of modern war: ww1.","72":"Tigress Trace in her winter coat.","73":"Caramelldansen. Keith at the front with Laura and Natani behind him at either side.","74":"Madelyn teaching Karen how to sneak around like her.","75":"Fluffy Winter Keith and Fluffy Winter Natani snuggle and get cozy during a snowstorm","76":"Merveille Million from Solatorobo","77":"Legosi and Haru meet Trace and Flora ","78":"In her dreams, Princess Clovis ends up in hell and meets Loona - a hellhound from the \"Helluva Boss\" animation (by Vivienne Medrano).","79":"Mike and Evals find some alone time near the Oasis’s pool","80":"Trace gives Flora's pregnant belly a loving kiss! So romantic!","81":"Kat against the glass: Flora style","82":"Madelyn Reference sheet","83":"Good morning Natani male/female versions.","84":"Brutus character sheet","85":"If Keith controlled all the sketch suggestions. (All those scandalously bare ankles!)","86":"The crew gives Eric feedback about his suggestions (continuation of Eric's Suggestion)","87":"Keith and trace in a hot spring relaxing.","88":"Youngtani in Clovis' body makes the evil foxwolf do the worst possible thing... act cute! Cute... in the nude.","89":"Our northern explorer sinks chest deep in snow.  The snow leopards have a laugh, as their large paws prevent such things"},"ExpectedBallots":44,"CountedBallots":43,"Ballots":["","TXNRYOFVMWLBACPUHKDJSIEQ","PKAQJFYSHRCTVUWXMO","NQCXF","JQRGAO","YOTCSQPAKXEHWJUR","REJU","AX","IYCWTASGQPX","PERTUJ","BVU","LRJCXY","BFYAWEO","PXTAHWRMJFUN","UBQTKX","PARMTN","WSECQPXOKRJYI","AXP","KSUCXL","APFHQUVXSCKB","KTCEG","XAPFRNKHSWQMCYTUOVIJBEDGL","TRIKULAFWJGMHQDSBCYPEVXNO","OXQSUWAVPTRYKC","U","PG","DBIUCVXK","QHYV","","ERFCWGVUPKJY","IHWLVDOTRECFJBA","CESJROKGWXUHATYBIQN","NXRQEH","SKARWEJFU","IEHTPX","EKRILUNH","HTA","HXVSC","XIVLWDPSNGR","O","PYRGFKMJ","RTUXNFGVJHDBYKCEWOILAQMPS","IBNEYGLKADSTH"],"Placements":[[{"Id":80,"V":6,"NV":6,"TB":0},{"Id":73,"V":4,"NV":4,"TB":0},{"Id":65,"V":3,"NV":3,"TB":0},{"Id":66,"V":2,"NV":2,"TB":0},{"Id":69,"V":2,"NV":2,"TB":0},{"Id":72,"V":2,"NV":2,"TB":0},{"Id":75,"V":2,"NV":2,"TB":0},{"Id":78,"V":2,"NV":2,"TB":0},{"Id":79,"V":2,"NV":2,"TB":0},{"Id":82,"V":2,"NV":2,"TB":0},{"Id":84,"V":2,"NV":2,"TB":0},{"Id":85,"V":2,"NV":2,"TB":0},{"Id":88,"V":2,"NV":2,"TB":0},{"Id":67,"V":1,"NV":1,"TB":0},{"Id":68,"V":1,"NV":1,"TB":0},{"Id":74,"V":1,"NV":1,"TB":0},{"Id":76,"V":1,"NV":1,"TB":0},{"Id":81,"V":1,"NV":1,"TB":0},{"Id":83,"V":1,"NV":1,"TB":0},{"Id":87,"V":1,"NV":1,"TB":0},{"Id":89,"V":1,"NV":1,"TB":0},{"Id":70,"V":0,"NV":0,"TB":0},{"Id":77,"V":0,"NV":0,"TB":0},{"Id":86,"V":0,"NV":0,"TB":0},{"Id":71,"V":0,"NV":0,"TB":3}],[{"Id":80,"V":6,"NV":0,"TB":0},{"Id":73,"V":4,"NV":0,"TB":0},{"Id":65,"V":3,"NV":0,"TB":0},{"Id":66,"V":2,"NV":0,"TB":0},{"Id":69,"V":2,"NV":0,"TB":0},{"Id":72,"V":2,"NV":0,"TB":0},{"Id":75,"V":2,"NV":0,"TB":0},{"Id":78,"V":2,"NV":0,"TB":0},{"Id":79,"V":2,"NV":0,"TB":0},{"Id":82,"V":2,"NV":0,"TB":0},{"Id":84,"V":2,"NV":0,"TB":0},{"Id":85,"V":2,"NV":0,"TB":0},{"Id":88,"V":2,"NV":0,"TB":0},{"Id":67,"V":1,"NV":0,"TB":0},{"Id":68,"V":1,"NV":0,"TB":0},{"Id":74,"V":1,"NV":0,"TB":0},{"Id":76,"V":1,"NV":0,"TB":0},{"Id":81,"V":1,"NV":0,"TB":0},{"Id":83,"V":1,"NV":0,"TB":0},{"Id":87,"V":1,"NV":0,"TB":0},{"Id":89,"V":1,"NV":0,"TB":0},{"Id":70,"V":0,"NV":0,"TB":0},{"Id":77,"V":0,"NV":0,"TB":0},{"Id":86,"V":0,"NV":0,"TB":1}],[{"Id":80,"V":6,"NV":0,"TB":0},{"Id":73,"V":4,"NV":0,"TB":0},{"Id":65,"V":3,"NV":0,"TB":0},{"Id":66,"V":2,"NV":0,"TB":0},{"Id":69,"V":2,"NV":0,"TB":0},{"Id":72,"V":2,"NV":0,"TB":0},{"Id":75,"V":2,"NV":0,"TB":0},{"Id":78,"V":2,"NV":0,"TB":0},{"Id":79,"V":2,"NV":0,"TB":0},{"Id":82,"V":2,"NV":0,"TB":0},{"Id":84,"V":2,"NV":0,"TB":0},{"Id":85,"V":2,"NV":0,"TB":0},{"Id":88,"V":2,"NV":0,"TB":0},{"Id":67,"V":1,"NV":0,"TB":0},{"Id":68,"V":1,"NV":0,"TB":0},{"Id":74,"V":1,"NV":0,"TB":0},{"Id":76,"V":1,"NV":0,"TB":0},{"Id":81,"V":1,"NV":0,"TB":0},{"Id":83,"V":1,"NV":0,"TB":0},{"Id":87,"V":1,"NV":0,"TB":0},{"Id":89,"V":1,"NV":0,"TB":0},{"Id":70,"V":0,"NV":0,"TB":0},{"Id":77,"V":0,"NV":0,"TB":1}],[{"Id":80,"V":6,"NV":0,"TB":0},{"Id":73,"V":4,"NV":0,"TB":0},{"Id":65,"V":3,"NV":0,"TB":0},{"Id":66,"V":2,"NV":0,"TB":0},{"Id":69,"V":2,"NV":0,"TB":0},{"Id":72,"V":2,"NV":0,"TB":0},{"Id":75,"V":2,"NV":0,"TB":0},{"Id":78,"V":2,"NV":0,"TB":0},{"Id":79,"V":2,"NV":0,"TB":0},{"Id":82,"V":2,"NV":0,"TB":0},{"Id":84,"V":2,"NV":0,"TB":0},{"Id":85,"V":2,"NV":0,"TB":0},{"Id":88,"V":2,"NV":0,"TB":0},{"Id":67,"V":1,"NV":0,"TB":0},{"Id":68,"V":1,"NV":0,"TB":0},{"Id":74,"V":1,"NV":0,"TB":0},{"Id":76,"V":1,"NV":0,"TB":0},{"Id":81,"V":1,"NV":0,"TB":0},{"Id":83,"V":1,"NV":0,"TB":0},{"Id":87,"V":1,"NV":0,"TB":0},{"Id":89,"V":1,"NV":0,"TB":0},{"Id":70,"V":0,"NV":0,"TB":0}],[{"Id":80,"V":6,"NV":0,"TB":0},{"Id":73,"V":4,"NV":0,"TB":0},{"Id":65,"V":3,"NV":0,"TB":0},{"Id":66,"V":2,"NV":0,"TB":0},{"Id":69,"V":2,"NV":0,"TB":0},{"Id":72,"V":2,"NV":0,"TB":0},{"Id":75,"V":2,"NV":0,"TB":0},{"Id":78,"V":2,"NV":0,"TB":0},{"Id":79,"V":2,"NV":0,"TB":0},{"Id":82,"V":2,"NV":0,"TB":0},{"Id":84,"V":2,"NV":0,"TB":0},{"Id":85,"V":2,"NV":0,"TB":0},{"Id":88,"V":2,"NV":0,"TB":0},{"Id":67,"V":1,"NV":0,"TB":0},{"Id":68,"V":1,"NV":0,"TB":0},{"Id":76,"V":1,"NV":0,"TB":0},{"Id":81,"V":1,"NV":0,"TB":0},{"Id":83,"V":1,"NV":0,"TB":0},{"Id":87,"V":1,"NV":0,"TB":0},{"Id":89,"V":1,"NV":0,"TB":0},{"Id":74,"V":1,"NV":0,"TB":6}],[{"Id":80,"V":6,"NV":0,"TB":0},{"Id":73,"V":4,"NV":0,"TB":0},{"Id":65,"V":3,"NV":0,"TB":0},{"Id":66,"V":2,"NV":0,"TB":0},{"Id":69,"V":2,"NV":0,"TB":0},{"Id":72,"V":2,"NV":0,"TB":0},{"Id":75,"V":2,"NV":0,"TB":0},{"Id":78,"V":2,"NV":0,"TB":0},{"Id":79,"V":2,"NV":0,"TB":0},{"Id":81,"V":2,"NV":1,"TB":0},{"Id":82,"V":2,"NV":0,"TB":0},{"Id":84,"V":2,"NV":0,"TB":0},{"Id":85,"V":2,"NV":0,"TB":0},{"Id":88,"V":2,"NV":0,"TB":0},{"Id":67,"V":1,"NV":0,"TB":0},{"Id":68,"V":1,"NV":0,"TB":0},{"Id":76,"V":1,"NV":0,"TB":0},{"Id":83,"V":1,"NV":0,"TB":0},{"Id":87,"V":1,"NV":0,"TB":0},{"Id":89,"V":1,"NV":0,"TB":1}],[{"Id":80,"V":6,"NV":0,"TB":0},{"Id":73,"V":4,"NV":0,"TB":0},{"Id":65,"V":3,"NV":0,"TB":0},{"Id":79,"V":3,"NV":1,"TB":0},{"Id":66,"V":2,"NV":0,"TB":0},{"Id":69,"V":2,"NV":0,"TB":0},{"Id":72,"V":2,"NV":0,"TB":0},{"Id":75,"V":2,"NV":0,"TB":0},{"Id":78,"V":2,"NV":0,"TB":0},{"Id":81,"V":2,"NV":0,"TB":0},{"Id":82,"V":2,"NV":0,"TB":0},{"Id":84,"V":2,"NV":0,"TB":0},{"Id":85,"V":2,"NV":0,"TB":0},{"Id":88,"V":2,"NV":0,"TB":0},{"Id":67,"V":1,"NV":0,"TB":0},{"Id":68,"V":1,"NV":0,"TB":0},{"Id":83,"V":1,"NV":0,"TB":0},{"Id":87,"V":1,"NV":0,"TB":0},{"Id":76,"V":1,"NV":0,"TB":3}],[{"Id":80,"V":6,"NV":0,"TB":0},{"Id":73,"V":4,"NV":0,"TB":0},{"Id":65,"V":3,"NV":0,"TB":0},{"Id":79,"V":3,"NV":0,"TB":0},{"Id":82,"V":3,"NV":1,"TB":0},{"Id":66,"V":2,"NV":0,"TB":0},{"Id":69,"V":2,"NV":0,"TB":0},{"Id":72,"V":2,"NV":0,"TB":0},{"Id":75,"V":2,"NV":0,"TB":0},{"Id":78,"V":2,"NV":0,"TB":0},{"Id":81,"V":2,"NV":0,"TB":0},{"Id":84,"V":2,"NV":0,"TB":0},{"Id":85,"V":2,"NV":0,"TB":0},{"Id":88,"V":2,"NV":0,"TB":0},{"Id":67,"V":1,"NV":0,"TB":0},{"Id":68,"V":1,"NV":0,"TB":0},{"Id":83,"V":1,"NV":0,"TB":0},{"Id":87,"V":1,"NV":0,"TB":1}],[{"Id":80,"V":6,"NV":0,"TB":0},{"Id":73,"V":4,"NV":0,"TB":0},{"Id":65,"V":3,"NV":0,"TB":0},{"Id":79,"V":3,"NV":0,"TB":0},{"Id":82,"V":3,"NV":0,"TB":0},{"Id":66,"V":2,"NV":0,"TB":0},{"Id":69,"V":2,"NV":0,"TB":0},{"Id":72,"V":2,"NV":0,"TB":0},{"Id":75,"V":2,"NV":0,"TB":0},{"Id":78,"V":2,"NV":0,"TB":0},{"Id":81,"V":2,"NV":0,"TB":0},{"Id":83,"V":2,"NV":1,"TB":0},{"Id":84,"V":2,"NV":0,"TB":0},{"Id":85,"V":2,"NV":0,"TB":0},{"Id":88,"V":2,"NV":0,"TB":0},{"Id":67,"V":1,"NV":0,"TB":0},{"Id":68,"V":1,"NV":0,"TB":1}],[{"Id":80,"V":6,"NV":0,"TB":0},{"Id":73,"V":4,"NV":0,"TB":0},{"Id":65,"V":3,"NV":0,"TB":0},{"Id":66,"V":3,"NV":1,"TB":0},{"Id":79,"V":3,"NV":0,"TB":0},{"Id":82,"V":3,"NV":0,"TB":0},{"Id":69,"V":2,"NV":0,"TB":0},{"Id":72,"V":2,"NV":0,"TB":0},{"Id":75,"V":2,"NV":0,"TB":0},{"Id":78,"V":2,"NV":0,"TB":0},{"Id":81,"V":2,"NV":0,"TB":0},{"Id":83,"V":2,"NV":0,"TB":0},{"Id":84,"V":2,"NV":0,"TB":0},{"Id":85,"V":2,"NV":0,"TB":0},{"Id":88,"V":2,"NV":0,"TB":0},{"Id":67,"V":1,"NV":0,"TB":0}],[{"Id":80,"V":6,"NV":0,"TB":0},{"Id":73,"V":4,"NV":0,"TB":0},{"Id":65,"V":3,"NV":0,"TB":0},{"Id":66,"V":3,"NV":0,"TB":0},{"Id":69,"V":3,"NV":1,"TB":0},{"Id":79,"V":3,"NV":0,"TB":0},{"Id":82,"V":3,"NV":0,"TB":0},{"Id":72,"V":2,"NV":0,"TB":0},{"Id":75,"V":2,"NV":0,"TB":0},{"Id":78,"V":2,"NV":0,"TB":0},{"Id":81,"V":2,"NV":0,"TB":0},{"Id":83,"V":2,"NV":0,"TB":0},{"Id":85,"V":2,"NV":0,"TB":0},{"Id":88,"V":2,"NV":0,"TB":0},{"Id":84,"V":2,"NV":0,"TB":3}],[{"Id":80,"V":6,"NV":0,"TB":0},{"Id":73,"V":4,"NV":0,"TB":0},{"Id":82,"V":4,"NV":1,"TB":0},{"Id":65,"V":3,"NV":0,"TB":0},{"Id":66,"V":3,"NV":0,"TB":0},{"Id":69,"V":3,"NV":0,"TB":0},{"Id":79,"V":3,"NV":0,"TB":0},{"Id":88,"V":3,"NV":1,"TB":0},{"Id":72,"V":2,"NV":0,"TB":0},{"Id":75,"V":2,"NV":0,"TB":0},{"Id":78,"V":2,"NV":0,"TB":0},{"Id":83,"V":2,"NV":0,"TB":0},{"Id":85,"V":2,"NV":0,"TB":0},{"Id":81,"V":2,"NV":0,"TB":3}],[{"Id":80,"V":6,"NV":0,"TB":0},{"Id":82,"V":5,"NV":1,"TB":0},{"Id":73,"V":4,"NV":0,"TB":0},{"Id":65,"V":3,"NV":0,"TB":0},{"Id":66,"V":3,"NV":0,"TB":0},{"Id":69,"V":3,"NV":0,"TB":0},{"Id":72,"V":3,"NV":1,"TB":0},{"Id":79,"V":3,"NV":0,"TB":0},{"Id":88,"V":3,"NV":0,"TB":0},{"Id":75,"V":2,"NV":0,"TB":0},{"Id":78,"V":2,"NV":0,"TB":0},{"Id":85,"V":2,"NV":0,"TB":0},{"Id":83,"V":2,"NV":0,"TB":2}],[{"Id":80,"V":6,"NV":0,"TB":0},{"Id":82,"V":5,"NV":0,"TB":0},{"Id":69,"V":4,"NV":1,"TB":0},{"Id":73,"V":4,"NV":0,"TB":0},{"Id":65,"V":3,"NV":0,"TB":0},{"Id":66,"V":3,"NV":0,"TB":0},{"Id":72,"V":3,"NV":0,"TB":0},{"Id":75,"V":3,"NV":1,"TB":0},{"Id":79,"V":3,"NV":0,"TB":0},{"Id":88,"V":3,"NV":0,"TB":0},{"Id":78,"V":2,"NV":0,"TB":0},{"Id":85,"V":2,"NV":0,"TB":1}],[{"Id":80,"V":6,"NV":0,"TB":0},{"Id":82,"V":5,"NV":0,"TB":0},{"Id":66,"V":4,"NV":1,"TB":0},{"Id":69,"V":4,"NV":0,"TB":0},{"Id":73,"V":4,"NV":0,"TB":0},{"Id":65,"V":3,"NV":0,"TB":0},{"Id":72,"V":3,"NV":0,"TB":0},{"Id":75,"V":3,"NV":0,"TB":0},{"Id":79,"V":3,"NV":0,"TB":0},{"Id":88,"V":3,"NV":0,"TB":0},{"Id":78,"V":2,"NV":0,"TB":0}],[{"Id":80,"V":6,"NV":0,"TB":0},{"Id":82,"V":5,"NV":0,"TB":0},{"Id":88,"V":5,"NV":2,"TB":0},{"Id":66,"V":4,"NV":0,"TB":0},{"Id":69,"V":4,"NV":0,"TB":0},{"Id":73,"V":4,"NV":0,"TB":0},{"Id":65,"V":3,"NV":0,"TB":0},{"Id":75,"V":3,"NV":0,"TB":0},{"Id":79,"V":3,"NV":0,"TB":0},{"Id":72,"V":3,"NV":0,"TB":3}],[{"Id":80,"V":6,"NV":0,"TB":0},{"Id":88,"V":6,"NV":1,"TB":0},{"Id":82,"V":5,"NV":0,"TB":0},{"Id":65,"V":4,"NV":1,"TB":0},{"Id":66,"V":4,"NV":0,"TB":0},{"Id":69,"V":4,"NV":0,"TB":0},{"Id":73,"V":4,"NV":0,"TB":0},{"Id":79,"V":3,"NV":0,"TB":0},{"Id":75,"V":3,"NV":0,"TB":2}],[{"Id":88,"V":7,"NV":1,"TB":0},{"Id":80,"V":6,"NV":0,"TB":0},{"Id":65,"V":5,"NV":1,"TB":0},{"Id":69,"V":5,"NV":1,"TB":0},{"Id":82,"V":5,"NV":0,"TB":0},{"Id":66,"V":4,"NV":0,"TB":0},{"Id":73,"V":4,"NV":0,"TB":0},{"Id":79,"V":3,"NV":0,"TB":0}],[{"Id":88,"V":8,"NV":1,"TB":0},{"Id":80,"V":7,"NV":1,"TB":0},{"Id":65,"V":5,"NV":0,"TB":0},{"Id":69,"V":5,"NV":0,"TB":0},{"Id":82,"V":5,"NV":0,"TB":0},{"Id":66,"V":4,"NV":0,"TB":0},{"Id":73,"V":4,"NV":0,"TB":1}],[{"Id":88,"V":8,"NV":0,"TB":0},{"Id":80,"V":7,"NV":0,"TB":0},{"Id":65,"V":6,"NV":1,"TB":0},{"Id":69,"V":6,"NV":1,"TB":0},{"Id":82,"V":6,"NV":1,"TB":0},{"Id":66,"V":5,"NV":1,"TB":0}],[{"Id":88,"V":10,"NV":2,"TB":0},{"Id":65,"V":7,"NV":1,"TB":0},{"Id":69,"V":7,"NV":1,"TB":0},{"Id":80,"V":7,"NV":0,"TB":0},{"Id":82,"V":6,"NV":0,"TB":0}],[{"Id":88,"V":12,"NV":2,"TB":0},{"Id":65,"V":9,"NV":2,"TB":0},{"Id":69,"V":9,"NV":2,"TB":0},{"Id":80,"V":7,"NV":0,"TB":0}],[{"Id":88,"V":13,"NV":1,"TB":0},{"Id":65,"V":12,"NV":3,"TB":0},{"Id":69,"V":10,"NV":1,"TB":0}],[{"Id":88,"V":16,"NV":3,"TB":0},{"Id":65,"V":14,"NV":2,"TB":0}],[{"Id":88,"V":23,"NV":7,"TB":0}]],"Expires":1581904301,"SecondsLeft":0}