{"Mtype":"results","Title":"Round 4","PollStarted":"2020-03-16T04:06:01.909621918Z","PollDuration":600000000000,"Options":{"65":"Kat and Zofie (Fluffkevlar character) icing a gingerbread house together...and making a mess.","66":"On the journey to the Legacy Estate, Kathrin pokes fun at Mike and Evals about the events of page 482; Mike \u0026 Evals tries to explain it away.","67":"Natani and Keith as the main characters in a film noir detective story. One as the hard-boiled private eye and the other as the ingenue or femme fatale.","68":"Some adventurers visit the western Basitin's side of the Island offering them some food and items from the mainland.","69":"Twokinds characters as the Blend S intro.","70":"Natani wants to learn Basitin courtship rituals so he can propose to Keith. But the only other Basitin he's friendly with is Adelaide...","71":"Sythe wins the race in the sport car and celebrating it with the race girls as Nibbly and Maren","72":"Drunk Natani sticking out the top of a limo with a bottle of vodka ","73":"Good Morning, Adira and Meave ","74":"Maddie and Maeve find an enchanted coffee maker \u0026 make a pot for everyone. The coffee causes gender AND race switching. At random. Chaos ensues. ","75":"In preparation for their first date together, Trace and Saria seek advice from their friends. Trace from Nora, and Saria from Rose. ","76":"Grand Templar Mary Siverlock learns that Eris has broken into a Keidran village where a peace agreement has been made and is not happy about it","77":"Flora, Kat and Human Reni learning hula dancing from a south-seas(western) Bastin","78":"Now here me out tiger trace facing off Nora in a JoJo style stand off","79":"baby Nibbly ","80":"Maddie and Landen accidentally make a coffee so strong, it turns into a coffee elemental.","81":"Eric ref sheet","82":"Preparing for the Saria and Trace wedding. Saria asks Rose to be her bridesmaid. Rose doubts this is a good idea but Saria convinces her.","83":"Good morning Laura","84":"anthro nibs selling acorns form a long jacket"},"ExpectedBallots":46,"CountedBallots":46,"Ballots":["","NTBJGACPKEOQSDHRFLIM","JTRPI","AT","MTCDPJFKR","AKFJQRNTMI","BFIQMOCDARHGKTJPS","PI","AIOMRTBGDCQ","ARHBCTPGQMDOJKF","JFNGT","IMDB","MOFD","RKDQLOC","KROBIQJNFMTP","KQPMDNR","FLCHAK","FCJ","AJCPMFRGT","JKBQ","","GCMINKRF","AQSINDTME","MHCFD","AMDFSKQJHCIPBRTLGEON","RKBHOF","FCH","KRFS","P","ACBMTEPJLGFQKRHDNO","D","BAMQNKFDS","QMEGRJCBIDOH","TQ","DIMQHPORAKEJLGTNFCBS","CFBPTA","QD","KGBPRQ","IQ","IKMDRNQOT","RQI","I","ETCDJFLP","OIKDF","JBC","GPFLM"],"Placements":[[{"Id":65,"V":8,"NV":8,"TB":0},{"Id":73,"V":4,"NV":4,"TB":0},{"Id":74,"V":4,"NV":4,"TB":0},{"Id":75,"V":4,"NV":4,"TB":0},{"Id":70,"V":3,"NV":3,"TB":0},{"Id":77,"V":3,"NV":3,"TB":0},{"Id":82,"V":3,"NV":3,"TB":0},{"Id":66,"V":2,"NV":2,"TB":0},{"Id":68,"V":2,"NV":2,"TB":0},{"Id":71,"V":2,"NV":2,"TB":0},{"Id":80,"V":2,"NV":2,"TB":0},{"Id":81,"V":2,"NV":2,"TB":0},{"Id":67,"V":1,"NV":1,"TB":0},{"Id":69,"V":1,"NV":1,"TB":0},{"Id":78,"V":1,"NV":1,"TB":0},{"Id":79,"V":1,"NV":1,"TB":0},{"Id":84,"V":1,"NV":1,"TB":0},{"Id":76,"V":0,"NV":0,"TB":0},{"Id":83,"V":0,"NV":0,"TB":0},{"Id":72,"V":0,"NV":0,"TB":3}],[{"Id":65,"V":8,"NV":0,"TB":0},{"Id":73,"V":4,"NV":0,"TB":0},{"Id":74,"V":4,"NV":0,"TB":0},{"Id":75,"V":4,"NV":0,"TB":0},{"Id":70,"V":3,"NV":0,"TB":0},{"Id":77,"V":3,"NV":0,"TB":0},{"Id":82,"V":3,"NV":0,"TB":0},{"Id":66,"V":2,"NV":0,"TB":0},{"Id":68,"V":2,"NV":0,"TB":0},{"Id":71,"V":2,"NV":0,"TB":0},{"Id":80,"V":2,"NV":0,"TB":0},{"Id":81,"V":2,"NV":0,"TB":0},{"Id":67,"V":1,"NV":0,"TB":0},{"Id":69,"V":1,"NV":0,"TB":0},{"Id":78,"V":1,"NV":0,"TB":0},{"Id":79,"V":1,"NV":0,"TB":0},{"Id":84,"V":1,"NV":0,"TB":0},{"Id":76,"V":0,"NV":0,"TB":0},{"Id":83,"V":0,"NV":0,"TB":1}],[{"Id":65,"V":8,"NV":0,"TB":0},{"Id":73,"V":4,"NV":0,"TB":0},{"Id":74,"V":4,"NV":0,"TB":0},{"Id":75,"V":4,"NV":0,"TB":0},{"Id":70,"V":3,"NV":0,"TB":0},{"Id":77,"V":3,"NV":0,"TB":0},{"Id":82,"V":3,"NV":0,"TB":0},{"Id":66,"V":2,"NV":0,"TB":0},{"Id":68,"V":2,"NV":0,"TB":0},{"Id":71,"V":2,"NV":0,"TB":0},{"Id":80,"V":2,"NV":0,"TB":0},{"Id":81,"V":2,"NV":0,"TB":0},{"Id":67,"V":1,"NV":0,"TB":0},{"Id":69,"V":1,"NV":0,"TB":0},{"Id":78,"V":1,"NV":0,"TB":0},{"Id":79,"V":1,"NV":0,"TB":0},{"Id":84,"V":1,"NV":0,"TB":0},{"Id":76,"V":0,"NV":0,"TB":0}],[{"Id":65,"V":8,"NV":0,"TB":0},{"Id":73,"V":4,"NV":0,"TB":0},{"Id":74,"V":4,"NV":0,"TB":0},{"Id":75,"V":4,"NV":0,"TB":0},{"Id":70,"V":3,"NV":0,"TB":0},{"Id":77,"V":3,"NV":0,"TB":0},{"Id":82,"V":3,"NV":0,"TB":0},{"Id":66,"V":2,"NV":0,"TB":0},{"Id":68,"V":2,"NV":0,"TB":0},{"Id":71,"V":2,"NV":0,"TB":0},{"Id":80,"V":2,"NV":0,"TB":0},{"Id":81,"V":2,"NV":0,"TB":0},{"Id":69,"V":1,"NV":0,"TB":0},{"Id":78,"V":1,"NV":0,"TB":0},{"Id":79,"V":1,"NV":0,"TB":0},{"Id":84,"V":1,"NV":0,"TB":0},{"Id":67,"V":1,"NV":0,"TB":5}],[{"Id":65,"V":8,"NV":0,"TB":0},{"Id":70,"V":4,"NV":1,"TB":0},{"Id":73,"V":4,"NV":0,"TB":0},{"Id":74,"V":4,"NV":0,"TB":0},{"Id":75,"V":4,"NV":0,"TB":0},{"Id":77,"V":3,"NV":0,"TB":0},{"Id":82,"V":3,"NV":0,"TB":0},{"Id":66,"V":2,"NV":0,"TB":0},{"Id":68,"V":2,"NV":0,"TB":0},{"Id":71,"V":2,"NV":0,"TB":0},{"Id":80,"V":2,"NV":0,"TB":0},{"Id":81,"V":2,"NV":0,"TB":0},{"Id":69,"V":1,"NV":0,"TB":0},{"Id":79,"V":1,"NV":0,"TB":0},{"Id":84,"V":1,"NV":0,"TB":0},{"Id":78,"V":1,"NV":0,"TB":3}],[{"Id":65,"V":8,"NV":0,"TB":0},{"Id":70,"V":4,"NV":0,"TB":0},{"Id":73,"V":4,"NV":0,"TB":0},{"Id":74,"V":4,"NV":0,"TB":0},{"Id":75,"V":4,"NV":0,"TB":0},{"Id":77,"V":3,"NV":0,"TB":0},{"Id":82,"V":3,"NV":0,"TB":0},{"Id":66,"V":2,"NV":0,"TB":0},{"Id":68,"V":2,"NV":0,"TB":0},{"Id":71,"V":2,"NV":0,"TB":0},{"Id":80,"V":2,"NV":0,"TB":0},{"Id":81,"V":2,"NV":0,"TB":0},{"Id":84,"V":2,"NV":1,"TB":0},{"Id":69,"V":1,"NV":0,"TB":0},{"Id":79,"V":1,"NV":0,"TB":1}],[{"Id":65,"V":8,"NV":0,"TB":0},{"Id":73,"V":5,"NV":1,"TB":0},{"Id":70,"V":4,"NV":0,"TB":0},{"Id":74,"V":4,"NV":0,"TB":0},{"Id":75,"V":4,"NV":0,"TB":0},{"Id":77,"V":3,"NV":0,"TB":0},{"Id":82,"V":3,"NV":0,"TB":0},{"Id":66,"V":2,"NV":0,"TB":0},{"Id":68,"V":2,"NV":0,"TB":0},{"Id":71,"V":2,"NV":0,"TB":0},{"Id":80,"V":2,"NV":0,"TB":0},{"Id":81,"V":2,"NV":0,"TB":0},{"Id":84,"V":2,"NV":0,"TB":0},{"Id":69,"V":1,"NV":0,"TB":0}],[{"Id":65,"V":8,"NV":0,"TB":0},{"Id":73,"V":5,"NV":0,"TB":0},{"Id":70,"V":4,"NV":0,"TB":0},{"Id":74,"V":4,"NV":0,"TB":0},{"Id":75,"V":4,"NV":0,"TB":0},{"Id":77,"V":3,"NV":0,"TB":0},{"Id":82,"V":3,"NV":0,"TB":0},{"Id":84,"V":3,"NV":1,"TB":0},{"Id":68,"V":2,"NV":0,"TB":0},{"Id":71,"V":2,"NV":0,"TB":0},{"Id":80,"V":2,"NV":0,"TB":0},{"Id":81,"V":2,"NV":0,"TB":0},{"Id":66,"V":2,"NV":0,"TB":5}],[{"Id":65,"V":9,"NV":1,"TB":0},{"Id":70,"V":5,"NV":1,"TB":0},{"Id":73,"V":5,"NV":0,"TB":0},{"Id":74,"V":4,"NV":0,"TB":0},{"Id":75,"V":4,"NV":0,"TB":0},{"Id":77,"V":3,"NV":0,"TB":0},{"Id":82,"V":3,"NV":0,"TB":0},{"Id":84,"V":3,"NV":0,"TB":0},{"Id":68,"V":2,"NV":0,"TB":0},{"Id":71,"V":2,"NV":0,"TB":0},{"Id":80,"V":2,"NV":0,"TB":0},{"Id":81,"V":2,"NV":0,"TB":1}],[{"Id":65,"V":9,"NV":0,"TB":0},{"Id":70,"V":5,"NV":0,"TB":0},{"Id":73,"V":5,"NV":0,"TB":0},{"Id":74,"V":4,"NV":0,"TB":0},{"Id":75,"V":4,"NV":0,"TB":0},{"Id":77,"V":4,"NV":1,"TB":0},{"Id":68,"V":3,"NV":1,"TB":0},{"Id":82,"V":3,"NV":0,"TB":0},{"Id":84,"V":3,"NV":0,"TB":0},{"Id":80,"V":2,"NV":0,"TB":0},{"Id":71,"V":2,"NV":0,"TB":2}],[{"Id":65,"V":9,"NV":0,"TB":0},{"Id":70,"V":5,"NV":0,"TB":0},{"Id":73,"V":5,"NV":0,"TB":0},{"Id":77,"V":5,"NV":1,"TB":0},{"Id":74,"V":4,"NV":0,"TB":0},{"Id":75,"V":4,"NV":0,"TB":0},{"Id":68,"V":3,"NV":0,"TB":0},{"Id":80,"V":3,"NV":1,"TB":0},{"Id":82,"V":3,"NV":0,"TB":0},{"Id":84,"V":3,"NV":0,"TB":1}],[{"Id":65,"V":9,"NV":0,"TB":0},{"Id":70,"V":5,"NV":0,"TB":0},{"Id":73,"V":5,"NV":0,"TB":0},{"Id":74,"V":5,"NV":1,"TB":0},{"Id":77,"V":5,"NV":0,"TB":0},{"Id":68,"V":4,"NV":1,"TB":0},{"Id":75,"V":4,"NV":0,"TB":0},{"Id":80,"V":3,"NV":0,"TB":0},{"Id":82,"V":3,"NV":0,"TB":1}],[{"Id":65,"V":9,"NV":0,"TB":0},{"Id":73,"V":6,"NV":1,"TB":0},{"Id":75,"V":6,"NV":2,"TB":0},{"Id":70,"V":5,"NV":0,"TB":0},{"Id":74,"V":5,"NV":0,"TB":0},{"Id":77,"V":5,"NV":0,"TB":0},{"Id":68,"V":4,"NV":0,"TB":0},{"Id":80,"V":3,"NV":0,"TB":0}],[{"Id":65,"V":9,"NV":0,"TB":0},{"Id":73,"V":7,"NV":1,"TB":0},{"Id":70,"V":6,"NV":1,"TB":0},{"Id":75,"V":6,"NV":0,"TB":0},{"Id":74,"V":5,"NV":0,"TB":0},{"Id":77,"V":5,"NV":0,"TB":0},{"Id":68,"V":4,"NV":0,"TB":0}],[{"Id":65,"V":9,"NV":0,"TB":0},{"Id":73,"V":8,"NV":1,"TB":0},{"Id":70,"V":6,"NV":0,"TB":0},{"Id":74,"V":6,"NV":1,"TB":0},{"Id":75,"V":6,"NV":0,"TB":0},{"Id":77,"V":5,"NV":0,"TB":0}],[{"Id":65,"V":9,"NV":0,"TB":0},{"Id":73,"V":9,"NV":1,"TB":0},{"Id":70,"V":8,"NV":2,"TB":0},{"Id":74,"V":8,"NV":2,"TB":0},{"Id":75,"V":6,"NV":0,"TB":0}],[{"Id":70,"V":10,"NV":2,"TB":0},{"Id":73,"V":10,"NV":1,"TB":0},{"Id":65,"V":9,"NV":0,"TB":0},{"Id":74,"V":8,"NV":0,"TB":0}],[{"Id":70,"V":13,"NV":3,"TB":0},{"Id":73,"V":12,"NV":2,"TB":0},{"Id":65,"V":10,"NV":1,"TB":0}],[{"Id":70,"V":20,"NV":7,"TB":0},{"Id":73,"V":14,"NV":2,"TB":0}],[{"Id":70,"V":24,"NV":4,"TB":0}]],"Expires":1584332762,"SecondsLeft":0}