{"Mtype":"results","Title":"Round 1","PollStarted":"2020-10-18T20:32:13.816869065Z","PollDuration":600000000000,"Options":{"65":"For Halloween Bare Rose has put on a snug, sexy witch costume while stirring a cauldron shaped pot on the stove.","66":"Human children playing with a bunch of cat keidran kittens.","67":"Natani, Zen and Youngtani as a three-headed Cerberus Keidran","68":"Very Vixen Trace","69":"Clovis decided to be the Big Bad Wolf for Halloween this year. Obviously, Brutus is his Little Red Riding Hood.","70":"The many ghosts of Keith: Keith's parents decide to visit for Halloween. Laura and Alaric had the same idea. ","71":"Wolf Raine dressed as Vampirella and Maren dressed as sexy nun for Halloween.","72":"Drunk Kathrin at a Halloween party! She hits on a very flustered Very Vixen Mike, almost revealing that the vixen is actually Mike to an oblivious and very concerned looking Flora.","73":"Roderick Eric's brother he was ordered to protect princess from the Cat People ","74":"The cast dressed as the cast from Bravely Default (Trace=Tiz, Flora=Agnes, Keith=Ringabel, Natani=Edea)","75":"Willow uses herself to light up a Jack-O-Lantern! The not so bright body tries to do the same...","76":"After getting hired by Amelia, Windstraw has to pour drinks because the place is understaffed, but she struggles due to her size","77":"Laura practicing her fishing technique off a peaceful cove.","78":"Gaming in vr","79":"Rime of the Ancient Mariner: Eric has the dead albatross hung about his neck while Death (Sythe) and Life (Kat) roll the dice for the lives of the crew. ♪Stay here and listen to the nightmares of the sea!♫","80":"Mike's reaction finding out why he was genderswaped","81":"The Rocky Horror Twokinds Show (Scene with Frank'N'Furter laying across his throne) Trace as Brad Majors, Flora as Janet Weiss, Natani as Riff Raff, Keith as Magenta, Kat as Columbia, and Human Nora as Frank'N'Furter. ","82":"Adelaide as the Headless Horseman","83":"Evil Jigsaw puppet Trace on the tricycle wants to play a game","84":"Flor meets Tigger and tries to bounce on her tail like he can","85":"The Chimera meeting Nora for the first time","86":"Karen talks with Maddie about her own private insecurities and fears while they're in the dungeons.","87":"After failing his mission to capture Zen, Carver is kicked out of the Guild.  So, he gets a job in a fast-food restaurant.","88":"Halloween party. Human Nora dressed as a vampire queen."},"ExpectedBallots":76,"CountedBallots":76,"Ballots":["GDMH","AEKWGXMLCBVTFHPDUQ","","DHPLNC","KEUGXV","U","","EGQFTLWABXKVS","FVMTRCB","PHVDS","UOTMXELKVPFBRCSWHADI","HPDV","QXA","AM","GAVLKCWMDU","WKLMPBVR","TSAKXDRFEHV","KLEWQHCBP","DPKRBNHFEU","XKRAFVN","TB","CARFVQPHSEOG","HPDAGWLO","E","TXASDHFRK","BFUV","G","PCMHS","FC","FBSPTKND","SFAMTWJKBU","HBPDX","HV","NAMVWHECLBPIXU","HPAXGB","VJMUBGIELQ","JEWUXFDABNVPIGKCSMLQHTRO","FAHXGMLRKVEPWCDNOBQ","ADP","GKXPH","BMJRKFSQVENTCWLDHXUIAOPG","VTWFRKBQP","HDP","CRVK","XGUAHFQBPL","G","T","QBHE","G","U","V","KUBNFTOSLAGDRPQ","SORHLVCAX","DHCOUX","OWMJVSEPNLCBGIK","UCNFBLITVOSWPJQKGHMRAXED","FKRWLQTPDXSG","MFKCTNLWA","UA","FAUNCTXRSPOKELJBW","MDTEPX","MTHXL","MFKV","FLXGKBCPUQAJSNWV","IXUWCBGMS","BEAVGDW","VTJHLQN","HCRAXGPNE","MLDWEGAKUJRQTC","HMCANDBKUGOIPR","PEGLH","IMHGKAWT","AHFGULJNDRTWOCQE","JFRCPWK","TKHXA","ALHNPEVFUMXRWKC"],"Placements":[[{"Id":72,"V":8,"NV":8,"TB":0},{"Id":70,"V":7,"NV":7,"TB":0},{"Id":71,"V":6,"NV":6,"TB":0},{"Id":65,"V":5,"NV":5,"TB":0},{"Id":77,"V":5,"NV":5,"TB":0},{"Id":84,"V":5,"NV":5,"TB":0},{"Id":85,"V":5,"NV":5,"TB":0},{"Id":86,"V":4,"NV":4,"TB":0},{"Id":66,"V":3,"NV":3,"TB":0},{"Id":68,"V":3,"NV":3,"TB":0},{"Id":75,"V":3,"NV":3,"TB":0},{"Id":80,"V":3,"NV":3,"TB":0},{"Id":67,"V":2,"NV":2,"TB":0},{"Id":69,"V":2,"NV":2,"TB":0},{"Id":73,"V":2,"NV":2,"TB":0},{"Id":74,"V":2,"NV":2,"TB":0},{"Id":81,"V":2,"NV":2,"TB":0},{"Id":83,"V":2,"NV":2,"TB":0},{"Id":88,"V":2,"NV":2,"TB":0},{"Id":78,"V":1,"NV":1,"TB":0},{"Id":79,"V":1,"NV":1,"TB":0},{"Id":87,"V":1,"NV":1,"TB":0},{"Id":76,"V":0,"NV":0,"TB":0},{"Id":82,"V":0,"NV":0,"TB":1}],[{"Id":72,"V":8,"NV":0,"TB":0},{"Id":70,"V":7,"NV":0,"TB":0},{"Id":71,"V":6,"NV":0,"TB":0},{"Id":65,"V":5,"NV":0,"TB":0},{"Id":77,"V":5,"NV":0,"TB":0},{"Id":84,"V":5,"NV":0,"TB":0},{"Id":85,"V":5,"NV":0,"TB":0},{"Id":86,"V":4,"NV":0,"TB":0},{"Id":66,"V":3,"NV":0,"TB":0},{"Id":68,"V":3,"NV":0,"TB":0},{"Id":75,"V":3,"NV":0,"TB":0},{"Id":80,"V":3,"NV":0,"TB":0},{"Id":67,"V":2,"NV":0,"TB":0},{"Id":69,"V":2,"NV":0,"TB":0},{"Id":73,"V":2,"NV":0,"TB":0},{"Id":74,"V":2,"NV":0,"TB":0},{"Id":81,"V":2,"NV":0,"TB":0},{"Id":83,"V":2,"NV":0,"TB":0},{"Id":88,"V":2,"NV":0,"TB":0},{"Id":78,"V":1,"NV":0,"TB":0},{"Id":79,"V":1,"NV":0,"TB":0},{"Id":87,"V":1,"NV":0,"TB":0},{"Id":76,"V":0,"NV":0,"TB":0}],[{"Id":72,"V":8,"NV":0,"TB":0},{"Id":70,"V":7,"NV":0,"TB":0},{"Id":71,"V":6,"NV":0,"TB":0},{"Id":65,"V":5,"NV":0,"TB":0},{"Id":77,"V":5,"NV":0,"TB":0},{"Id":84,"V":5,"NV":0,"TB":0},{"Id":85,"V":5,"NV":0,"TB":0},{"Id":86,"V":4,"NV":0,"TB":0},{"Id":66,"V":3,"NV":0,"TB":0},{"Id":68,"V":3,"NV":0,"TB":0},{"Id":75,"V":3,"NV":0,"TB":0},{"Id":80,"V":3,"NV":0,"TB":0},{"Id":67,"V":2,"NV":0,"TB":0},{"Id":69,"V":2,"NV":0,"TB":0},{"Id":73,"V":2,"NV":0,"TB":0},{"Id":74,"V":2,"NV":0,"TB":0},{"Id":81,"V":2,"NV":0,"TB":0},{"Id":83,"V":2,"NV":0,"TB":0},{"Id":88,"V":2,"NV":0,"TB":0},{"Id":78,"V":1,"NV":0,"TB":0},{"Id":87,"V":1,"NV":0,"TB":0},{"Id":79,"V":1,"NV":0,"TB":2}],[{"Id":72,"V":8,"NV":0,"TB":0},{"Id":70,"V":7,"NV":0,"TB":0},{"Id":71,"V":6,"NV":0,"TB":0},{"Id":65,"V":5,"NV":0,"TB":0},{"Id":77,"V":5,"NV":0,"TB":0},{"Id":84,"V":5,"NV":0,"TB":0},{"Id":85,"V":5,"NV":0,"TB":0},{"Id":86,"V":4,"NV":0,"TB":0},{"Id":66,"V":3,"NV":0,"TB":0},{"Id":68,"V":3,"NV":0,"TB":0},{"Id":75,"V":3,"NV":0,"TB":0},{"Id":80,"V":3,"NV":0,"TB":0},{"Id":67,"V":2,"NV":0,"TB":0},{"Id":69,"V":2,"NV":0,"TB":0},{"Id":73,"V":2,"NV":0,"TB":0},{"Id":74,"V":2,"NV":0,"TB":0},{"Id":81,"V":2,"NV":0,"TB":0},{"Id":83,"V":2,"NV":0,"TB":0},{"Id":87,"V":2,"NV":1,"TB":0},{"Id":88,"V":2,"NV":0,"TB":0},{"Id":78,"V":1,"NV":0,"TB":0}],[{"Id":72,"V":8,"NV":0,"TB":0},{"Id":70,"V":7,"NV":0,"TB":0},{"Id":65,"V":6,"NV":1,"TB":0},{"Id":71,"V":6,"NV":0,"TB":0},{"Id":77,"V":5,"NV":0,"TB":0},{"Id":84,"V":5,"NV":0,"TB":0},{"Id":85,"V":5,"NV":0,"TB":0},{"Id":86,"V":4,"NV":0,"TB":0},{"Id":66,"V":3,"NV":0,"TB":0},{"Id":68,"V":3,"NV":0,"TB":0},{"Id":75,"V":3,"NV":0,"TB":0},{"Id":80,"V":3,"NV":0,"TB":0},{"Id":67,"V":2,"NV":0,"TB":0},{"Id":69,"V":2,"NV":0,"TB":0},{"Id":73,"V":2,"NV":0,"TB":0},{"Id":74,"V":2,"NV":0,"TB":0},{"Id":81,"V":2,"NV":0,"TB":0},{"Id":83,"V":2,"NV":0,"TB":0},{"Id":87,"V":2,"NV":0,"TB":0},{"Id":88,"V":2,"NV":0,"TB":1}],[{"Id":72,"V":8,"NV":0,"TB":0},{"Id":70,"V":7,"NV":0,"TB":0},{"Id":71,"V":7,"NV":1,"TB":0},{"Id":65,"V":6,"NV":0,"TB":0},{"Id":77,"V":5,"NV":0,"TB":0},{"Id":84,"V":5,"NV":0,"TB":0},{"Id":85,"V":5,"NV":0,"TB":0},{"Id":75,"V":4,"NV":1,"TB":0},{"Id":86,"V":4,"NV":0,"TB":0},{"Id":66,"V":3,"NV":0,"TB":0},{"Id":68,"V":3,"NV":0,"TB":0},{"Id":80,"V":3,"NV":0,"TB":0},{"Id":67,"V":2,"NV":0,"TB":0},{"Id":69,"V":2,"NV":0,"TB":0},{"Id":73,"V":2,"NV":0,"TB":0},{"Id":74,"V":2,"NV":0,"TB":0},{"Id":81,"V":2,"NV":0,"TB":0},{"Id":83,"V":2,"NV":0,"TB":0},{"Id":87,"V":2,"NV":0,"TB":1}],[{"Id":72,"V":8,"NV":0,"TB":0},{"Id":70,"V":7,"NV":0,"TB":0},{"Id":71,"V":7,"NV":0,"TB":0},{"Id":65,"V":6,"NV":0,"TB":0},{"Id":77,"V":6,"NV":1,"TB":0},{"Id":75,"V":5,"NV":1,"TB":0},{"Id":84,"V":5,"NV":0,"TB":0},{"Id":85,"V":5,"NV":0,"TB":0},{"Id":86,"V":4,"NV":0,"TB":0},{"Id":66,"V":3,"NV":0,"TB":0},{"Id":68,"V":3,"NV":0,"TB":0},{"Id":80,"V":3,"NV":0,"TB":0},{"Id":67,"V":2,"NV":0,"TB":0},{"Id":69,"V":2,"NV":0,"TB":0},{"Id":74,"V":2,"NV":0,"TB":0},{"Id":81,"V":2,"NV":0,"TB":0},{"Id":83,"V":2,"NV":0,"TB":0},{"Id":73,"V":2,"NV":0,"TB":4}],[{"Id":72,"V":8,"NV":0,"TB":0},{"Id":70,"V":7,"NV":0,"TB":0},{"Id":71,"V":7,"NV":0,"TB":0},{"Id":77,"V":7,"NV":1,"TB":0},{"Id":65,"V":6,"NV":0,"TB":0},{"Id":85,"V":6,"NV":1,"TB":0},{"Id":75,"V":5,"NV":0,"TB":0},{"Id":84,"V":5,"NV":0,"TB":0},{"Id":86,"V":4,"NV":0,"TB":0},{"Id":66,"V":3,"NV":0,"TB":0},{"Id":68,"V":3,"NV":0,"TB":0},{"Id":80,"V":3,"NV":0,"TB":0},{"Id":67,"V":2,"NV":0,"TB":0},{"Id":69,"V":2,"NV":0,"TB":0},{"Id":74,"V":2,"NV":0,"TB":0},{"Id":83,"V":2,"NV":0,"TB":0},{"Id":81,"V":2,"NV":0,"TB":2}],[{"Id":72,"V":8,"NV":0,"TB":0},{"Id":65,"V":7,"NV":1,"TB":0},{"Id":70,"V":7,"NV":0,"TB":0},{"Id":71,"V":7,"NV":0,"TB":0},{"Id":77,"V":7,"NV":0,"TB":0},{"Id":85,"V":6,"NV":0,"TB":0},{"Id":75,"V":5,"NV":0,"TB":0},{"Id":84,"V":5,"NV":0,"TB":0},{"Id":66,"V":4,"NV":1,"TB":0},{"Id":86,"V":4,"NV":0,"TB":0},{"Id":68,"V":3,"NV":0,"TB":0},{"Id":80,"V":3,"NV":0,"TB":0},{"Id":67,"V":2,"NV":0,"TB":0},{"Id":74,"V":2,"NV":0,"TB":0},{"Id":83,"V":2,"NV":0,"TB":0},{"Id":69,"V":2,"NV":0,"TB":3}],[{"Id":71,"V":8,"NV":1,"TB":0},{"Id":72,"V":8,"NV":0,"TB":0},{"Id":65,"V":7,"NV":0,"TB":0},{"Id":70,"V":7,"NV":0,"TB":0},{"Id":77,"V":7,"NV":0,"TB":0},{"Id":85,"V":6,"NV":0,"TB":0},{"Id":75,"V":5,"NV":0,"TB":0},{"Id":84,"V":5,"NV":0,"TB":0},{"Id":66,"V":4,"NV":0,"TB":0},{"Id":86,"V":4,"NV":0,"TB":0},{"Id":68,"V":3,"NV":0,"TB":0},{"Id":80,"V":3,"NV":0,"TB":0},{"Id":67,"V":2,"NV":0,"TB":0},{"Id":74,"V":2,"NV":0,"TB":0},{"Id":83,"V":2,"NV":0,"TB":1}],[{"Id":72,"V":9,"NV":1,"TB":0},{"Id":70,"V":8,"NV":1,"TB":0},{"Id":71,"V":8,"NV":0,"TB":0},{"Id":65,"V":7,"NV":0,"TB":0},{"Id":77,"V":7,"NV":0,"TB":0},{"Id":85,"V":6,"NV":0,"TB":0},{"Id":75,"V":5,"NV":0,"TB":0},{"Id":84,"V":5,"NV":0,"TB":0},{"Id":66,"V":4,"NV":0,"TB":0},{"Id":86,"V":4,"NV":0,"TB":0},{"Id":68,"V":3,"NV":0,"TB":0},{"Id":80,"V":3,"NV":0,"TB":0},{"Id":67,"V":2,"NV":0,"TB":0},{"Id":74,"V":2,"NV":0,"TB":1}],[{"Id":70,"V":9,"NV":1,"TB":0},{"Id":72,"V":9,"NV":0,"TB":0},{"Id":71,"V":8,"NV":0,"TB":0},{"Id":65,"V":7,"NV":0,"TB":0},{"Id":77,"V":7,"NV":0,"TB":0},{"Id":85,"V":7,"NV":1,"TB":0},{"Id":75,"V":5,"NV":0,"TB":0},{"Id":84,"V":5,"NV":0,"TB":0},{"Id":66,"V":4,"NV":0,"TB":0},{"Id":86,"V":4,"NV":0,"TB":0},{"Id":68,"V":3,"NV":0,"TB":0},{"Id":80,"V":3,"NV":0,"TB":0},{"Id":67,"V":2,"NV":0,"TB":0}],[{"Id":70,"V":9,"NV":0,"TB":0},{"Id":72,"V":9,"NV":0,"TB":0},{"Id":65,"V":8,"NV":1,"TB":0},{"Id":71,"V":8,"NV":0,"TB":0},{"Id":77,"V":7,"NV":0,"TB":0},{"Id":85,"V":7,"NV":0,"TB":0},{"Id":75,"V":5,"NV":0,"TB":0},{"Id":84,"V":5,"NV":0,"TB":0},{"Id":86,"V":5,"NV":1,"TB":0},{"Id":66,"V":4,"NV":0,"TB":0},{"Id":80,"V":3,"NV":0,"TB":0},{"Id":68,"V":3,"NV":0,"TB":2}],[{"Id":72,"V":11,"NV":2,"TB":0},{"Id":70,"V":9,"NV":0,"TB":0},{"Id":65,"V":8,"NV":0,"TB":0},{"Id":71,"V":8,"NV":0,"TB":0},{"Id":77,"V":7,"NV":0,"TB":0},{"Id":85,"V":7,"NV":0,"TB":0},{"Id":75,"V":5,"NV":0,"TB":0},{"Id":84,"V":5,"NV":0,"TB":0},{"Id":86,"V":5,"NV":0,"TB":0},{"Id":80,"V":4,"NV":1,"TB":0},{"Id":66,"V":4,"NV":0,"TB":2}],[{"Id":72,"V":12,"NV":1,"TB":0},{"Id":70,"V":10,"NV":1,"TB":0},{"Id":65,"V":9,"NV":1,"TB":0},{"Id":71,"V":8,"NV":0,"TB":0},{"Id":77,"V":8,"NV":1,"TB":0},{"Id":85,"V":7,"NV":0,"TB":0},{"Id":75,"V":5,"NV":0,"TB":0},{"Id":84,"V":5,"NV":0,"TB":0},{"Id":86,"V":5,"NV":0,"TB":0},{"Id":80,"V":4,"NV":0,"TB":0}],[{"Id":72,"V":13,"NV":1,"TB":0},{"Id":70,"V":10,"NV":0,"TB":0},{"Id":65,"V":9,"NV":0,"TB":0},{"Id":71,"V":9,"NV":1,"TB":0},{"Id":77,"V":9,"NV":1,"TB":0},{"Id":85,"V":7,"NV":0,"TB":0},{"Id":75,"V":6,"NV":1,"TB":0},{"Id":84,"V":5,"NV":0,"TB":0},{"Id":86,"V":5,"NV":0,"TB":1}],[{"Id":72,"V":13,"NV":0,"TB":0},{"Id":70,"V":10,"NV":0,"TB":0},{"Id":77,"V":10,"NV":1,"TB":0},{"Id":65,"V":9,"NV":0,"TB":0},{"Id":71,"V":9,"NV":0,"TB":0},{"Id":75,"V":7,"NV":1,"TB":0},{"Id":85,"V":7,"NV":0,"TB":0},{"Id":84,"V":7,"NV":2,"TB":2}],[{"Id":72,"V":14,"NV":1,"TB":0},{"Id":65,"V":11,"NV":2,"TB":0},{"Id":70,"V":11,"NV":1,"TB":0},{"Id":77,"V":10,"NV":0,"TB":0},{"Id":71,"V":9,"NV":0,"TB":0},{"Id":75,"V":8,"NV":1,"TB":0},{"Id":85,"V":7,"NV":0,"TB":0}],[{"Id":72,"V":14,"NV":0,"TB":0},{"Id":70,"V":13,"NV":2,"TB":0},{"Id":65,"V":12,"NV":1,"TB":0},{"Id":77,"V":11,"NV":1,"TB":0},{"Id":71,"V":10,"NV":1,"TB":0},{"Id":75,"V":8,"NV":0,"TB":0}],[{"Id":72,"V":17,"NV":3,"TB":0},{"Id":70,"V":14,"NV":1,"TB":0},{"Id":65,"V":13,"NV":1,"TB":0},{"Id":77,"V":12,"NV":1,"TB":0},{"Id":71,"V":11,"NV":1,"TB":0}],[{"Id":72,"V":19,"NV":2,"TB":0},{"Id":65,"V":15,"NV":2,"TB":0},{"Id":70,"V":15,"NV":1,"TB":0},{"Id":77,"V":14,"NV":2,"TB":0}],[{"Id":72,"V":23,"NV":4,"TB":0},{"Id":70,"V":19,"NV":4,"TB":0},{"Id":65,"V":16,"NV":1,"TB":0}],[{"Id":72,"V":28,"NV":5,"TB":0},{"Id":70,"V":23,"NV":4,"TB":0}],[{"Id":72,"V":36,"NV":8,"TB":0}]],"Expires":1603054333,"SecondsLeft":0}