{"Mtype":"results","Title":"Round 2","PollStarted":"2020-10-18T23:06:48.471237447Z","PollDuration":600000000000,"Options":{"65":"Young Red and Trace go trick-or-treating as Keidran, the scariest thing they know","66":"Alternate Universe: Grand Templar Trace and his Master Templars raze down the castle of King Adelaide.","67":"Eric sums up his sneptember challenge.","68":"Reni getting increasingly flustered as she scratches an itch with her foot, wags her tail, and begs for belly rubs, after mindreading a dog goes wrong.","69":"Pirates of the Caribbean: Captain Flora and her secrets","70":"Trace dresses up as his old grand templar self for Halloween without telling anyone and it goes about as well as you would expect","71":"Trace and Flora invited to a \"mix race couples Island retreat\" to meet other mix race couples on a private get away. PS friends welcome PPS: NO Eric Vaughan allowed.","72":"A 3x3 expression panel for Keith","73":"Zen and Human Raine wrapped up in a blanket.  Sitting on a couch on a stormy Halloween night, with a bowl of popcorn watching horror movies.  One of them being a little more scared then the other.","74":"Flora vs Nibs pt2: pumpkin carving contest","75":"Flora decides to test Stoney to see if he'll be a good companion for her upcoming baby when it's born. She likes him! Good boy!","76":"Female Clovis in her Halloween witch dress. She is embarrassed that she had to dress like one","77":"Let’s play a game of hide and seek with Ms. Nibbly! She is hidden somewhere in this picture","78":"Mike catches Evals trying to flood the Patreon sketch submissions with 'more female/very vixen Mike' suggestions.","79":"The dark secret of Erilas... she was actually Evals in disguise, trying to seduce Mike to go to the Dog Clan this whole time.","80":"Kat helps Frankenstein's monsters to re-create the threads that hold her body parts together","81":"Heartthrob - Evals pulls Mike out of harm's way and into his chest. Mike gets flustered hearing Evals's heartbeat.","82":"Fixin' Clovis joins forces with Wreck-it Brutus for a Halloween night on the town in Edinmire.","83":"Maeve And Maddie going as the other one on Halloween ","84":"POV: date with Kat","85":"Very Fixen Clovis tries to break through the door of Traces Manor but ends up fixing it up instead","86":"Very vixen Evals","87":"Templar Laura AU: Kathrin leading a slave raid on a human village alongside Mike and Evals","88":"\"Disney Princess\" Reni rawr-singing while surrounded by forest critters."},"ExpectedBallots":76,"CountedBallots":76,"Ballots":["IX","NUAJRLIFXEVMCTOGQKHSDP","IHJPAMB","IRLUXA","LSWTM","DXG","XQIDNBFCKLMJWUR","XUTFJDHLRA","J","NLGKETSVIAWFRH","FITAE","AQEOIPJLDXVNHWTKS","NACLUD","BQAGFH","CK","CLX","VL","URGSOQN","KJXQNFHOARGM","NLVO","KJGEFAXON","FIQKAUOD","HOQ","AJPTW","TUCLXRF","MEVRLNBAUF","TVINWHQ","TFKMNVHOAWBPLUJ","VLBSUXREHGIDTCFWNAKPQJMO","QXA","QNVLRSTGOJBXMHDUWCIPAFEK","","EI","ETGKXJLN","VDLCTNJ","PKWSETJHU","KFWX","CI","KMFRUXOPNQE","XIDT","TNED","WBXAGOD","NJV","TWPLN","QTXDRVSNCKHPIUJBMLEFOAW","CFSJKLIDMNQ","GKUWNFXMJ","TLPE","QOLVHISWEAKFCBNPMDGXT","MFRHSAUC","NW","RULCNHO","EDSWATMUHGONR","LVTRUNFQO","KJDI","PAFTDKHSIBCNQOMXJRWVEULG","T","KRMFUIALWCPTBQJVNEOHGXSD","URHG","G","UCHV","MOWBHGPAX","XMWKSJVDTRNPUFHQBECLGIOA","CERVPHBAJIXLQWTSDM","GWDERLBOQMCXAKVUN","FBXCLWPKSTUDA","EJKWFG","XGNFE","XUCMBTAOFPJRVW","FMWUOGNXDKAP","BRXPKIFCA","WJFHKXBMUGODITSLQRVP","TQS","TFA","QRHNUC","PWSQHTKAFORCVJGEBIND"],"Placements":[[{"Id":84,"V":9,"NV":9,"TB":0},{"Id":75,"V":6,"NV":6,"TB":0},{"Id":78,"V":6,"NV":6,"TB":0},{"Id":88,"V":6,"NV":6,"TB":0},{"Id":67,"V":5,"NV":5,"TB":0},{"Id":81,"V":5,"NV":5,"TB":0},{"Id":69,"V":4,"NV":4,"TB":0},{"Id":70,"V":4,"NV":4,"TB":0},{"Id":71,"V":3,"NV":3,"TB":0},{"Id":73,"V":3,"NV":3,"TB":0},{"Id":77,"V":3,"NV":3,"TB":0},{"Id":80,"V":3,"NV":3,"TB":0},{"Id":85,"V":3,"NV":3,"TB":0},{"Id":86,"V":3,"NV":3,"TB":0},{"Id":65,"V":2,"NV":2,"TB":0},{"Id":66,"V":2,"NV":2,"TB":0},{"Id":76,"V":2,"NV":2,"TB":0},{"Id":87,"V":2,"NV":2,"TB":0},{"Id":68,"V":1,"NV":1,"TB":0},{"Id":72,"V":1,"NV":1,"TB":0},{"Id":74,"V":1,"NV":1,"TB":0},{"Id":82,"V":1,"NV":1,"TB":0},{"Id":79,"V":0,"NV":0,"TB":0},{"Id":83,"V":0,"NV":0,"TB":1}],[{"Id":84,"V":9,"NV":0,"TB":0},{"Id":75,"V":6,"NV":0,"TB":0},{"Id":78,"V":6,"NV":0,"TB":0},{"Id":88,"V":6,"NV":0,"TB":0},{"Id":67,"V":5,"NV":0,"TB":0},{"Id":81,"V":5,"NV":0,"TB":0},{"Id":69,"V":4,"NV":0,"TB":0},{"Id":70,"V":4,"NV":0,"TB":0},{"Id":71,"V":3,"NV":0,"TB":0},{"Id":73,"V":3,"NV":0,"TB":0},{"Id":77,"V":3,"NV":0,"TB":0},{"Id":80,"V":3,"NV":0,"TB":0},{"Id":85,"V":3,"NV":0,"TB":0},{"Id":86,"V":3,"NV":0,"TB":0},{"Id":65,"V":2,"NV":0,"TB":0},{"Id":66,"V":2,"NV":0,"TB":0},{"Id":76,"V":2,"NV":0,"TB":0},{"Id":87,"V":2,"NV":0,"TB":0},{"Id":68,"V":1,"NV":0,"TB":0},{"Id":72,"V":1,"NV":0,"TB":0},{"Id":74,"V":1,"NV":0,"TB":0},{"Id":82,"V":1,"NV":0,"TB":0},{"Id":79,"V":0,"NV":0,"TB":0}],[{"Id":84,"V":9,"NV":0,"TB":0},{"Id":75,"V":6,"NV":0,"TB":0},{"Id":78,"V":6,"NV":0,"TB":0},{"Id":88,"V":6,"NV":0,"TB":0},{"Id":67,"V":5,"NV":0,"TB":0},{"Id":81,"V":5,"NV":0,"TB":0},{"Id":69,"V":4,"NV":0,"TB":0},{"Id":70,"V":4,"NV":0,"TB":0},{"Id":71,"V":3,"NV":0,"TB":0},{"Id":73,"V":3,"NV":0,"TB":0},{"Id":77,"V":3,"NV":0,"TB":0},{"Id":80,"V":3,"NV":0,"TB":0},{"Id":85,"V":3,"NV":0,"TB":0},{"Id":86,"V":3,"NV":0,"TB":0},{"Id":65,"V":2,"NV":0,"TB":0},{"Id":66,"V":2,"NV":0,"TB":0},{"Id":76,"V":2,"NV":0,"TB":0},{"Id":87,"V":2,"NV":0,"TB":0},{"Id":72,"V":1,"NV":0,"TB":0},{"Id":74,"V":1,"NV":0,"TB":0},{"Id":82,"V":1,"NV":0,"TB":0},{"Id":68,"V":1,"NV":0,"TB":4}],[{"Id":84,"V":9,"NV":0,"TB":0},{"Id":88,"V":7,"NV":1,"TB":0},{"Id":75,"V":6,"NV":0,"TB":0},{"Id":78,"V":6,"NV":0,"TB":0},{"Id":67,"V":5,"NV":0,"TB":0},{"Id":81,"V":5,"NV":0,"TB":0},{"Id":69,"V":4,"NV":0,"TB":0},{"Id":70,"V":4,"NV":0,"TB":0},{"Id":71,"V":3,"NV":0,"TB":0},{"Id":73,"V":3,"NV":0,"TB":0},{"Id":77,"V":3,"NV":0,"TB":0},{"Id":80,"V":3,"NV":0,"TB":0},{"Id":85,"V":3,"NV":0,"TB":0},{"Id":86,"V":3,"NV":0,"TB":0},{"Id":65,"V":2,"NV":0,"TB":0},{"Id":66,"V":2,"NV":0,"TB":0},{"Id":76,"V":2,"NV":0,"TB":0},{"Id":87,"V":2,"NV":0,"TB":0},{"Id":74,"V":1,"NV":0,"TB":0},{"Id":82,"V":1,"NV":0,"TB":0},{"Id":72,"V":1,"NV":0,"TB":3}],[{"Id":84,"V":9,"NV":0,"TB":0},{"Id":88,"V":7,"NV":0,"TB":0},{"Id":75,"V":6,"NV":0,"TB":0},{"Id":78,"V":6,"NV":0,"TB":0},{"Id":81,"V":6,"NV":1,"TB":0},{"Id":67,"V":5,"NV":0,"TB":0},{"Id":69,"V":4,"NV":0,"TB":0},{"Id":70,"V":4,"NV":0,"TB":0},{"Id":71,"V":3,"NV":0,"TB":0},{"Id":73,"V":3,"NV":0,"TB":0},{"Id":77,"V":3,"NV":0,"TB":0},{"Id":80,"V":3,"NV":0,"TB":0},{"Id":85,"V":3,"NV":0,"TB":0},{"Id":86,"V":3,"NV":0,"TB":0},{"Id":65,"V":2,"NV":0,"TB":0},{"Id":66,"V":2,"NV":0,"TB":0},{"Id":76,"V":2,"NV":0,"TB":0},{"Id":87,"V":2,"NV":0,"TB":0},{"Id":82,"V":1,"NV":0,"TB":0},{"Id":74,"V":1,"NV":0,"TB":2}],[{"Id":84,"V":9,"NV":0,"TB":0},{"Id":88,"V":7,"NV":0,"TB":0},{"Id":75,"V":6,"NV":0,"TB":0},{"Id":78,"V":6,"NV":0,"TB":0},{"Id":81,"V":6,"NV":0,"TB":0},{"Id":67,"V":5,"NV":0,"TB":0},{"Id":69,"V":4,"NV":0,"TB":0},{"Id":70,"V":4,"NV":0,"TB":0},{"Id":71,"V":3,"NV":0,"TB":0},{"Id":73,"V":3,"NV":0,"TB":0},{"Id":77,"V":3,"NV":0,"TB":0},{"Id":80,"V":3,"NV":0,"TB":0},{"Id":85,"V":3,"NV":0,"TB":0},{"Id":86,"V":3,"NV":0,"TB":0},{"Id":65,"V":2,"NV":0,"TB":0},{"Id":66,"V":2,"NV":0,"TB":0},{"Id":76,"V":2,"NV":0,"TB":0},{"Id":87,"V":2,"NV":0,"TB":0},{"Id":82,"V":1,"NV":0,"TB":0}],[{"Id":84,"V":9,"NV":0,"TB":0},{"Id":88,"V":7,"NV":0,"TB":0},{"Id":75,"V":6,"NV":0,"TB":0},{"Id":78,"V":6,"NV":0,"TB":0},{"Id":81,"V":6,"NV":0,"TB":0},{"Id":67,"V":5,"NV":0,"TB":0},{"Id":69,"V":4,"NV":0,"TB":0},{"Id":70,"V":4,"NV":0,"TB":0},{"Id":85,"V":4,"NV":1,"TB":0},{"Id":71,"V":3,"NV":0,"TB":0},{"Id":73,"V":3,"NV":0,"TB":0},{"Id":77,"V":3,"NV":0,"TB":0},{"Id":80,"V":3,"NV":0,"TB":0},{"Id":86,"V":3,"NV":0,"TB":0},{"Id":65,"V":2,"NV":0,"TB":0},{"Id":66,"V":2,"NV":0,"TB":0},{"Id":87,"V":2,"NV":0,"TB":0},{"Id":76,"V":2,"NV":0,"TB":2}],[{"Id":84,"V":9,"NV":0,"TB":0},{"Id":88,"V":7,"NV":0,"TB":0},{"Id":75,"V":6,"NV":0,"TB":0},{"Id":78,"V":6,"NV":0,"TB":0},{"Id":81,"V":6,"NV":0,"TB":0},{"Id":67,"V":5,"NV":0,"TB":0},{"Id":69,"V":4,"NV":0,"TB":0},{"Id":70,"V":4,"NV":0,"TB":0},{"Id":85,"V":4,"NV":0,"TB":0},{"Id":86,"V":4,"NV":1,"TB":0},{"Id":71,"V":3,"NV":0,"TB":0},{"Id":73,"V":3,"NV":0,"TB":0},{"Id":77,"V":3,"NV":0,"TB":0},{"Id":80,"V":3,"NV":0,"TB":0},{"Id":87,"V":3,"NV":1,"TB":0},{"Id":65,"V":2,"NV":0,"TB":0},{"Id":66,"V":2,"NV":0,"TB":1}],[{"Id":84,"V":9,"NV":0,"TB":0},{"Id":88,"V":8,"NV":1,"TB":0},{"Id":81,"V":7,"NV":1,"TB":0},{"Id":75,"V":6,"NV":0,"TB":0},{"Id":78,"V":6,"NV":0,"TB":0},{"Id":67,"V":5,"NV":0,"TB":0},{"Id":69,"V":4,"NV":0,"TB":0},{"Id":70,"V":4,"NV":0,"TB":0},{"Id":85,"V":4,"NV":0,"TB":0},{"Id":86,"V":4,"NV":0,"TB":0},{"Id":71,"V":3,"NV":0,"TB":0},{"Id":73,"V":3,"NV":0,"TB":0},{"Id":77,"V":3,"NV":0,"TB":0},{"Id":80,"V":3,"NV":0,"TB":0},{"Id":87,"V":3,"NV":0,"TB":0},{"Id":65,"V":2,"NV":0,"TB":0}],[{"Id":84,"V":9,"NV":0,"TB":0},{"Id":81,"V":8,"NV":1,"TB":0},{"Id":88,"V":8,"NV":0,"TB":0},{"Id":75,"V":6,"NV":0,"TB":0},{"Id":78,"V":6,"NV":0,"TB":0},{"Id":67,"V":5,"NV":0,"TB":0},{"Id":69,"V":4,"NV":0,"TB":0},{"Id":70,"V":4,"NV":0,"TB":0},{"Id":80,"V":4,"NV":1,"TB":0},{"Id":85,"V":4,"NV":0,"TB":0},{"Id":86,"V":4,"NV":0,"TB":0},{"Id":73,"V":3,"NV":0,"TB":0},{"Id":77,"V":3,"NV":0,"TB":0},{"Id":87,"V":3,"NV":0,"TB":0},{"Id":71,"V":3,"NV":0,"TB":4}],[{"Id":84,"V":9,"NV":0,"TB":0},{"Id":81,"V":8,"NV":0,"TB":0},{"Id":88,"V":8,"NV":0,"TB":0},{"Id":75,"V":7,"NV":1,"TB":0},{"Id":78,"V":6,"NV":0,"TB":0},{"Id":67,"V":5,"NV":0,"TB":0},{"Id":69,"V":4,"NV":0,"TB":0},{"Id":70,"V":4,"NV":0,"TB":0},{"Id":80,"V":4,"NV":0,"TB":0},{"Id":85,"V":4,"NV":0,"TB":0},{"Id":86,"V":4,"NV":0,"TB":0},{"Id":87,"V":4,"NV":1,"TB":0},{"Id":73,"V":3,"NV":0,"TB":0},{"Id":77,"V":3,"NV":0,"TB":1}],[{"Id":84,"V":9,"NV":0,"TB":0},{"Id":81,"V":8,"NV":0,"TB":0},{"Id":88,"V":8,"NV":0,"TB":0},{"Id":75,"V":7,"NV":0,"TB":0},{"Id":78,"V":6,"NV":0,"TB":0},{"Id":67,"V":5,"NV":0,"TB":0},{"Id":69,"V":5,"NV":1,"TB":0},{"Id":70,"V":5,"NV":1,"TB":0},{"Id":87,"V":5,"NV":1,"TB":0},{"Id":80,"V":4,"NV":0,"TB":0},{"Id":85,"V":4,"NV":0,"TB":0},{"Id":86,"V":4,"NV":0,"TB":0},{"Id":73,"V":3,"NV":0,"TB":0}],[{"Id":84,"V":9,"NV":0,"TB":0},{"Id":88,"V":9,"NV":1,"TB":0},{"Id":81,"V":8,"NV":0,"TB":0},{"Id":75,"V":7,"NV":0,"TB":0},{"Id":78,"V":6,"NV":0,"TB":0},{"Id":67,"V":5,"NV":0,"TB":0},{"Id":69,"V":5,"NV":0,"TB":0},{"Id":70,"V":5,"NV":0,"TB":0},{"Id":80,"V":5,"NV":1,"TB":0},{"Id":85,"V":5,"NV":1,"TB":0},{"Id":87,"V":5,"NV":0,"TB":0},{"Id":86,"V":4,"NV":0,"TB":0}],[{"Id":84,"V":10,"NV":1,"TB":0},{"Id":88,"V":9,"NV":0,"TB":0},{"Id":81,"V":8,"NV":0,"TB":0},{"Id":75,"V":7,"NV":0,"TB":0},{"Id":67,"V":6,"NV":1,"TB":0},{"Id":78,"V":6,"NV":0,"TB":0},{"Id":85,"V":6,"NV":1,"TB":0},{"Id":69,"V":5,"NV":0,"TB":0},{"Id":70,"V":5,"NV":0,"TB":0},{"Id":80,"V":5,"NV":0,"TB":0},{"Id":87,"V":5,"NV":0,"TB":1}],[{"Id":84,"V":11,"NV":1,"TB":0},{"Id":88,"V":10,"NV":1,"TB":0},{"Id":81,"V":8,"NV":0,"TB":0},{"Id":75,"V":7,"NV":0,"TB":0},{"Id":67,"V":6,"NV":0,"TB":0},{"Id":69,"V":6,"NV":1,"TB":0},{"Id":70,"V":6,"NV":1,"TB":0},{"Id":80,"V":6,"NV":1,"TB":0},{"Id":85,"V":6,"NV":0,"TB":0},{"Id":78,"V":6,"NV":0,"TB":3}],[{"Id":84,"V":11,"NV":0,"TB":0},{"Id":88,"V":10,"NV":0,"TB":0},{"Id":75,"V":8,"NV":1,"TB":0},{"Id":81,"V":8,"NV":0,"TB":0},{"Id":67,"V":7,"NV":1,"TB":0},{"Id":85,"V":7,"NV":1,"TB":0},{"Id":69,"V":6,"NV":0,"TB":0},{"Id":70,"V":6,"NV":0,"TB":0},{"Id":80,"V":6,"NV":0,"TB":1}],[{"Id":84,"V":12,"NV":1,"TB":0},{"Id":88,"V":11,"NV":1,"TB":0},{"Id":75,"V":9,"NV":1,"TB":0},{"Id":81,"V":9,"NV":1,"TB":0},{"Id":67,"V":7,"NV":0,"TB":0},{"Id":70,"V":7,"NV":1,"TB":0},{"Id":85,"V":7,"NV":0,"TB":0},{"Id":69,"V":6,"NV":0,"TB":0}],[{"Id":84,"V":14,"NV":2,"TB":0},{"Id":88,"V":11,"NV":0,"TB":0},{"Id":75,"V":10,"NV":1,"TB":0},{"Id":81,"V":10,"NV":1,"TB":0},{"Id":85,"V":8,"NV":1,"TB":0},{"Id":70,"V":7,"NV":0,"TB":0},{"Id":67,"V":7,"NV":0,"TB":2}],[{"Id":84,"V":15,"NV":1,"TB":0},{"Id":88,"V":13,"NV":2,"TB":0},{"Id":75,"V":11,"NV":1,"TB":0},{"Id":81,"V":10,"NV":0,"TB":0},{"Id":85,"V":9,"NV":1,"TB":0},{"Id":70,"V":8,"NV":1,"TB":0}],[{"Id":84,"V":17,"NV":2,"TB":0},{"Id":88,"V":14,"NV":1,"TB":0},{"Id":75,"V":13,"NV":2,"TB":0},{"Id":81,"V":11,"NV":1,"TB":0},{"Id":85,"V":11,"NV":2,"TB":1}],[{"Id":88,"V":18,"NV":4,"TB":0},{"Id":84,"V":17,"NV":0,"TB":0},{"Id":75,"V":13,"NV":0,"TB":0},{"Id":81,"V":12,"NV":1,"TB":0}],[{"Id":88,"V":21,"NV":3,"TB":0},{"Id":84,"V":20,"NV":3,"TB":0},{"Id":75,"V":15,"NV":2,"TB":0}],[{"Id":88,"V":28,"NV":7,"TB":0},{"Id":84,"V":23,"NV":3,"TB":0}],[{"Id":88,"V":34,"NV":6,"TB":0}]],"Expires":1603063607,"SecondsLeft":0}