{"Mtype":"results","Title":"Round 3","PollStarted":"2020-07-06T00:30:43.026822483Z","PollDuration":600000000000,"Options":{"65":"Beach Party Trio #2 Featuring Female Mike, Female Keith and Female Tiger Trace? ","66":"Slave Leia Adelaide","67":"Human explorers visit the western Basitin territory and try to establish a trade agreement with them, offering gifts for peaceful relations.","68":"After a long day of EVIL and VILLAINY, Clovis relaxes and takes off the socks (the fur pattern)","69":"Cat Nora Against the Glass","70":"YoungTini while in control of Clovis starts getting romantically involved with Brutus much to the annoyance/jealousy of the possessed Clovis. ","71":"Merfolk Raine peacefully sits on the rocks of a calm lagoon","72":"A sequel to Mike and FemMike meet. FemMike meets Evals and she thinks he’s cute.","73":"Art contest between Eric and Saria: Saria draws Kat, while Eric is supposed to draw Rose.","74":"Keith as Ratchet from Ratchet \u0026 Clank","75":"A spiritual follow up to 'Island Style Reni' - Reni is reared up on her hindlegs and attempting to do a hula-dance--only to have her skirt fall and end up around her ankles.","76":"Raine decides to become Red’s new magic teacher and he excels, all he needed was the right teacher","77":"Keith and Natani kissing at the beach while sunset and the sea in the background ","78":"Keith as Knight Artorias from Dark Souls","79":"Flora embarrassingly doing that elevator butt thing cats do when you scratch the base of their tail","80":"Good Morning Adelaide...except she's embarrass cause she can't fit your human size bed.","81":"Mike sits a couch while surrounded by Erilas, the wolf girl and coyote girl, female Evals and Kat look at him with desire.","82":"Gender Bent Alternate Universe Zen and Natani","83":"Summer time beach volley ball! Trace, Red, Keith and Sythe play a game of beach volley ball in their swimsuits as Flora, Raine, Maren and Natani Cheer them on!","84":"Zen tends to a zen garden","85":"Karen teases Maddie while dressed in a replica of a Basitin military uniform.","86":"Hoodie Kathrin riding on longboard","87":"Arts and Crafts day in Trace’s manor. ","88":"Trace and Keith sparring, Basitin style bonding ","89":"Adira takes Maeve on a trip to the snow! They find penguins to play with!","90":"Angel Flora fighting an out of control Demon Tiger Trace to bring him back to his senses","97":"Kat as a wandering bard singing tales of adventure.","98":"Cat Nora meets Windstraw"},"ExpectedBallots":56,"CountedBallots":56,"Ballots":["TRYA","FDRTQY","P","GTbYLHR","KMDSFQV","bMGDF","ZPOF","aQUTYGCRSHAKBIMLOXPEVbDZWF","bGTCDHEVIMU","D","bEYaG","IPAZYBUbLE","UGIDaVZT","EOHMV","ZOWXQT","LSFMZ","ZFOaMG","BDRFYCbZTEMVNQKaXSLHJUWOAGPI","DRHOQA","DOL","MS","GLCU","bO","IT","OGZY","QHSEAFCOMVRIBKTXPbYaWZDGLUNJ","LICGXHY","Q","EQAO","JbEWKISaDZ","PAZXVHQOFLESWIYR","BGINUDWAMaOTLKbFER","VGIYWSPCFU","LWTbFIOEXaQSCBJNRZMHDYVAGKPU","MRb","IBRbSXUHQOAMVCPY","TJ","C","AEOR","NHQ","aVEQIW","HYZQ","IP","K","MZSHFIDBPCTR","QOZHWYTPLGJR","FAHQR","OWJNXTKCI","EbIK","IMSHQPFLWETZDY","IKQMVFJXLUCbYD","EJHTONRUCVaBIMPQXSZ","bGTNBIKOPCaQAE","aLMEX","TCUHEPLJMVQNDYSOKFRa","MRQH"],"Placements":[[{"Id":73,"V":6,"NV":6,"TB":0},{"Id":98,"V":5,"NV":5,"TB":0},{"Id":69,"V":4,"NV":4,"TB":0},{"Id":77,"V":4,"NV":4,"TB":0},{"Id":68,"V":3,"NV":3,"TB":0},{"Id":76,"V":3,"NV":3,"TB":0},{"Id":81,"V":3,"NV":3,"TB":0},{"Id":84,"V":3,"NV":3,"TB":0},{"Id":90,"V":3,"NV":3,"TB":0},{"Id":97,"V":3,"NV":3,"TB":0},{"Id":66,"V":2,"NV":2,"TB":0},{"Id":70,"V":2,"NV":2,"TB":0},{"Id":71,"V":2,"NV":2,"TB":0},{"Id":75,"V":2,"NV":2,"TB":0},{"Id":79,"V":2,"NV":2,"TB":0},{"Id":80,"V":2,"NV":2,"TB":0},{"Id":65,"V":1,"NV":1,"TB":0},{"Id":67,"V":1,"NV":1,"TB":0},{"Id":72,"V":1,"NV":1,"TB":0},{"Id":74,"V":1,"NV":1,"TB":0},{"Id":78,"V":1,"NV":1,"TB":0},{"Id":85,"V":1,"NV":1,"TB":0},{"Id":86,"V":1,"NV":1,"TB":0},{"Id":83,"V":0,"NV":0,"TB":0},{"Id":87,"V":0,"NV":0,"TB":0},{"Id":88,"V":0,"NV":0,"TB":0},{"Id":89,"V":0,"NV":0,"TB":0},{"Id":82,"V":0,"NV":0,"TB":5}],[{"Id":73,"V":6,"NV":0,"TB":0},{"Id":98,"V":5,"NV":0,"TB":0},{"Id":69,"V":4,"NV":0,"TB":0},{"Id":77,"V":4,"NV":0,"TB":0},{"Id":68,"V":3,"NV":0,"TB":0},{"Id":76,"V":3,"NV":0,"TB":0},{"Id":81,"V":3,"NV":0,"TB":0},{"Id":84,"V":3,"NV":0,"TB":0},{"Id":90,"V":3,"NV":0,"TB":0},{"Id":97,"V":3,"NV":0,"TB":0},{"Id":66,"V":2,"NV":0,"TB":0},{"Id":70,"V":2,"NV":0,"TB":0},{"Id":71,"V":2,"NV":0,"TB":0},{"Id":75,"V":2,"NV":0,"TB":0},{"Id":79,"V":2,"NV":0,"TB":0},{"Id":80,"V":2,"NV":0,"TB":0},{"Id":65,"V":1,"NV":0,"TB":0},{"Id":67,"V":1,"NV":0,"TB":0},{"Id":72,"V":1,"NV":0,"TB":0},{"Id":74,"V":1,"NV":0,"TB":0},{"Id":78,"V":1,"NV":0,"TB":0},{"Id":85,"V":1,"NV":0,"TB":0},{"Id":86,"V":1,"NV":0,"TB":0},{"Id":87,"V":0,"NV":0,"TB":0},{"Id":88,"V":0,"NV":0,"TB":0},{"Id":89,"V":0,"NV":0,"TB":0},{"Id":83,"V":0,"NV":0,"TB":4}],[{"Id":73,"V":6,"NV":0,"TB":0},{"Id":98,"V":5,"NV":0,"TB":0},{"Id":69,"V":4,"NV":0,"TB":0},{"Id":77,"V":4,"NV":0,"TB":0},{"Id":68,"V":3,"NV":0,"TB":0},{"Id":76,"V":3,"NV":0,"TB":0},{"Id":81,"V":3,"NV":0,"TB":0},{"Id":84,"V":3,"NV":0,"TB":0},{"Id":90,"V":3,"NV":0,"TB":0},{"Id":97,"V":3,"NV":0,"TB":0},{"Id":66,"V":2,"NV":0,"TB":0},{"Id":70,"V":2,"NV":0,"TB":0},{"Id":71,"V":2,"NV":0,"TB":0},{"Id":75,"V":2,"NV":0,"TB":0},{"Id":79,"V":2,"NV":0,"TB":0},{"Id":80,"V":2,"NV":0,"TB":0},{"Id":65,"V":1,"NV":0,"TB":0},{"Id":67,"V":1,"NV":0,"TB":0},{"Id":72,"V":1,"NV":0,"TB":0},{"Id":74,"V":1,"NV":0,"TB":0},{"Id":78,"V":1,"NV":0,"TB":0},{"Id":85,"V":1,"NV":0,"TB":0},{"Id":86,"V":1,"NV":0,"TB":0},{"Id":88,"V":0,"NV":0,"TB":0},{"Id":89,"V":0,"NV":0,"TB":0},{"Id":87,"V":0,"NV":0,"TB":3}],[{"Id":73,"V":6,"NV":0,"TB":0},{"Id":98,"V":5,"NV":0,"TB":0},{"Id":69,"V":4,"NV":0,"TB":0},{"Id":77,"V":4,"NV":0,"TB":0},{"Id":68,"V":3,"NV":0,"TB":0},{"Id":76,"V":3,"NV":0,"TB":0},{"Id":81,"V":3,"NV":0,"TB":0},{"Id":84,"V":3,"NV":0,"TB":0},{"Id":90,"V":3,"NV":0,"TB":0},{"Id":97,"V":3,"NV":0,"TB":0},{"Id":66,"V":2,"NV":0,"TB":0},{"Id":70,"V":2,"NV":0,"TB":0},{"Id":71,"V":2,"NV":0,"TB":0},{"Id":75,"V":2,"NV":0,"TB":0},{"Id":79,"V":2,"NV":0,"TB":0},{"Id":80,"V":2,"NV":0,"TB":0},{"Id":65,"V":1,"NV":0,"TB":0},{"Id":67,"V":1,"NV":0,"TB":0},{"Id":72,"V":1,"NV":0,"TB":0},{"Id":74,"V":1,"NV":0,"TB":0},{"Id":78,"V":1,"NV":0,"TB":0},{"Id":85,"V":1,"NV":0,"TB":0},{"Id":86,"V":1,"NV":0,"TB":0},{"Id":88,"V":0,"NV":0,"TB":0},{"Id":89,"V":0,"NV":0,"TB":1}],[{"Id":73,"V":6,"NV":0,"TB":0},{"Id":98,"V":5,"NV":0,"TB":0},{"Id":69,"V":4,"NV":0,"TB":0},{"Id":77,"V":4,"NV":0,"TB":0},{"Id":68,"V":3,"NV":0,"TB":0},{"Id":76,"V":3,"NV":0,"TB":0},{"Id":81,"V":3,"NV":0,"TB":0},{"Id":84,"V":3,"NV":0,"TB":0},{"Id":90,"V":3,"NV":0,"TB":0},{"Id":97,"V":3,"NV":0,"TB":0},{"Id":66,"V":2,"NV":0,"TB":0},{"Id":70,"V":2,"NV":0,"TB":0},{"Id":71,"V":2,"NV":0,"TB":0},{"Id":75,"V":2,"NV":0,"TB":0},{"Id":79,"V":2,"NV":0,"TB":0},{"Id":80,"V":2,"NV":0,"TB":0},{"Id":65,"V":1,"NV":0,"TB":0},{"Id":67,"V":1,"NV":0,"TB":0},{"Id":72,"V":1,"NV":0,"TB":0},{"Id":74,"V":1,"NV":0,"TB":0},{"Id":78,"V":1,"NV":0,"TB":0},{"Id":85,"V":1,"NV":0,"TB":0},{"Id":86,"V":1,"NV":0,"TB":0},{"Id":88,"V":0,"NV":0,"TB":0}],[{"Id":73,"V":6,"NV":0,"TB":0},{"Id":98,"V":5,"NV":0,"TB":0},{"Id":69,"V":4,"NV":0,"TB":0},{"Id":77,"V":4,"NV":0,"TB":0},{"Id":68,"V":3,"NV":0,"TB":0},{"Id":76,"V":3,"NV":0,"TB":0},{"Id":81,"V":3,"NV":0,"TB":0},{"Id":84,"V":3,"NV":0,"TB":0},{"Id":90,"V":3,"NV":0,"TB":0},{"Id":97,"V":3,"NV":0,"TB":0},{"Id":66,"V":2,"NV":0,"TB":0},{"Id":70,"V":2,"NV":0,"TB":0},{"Id":71,"V":2,"NV":0,"TB":0},{"Id":75,"V":2,"NV":0,"TB":0},{"Id":79,"V":2,"NV":0,"TB":0},{"Id":80,"V":2,"NV":0,"TB":0},{"Id":67,"V":1,"NV":0,"TB":0},{"Id":72,"V":1,"NV":0,"TB":0},{"Id":74,"V":1,"NV":0,"TB":0},{"Id":78,"V":1,"NV":0,"TB":0},{"Id":85,"V":1,"NV":0,"TB":0},{"Id":86,"V":1,"NV":0,"TB":0},{"Id":65,"V":1,"NV":0,"TB":7}],[{"Id":73,"V":6,"NV":0,"TB":0},{"Id":69,"V":5,"NV":1,"TB":0},{"Id":98,"V":5,"NV":0,"TB":0},{"Id":77,"V":4,"NV":0,"TB":0},{"Id":68,"V":3,"NV":0,"TB":0},{"Id":76,"V":3,"NV":0,"TB":0},{"Id":81,"V":3,"NV":0,"TB":0},{"Id":84,"V":3,"NV":0,"TB":0},{"Id":90,"V":3,"NV":0,"TB":0},{"Id":97,"V":3,"NV":0,"TB":0},{"Id":66,"V":2,"NV":0,"TB":0},{"Id":70,"V":2,"NV":0,"TB":0},{"Id":71,"V":2,"NV":0,"TB":0},{"Id":75,"V":2,"NV":0,"TB":0},{"Id":79,"V":2,"NV":0,"TB":0},{"Id":80,"V":2,"NV":0,"TB":0},{"Id":67,"V":1,"NV":0,"TB":0},{"Id":72,"V":1,"NV":0,"TB":0},{"Id":78,"V":1,"NV":0,"TB":0},{"Id":85,"V":1,"NV":0,"TB":0},{"Id":86,"V":1,"NV":0,"TB":0},{"Id":74,"V":1,"NV":0,"TB":4}],[{"Id":73,"V":6,"NV":0,"TB":0},{"Id":98,"V":6,"NV":1,"TB":0},{"Id":69,"V":5,"NV":0,"TB":0},{"Id":77,"V":4,"NV":0,"TB":0},{"Id":68,"V":3,"NV":0,"TB":0},{"Id":76,"V":3,"NV":0,"TB":0},{"Id":81,"V":3,"NV":0,"TB":0},{"Id":84,"V":3,"NV":0,"TB":0},{"Id":90,"V":3,"NV":0,"TB":0},{"Id":97,"V":3,"NV":0,"TB":0},{"Id":66,"V":2,"NV":0,"TB":0},{"Id":70,"V":2,"NV":0,"TB":0},{"Id":71,"V":2,"NV":0,"TB":0},{"Id":75,"V":2,"NV":0,"TB":0},{"Id":79,"V":2,"NV":0,"TB":0},{"Id":80,"V":2,"NV":0,"TB":0},{"Id":67,"V":1,"NV":0,"TB":0},{"Id":72,"V":1,"NV":0,"TB":0},{"Id":85,"V":1,"NV":0,"TB":0},{"Id":86,"V":1,"NV":0,"TB":0},{"Id":78,"V":1,"NV":0,"TB":3}],[{"Id":73,"V":6,"NV":0,"TB":0},{"Id":98,"V":6,"NV":0,"TB":0},{"Id":69,"V":5,"NV":0,"TB":0},{"Id":77,"V":4,"NV":0,"TB":0},{"Id":68,"V":3,"NV":0,"TB":0},{"Id":76,"V":3,"NV":0,"TB":0},{"Id":81,"V":3,"NV":0,"TB":0},{"Id":84,"V":3,"NV":0,"TB":0},{"Id":90,"V":3,"NV":0,"TB":0},{"Id":97,"V":3,"NV":0,"TB":0},{"Id":66,"V":2,"NV":0,"TB":0},{"Id":70,"V":2,"NV":0,"TB":0},{"Id":71,"V":2,"NV":0,"TB":0},{"Id":72,"V":2,"NV":1,"TB":0},{"Id":75,"V":2,"NV":0,"TB":0},{"Id":79,"V":2,"NV":0,"TB":0},{"Id":80,"V":2,"NV":0,"TB":0},{"Id":85,"V":1,"NV":0,"TB":0},{"Id":86,"V":1,"NV":0,"TB":0},{"Id":67,"V":1,"NV":0,"TB":3}],[{"Id":73,"V":6,"NV":0,"TB":0},{"Id":98,"V":6,"NV":0,"TB":0},{"Id":69,"V":5,"NV":0,"TB":0},{"Id":77,"V":4,"NV":0,"TB":0},{"Id":68,"V":3,"NV":0,"TB":0},{"Id":76,"V":3,"NV":0,"TB":0},{"Id":81,"V":3,"NV":0,"TB":0},{"Id":84,"V":3,"NV":0,"TB":0},{"Id":90,"V":3,"NV":0,"TB":0},{"Id":97,"V":3,"NV":0,"TB":0},{"Id":66,"V":2,"NV":0,"TB":0},{"Id":70,"V":2,"NV":0,"TB":0},{"Id":71,"V":2,"NV":0,"TB":0},{"Id":72,"V":2,"NV":0,"TB":0},{"Id":75,"V":2,"NV":0,"TB":0},{"Id":79,"V":2,"NV":0,"TB":0},{"Id":80,"V":2,"NV":0,"TB":0},{"Id":85,"V":1,"NV":0,"TB":0},{"Id":86,"V":1,"NV":0,"TB":1}],[{"Id":73,"V":6,"NV":0,"TB":0},{"Id":98,"V":6,"NV":0,"TB":0},{"Id":69,"V":5,"NV":0,"TB":0},{"Id":77,"V":4,"NV":0,"TB":0},{"Id":68,"V":3,"NV":0,"TB":0},{"Id":71,"V":3,"NV":1,"TB":0},{"Id":76,"V":3,"NV":0,"TB":0},{"Id":81,"V":3,"NV":0,"TB":0},{"Id":84,"V":3,"NV":0,"TB":0},{"Id":90,"V":3,"NV":0,"TB":0},{"Id":97,"V":3,"NV":0,"TB":0},{"Id":66,"V":2,"NV":0,"TB":0},{"Id":70,"V":2,"NV":0,"TB":0},{"Id":72,"V":2,"NV":0,"TB":0},{"Id":75,"V":2,"NV":0,"TB":0},{"Id":79,"V":2,"NV":0,"TB":0},{"Id":80,"V":2,"NV":0,"TB":0},{"Id":85,"V":1,"NV":0,"TB":0}],[{"Id":73,"V":6,"NV":0,"TB":0},{"Id":98,"V":6,"NV":0,"TB":0},{"Id":69,"V":5,"NV":0,"TB":0},{"Id":71,"V":4,"NV":1,"TB":0},{"Id":77,"V":4,"NV":0,"TB":0},{"Id":68,"V":3,"NV":0,"TB":0},{"Id":76,"V":3,"NV":0,"TB":0},{"Id":81,"V":3,"NV":0,"TB":0},{"Id":84,"V":3,"NV":0,"TB":0},{"Id":90,"V":3,"NV":0,"TB":0},{"Id":97,"V":3,"NV":0,"TB":0},{"Id":66,"V":2,"NV":0,"TB":0},{"Id":70,"V":2,"NV":0,"TB":0},{"Id":72,"V":2,"NV":0,"TB":0},{"Id":75,"V":2,"NV":0,"TB":0},{"Id":79,"V":2,"NV":0,"TB":0},{"Id":80,"V":2,"NV":0,"TB":1}],[{"Id":73,"V":6,"NV":0,"TB":0},{"Id":98,"V":6,"NV":0,"TB":0},{"Id":69,"V":5,"NV":0,"TB":0},{"Id":71,"V":4,"NV":0,"TB":0},{"Id":77,"V":4,"NV":0,"TB":0},{"Id":90,"V":4,"NV":1,"TB":0},{"Id":68,"V":3,"NV":0,"TB":0},{"Id":76,"V":3,"NV":0,"TB":0},{"Id":81,"V":3,"NV":0,"TB":0},{"Id":84,"V":3,"NV":0,"TB":0},{"Id":97,"V":3,"NV":0,"TB":0},{"Id":70,"V":2,"NV":0,"TB":0},{"Id":72,"V":2,"NV":0,"TB":0},{"Id":75,"V":2,"NV":0,"TB":0},{"Id":79,"V":2,"NV":0,"TB":0},{"Id":66,"V":2,"NV":0,"TB":5}],[{"Id":73,"V":6,"NV":0,"TB":0},{"Id":98,"V":6,"NV":0,"TB":0},{"Id":69,"V":5,"NV":0,"TB":0},{"Id":71,"V":5,"NV":1,"TB":0},{"Id":68,"V":4,"NV":1,"TB":0},{"Id":77,"V":4,"NV":0,"TB":0},{"Id":90,"V":4,"NV":0,"TB":0},{"Id":76,"V":3,"NV":0,"TB":0},{"Id":81,"V":3,"NV":0,"TB":0},{"Id":84,"V":3,"NV":0,"TB":0},{"Id":97,"V":3,"NV":0,"TB":0},{"Id":72,"V":2,"NV":0,"TB":0},{"Id":75,"V":2,"NV":0,"TB":0},{"Id":79,"V":2,"NV":0,"TB":0},{"Id":70,"V":2,"NV":0,"TB":4}],[{"Id":73,"V":6,"NV":0,"TB":0},{"Id":98,"V":6,"NV":0,"TB":0},{"Id":68,"V":5,"NV":1,"TB":0},{"Id":69,"V":5,"NV":0,"TB":0},{"Id":71,"V":5,"NV":0,"TB":0},{"Id":77,"V":4,"NV":0,"TB":0},{"Id":90,"V":4,"NV":0,"TB":0},{"Id":72,"V":3,"NV":1,"TB":0},{"Id":76,"V":3,"NV":0,"TB":0},{"Id":81,"V":3,"NV":0,"TB":0},{"Id":84,"V":3,"NV":0,"TB":0},{"Id":97,"V":3,"NV":0,"TB":0},{"Id":75,"V":2,"NV":0,"TB":0},{"Id":79,"V":2,"NV":0,"TB":1}],[{"Id":71,"V":6,"NV":1,"TB":0},{"Id":73,"V":6,"NV":0,"TB":0},{"Id":98,"V":6,"NV":0,"TB":0},{"Id":68,"V":5,"NV":0,"TB":0},{"Id":69,"V":5,"NV":0,"TB":0},{"Id":77,"V":4,"NV":0,"TB":0},{"Id":84,"V":4,"NV":1,"TB":0},{"Id":90,"V":4,"NV":0,"TB":0},{"Id":72,"V":3,"NV":0,"TB":0},{"Id":76,"V":3,"NV":0,"TB":0},{"Id":81,"V":3,"NV":0,"TB":0},{"Id":97,"V":3,"NV":0,"TB":0},{"Id":75,"V":2,"NV":0,"TB":0}],[{"Id":71,"V":6,"NV":0,"TB":0},{"Id":73,"V":6,"NV":0,"TB":0},{"Id":98,"V":6,"NV":0,"TB":0},{"Id":68,"V":5,"NV":0,"TB":0},{"Id":69,"V":5,"NV":0,"TB":0},{"Id":77,"V":5,"NV":1,"TB":0},{"Id":84,"V":4,"NV":0,"TB":0},{"Id":90,"V":4,"NV":0,"TB":0},{"Id":72,"V":3,"NV":0,"TB":0},{"Id":81,"V":3,"NV":0,"TB":0},{"Id":97,"V":3,"NV":0,"TB":0},{"Id":76,"V":3,"NV":0,"TB":3}],[{"Id":73,"V":7,"NV":1,"TB":0},{"Id":71,"V":6,"NV":0,"TB":0},{"Id":77,"V":6,"NV":1,"TB":0},{"Id":98,"V":6,"NV":0,"TB":0},{"Id":68,"V":5,"NV":0,"TB":0},{"Id":69,"V":5,"NV":0,"TB":0},{"Id":84,"V":5,"NV":1,"TB":0},{"Id":90,"V":4,"NV":0,"TB":0},{"Id":72,"V":3,"NV":0,"TB":0},{"Id":97,"V":3,"NV":0,"TB":0},{"Id":81,"V":3,"NV":0,"TB":2}],[{"Id":73,"V":7,"NV":0,"TB":0},{"Id":71,"V":6,"NV":0,"TB":0},{"Id":77,"V":6,"NV":0,"TB":0},{"Id":98,"V":6,"NV":0,"TB":0},{"Id":68,"V":5,"NV":0,"TB":0},{"Id":69,"V":5,"NV":0,"TB":0},{"Id":84,"V":5,"NV":0,"TB":0},{"Id":90,"V":5,"NV":1,"TB":0},{"Id":72,"V":4,"NV":1,"TB":0},{"Id":97,"V":3,"NV":0,"TB":0}],[{"Id":73,"V":7,"NV":0,"TB":0},{"Id":77,"V":7,"NV":1,"TB":0},{"Id":69,"V":6,"NV":1,"TB":0},{"Id":71,"V":6,"NV":0,"TB":0},{"Id":84,"V":6,"NV":1,"TB":0},{"Id":98,"V":6,"NV":0,"TB":0},{"Id":68,"V":5,"NV":0,"TB":0},{"Id":90,"V":5,"NV":0,"TB":0},{"Id":72,"V":4,"NV":0,"TB":0}],[{"Id":69,"V":7,"NV":1,"TB":0},{"Id":73,"V":7,"NV":0,"TB":0},{"Id":77,"V":7,"NV":0,"TB":0},{"Id":71,"V":6,"NV":0,"TB":0},{"Id":84,"V":6,"NV":0,"TB":0},{"Id":90,"V":6,"NV":1,"TB":0},{"Id":98,"V":6,"NV":0,"TB":0},{"Id":68,"V":5,"NV":0,"TB":0}],[{"Id":69,"V":7,"NV":0,"TB":0},{"Id":73,"V":7,"NV":0,"TB":0},{"Id":77,"V":7,"NV":0,"TB":0},{"Id":84,"V":7,"NV":1,"TB":0},{"Id":98,"V":7,"NV":1,"TB":0},{"Id":71,"V":6,"NV":0,"TB":0},{"Id":90,"V":6,"NV":0,"TB":1}],[{"Id":84,"V":9,"NV":2,"TB":0},{"Id":69,"V":8,"NV":1,"TB":0},{"Id":77,"V":8,"NV":1,"TB":0},{"Id":73,"V":7,"NV":0,"TB":0},{"Id":98,"V":7,"NV":0,"TB":0},{"Id":71,"V":6,"NV":0,"TB":0}],[{"Id":73,"V":10,"NV":3,"TB":0},{"Id":84,"V":10,"NV":1,"TB":0},{"Id":69,"V":8,"NV":0,"TB":0},{"Id":77,"V":8,"NV":0,"TB":0},{"Id":98,"V":7,"NV":0,"TB":0}],[{"Id":84,"V":13,"NV":3,"TB":0},{"Id":69,"V":10,"NV":2,"TB":0},{"Id":73,"V":10,"NV":0,"TB":0},{"Id":77,"V":9,"NV":1,"TB":0}],[{"Id":84,"V":13,"NV":0,"TB":0},{"Id":73,"V":11,"NV":1,"TB":0},{"Id":69,"V":11,"NV":1,"TB":2}],[{"Id":73,"V":16,"NV":5,"TB":0},{"Id":84,"V":14,"NV":1,"TB":0}],[{"Id":73,"V":23,"NV":7,"TB":0}]],"Expires":1593996642,"SecondsLeft":0}