{"Mtype":"results","Title":"Round 2","PollStarted":"2020-10-04T23:21:45.723275227Z","PollDuration":600000000000,"Options":{"65":"Drive-In: Raine finds herself wolfing out at the most inopportune time while enjoying a cheesey monster flick with Red at the local drive-in.","66":"\"Disney Princess\" Reni rawr-singing while surrounded by forest critters.","67":"keith as john whick avenging the killing of his wolf","68":"Sythe stuck in a zoo as an exhibit.","69":"Flustered Reni scratches an itch with her hind leg and wags her tail while trying to resist after mindreading a puppy goes wrong.","70":"heavy metal maeve","71":"Cuddling in bed, Flora accidentally gives Trace a love bite a little too hard. ","72":"Heartthrob - Evals pulls Mike out of harm's way and into his chest. Mike gets flustered hearing Evals's heartbeat.","73":"The explorers study ancient wall paintings in company of Tigress.","74":"Very Fixen Clovis' Rival: Wreck-It Raine. (Halloween Costume?)","75":"Kat meets a genie, and wishes for the ability to have kids and go into heat! Should've been careful what she wished for…","76":"Sythe and Maren dancing at a new Dragon Masquerade Ball.","77":"Clovis uses the amulet to turn male again for the first time, but it doesn't seem to work. Distraught, s/he decides to give up the guild \u0026 runs away with Brutus. Then the amulet works and without missing a beat Clovis is like \"Evil's back on the menu boys!\"","78":"Adelaide as a Female Dullahan (Headless Horsewoman)","79":"Kat dressed as 2B from nier automata","80":"Mike meets Fem-Mike and Very Vixen Mike","81":"Body Costume Swap featuring Rose and Saria: Rose finds the idea of being in charge fun until Trace shows up and tries to be affectionate","82":"Mafia Nat and Zen are ordered to perform a hit on Keith (Member of a rival Mafia) but things don't go as planned","83":"Remus and Romulus as the Mario Brothers ","84":"Keith as an early 20th century private detective","85":"Sythe dressed as a Dragoon (Drachen Mail) from FFXIV with Mrs. Nibbly on his shoulder. ","86":"Keidran heavy-metal music band","87":"Sequel to Human Kat. Eric asks the Kat to wear something. Kat decides to make a maid costume based on illustrations from Eric's books. But it's very lewd and this costume make things worse.","88":"Willow meets Ori from Will of The Wisps."},"ExpectedBallots":65,"CountedBallots":65,"Ballots":["BDF","HRSLM","SBDIWTARJLHEFKPVGQM","EP","LDUAB","AQNO","XOLIKE","O","BSADLHTGKCEN","EB","HIL","HFOUCGWEBDLTVNA","AQKFOTWBL","IK","KXPGHWJCSTFVD","GQRK","RTGQMBFOISH","AJQHDGKX","NRHTVGP","KIAQN","WQPKNGM","PJQKAB","BLEXQV","AG","JK","HFBVDS","HPKX","NUDLPCJKAOXHQVFRBIMSWGTE","L","BEFVJ","SDFBGAEX","KOVFWBT","PWKMGHOB","AGQWLE","QWTRHALGNEFVXKIC","AOETJNBRIKMSLUXHCPDFQWV","QPSFNLIKRHDM","IFL","QRWBTHPNSVAKF","HCJ","DOPHN","KPHWAGE","TDKSRMBCIPFGEAHQOLWVUXNJ","HWPOGDBIQKMSFJNRLXAEVCTU","SQWILORTNM","TPEQOKCLARUMHWXB","KWOEPX","A","WQLBFGE","VFDT","QGNA","NDM","XILKBU","RCBILDSNFVGQPTEMOJ","W","TOELBDGMFSQXINVWA","DXWFKIOPTEBUML","XKOVDLUHTEMIG","OKDHL","DXGC","SQIFTWRPCGHBAUE","SJA","GONQLMHPK","KGO","I"],"Placements":[[{"Id":65,"V":7,"NV":7,"TB":0},{"Id":72,"V":7,"NV":7,"TB":0},{"Id":75,"V":6,"NV":6,"TB":0},{"Id":83,"V":5,"NV":5,"TB":0},{"Id":66,"V":4,"NV":4,"TB":0},{"Id":81,"V":4,"NV":4,"TB":0},{"Id":68,"V":3,"NV":3,"TB":0},{"Id":73,"V":3,"NV":3,"TB":0},{"Id":78,"V":3,"NV":3,"TB":0},{"Id":84,"V":3,"NV":3,"TB":0},{"Id":87,"V":3,"NV":3,"TB":0},{"Id":88,"V":3,"NV":3,"TB":0},{"Id":69,"V":2,"NV":2,"TB":0},{"Id":71,"V":2,"NV":2,"TB":0},{"Id":76,"V":2,"NV":2,"TB":0},{"Id":79,"V":2,"NV":2,"TB":0},{"Id":80,"V":2,"NV":2,"TB":0},{"Id":82,"V":2,"NV":2,"TB":0},{"Id":74,"V":1,"NV":1,"TB":0},{"Id":86,"V":1,"NV":1,"TB":0},{"Id":67,"V":0,"NV":0,"TB":0},{"Id":77,"V":0,"NV":0,"TB":0},{"Id":85,"V":0,"NV":0,"TB":0},{"Id":70,"V":0,"NV":0,"TB":3}],[{"Id":65,"V":7,"NV":0,"TB":0},{"Id":72,"V":7,"NV":0,"TB":0},{"Id":75,"V":6,"NV":0,"TB":0},{"Id":83,"V":5,"NV":0,"TB":0},{"Id":66,"V":4,"NV":0,"TB":0},{"Id":81,"V":4,"NV":0,"TB":0},{"Id":68,"V":3,"NV":0,"TB":0},{"Id":73,"V":3,"NV":0,"TB":0},{"Id":78,"V":3,"NV":0,"TB":0},{"Id":84,"V":3,"NV":0,"TB":0},{"Id":87,"V":3,"NV":0,"TB":0},{"Id":88,"V":3,"NV":0,"TB":0},{"Id":69,"V":2,"NV":0,"TB":0},{"Id":71,"V":2,"NV":0,"TB":0},{"Id":76,"V":2,"NV":0,"TB":0},{"Id":79,"V":2,"NV":0,"TB":0},{"Id":80,"V":2,"NV":0,"TB":0},{"Id":82,"V":2,"NV":0,"TB":0},{"Id":74,"V":1,"NV":0,"TB":0},{"Id":86,"V":1,"NV":0,"TB":0},{"Id":77,"V":0,"NV":0,"TB":0},{"Id":85,"V":0,"NV":0,"TB":0},{"Id":67,"V":0,"NV":0,"TB":3}],[{"Id":65,"V":7,"NV":0,"TB":0},{"Id":72,"V":7,"NV":0,"TB":0},{"Id":75,"V":6,"NV":0,"TB":0},{"Id":83,"V":5,"NV":0,"TB":0},{"Id":66,"V":4,"NV":0,"TB":0},{"Id":81,"V":4,"NV":0,"TB":0},{"Id":68,"V":3,"NV":0,"TB":0},{"Id":73,"V":3,"NV":0,"TB":0},{"Id":78,"V":3,"NV":0,"TB":0},{"Id":84,"V":3,"NV":0,"TB":0},{"Id":87,"V":3,"NV":0,"TB":0},{"Id":88,"V":3,"NV":0,"TB":0},{"Id":69,"V":2,"NV":0,"TB":0},{"Id":71,"V":2,"NV":0,"TB":0},{"Id":76,"V":2,"NV":0,"TB":0},{"Id":79,"V":2,"NV":0,"TB":0},{"Id":80,"V":2,"NV":0,"TB":0},{"Id":82,"V":2,"NV":0,"TB":0},{"Id":74,"V":1,"NV":0,"TB":0},{"Id":86,"V":1,"NV":0,"TB":0},{"Id":85,"V":0,"NV":0,"TB":0},{"Id":77,"V":0,"NV":0,"TB":2}],[{"Id":65,"V":7,"NV":0,"TB":0},{"Id":72,"V":7,"NV":0,"TB":0},{"Id":75,"V":6,"NV":0,"TB":0},{"Id":83,"V":5,"NV":0,"TB":0},{"Id":66,"V":4,"NV":0,"TB":0},{"Id":81,"V":4,"NV":0,"TB":0},{"Id":68,"V":3,"NV":0,"TB":0},{"Id":73,"V":3,"NV":0,"TB":0},{"Id":78,"V":3,"NV":0,"TB":0},{"Id":84,"V":3,"NV":0,"TB":0},{"Id":87,"V":3,"NV":0,"TB":0},{"Id":88,"V":3,"NV":0,"TB":0},{"Id":69,"V":2,"NV":0,"TB":0},{"Id":71,"V":2,"NV":0,"TB":0},{"Id":76,"V":2,"NV":0,"TB":0},{"Id":79,"V":2,"NV":0,"TB":0},{"Id":80,"V":2,"NV":0,"TB":0},{"Id":82,"V":2,"NV":0,"TB":0},{"Id":74,"V":1,"NV":0,"TB":0},{"Id":86,"V":1,"NV":0,"TB":0},{"Id":85,"V":0,"NV":0,"TB":0}],[{"Id":65,"V":7,"NV":0,"TB":0},{"Id":72,"V":7,"NV":0,"TB":0},{"Id":75,"V":6,"NV":0,"TB":0},{"Id":83,"V":5,"NV":0,"TB":0},{"Id":66,"V":4,"NV":0,"TB":0},{"Id":81,"V":4,"NV":0,"TB":0},{"Id":68,"V":3,"NV":0,"TB":0},{"Id":73,"V":3,"NV":0,"TB":0},{"Id":78,"V":3,"NV":0,"TB":0},{"Id":84,"V":3,"NV":0,"TB":0},{"Id":87,"V":3,"NV":0,"TB":0},{"Id":88,"V":3,"NV":0,"TB":0},{"Id":69,"V":2,"NV":0,"TB":0},{"Id":71,"V":2,"NV":0,"TB":0},{"Id":76,"V":2,"NV":0,"TB":0},{"Id":79,"V":2,"NV":0,"TB":0},{"Id":80,"V":2,"NV":0,"TB":0},{"Id":82,"V":2,"NV":0,"TB":0},{"Id":74,"V":1,"NV":0,"TB":0},{"Id":86,"V":1,"NV":0,"TB":1}],[{"Id":65,"V":7,"NV":0,"TB":0},{"Id":72,"V":7,"NV":0,"TB":0},{"Id":75,"V":6,"NV":0,"TB":0},{"Id":83,"V":5,"NV":0,"TB":0},{"Id":66,"V":4,"NV":0,"TB":0},{"Id":68,"V":4,"NV":1,"TB":0},{"Id":81,"V":4,"NV":0,"TB":0},{"Id":73,"V":3,"NV":0,"TB":0},{"Id":78,"V":3,"NV":0,"TB":0},{"Id":84,"V":3,"NV":0,"TB":0},{"Id":87,"V":3,"NV":0,"TB":0},{"Id":88,"V":3,"NV":0,"TB":0},{"Id":69,"V":2,"NV":0,"TB":0},{"Id":71,"V":2,"NV":0,"TB":0},{"Id":76,"V":2,"NV":0,"TB":0},{"Id":79,"V":2,"NV":0,"TB":0},{"Id":80,"V":2,"NV":0,"TB":0},{"Id":82,"V":2,"NV":0,"TB":0},{"Id":74,"V":1,"NV":0,"TB":0}],[{"Id":65,"V":7,"NV":0,"TB":0},{"Id":72,"V":7,"NV":0,"TB":0},{"Id":75,"V":7,"NV":1,"TB":0},{"Id":83,"V":5,"NV":0,"TB":0},{"Id":66,"V":4,"NV":0,"TB":0},{"Id":68,"V":4,"NV":0,"TB":0},{"Id":81,"V":4,"NV":0,"TB":0},{"Id":73,"V":3,"NV":0,"TB":0},{"Id":78,"V":3,"NV":0,"TB":0},{"Id":84,"V":3,"NV":0,"TB":0},{"Id":87,"V":3,"NV":0,"TB":0},{"Id":88,"V":3,"NV":0,"TB":0},{"Id":71,"V":2,"NV":0,"TB":0},{"Id":76,"V":2,"NV":0,"TB":0},{"Id":79,"V":2,"NV":0,"TB":0},{"Id":80,"V":2,"NV":0,"TB":0},{"Id":82,"V":2,"NV":0,"TB":0},{"Id":69,"V":2,"NV":0,"TB":6}],[{"Id":65,"V":7,"NV":0,"TB":0},{"Id":72,"V":7,"NV":0,"TB":0},{"Id":75,"V":7,"NV":0,"TB":0},{"Id":66,"V":5,"NV":1,"TB":0},{"Id":83,"V":5,"NV":0,"TB":0},{"Id":68,"V":4,"NV":0,"TB":0},{"Id":81,"V":4,"NV":0,"TB":0},{"Id":73,"V":3,"NV":0,"TB":0},{"Id":78,"V":3,"NV":0,"TB":0},{"Id":80,"V":3,"NV":1,"TB":0},{"Id":84,"V":3,"NV":0,"TB":0},{"Id":87,"V":3,"NV":0,"TB":0},{"Id":88,"V":3,"NV":0,"TB":0},{"Id":71,"V":2,"NV":0,"TB":0},{"Id":76,"V":2,"NV":0,"TB":0},{"Id":82,"V":2,"NV":0,"TB":0},{"Id":79,"V":2,"NV":0,"TB":2}],[{"Id":75,"V":8,"NV":1,"TB":0},{"Id":65,"V":7,"NV":0,"TB":0},{"Id":72,"V":7,"NV":0,"TB":0},{"Id":66,"V":5,"NV":0,"TB":0},{"Id":83,"V":5,"NV":0,"TB":0},{"Id":68,"V":4,"NV":0,"TB":0},{"Id":81,"V":4,"NV":0,"TB":0},{"Id":73,"V":3,"NV":0,"TB":0},{"Id":78,"V":3,"NV":0,"TB":0},{"Id":80,"V":3,"NV":0,"TB":0},{"Id":84,"V":3,"NV":0,"TB":0},{"Id":87,"V":3,"NV":0,"TB":0},{"Id":88,"V":3,"NV":0,"TB":0},{"Id":76,"V":2,"NV":0,"TB":0},{"Id":82,"V":2,"NV":0,"TB":0},{"Id":71,"V":2,"NV":0,"TB":3}],[{"Id":75,"V":8,"NV":0,"TB":0},{"Id":65,"V":7,"NV":0,"TB":0},{"Id":72,"V":7,"NV":0,"TB":0},{"Id":66,"V":5,"NV":0,"TB":0},{"Id":81,"V":5,"NV":1,"TB":0},{"Id":83,"V":5,"NV":0,"TB":0},{"Id":68,"V":4,"NV":0,"TB":0},{"Id":78,"V":4,"NV":1,"TB":0},{"Id":73,"V":3,"NV":0,"TB":0},{"Id":80,"V":3,"NV":0,"TB":0},{"Id":84,"V":3,"NV":0,"TB":0},{"Id":87,"V":3,"NV":0,"TB":0},{"Id":88,"V":3,"NV":0,"TB":0},{"Id":76,"V":2,"NV":0,"TB":0},{"Id":82,"V":2,"NV":0,"TB":1}],[{"Id":75,"V":8,"NV":0,"TB":0},{"Id":65,"V":7,"NV":0,"TB":0},{"Id":72,"V":7,"NV":0,"TB":0},{"Id":66,"V":6,"NV":1,"TB":0},{"Id":81,"V":5,"NV":0,"TB":0},{"Id":83,"V":5,"NV":0,"TB":0},{"Id":68,"V":4,"NV":0,"TB":0},{"Id":78,"V":4,"NV":0,"TB":0},{"Id":84,"V":4,"NV":1,"TB":0},{"Id":73,"V":3,"NV":0,"TB":0},{"Id":80,"V":3,"NV":0,"TB":0},{"Id":87,"V":3,"NV":0,"TB":0},{"Id":88,"V":3,"NV":0,"TB":0},{"Id":76,"V":2,"NV":0,"TB":0}],[{"Id":75,"V":8,"NV":0,"TB":0},{"Id":65,"V":7,"NV":0,"TB":0},{"Id":72,"V":7,"NV":0,"TB":0},{"Id":66,"V":6,"NV":0,"TB":0},{"Id":68,"V":5,"NV":1,"TB":0},{"Id":81,"V":5,"NV":0,"TB":0},{"Id":83,"V":5,"NV":0,"TB":0},{"Id":78,"V":4,"NV":0,"TB":0},{"Id":84,"V":4,"NV":0,"TB":0},{"Id":73,"V":3,"NV":0,"TB":0},{"Id":80,"V":3,"NV":0,"TB":0},{"Id":88,"V":3,"NV":0,"TB":0},{"Id":87,"V":3,"NV":0,"TB":2}],[{"Id":75,"V":8,"NV":0,"TB":0},{"Id":65,"V":7,"NV":0,"TB":0},{"Id":72,"V":7,"NV":0,"TB":0},{"Id":81,"V":7,"NV":2,"TB":0},{"Id":66,"V":6,"NV":0,"TB":0},{"Id":68,"V":5,"NV":0,"TB":0},{"Id":83,"V":5,"NV":0,"TB":0},{"Id":78,"V":4,"NV":0,"TB":0},{"Id":84,"V":4,"NV":0,"TB":0},{"Id":80,"V":3,"NV":0,"TB":0},{"Id":88,"V":3,"NV":0,"TB":0},{"Id":73,"V":3,"NV":0,"TB":3}],[{"Id":75,"V":9,"NV":1,"TB":0},{"Id":65,"V":7,"NV":0,"TB":0},{"Id":72,"V":7,"NV":0,"TB":0},{"Id":81,"V":7,"NV":0,"TB":0},{"Id":66,"V":6,"NV":0,"TB":0},{"Id":68,"V":5,"NV":0,"TB":0},{"Id":83,"V":5,"NV":0,"TB":0},{"Id":78,"V":4,"NV":0,"TB":0},{"Id":84,"V":4,"NV":0,"TB":0},{"Id":88,"V":3,"NV":0,"TB":0},{"Id":80,"V":3,"NV":0,"TB":2}],[{"Id":75,"V":10,"NV":1,"TB":0},{"Id":81,"V":8,"NV":1,"TB":0},{"Id":65,"V":7,"NV":0,"TB":0},{"Id":72,"V":7,"NV":0,"TB":0},{"Id":66,"V":6,"NV":0,"TB":0},{"Id":68,"V":5,"NV":0,"TB":0},{"Id":83,"V":5,"NV":0,"TB":0},{"Id":78,"V":4,"NV":0,"TB":0},{"Id":84,"V":4,"NV":0,"TB":0},{"Id":88,"V":3,"NV":0,"TB":0}],[{"Id":75,"V":13,"NV":3,"TB":0},{"Id":81,"V":8,"NV":0,"TB":0},{"Id":65,"V":7,"NV":0,"TB":0},{"Id":72,"V":7,"NV":0,"TB":0},{"Id":66,"V":6,"NV":0,"TB":0},{"Id":68,"V":5,"NV":0,"TB":0},{"Id":83,"V":5,"NV":0,"TB":0},{"Id":84,"V":4,"NV":0,"TB":0},{"Id":78,"V":4,"NV":0,"TB":2}],[{"Id":75,"V":13,"NV":0,"TB":0},{"Id":81,"V":9,"NV":1,"TB":0},{"Id":72,"V":8,"NV":1,"TB":0},{"Id":65,"V":7,"NV":0,"TB":0},{"Id":68,"V":7,"NV":2,"TB":0},{"Id":66,"V":6,"NV":0,"TB":0},{"Id":83,"V":5,"NV":0,"TB":0},{"Id":84,"V":4,"NV":0,"TB":0}],[{"Id":75,"V":13,"NV":0,"TB":0},{"Id":81,"V":11,"NV":2,"TB":0},{"Id":68,"V":8,"NV":1,"TB":0},{"Id":72,"V":8,"NV":0,"TB":0},{"Id":65,"V":7,"NV":0,"TB":0},{"Id":66,"V":7,"NV":1,"TB":0},{"Id":83,"V":5,"NV":0,"TB":0}],[{"Id":75,"V":13,"NV":0,"TB":0},{"Id":81,"V":13,"NV":2,"TB":0},{"Id":68,"V":9,"NV":1,"TB":0},{"Id":65,"V":8,"NV":1,"TB":0},{"Id":66,"V":8,"NV":1,"TB":0},{"Id":72,"V":8,"NV":0,"TB":1}],[{"Id":75,"V":14,"NV":1,"TB":0},{"Id":81,"V":13,"NV":0,"TB":0},{"Id":66,"V":10,"NV":2,"TB":0},{"Id":68,"V":10,"NV":1,"TB":0},{"Id":65,"V":8,"NV":0,"TB":0}],[{"Id":81,"V":17,"NV":4,"TB":0},{"Id":75,"V":14,"NV":0,"TB":0},{"Id":66,"V":11,"NV":1,"TB":0},{"Id":68,"V":10,"NV":0,"TB":0}],[{"Id":75,"V":17,"NV":3,"TB":0},{"Id":81,"V":17,"NV":0,"TB":0},{"Id":66,"V":14,"NV":3,"TB":0}],[{"Id":81,"V":21,"NV":4,"TB":0},{"Id":75,"V":20,"NV":3,"TB":0}],[{"Id":81,"V":26,"NV":5,"TB":0}]],"Expires":1601854905,"SecondsLeft":0}