{"Mtype":"results","Title":"Round 3","PollStarted":"2020-06-15T01:53:25.031536901Z","PollDuration":600000000000,"Options":{"65":"Eric after hitting the gym, trying to woo some keidran girls by strking poses like Johnny Bravo.","66":"Natani as Tifa, Laura as Aerith and Keith as Cloud from Don Corneo’s bride scene from Final Fantasy VII Remake.","67":"Zen and human Raine take a dragon ride above the night time clouds, to watch the star filled sky.","68":"Flora gives in to her strange cravings and orders magical room service with the summoning table: baby wants chocolate!","69":"Stoneward is a Terminator, sent back through time to execute Maren T. Connor. She's working as a waitress when Stoney zeroes in on her, turning happy hour into a panic!","70":"The older Maeve made Maddie dress in the tribal outfit of the West Basitins. Much to the delight of Maeve","71":"Time for some summer fun! Ketih, Trace, Red and Sythe play a game of topless beach volleyball as Natani and the girls watch with various degrees of excitement","72":"Flora(Ori) and the Blind Forest","73":"Hoodie Kathrin! \u003c3","74":"Wolf Raine begging for pets from a confused Maren. The collar exploding made the dog commands stay stuck on","75":"Mischievous schoolboy Keith is sent to detention with Ms. Laura.  Unfortunately (or fortunately) for him, corporal punishment is still allowed! ","76":"Natani as Mulan, Keith as Li Shang, with Nora as Mushu from the 1998 animated 'Mulan'.","77":"The explorers study ancient wall paintings in company of Tigress.","78":"Racer flora (flora wins 1st place in F1 championship)","79":"Grand Templar Laura and the Slaver Sisters  Katherine and Flora have tea and talk shop when Laura takes notice of a special Basitin slave that she must have.","80":"Keith and Natani stargazing on a hill","81":"Nora playing an FPS on her PC at night, getting angry from all the teasing from Kat and Laura over the mics.","82":"( Keidran ) Nora trying to seduce Flora to make Trace jealous. ","83":"Mike meets his counterpart from the gender-swapped AU.  Each assumes the other has been affected by a gender-swap curse.","84":"Flora in a maid outfit. She also catches Eric and Trace’s attention. ","85":"A wolf wears a skin suit to blend in with humans ","86":"Slave Leia Adelaide","87":"[Database Error] is winged by Natani's ricocheted spell and it dyes his hair blue.","88":"Flora is standing between 2 parallel mirrors, but something is off as the reflections continue deeper into the infinite"},"ExpectedBallots":57,"CountedBallots":57,"Ballots":["C","NILAOTQSR","SG","GIPJM","HFR","JCX","EQ","VOWSIAMFRKNGPLTXCD","UV","BS","QDRX","KSHJCRIL","IPTEJFK","SRI","SJIGTCF","","HLPGCKBNJDFATS","BTFGVXJDAMESCUN","MOHF","ORSITFND","PWLGM","DRW","AHSMIJQW","GV","DESJXMTRW","VPSGAMLNBOTIRWQHFUECDJKX","S","MDXV","DRWIT","JTS","KC","IVGSRMTOKJXPQUNCFAWHLDEB","DNUWE","O","ITF","ACIQXFU","IQOTAK","KAHGLJ","DWRQOTIGVEJPUCKL","UAMXOWFHEGPSINVRJ","NBCVDOMPEF","KBEOURAIJGCSVPNWFLTHXMQD","VQBPLD","PXI","SO","SC","BIMJCDRQOPNGXTH","BOK","OKEVBQPNGTMU","J","QSRJKEGAUHIFCDPVW","UJFN","EKHLWQINASUJVO","ODCHTFLPJSAME","AONMTLIG","NDRTJBWAIVUEFCSGM","GD"],"Placements":[[{"Id":83,"V":6,"NV":6,"TB":0},{"Id":68,"V":5,"NV":5,"TB":0},{"Id":66,"V":4,"NV":4,"TB":0},{"Id":73,"V":4,"NV":4,"TB":0},{"Id":75,"V":4,"NV":4,"TB":0},{"Id":79,"V":4,"NV":4,"TB":0},{"Id":65,"V":3,"NV":3,"TB":0},{"Id":71,"V":3,"NV":3,"TB":0},{"Id":74,"V":3,"NV":3,"TB":0},{"Id":78,"V":3,"NV":3,"TB":0},{"Id":85,"V":3,"NV":3,"TB":0},{"Id":86,"V":3,"NV":3,"TB":0},{"Id":69,"V":2,"NV":2,"TB":0},{"Id":72,"V":2,"NV":2,"TB":0},{"Id":77,"V":2,"NV":2,"TB":0},{"Id":80,"V":2,"NV":2,"TB":0},{"Id":81,"V":2,"NV":2,"TB":0},{"Id":67,"V":1,"NV":1,"TB":0},{"Id":70,"V":0,"NV":0,"TB":0},{"Id":76,"V":0,"NV":0,"TB":0},{"Id":84,"V":0,"NV":0,"TB":0},{"Id":87,"V":0,"NV":0,"TB":0},{"Id":88,"V":0,"NV":0,"TB":0},{"Id":82,"V":0,"NV":0,"TB":4}],[{"Id":83,"V":6,"NV":0,"TB":0},{"Id":68,"V":5,"NV":0,"TB":0},{"Id":66,"V":4,"NV":0,"TB":0},{"Id":73,"V":4,"NV":0,"TB":0},{"Id":75,"V":4,"NV":0,"TB":0},{"Id":79,"V":4,"NV":0,"TB":0},{"Id":65,"V":3,"NV":0,"TB":0},{"Id":71,"V":3,"NV":0,"TB":0},{"Id":74,"V":3,"NV":0,"TB":0},{"Id":78,"V":3,"NV":0,"TB":0},{"Id":85,"V":3,"NV":0,"TB":0},{"Id":86,"V":3,"NV":0,"TB":0},{"Id":69,"V":2,"NV":0,"TB":0},{"Id":72,"V":2,"NV":0,"TB":0},{"Id":77,"V":2,"NV":0,"TB":0},{"Id":80,"V":2,"NV":0,"TB":0},{"Id":81,"V":2,"NV":0,"TB":0},{"Id":67,"V":1,"NV":0,"TB":0},{"Id":70,"V":0,"NV":0,"TB":0},{"Id":76,"V":0,"NV":0,"TB":0},{"Id":84,"V":0,"NV":0,"TB":0},{"Id":88,"V":0,"NV":0,"TB":0},{"Id":87,"V":0,"NV":0,"TB":2}],[{"Id":83,"V":6,"NV":0,"TB":0},{"Id":68,"V":5,"NV":0,"TB":0},{"Id":66,"V":4,"NV":0,"TB":0},{"Id":73,"V":4,"NV":0,"TB":0},{"Id":75,"V":4,"NV":0,"TB":0},{"Id":79,"V":4,"NV":0,"TB":0},{"Id":65,"V":3,"NV":0,"TB":0},{"Id":71,"V":3,"NV":0,"TB":0},{"Id":74,"V":3,"NV":0,"TB":0},{"Id":78,"V":3,"NV":0,"TB":0},{"Id":85,"V":3,"NV":0,"TB":0},{"Id":86,"V":3,"NV":0,"TB":0},{"Id":69,"V":2,"NV":0,"TB":0},{"Id":72,"V":2,"NV":0,"TB":0},{"Id":77,"V":2,"NV":0,"TB":0},{"Id":80,"V":2,"NV":0,"TB":0},{"Id":81,"V":2,"NV":0,"TB":0},{"Id":67,"V":1,"NV":0,"TB":0},{"Id":76,"V":0,"NV":0,"TB":0},{"Id":84,"V":0,"NV":0,"TB":0},{"Id":88,"V":0,"NV":0,"TB":0},{"Id":70,"V":0,"NV":0,"TB":4}],[{"Id":83,"V":6,"NV":0,"TB":0},{"Id":68,"V":5,"NV":0,"TB":0},{"Id":66,"V":4,"NV":0,"TB":0},{"Id":73,"V":4,"NV":0,"TB":0},{"Id":75,"V":4,"NV":0,"TB":0},{"Id":79,"V":4,"NV":0,"TB":0},{"Id":65,"V":3,"NV":0,"TB":0},{"Id":71,"V":3,"NV":0,"TB":0},{"Id":74,"V":3,"NV":0,"TB":0},{"Id":78,"V":3,"NV":0,"TB":0},{"Id":85,"V":3,"NV":0,"TB":0},{"Id":86,"V":3,"NV":0,"TB":0},{"Id":69,"V":2,"NV":0,"TB":0},{"Id":72,"V":2,"NV":0,"TB":0},{"Id":77,"V":2,"NV":0,"TB":0},{"Id":80,"V":2,"NV":0,"TB":0},{"Id":81,"V":2,"NV":0,"TB":0},{"Id":67,"V":1,"NV":0,"TB":0},{"Id":84,"V":0,"NV":0,"TB":0},{"Id":88,"V":0,"NV":0,"TB":0},{"Id":76,"V":0,"NV":0,"TB":3}],[{"Id":83,"V":6,"NV":0,"TB":0},{"Id":68,"V":5,"NV":0,"TB":0},{"Id":66,"V":4,"NV":0,"TB":0},{"Id":73,"V":4,"NV":0,"TB":0},{"Id":75,"V":4,"NV":0,"TB":0},{"Id":79,"V":4,"NV":0,"TB":0},{"Id":65,"V":3,"NV":0,"TB":0},{"Id":71,"V":3,"NV":0,"TB":0},{"Id":74,"V":3,"NV":0,"TB":0},{"Id":78,"V":3,"NV":0,"TB":0},{"Id":85,"V":3,"NV":0,"TB":0},{"Id":86,"V":3,"NV":0,"TB":0},{"Id":69,"V":2,"NV":0,"TB":0},{"Id":72,"V":2,"NV":0,"TB":0},{"Id":77,"V":2,"NV":0,"TB":0},{"Id":80,"V":2,"NV":0,"TB":0},{"Id":81,"V":2,"NV":0,"TB":0},{"Id":67,"V":1,"NV":0,"TB":0},{"Id":88,"V":0,"NV":0,"TB":0},{"Id":84,"V":0,"NV":0,"TB":2}],[{"Id":83,"V":6,"NV":0,"TB":0},{"Id":68,"V":5,"NV":0,"TB":0},{"Id":66,"V":4,"NV":0,"TB":0},{"Id":73,"V":4,"NV":0,"TB":0},{"Id":75,"V":4,"NV":0,"TB":0},{"Id":79,"V":4,"NV":0,"TB":0},{"Id":65,"V":3,"NV":0,"TB":0},{"Id":71,"V":3,"NV":0,"TB":0},{"Id":74,"V":3,"NV":0,"TB":0},{"Id":78,"V":3,"NV":0,"TB":0},{"Id":85,"V":3,"NV":0,"TB":0},{"Id":86,"V":3,"NV":0,"TB":0},{"Id":69,"V":2,"NV":0,"TB":0},{"Id":72,"V":2,"NV":0,"TB":0},{"Id":77,"V":2,"NV":0,"TB":0},{"Id":80,"V":2,"NV":0,"TB":0},{"Id":81,"V":2,"NV":0,"TB":0},{"Id":67,"V":1,"NV":0,"TB":0},{"Id":88,"V":0,"NV":0,"TB":0}],[{"Id":83,"V":6,"NV":0,"TB":0},{"Id":68,"V":5,"NV":0,"TB":0},{"Id":66,"V":4,"NV":0,"TB":0},{"Id":73,"V":4,"NV":0,"TB":0},{"Id":75,"V":4,"NV":0,"TB":0},{"Id":79,"V":4,"NV":0,"TB":0},{"Id":65,"V":3,"NV":0,"TB":0},{"Id":71,"V":3,"NV":0,"TB":0},{"Id":74,"V":3,"NV":0,"TB":0},{"Id":78,"V":3,"NV":0,"TB":0},{"Id":85,"V":3,"NV":0,"TB":0},{"Id":86,"V":3,"NV":0,"TB":0},{"Id":69,"V":2,"NV":0,"TB":0},{"Id":72,"V":2,"NV":0,"TB":0},{"Id":77,"V":2,"NV":0,"TB":0},{"Id":80,"V":2,"NV":0,"TB":0},{"Id":81,"V":2,"NV":0,"TB":0},{"Id":67,"V":1,"NV":0,"TB":0}],[{"Id":83,"V":6,"NV":0,"TB":0},{"Id":68,"V":5,"NV":0,"TB":0},{"Id":66,"V":4,"NV":0,"TB":0},{"Id":73,"V":4,"NV":0,"TB":0},{"Id":75,"V":4,"NV":0,"TB":0},{"Id":79,"V":4,"NV":0,"TB":0},{"Id":65,"V":3,"NV":0,"TB":0},{"Id":71,"V":3,"NV":0,"TB":0},{"Id":74,"V":3,"NV":0,"TB":0},{"Id":78,"V":3,"NV":0,"TB":0},{"Id":85,"V":3,"NV":0,"TB":0},{"Id":86,"V":3,"NV":0,"TB":0},{"Id":69,"V":2,"NV":0,"TB":0},{"Id":72,"V":2,"NV":0,"TB":0},{"Id":80,"V":2,"NV":0,"TB":0},{"Id":81,"V":2,"NV":0,"TB":0},{"Id":77,"V":2,"NV":0,"TB":3}],[{"Id":68,"V":6,"NV":1,"TB":0},{"Id":83,"V":6,"NV":0,"TB":0},{"Id":79,"V":5,"NV":1,"TB":0},{"Id":66,"V":4,"NV":0,"TB":0},{"Id":73,"V":4,"NV":0,"TB":0},{"Id":75,"V":4,"NV":0,"TB":0},{"Id":65,"V":3,"NV":0,"TB":0},{"Id":71,"V":3,"NV":0,"TB":0},{"Id":74,"V":3,"NV":0,"TB":0},{"Id":78,"V":3,"NV":0,"TB":0},{"Id":85,"V":3,"NV":0,"TB":0},{"Id":86,"V":3,"NV":0,"TB":0},{"Id":69,"V":2,"NV":0,"TB":0},{"Id":72,"V":2,"NV":0,"TB":0},{"Id":80,"V":2,"NV":0,"TB":0},{"Id":81,"V":2,"NV":0,"TB":1}],[{"Id":68,"V":7,"NV":1,"TB":0},{"Id":83,"V":7,"NV":1,"TB":0},{"Id":79,"V":5,"NV":0,"TB":0},{"Id":66,"V":4,"NV":0,"TB":0},{"Id":73,"V":4,"NV":0,"TB":0},{"Id":75,"V":4,"NV":0,"TB":0},{"Id":65,"V":3,"NV":0,"TB":0},{"Id":71,"V":3,"NV":0,"TB":0},{"Id":74,"V":3,"NV":0,"TB":0},{"Id":78,"V":3,"NV":0,"TB":0},{"Id":85,"V":3,"NV":0,"TB":0},{"Id":86,"V":3,"NV":0,"TB":0},{"Id":69,"V":2,"NV":0,"TB":0},{"Id":80,"V":2,"NV":0,"TB":0},{"Id":72,"V":2,"NV":0,"TB":2}],[{"Id":68,"V":7,"NV":0,"TB":0},{"Id":83,"V":7,"NV":0,"TB":0},{"Id":79,"V":5,"NV":0,"TB":0},{"Id":66,"V":4,"NV":0,"TB":0},{"Id":73,"V":4,"NV":0,"TB":0},{"Id":75,"V":4,"NV":0,"TB":0},{"Id":65,"V":3,"NV":0,"TB":0},{"Id":71,"V":3,"NV":0,"TB":0},{"Id":74,"V":3,"NV":0,"TB":0},{"Id":78,"V":3,"NV":0,"TB":0},{"Id":80,"V":3,"NV":1,"TB":0},{"Id":85,"V":3,"NV":0,"TB":0},{"Id":86,"V":3,"NV":0,"TB":0},{"Id":69,"V":2,"NV":0,"TB":0}],[{"Id":68,"V":7,"NV":0,"TB":0},{"Id":83,"V":7,"NV":0,"TB":0},{"Id":75,"V":5,"NV":1,"TB":0},{"Id":79,"V":5,"NV":0,"TB":0},{"Id":66,"V":4,"NV":0,"TB":0},{"Id":73,"V":4,"NV":0,"TB":0},{"Id":65,"V":3,"NV":0,"TB":0},{"Id":71,"V":3,"NV":0,"TB":0},{"Id":74,"V":3,"NV":0,"TB":0},{"Id":78,"V":3,"NV":0,"TB":0},{"Id":80,"V":3,"NV":0,"TB":0},{"Id":85,"V":3,"NV":0,"TB":0},{"Id":86,"V":3,"NV":0,"TB":1}],[{"Id":68,"V":7,"NV":0,"TB":0},{"Id":83,"V":7,"NV":0,"TB":0},{"Id":79,"V":6,"NV":1,"TB":0},{"Id":66,"V":5,"NV":1,"TB":0},{"Id":75,"V":5,"NV":0,"TB":0},{"Id":73,"V":4,"NV":0,"TB":0},{"Id":80,"V":4,"NV":1,"TB":0},{"Id":65,"V":3,"NV":0,"TB":0},{"Id":74,"V":3,"NV":0,"TB":0},{"Id":78,"V":3,"NV":0,"TB":0},{"Id":85,"V":3,"NV":0,"TB":0},{"Id":71,"V":3,"NV":0,"TB":4}],[{"Id":68,"V":8,"NV":1,"TB":0},{"Id":83,"V":7,"NV":0,"TB":0},{"Id":79,"V":6,"NV":0,"TB":0},{"Id":66,"V":5,"NV":0,"TB":0},{"Id":73,"V":5,"NV":1,"TB":0},{"Id":75,"V":5,"NV":0,"TB":0},{"Id":80,"V":4,"NV":0,"TB":0},{"Id":65,"V":3,"NV":0,"TB":0},{"Id":78,"V":3,"NV":0,"TB":0},{"Id":85,"V":3,"NV":0,"TB":0},{"Id":74,"V":3,"NV":0,"TB":3}],[{"Id":68,"V":8,"NV":0,"TB":0},{"Id":83,"V":8,"NV":1,"TB":0},{"Id":79,"V":6,"NV":0,"TB":0},{"Id":66,"V":5,"NV":0,"TB":0},{"Id":73,"V":5,"NV":0,"TB":0},{"Id":75,"V":5,"NV":0,"TB":0},{"Id":80,"V":4,"NV":0,"TB":0},{"Id":65,"V":3,"NV":0,"TB":0},{"Id":85,"V":3,"NV":0,"TB":0},{"Id":78,"V":3,"NV":0,"TB":2}],[{"Id":68,"V":9,"NV":1,"TB":0},{"Id":83,"V":8,"NV":0,"TB":0},{"Id":66,"V":6,"NV":1,"TB":0},{"Id":73,"V":6,"NV":1,"TB":0},{"Id":79,"V":6,"NV":0,"TB":0},{"Id":75,"V":5,"NV":0,"TB":0},{"Id":80,"V":4,"NV":0,"TB":0},{"Id":65,"V":3,"NV":0,"TB":0},{"Id":85,"V":3,"NV":0,"TB":1}],[{"Id":68,"V":9,"NV":0,"TB":0},{"Id":83,"V":8,"NV":0,"TB":0},{"Id":66,"V":6,"NV":0,"TB":0},{"Id":73,"V":6,"NV":0,"TB":0},{"Id":79,"V":6,"NV":0,"TB":0},{"Id":75,"V":5,"NV":0,"TB":0},{"Id":65,"V":4,"NV":1,"TB":0},{"Id":80,"V":4,"NV":0,"TB":1}],[{"Id":68,"V":9,"NV":0,"TB":0},{"Id":83,"V":9,"NV":1,"TB":0},{"Id":73,"V":7,"NV":1,"TB":0},{"Id":66,"V":6,"NV":0,"TB":0},{"Id":75,"V":6,"NV":1,"TB":0},{"Id":79,"V":6,"NV":0,"TB":0},{"Id":65,"V":4,"NV":0,"TB":0}],[{"Id":83,"V":10,"NV":1,"TB":0},{"Id":68,"V":9,"NV":0,"TB":0},{"Id":73,"V":8,"NV":1,"TB":0},{"Id":79,"V":8,"NV":2,"TB":0},{"Id":75,"V":6,"NV":0,"TB":0},{"Id":66,"V":6,"NV":0,"TB":2}],[{"Id":68,"V":12,"NV":3,"TB":0},{"Id":83,"V":11,"NV":1,"TB":0},{"Id":73,"V":9,"NV":1,"TB":0},{"Id":79,"V":9,"NV":1,"TB":0},{"Id":75,"V":6,"NV":0,"TB":0}],[{"Id":68,"V":13,"NV":1,"TB":0},{"Id":83,"V":12,"NV":1,"TB":0},{"Id":79,"V":10,"NV":1,"TB":0},{"Id":73,"V":10,"NV":1,"TB":2}],[{"Id":68,"V":14,"NV":1,"TB":0},{"Id":83,"V":14,"NV":2,"TB":0},{"Id":79,"V":12,"NV":2,"TB":0}],[{"Id":83,"V":19,"NV":5,"TB":0},{"Id":68,"V":15,"NV":1,"TB":0}],[{"Id":83,"V":24,"NV":5,"TB":0}]],"Expires":1592187206,"SecondsLeft":0}