{"Mtype":"results","Title":"Round 2","PollStarted":"2020-03-08T23:20:20.659355314Z","PollDuration":600000000000,"Options":{"65":"Mike meets Carver, and tried to warn him about the gender-swap shenanigans that happen in sketches. Carver is dismissive, so a watching Nora changes Carver.","66":"We see what Trace and Flora were really doing in that tent on their first night together... Twister!","67":"A remake of \"first hugs\" of Natani and Keith from page 235.","68":"\"Grand Templar Mary Siverlock learns that Eris has broken into a Keidran village where a peace agreement has been made and is not happy about it\t\"","69":"Tom’s take on Animal Crossing’s Isabel","70":"Raine in a maid outfit","71":"Beach party trio redraw","72":"Keith and Natani making one another flower crowns and basking in a sunspot now that winter's finally over","73":"Flora relaxing in a field","74":"Nora checking out Mike’s male and female forms side by side","75":"An angry Raine (Halfkind form) shouts at Euchre and Mary for abandoning and neglecting her, respectively, declaring that she's proud of who she is-human, halfkind and keidran.","76":"How would the fight between Trace and Mary have gone if she had somehow reflected his spell back at him?","77":"The dress Kat was making for Mike in \"Dress Time\" is finally finished. Only one problem; Mike has already switched back to being male! Though the dress still looks... surprisingly pretty good on him.","78":"Laura age chart that includes her elderly form (assuming she never died).","79":"Behind the scenes: Maren and Rain talk about getting changed into Keidran while Karen almost passes out in the background from  hyperspeed changing her bikini to get the colorchange","80":"Youngtani in Clovis's body runs into Brutus, and tries to embarrass Clovis more by acting and talking flirty. The real Clovis fights to get some words in, giving Brutus some slightly mixed signals.","81":"Transformation lapse of Raine ","82":"Flora(Ori) and the Blind Forest","83":"A cute scene. Brutus give Fem Clovis (sister) a kiss","84":"Madelyn Reference Sheet","85":"Natani and Keith as the main characters in a film noir detective story. One as the hard-boiled private eye and the other as the ingenue or femme fatale.","86":"Sequel to \"long haired Kat\". Kat shows her long hair to her friends and all of them are shocked and surprised about it. And some of them are blushing too.","87":"Tigress Trace in her Winter Coating.","88":"How Mike got the scar on his face.","89":"Dragon Nora flying alongside a Lockheed/Martin Sr-71 blackbird","90":"Natani and Yena from Join the Pack! making manly poses together","97":"Zen's Reference Sheet","98":"Natani dressed as Red Savarin, and Keith dressed as Elh Melizée from Solatorobo"},"ExpectedBallots":42,"CountedBallots":42,"Ballots":["aG","WY","FSPaXTLGKJURbOCVMAQNHWIZEBD","VBQFMO","XASYJMaGQFTNCWPIHEVUO","FQKS","TaXPNFJMSICY","KEXP","FPQI","TBHUC","FCSLMVNBa","CH","LKTaXUNODQ","LEXKa","SP","XIHLRUMaTbEPJFK","bHCPZ","bNEFCG","BEWFIPCYZLU","PALXJMW","ITa","M","MJATaSGPOWIFEHQXRVLYBbNCDKZU","TI","QWPBJIOA","TWOQJaAINYZCG","GD","XELTaCP","JTCUFGMaAXNWHVIBO","RHTUCEGKQMWBa","NTaBRSQFGbXV","QSPUBKTA","FGML","ITaOCGX","SBWIHKaFTENJ","XaUP","NFEXIWaBY","PQFTCGB","QNXZOMVAJC","EaXITNY","VGQKaXR","T"],"Placements":[[{"Id":70,"V":5,"NV":5,"TB":0},{"Id":84,"V":5,"NV":5,"TB":0},{"Id":88,"V":4,"NV":4,"TB":0},{"Id":81,"V":3,"NV":3,"TB":0},{"Id":73,"V":2,"NV":2,"TB":0},{"Id":76,"V":2,"NV":2,"TB":0},{"Id":77,"V":2,"NV":2,"TB":0},{"Id":78,"V":2,"NV":2,"TB":0},{"Id":80,"V":2,"NV":2,"TB":0},{"Id":83,"V":2,"NV":2,"TB":0},{"Id":86,"V":2,"NV":2,"TB":0},{"Id":98,"V":2,"NV":2,"TB":0},{"Id":66,"V":1,"NV":1,"TB":0},{"Id":67,"V":1,"NV":1,"TB":0},{"Id":69,"V":1,"NV":1,"TB":0},{"Id":71,"V":1,"NV":1,"TB":0},{"Id":74,"V":1,"NV":1,"TB":0},{"Id":75,"V":1,"NV":1,"TB":0},{"Id":82,"V":1,"NV":1,"TB":0},{"Id":87,"V":1,"NV":1,"TB":0},{"Id":97,"V":1,"NV":1,"TB":0},{"Id":65,"V":0,"NV":0,"TB":0},{"Id":68,"V":0,"NV":0,"TB":0},{"Id":72,"V":0,"NV":0,"TB":0},{"Id":79,"V":0,"NV":0,"TB":0},{"Id":85,"V":0,"NV":0,"TB":0},{"Id":90,"V":0,"NV":0,"TB":0},{"Id":89,"V":0,"NV":0,"TB":2}],[{"Id":70,"V":5,"NV":0,"TB":0},{"Id":84,"V":5,"NV":0,"TB":0},{"Id":88,"V":4,"NV":0,"TB":0},{"Id":81,"V":3,"NV":0,"TB":0},{"Id":73,"V":2,"NV":0,"TB":0},{"Id":76,"V":2,"NV":0,"TB":0},{"Id":77,"V":2,"NV":0,"TB":0},{"Id":78,"V":2,"NV":0,"TB":0},{"Id":80,"V":2,"NV":0,"TB":0},{"Id":83,"V":2,"NV":0,"TB":0},{"Id":86,"V":2,"NV":0,"TB":0},{"Id":98,"V":2,"NV":0,"TB":0},{"Id":66,"V":1,"NV":0,"TB":0},{"Id":67,"V":1,"NV":0,"TB":0},{"Id":69,"V":1,"NV":0,"TB":0},{"Id":71,"V":1,"NV":0,"TB":0},{"Id":74,"V":1,"NV":0,"TB":0},{"Id":75,"V":1,"NV":0,"TB":0},{"Id":82,"V":1,"NV":0,"TB":0},{"Id":87,"V":1,"NV":0,"TB":0},{"Id":97,"V":1,"NV":0,"TB":0},{"Id":65,"V":0,"NV":0,"TB":0},{"Id":68,"V":0,"NV":0,"TB":0},{"Id":72,"V":0,"NV":0,"TB":0},{"Id":79,"V":0,"NV":0,"TB":0},{"Id":85,"V":0,"NV":0,"TB":0},{"Id":90,"V":0,"NV":0,"TB":1}],[{"Id":70,"V":5,"NV":0,"TB":0},{"Id":84,"V":5,"NV":0,"TB":0},{"Id":88,"V":4,"NV":0,"TB":0},{"Id":81,"V":3,"NV":0,"TB":0},{"Id":73,"V":2,"NV":0,"TB":0},{"Id":76,"V":2,"NV":0,"TB":0},{"Id":77,"V":2,"NV":0,"TB":0},{"Id":78,"V":2,"NV":0,"TB":0},{"Id":80,"V":2,"NV":0,"TB":0},{"Id":83,"V":2,"NV":0,"TB":0},{"Id":86,"V":2,"NV":0,"TB":0},{"Id":98,"V":2,"NV":0,"TB":0},{"Id":66,"V":1,"NV":0,"TB":0},{"Id":67,"V":1,"NV":0,"TB":0},{"Id":69,"V":1,"NV":0,"TB":0},{"Id":71,"V":1,"NV":0,"TB":0},{"Id":74,"V":1,"NV":0,"TB":0},{"Id":75,"V":1,"NV":0,"TB":0},{"Id":82,"V":1,"NV":0,"TB":0},{"Id":87,"V":1,"NV":0,"TB":0},{"Id":97,"V":1,"NV":0,"TB":0},{"Id":65,"V":0,"NV":0,"TB":0},{"Id":68,"V":0,"NV":0,"TB":0},{"Id":79,"V":0,"NV":0,"TB":0},{"Id":85,"V":0,"NV":0,"TB":0},{"Id":72,"V":0,"NV":0,"TB":3}],[{"Id":70,"V":5,"NV":0,"TB":0},{"Id":84,"V":5,"NV":0,"TB":0},{"Id":88,"V":4,"NV":0,"TB":0},{"Id":81,"V":3,"NV":0,"TB":0},{"Id":73,"V":2,"NV":0,"TB":0},{"Id":76,"V":2,"NV":0,"TB":0},{"Id":77,"V":2,"NV":0,"TB":0},{"Id":78,"V":2,"NV":0,"TB":0},{"Id":80,"V":2,"NV":0,"TB":0},{"Id":83,"V":2,"NV":0,"TB":0},{"Id":86,"V":2,"NV":0,"TB":0},{"Id":98,"V":2,"NV":0,"TB":0},{"Id":66,"V":1,"NV":0,"TB":0},{"Id":67,"V":1,"NV":0,"TB":0},{"Id":69,"V":1,"NV":0,"TB":0},{"Id":71,"V":1,"NV":0,"TB":0},{"Id":74,"V":1,"NV":0,"TB":0},{"Id":75,"V":1,"NV":0,"TB":0},{"Id":82,"V":1,"NV":0,"TB":0},{"Id":87,"V":1,"NV":0,"TB":0},{"Id":97,"V":1,"NV":0,"TB":0},{"Id":65,"V":0,"NV":0,"TB":0},{"Id":68,"V":0,"NV":0,"TB":0},{"Id":85,"V":0,"NV":0,"TB":0},{"Id":79,"V":0,"NV":0,"TB":2}],[{"Id":70,"V":5,"NV":0,"TB":0},{"Id":84,"V":5,"NV":0,"TB":0},{"Id":88,"V":4,"NV":0,"TB":0},{"Id":81,"V":3,"NV":0,"TB":0},{"Id":73,"V":2,"NV":0,"TB":0},{"Id":76,"V":2,"NV":0,"TB":0},{"Id":77,"V":2,"NV":0,"TB":0},{"Id":78,"V":2,"NV":0,"TB":0},{"Id":80,"V":2,"NV":0,"TB":0},{"Id":83,"V":2,"NV":0,"TB":0},{"Id":86,"V":2,"NV":0,"TB":0},{"Id":98,"V":2,"NV":0,"TB":0},{"Id":66,"V":1,"NV":0,"TB":0},{"Id":67,"V":1,"NV":0,"TB":0},{"Id":69,"V":1,"NV":0,"TB":0},{"Id":71,"V":1,"NV":0,"TB":0},{"Id":74,"V":1,"NV":0,"TB":0},{"Id":75,"V":1,"NV":0,"TB":0},{"Id":82,"V":1,"NV":0,"TB":0},{"Id":87,"V":1,"NV":0,"TB":0},{"Id":97,"V":1,"NV":0,"TB":0},{"Id":65,"V":0,"NV":0,"TB":0},{"Id":85,"V":0,"NV":0,"TB":0},{"Id":68,"V":0,"NV":0,"TB":2}],[{"Id":70,"V":5,"NV":0,"TB":0},{"Id":84,"V":5,"NV":0,"TB":0},{"Id":88,"V":4,"NV":0,"TB":0},{"Id":81,"V":3,"NV":0,"TB":0},{"Id":73,"V":2,"NV":0,"TB":0},{"Id":76,"V":2,"NV":0,"TB":0},{"Id":77,"V":2,"NV":0,"TB":0},{"Id":78,"V":2,"NV":0,"TB":0},{"Id":80,"V":2,"NV":0,"TB":0},{"Id":83,"V":2,"NV":0,"TB":0},{"Id":86,"V":2,"NV":0,"TB":0},{"Id":98,"V":2,"NV":0,"TB":0},{"Id":66,"V":1,"NV":0,"TB":0},{"Id":67,"V":1,"NV":0,"TB":0},{"Id":69,"V":1,"NV":0,"TB":0},{"Id":71,"V":1,"NV":0,"TB":0},{"Id":74,"V":1,"NV":0,"TB":0},{"Id":75,"V":1,"NV":0,"TB":0},{"Id":82,"V":1,"NV":0,"TB":0},{"Id":87,"V":1,"NV":0,"TB":0},{"Id":97,"V":1,"NV":0,"TB":0},{"Id":85,"V":0,"NV":0,"TB":0},{"Id":65,"V":0,"NV":0,"TB":2}],[{"Id":70,"V":5,"NV":0,"TB":0},{"Id":84,"V":5,"NV":0,"TB":0},{"Id":88,"V":4,"NV":0,"TB":0},{"Id":81,"V":3,"NV":0,"TB":0},{"Id":73,"V":2,"NV":0,"TB":0},{"Id":76,"V":2,"NV":0,"TB":0},{"Id":77,"V":2,"NV":0,"TB":0},{"Id":78,"V":2,"NV":0,"TB":0},{"Id":80,"V":2,"NV":0,"TB":0},{"Id":83,"V":2,"NV":0,"TB":0},{"Id":86,"V":2,"NV":0,"TB":0},{"Id":98,"V":2,"NV":0,"TB":0},{"Id":66,"V":1,"NV":0,"TB":0},{"Id":67,"V":1,"NV":0,"TB":0},{"Id":69,"V":1,"NV":0,"TB":0},{"Id":71,"V":1,"NV":0,"TB":0},{"Id":74,"V":1,"NV":0,"TB":0},{"Id":75,"V":1,"NV":0,"TB":0},{"Id":82,"V":1,"NV":0,"TB":0},{"Id":87,"V":1,"NV":0,"TB":0},{"Id":97,"V":1,"NV":0,"TB":0},{"Id":85,"V":0,"NV":0,"TB":0}],[{"Id":70,"V":5,"NV":0,"TB":0},{"Id":84,"V":5,"NV":0,"TB":0},{"Id":88,"V":4,"NV":0,"TB":0},{"Id":81,"V":3,"NV":0,"TB":0},{"Id":73,"V":2,"NV":0,"TB":0},{"Id":76,"V":2,"NV":0,"TB":0},{"Id":77,"V":2,"NV":0,"TB":0},{"Id":78,"V":2,"NV":0,"TB":0},{"Id":80,"V":2,"NV":0,"TB":0},{"Id":83,"V":2,"NV":0,"TB":0},{"Id":86,"V":2,"NV":0,"TB":0},{"Id":98,"V":2,"NV":0,"TB":0},{"Id":66,"V":1,"NV":0,"TB":0},{"Id":67,"V":1,"NV":0,"TB":0},{"Id":69,"V":1,"NV":0,"TB":0},{"Id":71,"V":1,"NV":0,"TB":0},{"Id":74,"V":1,"NV":0,"TB":0},{"Id":75,"V":1,"NV":0,"TB":0},{"Id":82,"V":1,"NV":0,"TB":0},{"Id":87,"V":1,"NV":0,"TB":0},{"Id":97,"V":1,"NV":0,"TB":1}],[{"Id":70,"V":5,"NV":0,"TB":0},{"Id":84,"V":5,"NV":0,"TB":0},{"Id":88,"V":4,"NV":0,"TB":0},{"Id":81,"V":3,"NV":0,"TB":0},{"Id":71,"V":2,"NV":1,"TB":0},{"Id":73,"V":2,"NV":0,"TB":0},{"Id":76,"V":2,"NV":0,"TB":0},{"Id":77,"V":2,"NV":0,"TB":0},{"Id":78,"V":2,"NV":0,"TB":0},{"Id":80,"V":2,"NV":0,"TB":0},{"Id":83,"V":2,"NV":0,"TB":0},{"Id":86,"V":2,"NV":0,"TB":0},{"Id":98,"V":2,"NV":0,"TB":0},{"Id":66,"V":1,"NV":0,"TB":0},{"Id":67,"V":1,"NV":0,"TB":0},{"Id":74,"V":1,"NV":0,"TB":0},{"Id":75,"V":1,"NV":0,"TB":0},{"Id":82,"V":1,"NV":0,"TB":0},{"Id":87,"V":1,"NV":0,"TB":0},{"Id":69,"V":1,"NV":0,"TB":5}],[{"Id":70,"V":5,"NV":0,"TB":0},{"Id":84,"V":5,"NV":0,"TB":0},{"Id":88,"V":5,"NV":1,"TB":0},{"Id":81,"V":3,"NV":0,"TB":0},{"Id":71,"V":2,"NV":0,"TB":0},{"Id":73,"V":2,"NV":0,"TB":0},{"Id":76,"V":2,"NV":0,"TB":0},{"Id":77,"V":2,"NV":0,"TB":0},{"Id":78,"V":2,"NV":0,"TB":0},{"Id":80,"V":2,"NV":0,"TB":0},{"Id":83,"V":2,"NV":0,"TB":0},{"Id":86,"V":2,"NV":0,"TB":0},{"Id":98,"V":2,"NV":0,"TB":0},{"Id":66,"V":1,"NV":0,"TB":0},{"Id":74,"V":1,"NV":0,"TB":0},{"Id":75,"V":1,"NV":0,"TB":0},{"Id":82,"V":1,"NV":0,"TB":0},{"Id":87,"V":1,"NV":0,"TB":0},{"Id":67,"V":1,"NV":0,"TB":5}],[{"Id":70,"V":5,"NV":0,"TB":0},{"Id":84,"V":5,"NV":0,"TB":0},{"Id":88,"V":5,"NV":0,"TB":0},{"Id":81,"V":3,"NV":0,"TB":0},{"Id":71,"V":2,"NV":0,"TB":0},{"Id":73,"V":2,"NV":0,"TB":0},{"Id":76,"V":2,"NV":0,"TB":0},{"Id":77,"V":2,"NV":0,"TB":0},{"Id":78,"V":2,"NV":0,"TB":0},{"Id":80,"V":2,"NV":0,"TB":0},{"Id":83,"V":2,"NV":0,"TB":0},{"Id":86,"V":2,"NV":0,"TB":0},{"Id":98,"V":2,"NV":0,"TB":0},{"Id":66,"V":1,"NV":0,"TB":0},{"Id":74,"V":1,"NV":0,"TB":0},{"Id":75,"V":1,"NV":0,"TB":0},{"Id":87,"V":1,"NV":0,"TB":0},{"Id":82,"V":1,"NV":0,"TB":2}],[{"Id":84,"V":6,"NV":1,"TB":0},{"Id":70,"V":5,"NV":0,"TB":0},{"Id":88,"V":5,"NV":0,"TB":0},{"Id":81,"V":3,"NV":0,"TB":0},{"Id":71,"V":2,"NV":0,"TB":0},{"Id":73,"V":2,"NV":0,"TB":0},{"Id":76,"V":2,"NV":0,"TB":0},{"Id":77,"V":2,"NV":0,"TB":0},{"Id":78,"V":2,"NV":0,"TB":0},{"Id":80,"V":2,"NV":0,"TB":0},{"Id":83,"V":2,"NV":0,"TB":0},{"Id":86,"V":2,"NV":0,"TB":0},{"Id":98,"V":2,"NV":0,"TB":0},{"Id":66,"V":1,"NV":0,"TB":0},{"Id":74,"V":1,"NV":0,"TB":0},{"Id":75,"V":1,"NV":0,"TB":0},{"Id":87,"V":1,"NV":0,"TB":1}],[{"Id":84,"V":6,"NV":0,"TB":0},{"Id":70,"V":5,"NV":0,"TB":0},{"Id":88,"V":5,"NV":0,"TB":0},{"Id":81,"V":3,"NV":0,"TB":0},{"Id":71,"V":2,"NV":0,"TB":0},{"Id":73,"V":2,"NV":0,"TB":0},{"Id":76,"V":2,"NV":0,"TB":0},{"Id":77,"V":2,"NV":0,"TB":0},{"Id":78,"V":2,"NV":0,"TB":0},{"Id":80,"V":2,"NV":0,"TB":0},{"Id":83,"V":2,"NV":0,"TB":0},{"Id":86,"V":2,"NV":0,"TB":0},{"Id":98,"V":2,"NV":0,"TB":0},{"Id":66,"V":1,"NV":0,"TB":0},{"Id":75,"V":1,"NV":0,"TB":0},{"Id":74,"V":1,"NV":0,"TB":2}],[{"Id":84,"V":7,"NV":1,"TB":0},{"Id":70,"V":5,"NV":0,"TB":0},{"Id":88,"V":5,"NV":0,"TB":0},{"Id":81,"V":3,"NV":0,"TB":0},{"Id":71,"V":2,"NV":0,"TB":0},{"Id":73,"V":2,"NV":0,"TB":0},{"Id":76,"V":2,"NV":0,"TB":0},{"Id":77,"V":2,"NV":0,"TB":0},{"Id":78,"V":2,"NV":0,"TB":0},{"Id":80,"V":2,"NV":0,"TB":0},{"Id":83,"V":2,"NV":0,"TB":0},{"Id":86,"V":2,"NV":0,"TB":0},{"Id":98,"V":2,"NV":0,"TB":0},{"Id":66,"V":1,"NV":0,"TB":0},{"Id":75,"V":1,"NV":0,"TB":1}],[{"Id":84,"V":7,"NV":0,"TB":0},{"Id":88,"V":6,"NV":1,"TB":0},{"Id":70,"V":5,"NV":0,"TB":0},{"Id":81,"V":3,"NV":0,"TB":0},{"Id":71,"V":2,"NV":0,"TB":0},{"Id":73,"V":2,"NV":0,"TB":0},{"Id":76,"V":2,"NV":0,"TB":0},{"Id":77,"V":2,"NV":0,"TB":0},{"Id":78,"V":2,"NV":0,"TB":0},{"Id":80,"V":2,"NV":0,"TB":0},{"Id":83,"V":2,"NV":0,"TB":0},{"Id":86,"V":2,"NV":0,"TB":0},{"Id":98,"V":2,"NV":0,"TB":0},{"Id":66,"V":1,"NV":0,"TB":0}],[{"Id":84,"V":7,"NV":0,"TB":0},{"Id":70,"V":6,"NV":1,"TB":0},{"Id":88,"V":6,"NV":0,"TB":0},{"Id":81,"V":3,"NV":0,"TB":0},{"Id":71,"V":2,"NV":0,"TB":0},{"Id":73,"V":2,"NV":0,"TB":0},{"Id":76,"V":2,"NV":0,"TB":0},{"Id":77,"V":2,"NV":0,"TB":0},{"Id":78,"V":2,"NV":0,"TB":0},{"Id":80,"V":2,"NV":0,"TB":0},{"Id":86,"V":2,"NV":0,"TB":0},{"Id":98,"V":2,"NV":0,"TB":0},{"Id":83,"V":2,"NV":0,"TB":3}],[{"Id":84,"V":7,"NV":0,"TB":0},{"Id":70,"V":6,"NV":0,"TB":0},{"Id":88,"V":6,"NV":0,"TB":0},{"Id":73,"V":3,"NV":1,"TB":0},{"Id":80,"V":3,"NV":1,"TB":0},{"Id":81,"V":3,"NV":0,"TB":0},{"Id":71,"V":2,"NV":0,"TB":0},{"Id":76,"V":2,"NV":0,"TB":0},{"Id":78,"V":2,"NV":0,"TB":0},{"Id":86,"V":2,"NV":0,"TB":0},{"Id":98,"V":2,"NV":0,"TB":0},{"Id":77,"V":2,"NV":0,"TB":4}],[{"Id":84,"V":8,"NV":1,"TB":0},{"Id":70,"V":6,"NV":0,"TB":0},{"Id":88,"V":6,"NV":0,"TB":0},{"Id":73,"V":3,"NV":0,"TB":0},{"Id":80,"V":3,"NV":0,"TB":0},{"Id":81,"V":3,"NV":0,"TB":0},{"Id":71,"V":2,"NV":0,"TB":0},{"Id":76,"V":2,"NV":0,"TB":0},{"Id":86,"V":2,"NV":0,"TB":0},{"Id":98,"V":2,"NV":0,"TB":0},{"Id":78,"V":2,"NV":0,"TB":3}],[{"Id":84,"V":9,"NV":1,"TB":0},{"Id":70,"V":7,"NV":1,"TB":0},{"Id":88,"V":6,"NV":0,"TB":0},{"Id":73,"V":3,"NV":0,"TB":0},{"Id":80,"V":3,"NV":0,"TB":0},{"Id":81,"V":3,"NV":0,"TB":0},{"Id":71,"V":2,"NV":0,"TB":0},{"Id":76,"V":2,"NV":0,"TB":0},{"Id":86,"V":2,"NV":0,"TB":0},{"Id":98,"V":2,"NV":0,"TB":1}],[{"Id":84,"V":9,"NV":0,"TB":0},{"Id":70,"V":8,"NV":1,"TB":0},{"Id":88,"V":6,"NV":0,"TB":0},{"Id":80,"V":4,"NV":1,"TB":0},{"Id":73,"V":3,"NV":0,"TB":0},{"Id":81,"V":3,"NV":0,"TB":0},{"Id":76,"V":2,"NV":0,"TB":0},{"Id":86,"V":2,"NV":0,"TB":0},{"Id":71,"V":2,"NV":0,"TB":3}],[{"Id":84,"V":9,"NV":0,"TB":0},{"Id":70,"V":8,"NV":0,"TB":0},{"Id":88,"V":6,"NV":0,"TB":0},{"Id":80,"V":4,"NV":0,"TB":0},{"Id":73,"V":3,"NV":0,"TB":0},{"Id":81,"V":3,"NV":0,"TB":0},{"Id":86,"V":2,"NV":0,"TB":0},{"Id":76,"V":2,"NV":0,"TB":2}],[{"Id":84,"V":10,"NV":1,"TB":0},{"Id":70,"V":8,"NV":0,"TB":0},{"Id":88,"V":7,"NV":1,"TB":0},{"Id":80,"V":4,"NV":0,"TB":0},{"Id":73,"V":3,"NV":0,"TB":0},{"Id":81,"V":3,"NV":0,"TB":0},{"Id":86,"V":2,"NV":0,"TB":0}],[{"Id":84,"V":10,"NV":0,"TB":0},{"Id":70,"V":8,"NV":0,"TB":0},{"Id":88,"V":7,"NV":0,"TB":0},{"Id":81,"V":5,"NV":2,"TB":0},{"Id":80,"V":4,"NV":0,"TB":0},{"Id":73,"V":3,"NV":0,"TB":0}],[{"Id":84,"V":12,"NV":2,"TB":0},{"Id":70,"V":9,"NV":1,"TB":0},{"Id":88,"V":7,"NV":0,"TB":0},{"Id":81,"V":5,"NV":0,"TB":0},{"Id":80,"V":4,"NV":0,"TB":0}],[{"Id":84,"V":12,"NV":0,"TB":0},{"Id":70,"V":9,"NV":0,"TB":0},{"Id":88,"V":8,"NV":1,"TB":0},{"Id":81,"V":6,"NV":1,"TB":0}],[{"Id":84,"V":13,"NV":1,"TB":0},{"Id":70,"V":11,"NV":2,"TB":0},{"Id":88,"V":10,"NV":2,"TB":0}],[{"Id":84,"V":16,"NV":3,"TB":0},{"Id":70,"V":12,"NV":1,"TB":0}],[{"Id":84,"V":20,"NV":4,"TB":0}]],"Expires":1583710820,"SecondsLeft":0}