{"Mtype":"results","Title":"Round FINAL","PollStarted":"2020-02-24T02:36:52.540272079Z","PollDuration":600000000000,"Options":{"65":"Sythe in regalia providing diplomatic relations \"advice\" to the Basitin trio. Lynn is studiously taking notes, but the other two are more suspicious.","66":"Turns out all of Tom's sketches are all just dreams Nora has during her power nap, some she likes, others, not so much. ","67":"As Maren pulls Raine in for a ‘closer’ look, Maren shows off a seductive smile and Raine with a shy one.\"","68":"The main cast dressed as the cast of Bravely Default (Trace=Tiz, Flora=Agnes, Keith=Ringabel, Natani=Edea)","69":"[Cosplay] Maren as Carmen Sandiego.","70":"Natani walks into a bar and is surrounded by female keidran instead of Zen","71":"How would the fight between Trace and Mary ( http://robbiethe1st.afraid.org/twokinds/20040308.jpg \u0026 http://robbiethe1st.afraid.org/twokinds/20040310.jpg ) have gone if she had somehow reflected his spell back at him?","72":"Keith and Laura fiery tango dance.","73":"Keith and Alaric meeting for the first time","74":"Kat \u0026 Raine excitedly dictating scenes from their \"friend-fictions\" to Eric for him to paint.","75":"Magic Lesson Mishap! Nora tries to teach a young Reni how to use magic. Reni accidentally turns a fearsome mystical creature into a certain familiar squirrel ","76":"Clovis getting dolled up by the triplets for a date with Brutus. He's just making sure the disguise holds and his secret is kept. And if he happens to get some compliments from Brutus whatever, not like he cares, b-baka","77":"Maddie hyped on coffee running around like Sonic annoying everyone","78":"Saria and Laura watching over their lovers from heaven.","79":"Keith and Natani are about to become very intimate with each other when they are interrupted by Trace walking into the room.","80":"Trace, Flora, and Kathrin meeting Fluff Kevlar's Ara","81":"Brutus and Clovis as Laurel and Hardy","82":"\"Raine ( human ) and Maren posing in their swimsuits ( as seen in recent chapters ).","83":"Adelaide's First Date Part 2: Maddie's Father tries to flee the castle the morning after, but Adelaide won't let go of him!","84":"Flora(Ori) and the Blind Forest","85":"Sultry Trace on the bed. Flora likes very, very much.","86":"Merveille Million from Solatorobo","87":"Long Haired Kat as a Merfolk and she is posing on a rock like in the movie (My little Mermaid). ","88":"Maeve find a socks catalog (basitin lingerie) in Maddies room and doesn't understand why its there"},"ExpectedBallots":49,"CountedBallots":49,"Ballots":["A","FUOLCSBPKJWNI","XHA","LCFGX","OSBKA","QOLFNXASHWUIJPBMKCR","SCOLFJURINHWT","A","SMAXKIUBJ","RCAKSM","LJP","GWISNAEV","SOF","NGMCBTXEA","ANGILST","R","OSLU","DOFLV","PUOBCLX","FGSJE","UOSLFAJMBIE","ISOUXPM","AUVSEXIHBKDPTJLOQFMCGWNR","XSCFENLOIH","SBUTLOF","ALIXOR","BU","O","CRWXLJ","UTEHFGAPLRONJXCDM","JCWEISFL","QAKLRIUJTSX","HNGFUXTP","JPWBA","MIROABP","HNQGBAXWFS","NHILU","PQEHMB","GRCX","TBKPNOX","IGLKNSXTJHFBCORUAVDPEQWM","GLB","NXPDIHFKMSOWJR","CRLP","WCBMLTNS","SFJOKIBCAUWPHMNLGREDXTQV","UONSL","HVTENOALIRSGUXPCQWB","SUM"],"Placements":[[{"Id":83,"V":6,"NV":6,"TB":0},{"Id":65,"V":5,"NV":5,"TB":0},{"Id":71,"V":3,"NV":3,"TB":0},{"Id":72,"V":3,"NV":3,"TB":0},{"Id":78,"V":3,"NV":3,"TB":0},{"Id":79,"V":3,"NV":3,"TB":0},{"Id":85,"V":3,"NV":3,"TB":0},{"Id":67,"V":2,"NV":2,"TB":0},{"Id":70,"V":2,"NV":2,"TB":0},{"Id":73,"V":2,"NV":2,"TB":0},{"Id":74,"V":2,"NV":2,"TB":0},{"Id":76,"V":2,"NV":2,"TB":0},{"Id":80,"V":2,"NV":2,"TB":0},{"Id":81,"V":2,"NV":2,"TB":0},{"Id":82,"V":2,"NV":2,"TB":0},{"Id":88,"V":2,"NV":2,"TB":0},{"Id":66,"V":1,"NV":1,"TB":0},{"Id":68,"V":1,"NV":1,"TB":0},{"Id":77,"V":1,"NV":1,"TB":0},{"Id":84,"V":1,"NV":1,"TB":0},{"Id":87,"V":1,"NV":1,"TB":0},{"Id":75,"V":0,"NV":0,"TB":0},{"Id":86,"V":0,"NV":0,"TB":0},{"Id":69,"V":0,"NV":0,"TB":3}],[{"Id":83,"V":6,"NV":0,"TB":0},{"Id":65,"V":5,"NV":0,"TB":0},{"Id":71,"V":3,"NV":0,"TB":0},{"Id":72,"V":3,"NV":0,"TB":0},{"Id":78,"V":3,"NV":0,"TB":0},{"Id":79,"V":3,"NV":0,"TB":0},{"Id":85,"V":3,"NV":0,"TB":0},{"Id":67,"V":2,"NV":0,"TB":0},{"Id":70,"V":2,"NV":0,"TB":0},{"Id":73,"V":2,"NV":0,"TB":0},{"Id":74,"V":2,"NV":0,"TB":0},{"Id":76,"V":2,"NV":0,"TB":0},{"Id":80,"V":2,"NV":0,"TB":0},{"Id":81,"V":2,"NV":0,"TB":0},{"Id":82,"V":2,"NV":0,"TB":0},{"Id":88,"V":2,"NV":0,"TB":0},{"Id":66,"V":1,"NV":0,"TB":0},{"Id":68,"V":1,"NV":0,"TB":0},{"Id":77,"V":1,"NV":0,"TB":0},{"Id":84,"V":1,"NV":0,"TB":0},{"Id":87,"V":1,"NV":0,"TB":0},{"Id":75,"V":0,"NV":0,"TB":0},{"Id":86,"V":0,"NV":0,"TB":1}],[{"Id":83,"V":6,"NV":0,"TB":0},{"Id":65,"V":5,"NV":0,"TB":0},{"Id":71,"V":3,"NV":0,"TB":0},{"Id":72,"V":3,"NV":0,"TB":0},{"Id":78,"V":3,"NV":0,"TB":0},{"Id":79,"V":3,"NV":0,"TB":0},{"Id":85,"V":3,"NV":0,"TB":0},{"Id":67,"V":2,"NV":0,"TB":0},{"Id":70,"V":2,"NV":0,"TB":0},{"Id":73,"V":2,"NV":0,"TB":0},{"Id":74,"V":2,"NV":0,"TB":0},{"Id":76,"V":2,"NV":0,"TB":0},{"Id":80,"V":2,"NV":0,"TB":0},{"Id":81,"V":2,"NV":0,"TB":0},{"Id":82,"V":2,"NV":0,"TB":0},{"Id":88,"V":2,"NV":0,"TB":0},{"Id":66,"V":1,"NV":0,"TB":0},{"Id":68,"V":1,"NV":0,"TB":0},{"Id":77,"V":1,"NV":0,"TB":0},{"Id":84,"V":1,"NV":0,"TB":0},{"Id":87,"V":1,"NV":0,"TB":0},{"Id":75,"V":0,"NV":0,"TB":0}],[{"Id":83,"V":6,"NV":0,"TB":0},{"Id":65,"V":5,"NV":0,"TB":0},{"Id":71,"V":3,"NV":0,"TB":0},{"Id":72,"V":3,"NV":0,"TB":0},{"Id":78,"V":3,"NV":0,"TB":0},{"Id":79,"V":3,"NV":0,"TB":0},{"Id":85,"V":3,"NV":0,"TB":0},{"Id":67,"V":2,"NV":0,"TB":0},{"Id":70,"V":2,"NV":0,"TB":0},{"Id":73,"V":2,"NV":0,"TB":0},{"Id":74,"V":2,"NV":0,"TB":0},{"Id":76,"V":2,"NV":0,"TB":0},{"Id":80,"V":2,"NV":0,"TB":0},{"Id":81,"V":2,"NV":0,"TB":0},{"Id":82,"V":2,"NV":0,"TB":0},{"Id":88,"V":2,"NV":0,"TB":0},{"Id":68,"V":1,"NV":0,"TB":0},{"Id":77,"V":1,"NV":0,"TB":0},{"Id":84,"V":1,"NV":0,"TB":0},{"Id":87,"V":1,"NV":0,"TB":0},{"Id":66,"V":1,"NV":0,"TB":5}],[{"Id":83,"V":6,"NV":0,"TB":0},{"Id":65,"V":5,"NV":0,"TB":0},{"Id":85,"V":4,"NV":1,"TB":0},{"Id":71,"V":3,"NV":0,"TB":0},{"Id":72,"V":3,"NV":0,"TB":0},{"Id":78,"V":3,"NV":0,"TB":0},{"Id":79,"V":3,"NV":0,"TB":0},{"Id":67,"V":2,"NV":0,"TB":0},{"Id":70,"V":2,"NV":0,"TB":0},{"Id":73,"V":2,"NV":0,"TB":0},{"Id":74,"V":2,"NV":0,"TB":0},{"Id":76,"V":2,"NV":0,"TB":0},{"Id":80,"V":2,"NV":0,"TB":0},{"Id":81,"V":2,"NV":0,"TB":0},{"Id":82,"V":2,"NV":0,"TB":0},{"Id":88,"V":2,"NV":0,"TB":0},{"Id":68,"V":1,"NV":0,"TB":0},{"Id":77,"V":1,"NV":0,"TB":0},{"Id":84,"V":1,"NV":0,"TB":0},{"Id":87,"V":1,"NV":0,"TB":1}],[{"Id":83,"V":6,"NV":0,"TB":0},{"Id":65,"V":5,"NV":0,"TB":0},{"Id":85,"V":4,"NV":0,"TB":0},{"Id":67,"V":3,"NV":1,"TB":0},{"Id":71,"V":3,"NV":0,"TB":0},{"Id":72,"V":3,"NV":0,"TB":0},{"Id":78,"V":3,"NV":0,"TB":0},{"Id":79,"V":3,"NV":0,"TB":0},{"Id":70,"V":2,"NV":0,"TB":0},{"Id":73,"V":2,"NV":0,"TB":0},{"Id":74,"V":2,"NV":0,"TB":0},{"Id":76,"V":2,"NV":0,"TB":0},{"Id":80,"V":2,"NV":0,"TB":0},{"Id":81,"V":2,"NV":0,"TB":0},{"Id":82,"V":2,"NV":0,"TB":0},{"Id":88,"V":2,"NV":0,"TB":0},{"Id":68,"V":1,"NV":0,"TB":0},{"Id":77,"V":1,"NV":0,"TB":0},{"Id":84,"V":1,"NV":0,"TB":1}],[{"Id":83,"V":6,"NV":0,"TB":0},{"Id":65,"V":5,"NV":0,"TB":0},{"Id":85,"V":4,"NV":0,"TB":0},{"Id":67,"V":3,"NV":0,"TB":0},{"Id":71,"V":3,"NV":0,"TB":0},{"Id":72,"V":3,"NV":0,"TB":0},{"Id":78,"V":3,"NV":0,"TB":0},{"Id":79,"V":3,"NV":0,"TB":0},{"Id":80,"V":3,"NV":1,"TB":0},{"Id":70,"V":2,"NV":0,"TB":0},{"Id":73,"V":2,"NV":0,"TB":0},{"Id":74,"V":2,"NV":0,"TB":0},{"Id":76,"V":2,"NV":0,"TB":0},{"Id":81,"V":2,"NV":0,"TB":0},{"Id":82,"V":2,"NV":0,"TB":0},{"Id":88,"V":2,"NV":0,"TB":0},{"Id":68,"V":1,"NV":0,"TB":0},{"Id":77,"V":1,"NV":0,"TB":1}],[{"Id":83,"V":6,"NV":0,"TB":0},{"Id":65,"V":5,"NV":0,"TB":0},{"Id":85,"V":4,"NV":0,"TB":0},{"Id":67,"V":3,"NV":0,"TB":0},{"Id":71,"V":3,"NV":0,"TB":0},{"Id":72,"V":3,"NV":0,"TB":0},{"Id":73,"V":3,"NV":1,"TB":0},{"Id":78,"V":3,"NV":0,"TB":0},{"Id":79,"V":3,"NV":0,"TB":0},{"Id":80,"V":3,"NV":0,"TB":0},{"Id":70,"V":2,"NV":0,"TB":0},{"Id":74,"V":2,"NV":0,"TB":0},{"Id":76,"V":2,"NV":0,"TB":0},{"Id":81,"V":2,"NV":0,"TB":0},{"Id":82,"V":2,"NV":0,"TB":0},{"Id":88,"V":2,"NV":0,"TB":0},{"Id":68,"V":1,"NV":0,"TB":0}],[{"Id":83,"V":6,"NV":0,"TB":0},{"Id":65,"V":5,"NV":0,"TB":0},{"Id":79,"V":4,"NV":1,"TB":0},{"Id":85,"V":4,"NV":0,"TB":0},{"Id":67,"V":3,"NV":0,"TB":0},{"Id":71,"V":3,"NV":0,"TB":0},{"Id":72,"V":3,"NV":0,"TB":0},{"Id":73,"V":3,"NV":0,"TB":0},{"Id":78,"V":3,"NV":0,"TB":0},{"Id":80,"V":3,"NV":0,"TB":0},{"Id":70,"V":2,"NV":0,"TB":0},{"Id":76,"V":2,"NV":0,"TB":0},{"Id":81,"V":2,"NV":0,"TB":0},{"Id":82,"V":2,"NV":0,"TB":0},{"Id":88,"V":2,"NV":0,"TB":0},{"Id":74,"V":2,"NV":0,"TB":5}],[{"Id":83,"V":6,"NV":0,"TB":0},{"Id":65,"V":5,"NV":0,"TB":0},{"Id":67,"V":4,"NV":1,"TB":0},{"Id":79,"V":4,"NV":0,"TB":0},{"Id":80,"V":4,"NV":1,"TB":0},{"Id":85,"V":4,"NV":0,"TB":0},{"Id":71,"V":3,"NV":0,"TB":0},{"Id":72,"V":3,"NV":0,"TB":0},{"Id":73,"V":3,"NV":0,"TB":0},{"Id":78,"V":3,"NV":0,"TB":0},{"Id":70,"V":2,"NV":0,"TB":0},{"Id":76,"V":2,"NV":0,"TB":0},{"Id":81,"V":2,"NV":0,"TB":0},{"Id":88,"V":2,"NV":0,"TB":0},{"Id":82,"V":2,"NV":0,"TB":2}],[{"Id":83,"V":6,"NV":0,"TB":0},{"Id":65,"V":5,"NV":0,"TB":0},{"Id":67,"V":5,"NV":1,"TB":0},{"Id":79,"V":4,"NV":0,"TB":0},{"Id":80,"V":4,"NV":0,"TB":0},{"Id":85,"V":4,"NV":0,"TB":0},{"Id":71,"V":3,"NV":0,"TB":0},{"Id":72,"V":3,"NV":0,"TB":0},{"Id":73,"V":3,"NV":0,"TB":0},{"Id":78,"V":3,"NV":0,"TB":0},{"Id":76,"V":2,"NV":0,"TB":0},{"Id":81,"V":2,"NV":0,"TB":0},{"Id":88,"V":2,"NV":0,"TB":0},{"Id":70,"V":2,"NV":0,"TB":4}],[{"Id":83,"V":6,"NV":0,"TB":0},{"Id":65,"V":5,"NV":0,"TB":0},{"Id":67,"V":5,"NV":0,"TB":0},{"Id":85,"V":5,"NV":1,"TB":0},{"Id":71,"V":4,"NV":1,"TB":0},{"Id":79,"V":4,"NV":0,"TB":0},{"Id":80,"V":4,"NV":0,"TB":0},{"Id":72,"V":3,"NV":0,"TB":0},{"Id":73,"V":3,"NV":0,"TB":0},{"Id":78,"V":3,"NV":0,"TB":0},{"Id":76,"V":2,"NV":0,"TB":0},{"Id":81,"V":2,"NV":0,"TB":0},{"Id":88,"V":2,"NV":0,"TB":1}],[{"Id":83,"V":7,"NV":1,"TB":0},{"Id":65,"V":5,"NV":0,"TB":0},{"Id":67,"V":5,"NV":0,"TB":0},{"Id":85,"V":5,"NV":0,"TB":0},{"Id":71,"V":4,"NV":0,"TB":0},{"Id":72,"V":4,"NV":1,"TB":0},{"Id":79,"V":4,"NV":0,"TB":0},{"Id":80,"V":4,"NV":0,"TB":0},{"Id":73,"V":3,"NV":0,"TB":0},{"Id":78,"V":3,"NV":0,"TB":0},{"Id":76,"V":2,"NV":0,"TB":0},{"Id":81,"V":2,"NV":0,"TB":1}],[{"Id":83,"V":7,"NV":0,"TB":0},{"Id":65,"V":6,"NV":1,"TB":0},{"Id":67,"V":5,"NV":0,"TB":0},{"Id":79,"V":5,"NV":1,"TB":0},{"Id":85,"V":5,"NV":0,"TB":0},{"Id":71,"V":4,"NV":0,"TB":0},{"Id":72,"V":4,"NV":0,"TB":0},{"Id":80,"V":4,"NV":0,"TB":0},{"Id":73,"V":3,"NV":0,"TB":0},{"Id":78,"V":3,"NV":0,"TB":0},{"Id":76,"V":2,"NV":0,"TB":0}],[{"Id":83,"V":7,"NV":0,"TB":0},{"Id":65,"V":6,"NV":0,"TB":0},{"Id":67,"V":6,"NV":1,"TB":0},{"Id":79,"V":5,"NV":0,"TB":0},{"Id":80,"V":5,"NV":1,"TB":0},{"Id":85,"V":5,"NV":0,"TB":0},{"Id":71,"V":4,"NV":0,"TB":0},{"Id":72,"V":4,"NV":0,"TB":0},{"Id":78,"V":3,"NV":0,"TB":0},{"Id":73,"V":3,"NV":0,"TB":2}],[{"Id":83,"V":8,"NV":1,"TB":0},{"Id":65,"V":6,"NV":0,"TB":0},{"Id":67,"V":6,"NV":0,"TB":0},{"Id":79,"V":6,"NV":1,"TB":0},{"Id":71,"V":5,"NV":1,"TB":0},{"Id":80,"V":5,"NV":0,"TB":0},{"Id":85,"V":5,"NV":0,"TB":0},{"Id":72,"V":4,"NV":0,"TB":0},{"Id":78,"V":3,"NV":0,"TB":0}],[{"Id":83,"V":8,"NV":0,"TB":0},{"Id":65,"V":6,"NV":0,"TB":0},{"Id":67,"V":6,"NV":0,"TB":0},{"Id":71,"V":6,"NV":1,"TB":0},{"Id":79,"V":6,"NV":0,"TB":0},{"Id":80,"V":6,"NV":1,"TB":0},{"Id":72,"V":5,"NV":1,"TB":0},{"Id":85,"V":5,"NV":0,"TB":1}],[{"Id":79,"V":9,"NV":3,"TB":0},{"Id":83,"V":8,"NV":0,"TB":0},{"Id":65,"V":6,"NV":0,"TB":0},{"Id":67,"V":6,"NV":0,"TB":0},{"Id":71,"V":6,"NV":0,"TB":0},{"Id":80,"V":6,"NV":0,"TB":0},{"Id":72,"V":6,"NV":1,"TB":2}],[{"Id":79,"V":10,"NV":1,"TB":0},{"Id":71,"V":9,"NV":3,"TB":0},{"Id":83,"V":8,"NV":0,"TB":0},{"Id":65,"V":7,"NV":1,"TB":0},{"Id":67,"V":6,"NV":0,"TB":0},{"Id":80,"V":6,"NV":0,"TB":1}],[{"Id":79,"V":12,"NV":2,"TB":0},{"Id":71,"V":9,"NV":0,"TB":0},{"Id":83,"V":9,"NV":1,"TB":0},{"Id":65,"V":8,"NV":1,"TB":0},{"Id":67,"V":6,"NV":0,"TB":0}],[{"Id":79,"V":12,"NV":0,"TB":0},{"Id":83,"V":11,"NV":2,"TB":0},{"Id":71,"V":10,"NV":1,"TB":0},{"Id":65,"V":9,"NV":1,"TB":0}],[{"Id":83,"V":14,"NV":3,"TB":0},{"Id":79,"V":13,"NV":1,"TB":0},{"Id":71,"V":11,"NV":1,"TB":0}],[{"Id":83,"V":19,"NV":5,"TB":0},{"Id":79,"V":14,"NV":1,"TB":0}],[{"Id":83,"V":26,"NV":7,"TB":0}]],"Expires":1582513014,"SecondsLeft":0}