{"Mtype":"results","Title":"Round 1","PollStarted":"2020-12-13T22:19:43.860078824Z","PollDuration":600000000000,"Options":{"65":"TwoKids: Kid Keith and Young Trace frolic in the snow with Kitten Flora and Puptani.","66":"Kathrin warns an older Maeve and Maddie about the enchanted mistletoe after they seem to just come across it.","67":"Wolf Watchers (Sequel to Peeping Squirrel) - Zen and Sythe attract a small crowd to secretly watch them bathe in the nude","68":"Halfkind Raine and Red are out building snowsneps! Maeve is watching them with some hot chocolate.","69":"Saria and Rose wake up after a wild Christmas party and wonder if anything happened between them.","70":"Mistletoe Mishap - Brutus and Prince Clovis's 'sister', which leaves Brutus commenting that she kisses like her 'brother' (in reference to the drunk kiss sketch from a way back). ","71":"Adelaide and Maddie Christmas Caroling - Adelaide and Maddie singing Christmas carols...in Basitin","72":"(Laura Survive AU) Laura steals the magic mistletoe to keep it safe. And definitely not for an excuse to share more holiday kisses with Keith and Natani","73":"No evil Kajortoq post red Tezcatlipoca (episode 36 1:19)","74":"Maeve makes an ungraceful flying leap at something (food?) similar to this snow leopard gif: https://c.tenor.com/FM9PfR5EkPsAAAAM/wow-meow.gif","75":"Anthro Nora Daki","76":"2020 holiday greeting card from Flora and Trace - Flora has a Christmas wreath around her stomach, Trace has light up reindeer antlers \u0026 a red nose \u0026 both are wearing their best ugly Christmas sweaters","77":"Laura, Kat and Willow carol singing on a frosty, snowy Christmas Eve (set in the modern AU, but they're dressed in Victorian style clothing).","78":"Mikey McFly is stunned to find that his mentor, Euchre \"Doc\" Brown, Ph. D., has built a time machine... out of a DeLorean!","79":"Kat-o-Vision sequel: Alongside his food, Kat brings Zen a positive pregnancy test. Suprise!","80":"Brutus surprises the Boss with a holiday gift in the form of a hand-knit scarf. Feeling strangely guilty, all Clovis has to give in return is a bone from his half-eaten dinner. But how did he know that was exactly what Brutus wanted?!","81":"Kat, Maeve, and Flora keeping their distance from the Christmas tree because everyone had to put plastic bags near the bottom in order to stop them from jumping on the tree and knocking it down","82":"Raine daki","83":"Maddie finds a lightsaber","84":"Raine/Rose AU: Rose and Saria are woken up extra early to open presents by an excited young Raine","85":"The biological differences between Mekkan's main species(and Windstraw's)","86":"Flora tangled up in Christmas lights","87":"Nibbly causes chaos as she scampers/jumps over multiple cast members while carrying the enchanted mistletoe","88":"Keiren, in his Lion Keidran form, on a date with Reni in her Cat Keidran form","89":"Before the blowup, Flora spends her first Christmas celebrating with her best new friend Keiren."},"ExpectedBallots":80,"CountedBallots":80,"Ballots":["OQVBLWRSFY","CRTXPSQ","","PFATNWS","RTD","PCFXWVE","BMXSVDF","XVMTAPLRFGECOBWQSHJYKDU","VXILPFBKO","CRW","WKP","VLYDAXCPMEHGTJSFBKUW","RPTHWMFJXKCESL","ATYPD","HOVMI","APTXYGM","HFOCJ","TRXAJBDEYQKG","HJABS","VLTEPYH","ODKX","PKVB","OQXVLA","HVS","DLUOAQTE","NRV","GHCUDAEQFTMBSVJPWOXRLKYNI","CWFRBGELXPAKOTMDUJVYQHSNI","OWPLXSFYJA","AELF","NALVOM","VKLE","TUNEMCPY","P","VYSKRL","AFOMDGWNICX","OLQBAVSWNDXKP","AQVYWPLS","ESVMJ","UYHQMALOXKJEFDSWV","QBUDHWESXITCNRYGAMLJKPFV","WCBQ","UKETRWX","MHNVUT","NSILMPAHVUYQF","MUBODVRWEJNFHYXTQSCGIAPKL","DT","V","SJPVYTNM","ECGBHFWXJMVAUKRLSOQ","MKTESUICRWDBGQAOPFYLXNJH","TMVAJWLUIFNXS","ELJHMBPAWKRTGXNSDYCI","EB","MQFVCSRUDJKOEAN","MDBQATJK","RCWF","BMQO","","HDNXUEOP","SCUYDOQGXWVRNHFBKEMALJPTI","KEWRBVFHXYU","UV","","YCDXPMBOIFNQV","HCPANF","WRMQELYGVUA","LVQA","BXFO","LNMYQPUBHXJG","IDEARMCXSLTQ","EJVGTMNLWA","MVWUXJ","KRFPUEOX","YBWDPTANQHIJL","FRESPJ","L","F","OKVQE","MSCVEO"],"Placements":[[{"Id":77,"V":7,"NV":7,"TB":0},{"Id":72,"V":6,"NV":6,"TB":0},{"Id":79,"V":6,"NV":6,"TB":0},{"Id":86,"V":6,"NV":6,"TB":0},{"Id":65,"V":5,"NV":5,"TB":0},{"Id":69,"V":5,"NV":5,"TB":0},{"Id":80,"V":4,"NV":4,"TB":0},{"Id":66,"V":3,"NV":3,"TB":0},{"Id":67,"V":3,"NV":3,"TB":0},{"Id":76,"V":3,"NV":3,"TB":0},{"Id":78,"V":3,"NV":3,"TB":0},{"Id":82,"V":3,"NV":3,"TB":0},{"Id":84,"V":3,"NV":3,"TB":0},{"Id":85,"V":3,"NV":3,"TB":0},{"Id":87,"V":3,"NV":3,"TB":0},{"Id":68,"V":2,"NV":2,"TB":0},{"Id":70,"V":2,"NV":2,"TB":0},{"Id":75,"V":2,"NV":2,"TB":0},{"Id":83,"V":2,"NV":2,"TB":0},{"Id":89,"V":2,"NV":2,"TB":0},{"Id":71,"V":1,"NV":1,"TB":0},{"Id":73,"V":1,"NV":1,"TB":0},{"Id":81,"V":1,"NV":1,"TB":0},{"Id":88,"V":1,"NV":1,"TB":0},{"Id":74,"V":0,"NV":0,"TB":0}],[{"Id":77,"V":7,"NV":0,"TB":0},{"Id":72,"V":6,"NV":0,"TB":0},{"Id":79,"V":6,"NV":0,"TB":0},{"Id":86,"V":6,"NV":0,"TB":0},{"Id":65,"V":5,"NV":0,"TB":0},{"Id":69,"V":5,"NV":0,"TB":0},{"Id":80,"V":4,"NV":0,"TB":0},{"Id":66,"V":3,"NV":0,"TB":0},{"Id":67,"V":3,"NV":0,"TB":0},{"Id":76,"V":3,"NV":0,"TB":0},{"Id":78,"V":3,"NV":0,"TB":0},{"Id":82,"V":3,"NV":0,"TB":0},{"Id":84,"V":3,"NV":0,"TB":0},{"Id":85,"V":3,"NV":0,"TB":0},{"Id":87,"V":3,"NV":0,"TB":0},{"Id":68,"V":2,"NV":0,"TB":0},{"Id":70,"V":2,"NV":0,"TB":0},{"Id":75,"V":2,"NV":0,"TB":0},{"Id":83,"V":2,"NV":0,"TB":0},{"Id":89,"V":2,"NV":0,"TB":0},{"Id":71,"V":1,"NV":0,"TB":0},{"Id":81,"V":1,"NV":0,"TB":0},{"Id":88,"V":1,"NV":0,"TB":0},{"Id":73,"V":1,"NV":0,"TB":3}],[{"Id":77,"V":7,"NV":0,"TB":0},{"Id":72,"V":6,"NV":0,"TB":0},{"Id":79,"V":6,"NV":0,"TB":0},{"Id":86,"V":6,"NV":0,"TB":0},{"Id":65,"V":5,"NV":0,"TB":0},{"Id":69,"V":5,"NV":0,"TB":0},{"Id":80,"V":4,"NV":0,"TB":0},{"Id":66,"V":3,"NV":0,"TB":0},{"Id":67,"V":3,"NV":0,"TB":0},{"Id":68,"V":3,"NV":1,"TB":0},{"Id":76,"V":3,"NV":0,"TB":0},{"Id":78,"V":3,"NV":0,"TB":0},{"Id":82,"V":3,"NV":0,"TB":0},{"Id":84,"V":3,"NV":0,"TB":0},{"Id":85,"V":3,"NV":0,"TB":0},{"Id":87,"V":3,"NV":0,"TB":0},{"Id":70,"V":2,"NV":0,"TB":0},{"Id":75,"V":2,"NV":0,"TB":0},{"Id":83,"V":2,"NV":0,"TB":0},{"Id":89,"V":2,"NV":0,"TB":0},{"Id":81,"V":1,"NV":0,"TB":0},{"Id":88,"V":1,"NV":0,"TB":0},{"Id":71,"V":1,"NV":0,"TB":3}],[{"Id":72,"V":7,"NV":1,"TB":0},{"Id":77,"V":7,"NV":0,"TB":0},{"Id":79,"V":6,"NV":0,"TB":0},{"Id":86,"V":6,"NV":0,"TB":0},{"Id":65,"V":5,"NV":0,"TB":0},{"Id":69,"V":5,"NV":0,"TB":0},{"Id":80,"V":4,"NV":0,"TB":0},{"Id":66,"V":3,"NV":0,"TB":0},{"Id":67,"V":3,"NV":0,"TB":0},{"Id":68,"V":3,"NV":0,"TB":0},{"Id":76,"V":3,"NV":0,"TB":0},{"Id":78,"V":3,"NV":0,"TB":0},{"Id":82,"V":3,"NV":0,"TB":0},{"Id":84,"V":3,"NV":0,"TB":0},{"Id":85,"V":3,"NV":0,"TB":0},{"Id":87,"V":3,"NV":0,"TB":0},{"Id":70,"V":2,"NV":0,"TB":0},{"Id":75,"V":2,"NV":0,"TB":0},{"Id":83,"V":2,"NV":0,"TB":0},{"Id":89,"V":2,"NV":0,"TB":0},{"Id":88,"V":1,"NV":0,"TB":0},{"Id":81,"V":1,"NV":0,"TB":2}],[{"Id":72,"V":7,"NV":0,"TB":0},{"Id":77,"V":7,"NV":0,"TB":0},{"Id":79,"V":6,"NV":0,"TB":0},{"Id":86,"V":6,"NV":0,"TB":0},{"Id":65,"V":5,"NV":0,"TB":0},{"Id":69,"V":5,"NV":0,"TB":0},{"Id":66,"V":4,"NV":1,"TB":0},{"Id":80,"V":4,"NV":0,"TB":0},{"Id":67,"V":3,"NV":0,"TB":0},{"Id":68,"V":3,"NV":0,"TB":0},{"Id":76,"V":3,"NV":0,"TB":0},{"Id":78,"V":3,"NV":0,"TB":0},{"Id":82,"V":3,"NV":0,"TB":0},{"Id":84,"V":3,"NV":0,"TB":0},{"Id":85,"V":3,"NV":0,"TB":0},{"Id":87,"V":3,"NV":0,"TB":0},{"Id":70,"V":2,"NV":0,"TB":0},{"Id":75,"V":2,"NV":0,"TB":0},{"Id":83,"V":2,"NV":0,"TB":0},{"Id":89,"V":2,"NV":0,"TB":0},{"Id":88,"V":1,"NV":0,"TB":0}],[{"Id":72,"V":7,"NV":0,"TB":0},{"Id":77,"V":7,"NV":0,"TB":0},{"Id":86,"V":7,"NV":1,"TB":0},{"Id":79,"V":6,"NV":0,"TB":0},{"Id":65,"V":5,"NV":0,"TB":0},{"Id":69,"V":5,"NV":0,"TB":0},{"Id":66,"V":4,"NV":0,"TB":0},{"Id":80,"V":4,"NV":0,"TB":0},{"Id":67,"V":3,"NV":0,"TB":0},{"Id":68,"V":3,"NV":0,"TB":0},{"Id":76,"V":3,"NV":0,"TB":0},{"Id":78,"V":3,"NV":0,"TB":0},{"Id":82,"V":3,"NV":0,"TB":0},{"Id":84,"V":3,"NV":0,"TB":0},{"Id":85,"V":3,"NV":0,"TB":0},{"Id":87,"V":3,"NV":0,"TB":0},{"Id":70,"V":2,"NV":0,"TB":0},{"Id":75,"V":2,"NV":0,"TB":0},{"Id":89,"V":2,"NV":0,"TB":0},{"Id":83,"V":2,"NV":0,"TB":2}],[{"Id":72,"V":7,"NV":0,"TB":0},{"Id":77,"V":7,"NV":0,"TB":0},{"Id":86,"V":7,"NV":0,"TB":0},{"Id":79,"V":6,"NV":0,"TB":0},{"Id":65,"V":5,"NV":0,"TB":0},{"Id":69,"V":5,"NV":0,"TB":0},{"Id":80,"V":5,"NV":1,"TB":0},{"Id":66,"V":4,"NV":0,"TB":0},{"Id":67,"V":4,"NV":1,"TB":0},{"Id":68,"V":3,"NV":0,"TB":0},{"Id":76,"V":3,"NV":0,"TB":0},{"Id":78,"V":3,"NV":0,"TB":0},{"Id":82,"V":3,"NV":0,"TB":0},{"Id":84,"V":3,"NV":0,"TB":0},{"Id":85,"V":3,"NV":0,"TB":0},{"Id":87,"V":3,"NV":0,"TB":0},{"Id":75,"V":2,"NV":0,"TB":0},{"Id":89,"V":2,"NV":0,"TB":0},{"Id":70,"V":2,"NV":0,"TB":3}],[{"Id":72,"V":7,"NV":0,"TB":0},{"Id":77,"V":7,"NV":0,"TB":0},{"Id":86,"V":7,"NV":0,"TB":0},{"Id":79,"V":6,"NV":0,"TB":0},{"Id":65,"V":5,"NV":0,"TB":0},{"Id":69,"V":5,"NV":0,"TB":0},{"Id":80,"V":5,"NV":0,"TB":0},{"Id":66,"V":4,"NV":0,"TB":0},{"Id":67,"V":4,"NV":0,"TB":0},{"Id":82,"V":4,"NV":1,"TB":0},{"Id":68,"V":3,"NV":0,"TB":0},{"Id":76,"V":3,"NV":0,"TB":0},{"Id":78,"V":3,"NV":0,"TB":0},{"Id":84,"V":3,"NV":0,"TB":0},{"Id":85,"V":3,"NV":0,"TB":0},{"Id":87,"V":3,"NV":0,"TB":0},{"Id":89,"V":2,"NV":0,"TB":0},{"Id":75,"V":2,"NV":0,"TB":2}],[{"Id":72,"V":7,"NV":0,"TB":0},{"Id":77,"V":7,"NV":0,"TB":0},{"Id":86,"V":7,"NV":0,"TB":0},{"Id":69,"V":6,"NV":1,"TB":0},{"Id":79,"V":6,"NV":0,"TB":0},{"Id":65,"V":5,"NV":0,"TB":0},{"Id":80,"V":5,"NV":0,"TB":0},{"Id":82,"V":5,"NV":1,"TB":0},{"Id":66,"V":4,"NV":0,"TB":0},{"Id":67,"V":4,"NV":0,"TB":0},{"Id":68,"V":3,"NV":0,"TB":0},{"Id":76,"V":3,"NV":0,"TB":0},{"Id":78,"V":3,"NV":0,"TB":0},{"Id":84,"V":3,"NV":0,"TB":0},{"Id":85,"V":3,"NV":0,"TB":0},{"Id":87,"V":3,"NV":0,"TB":0},{"Id":89,"V":2,"NV":0,"TB":0}],[{"Id":72,"V":7,"NV":0,"TB":0},{"Id":77,"V":7,"NV":0,"TB":0},{"Id":86,"V":7,"NV":0,"TB":0},{"Id":69,"V":6,"NV":0,"TB":0},{"Id":79,"V":6,"NV":0,"TB":0},{"Id":65,"V":5,"NV":0,"TB":0},{"Id":66,"V":5,"NV":1,"TB":0},{"Id":67,"V":5,"NV":1,"TB":0},{"Id":80,"V":5,"NV":0,"TB":0},{"Id":82,"V":5,"NV":0,"TB":0},{"Id":68,"V":3,"NV":0,"TB":0},{"Id":76,"V":3,"NV":0,"TB":0},{"Id":78,"V":3,"NV":0,"TB":0},{"Id":84,"V":3,"NV":0,"TB":0},{"Id":85,"V":3,"NV":0,"TB":0},{"Id":87,"V":3,"NV":0,"TB":1}],[{"Id":72,"V":7,"NV":0,"TB":0},{"Id":77,"V":7,"NV":0,"TB":0},{"Id":86,"V":7,"NV":0,"TB":0},{"Id":67,"V":6,"NV":1,"TB":0},{"Id":69,"V":6,"NV":0,"TB":0},{"Id":79,"V":6,"NV":0,"TB":0},{"Id":80,"V":6,"NV":1,"TB":0},{"Id":82,"V":6,"NV":1,"TB":0},{"Id":65,"V":5,"NV":0,"TB":0},{"Id":66,"V":5,"NV":0,"TB":0},{"Id":68,"V":3,"NV":0,"TB":0},{"Id":76,"V":3,"NV":0,"TB":0},{"Id":78,"V":3,"NV":0,"TB":0},{"Id":85,"V":3,"NV":0,"TB":0},{"Id":84,"V":3,"NV":0,"TB":2}],[{"Id":77,"V":8,"NV":1,"TB":0},{"Id":72,"V":7,"NV":0,"TB":0},{"Id":82,"V":7,"NV":1,"TB":0},{"Id":86,"V":7,"NV":0,"TB":0},{"Id":67,"V":6,"NV":0,"TB":0},{"Id":69,"V":6,"NV":0,"TB":0},{"Id":79,"V":6,"NV":0,"TB":0},{"Id":80,"V":6,"NV":0,"TB":0},{"Id":65,"V":5,"NV":0,"TB":0},{"Id":66,"V":5,"NV":0,"TB":0},{"Id":85,"V":4,"NV":1,"TB":0},{"Id":68,"V":3,"NV":0,"TB":0},{"Id":78,"V":3,"NV":0,"TB":0},{"Id":76,"V":3,"NV":0,"TB":2}],[{"Id":77,"V":8,"NV":0,"TB":0},{"Id":86,"V":8,"NV":1,"TB":0},{"Id":72,"V":7,"NV":0,"TB":0},{"Id":82,"V":7,"NV":0,"TB":0},{"Id":67,"V":6,"NV":0,"TB":0},{"Id":69,"V":6,"NV":0,"TB":0},{"Id":79,"V":6,"NV":0,"TB":0},{"Id":80,"V":6,"NV":0,"TB":0},{"Id":65,"V":5,"NV":0,"TB":0},{"Id":66,"V":5,"NV":0,"TB":0},{"Id":78,"V":4,"NV":1,"TB":0},{"Id":85,"V":4,"NV":0,"TB":0},{"Id":68,"V":3,"NV":0,"TB":0}],[{"Id":77,"V":8,"NV":0,"TB":0},{"Id":86,"V":8,"NV":0,"TB":0},{"Id":69,"V":7,"NV":1,"TB":0},{"Id":72,"V":7,"NV":0,"TB":0},{"Id":82,"V":7,"NV":0,"TB":0},{"Id":67,"V":6,"NV":0,"TB":0},{"Id":79,"V":6,"NV":0,"TB":0},{"Id":80,"V":6,"NV":0,"TB":0},{"Id":65,"V":5,"NV":0,"TB":0},{"Id":66,"V":5,"NV":0,"TB":0},{"Id":85,"V":5,"NV":1,"TB":0},{"Id":78,"V":4,"NV":0,"TB":0}],[{"Id":77,"V":10,"NV":2,"TB":0},{"Id":82,"V":8,"NV":1,"TB":0},{"Id":86,"V":8,"NV":0,"TB":0},{"Id":69,"V":7,"NV":0,"TB":0},{"Id":72,"V":7,"NV":0,"TB":0},{"Id":65,"V":6,"NV":1,"TB":0},{"Id":67,"V":6,"NV":0,"TB":0},{"Id":79,"V":6,"NV":0,"TB":0},{"Id":80,"V":6,"NV":0,"TB":0},{"Id":85,"V":5,"NV":0,"TB":0},{"Id":66,"V":5,"NV":0,"TB":2}],[{"Id":77,"V":12,"NV":2,"TB":0},{"Id":82,"V":8,"NV":0,"TB":0},{"Id":86,"V":8,"NV":0,"TB":0},{"Id":69,"V":7,"NV":0,"TB":0},{"Id":72,"V":7,"NV":0,"TB":0},{"Id":79,"V":7,"NV":1,"TB":0},{"Id":80,"V":7,"NV":1,"TB":0},{"Id":65,"V":6,"NV":0,"TB":0},{"Id":67,"V":6,"NV":0,"TB":0},{"Id":85,"V":6,"NV":1,"TB":1}],[{"Id":77,"V":12,"NV":0,"TB":0},{"Id":69,"V":9,"NV":2,"TB":0},{"Id":72,"V":9,"NV":2,"TB":0},{"Id":86,"V":9,"NV":1,"TB":0},{"Id":79,"V":8,"NV":1,"TB":0},{"Id":82,"V":8,"NV":0,"TB":0},{"Id":80,"V":7,"NV":0,"TB":0},{"Id":65,"V":6,"NV":0,"TB":0},{"Id":67,"V":6,"NV":0,"TB":1}],[{"Id":77,"V":12,"NV":0,"TB":0},{"Id":82,"V":11,"NV":3,"TB":0},{"Id":69,"V":9,"NV":0,"TB":0},{"Id":72,"V":9,"NV":0,"TB":0},{"Id":79,"V":9,"NV":1,"TB":0},{"Id":86,"V":9,"NV":0,"TB":0},{"Id":80,"V":8,"NV":1,"TB":0},{"Id":65,"V":6,"NV":0,"TB":0}],[{"Id":77,"V":12,"NV":0,"TB":0},{"Id":82,"V":11,"NV":0,"TB":0},{"Id":86,"V":11,"NV":2,"TB":0},{"Id":69,"V":10,"NV":1,"TB":0},{"Id":79,"V":10,"NV":1,"TB":0},{"Id":80,"V":10,"NV":2,"TB":0},{"Id":72,"V":9,"NV":0,"TB":0}],[{"Id":69,"V":13,"NV":3,"TB":0},{"Id":77,"V":13,"NV":1,"TB":0},{"Id":79,"V":12,"NV":2,"TB":0},{"Id":86,"V":12,"NV":1,"TB":0},{"Id":82,"V":11,"NV":0,"TB":0},{"Id":80,"V":11,"NV":1,"TB":2}],[{"Id":77,"V":15,"NV":2,"TB":0},{"Id":86,"V":15,"NV":3,"TB":0},{"Id":69,"V":13,"NV":0,"TB":0},{"Id":79,"V":12,"NV":0,"TB":0},{"Id":82,"V":11,"NV":0,"TB":0}],[{"Id":69,"V":17,"NV":4,"TB":0},{"Id":77,"V":17,"NV":2,"TB":0},{"Id":86,"V":16,"NV":1,"TB":0},{"Id":79,"V":12,"NV":0,"TB":0}],[{"Id":86,"V":22,"NV":6,"TB":0},{"Id":69,"V":18,"NV":1,"TB":0},{"Id":77,"V":18,"NV":1,"TB":1}],[{"Id":86,"V":31,"NV":9,"TB":0},{"Id":69,"V":22,"NV":4,"TB":0}],[{"Id":86,"V":40,"NV":9,"TB":0}]],"Expires":1607899184,"SecondsLeft":0}