{"Mtype":"results","Title":"Round 3","PollStarted":"2020-10-05T01:17:03.354470477Z","PollDuration":600000000000,"Options":{"65":"Adira and Maeve are having fun to fly a kite","66":"Nora is 'Freddy Krueger-ing' people into girls from inside their dreams.","67":"Rose switches to a full maid's uniform - but her butt is still exposed. Saria gives up and just enjoys the show. ","68":"Raine/Rose AU: Rose drops young Raine off at the Taverndatters so she can go trick-or-treating with Maren and Karen.","69":"Modern AU: Cyberpunk Raine is helping Gaming Nora to find RHGUY69","70":"Twokinds History Illustrated: Sythe's first summer living in a human village, as he described in page 828.","71":"Let’s play a game of hide and seek with Ms. Nibbly! She is hidden somewhere in the picture","72":"Flora dressed in a tiger trainer costume for halloween","73":"For Halloween - the not so - Bare Rose wears a snug, sexy witch costume while stirring a cauldron shaped pot on the stove. Saria just can't win.","74":"Brutus somehow runs into Fem Brutus! \"Whoa! I didn't know I had a Brother/Sister!\" They of course get along swimmingly. ","75":"Past Trace and Current Trace as twins competing for head mistress Nora's attention at the Templar school of magic.","76":"Nib Nab 6: Zen and Kat, but neither particularly are unhappy about the situation ","77":"Flora decides to test Stoney to see if he'll be a good companion for her upcoming baby when it's born. She likes him! Good boy!","78":"Clovis in a slinky black dress with Romulus and Remus in tuxedoes on each arm for a night out on the town. Clovis is smiling broadly while R n R have blank looks like they are both wondering “How did we get roped into this?”.","79":"WW2: Tigress Trace wearing the US Army Air Force Dress uniform","80":"Big titty werewolf girlfriend ","81":"A twokinds crossover. Flora meets Krystal.","82":"Willow visits her “Mother” deep in the forest. ","83":"Trace and Flora invited to a \"mix race couples Island retreat\" to meet other mix race couples on a private get away. PS friends welcome PPS: NO Eric Vaughan allowed.","84":"Mike kisses Evals who is reluctant at first, but then gets more into it (both male) ","85":"Adora making mixed drinks for patrons at the bar","86":"Older Keith and Natani, watching their kids play in leaf piles","87":"Keith/Natani/Trace/Flora on a picnic date ","88":"Maddie and Meave's first date"},"ExpectedBallots":64,"CountedBallots":64,"Ballots":["PTUJX","JGVL","IETJDHNLUGPCAMKBOFSWVXQR","FCIPDV","BNPCJ","EXRGLI","PFT","RUBFLDVITAPJ","TFJNXVAIRPBC","IUXNQM","PJMIV","DPXURAQ","RTVKFNS","IRAWTFUDVMXPCLNH","PXWVU","LSC","TLCNIPJUQRFVDWXSHGAMKBEO","BEMJCNWHFRP","EIFDMA","PICQFMNJKBSODGTEAVHXUWRL","MDCBTIQOSVXW","PGOMFJVCDKL","FOENDR","VFDHI","UCI","AMLXOCI","SMQCPVHAX","VWTF","MFHDRLB","PNL","JN","PBRCI","PRBVUSIDKXJWEHTMGQNOFCA","MSKBW","KOELHGS","LECRI","FERQAMH","WMBFKIVPNURA","UVORTGE","LEOPNDBWCJSF","AQJPLMSTIXKVC","EHKSBRNVOXUICJDAGLMTQFPW","OPHIAXTNVJLRMQFCS","DUILAFXSQTMW","LURBFSCITO","LQIMEHWOJBUDF","EAL","XGLQCT","IQNFXASJBCERHWDMLV","CIVXP","OCLSRMH","TJVPNXB","GW","PJFS","FUWQGVBELPOHMINKR","RAGWIPHCSNXBU","VGTHQLBSOMJ","WDRHKO","ICTDXU","RSKILEJCDUTQWOBAGV","XVD","BGPJ","L","JOL"],"Placements":[[{"Id":80,"V":10,"NV":10,"TB":0},{"Id":76,"V":6,"NV":6,"TB":0},{"Id":73,"V":5,"NV":5,"TB":0},{"Id":69,"V":4,"NV":4,"TB":0},{"Id":70,"V":4,"NV":4,"TB":0},{"Id":82,"V":4,"NV":4,"TB":0},{"Id":66,"V":3,"NV":3,"TB":0},{"Id":74,"V":3,"NV":3,"TB":0},{"Id":77,"V":3,"NV":3,"TB":0},{"Id":84,"V":3,"NV":3,"TB":0},{"Id":86,"V":3,"NV":3,"TB":0},{"Id":65,"V":2,"NV":2,"TB":0},{"Id":68,"V":2,"NV":2,"TB":0},{"Id":79,"V":2,"NV":2,"TB":0},{"Id":85,"V":2,"NV":2,"TB":0},{"Id":87,"V":2,"NV":2,"TB":0},{"Id":88,"V":2,"NV":2,"TB":0},{"Id":67,"V":1,"NV":1,"TB":0},{"Id":71,"V":1,"NV":1,"TB":0},{"Id":75,"V":1,"NV":1,"TB":0},{"Id":83,"V":1,"NV":1,"TB":0},{"Id":72,"V":0,"NV":0,"TB":0},{"Id":81,"V":0,"NV":0,"TB":0},{"Id":78,"V":0,"NV":0,"TB":2}],[{"Id":80,"V":10,"NV":0,"TB":0},{"Id":76,"V":6,"NV":0,"TB":0},{"Id":73,"V":5,"NV":0,"TB":0},{"Id":69,"V":4,"NV":0,"TB":0},{"Id":70,"V":4,"NV":0,"TB":0},{"Id":82,"V":4,"NV":0,"TB":0},{"Id":66,"V":3,"NV":0,"TB":0},{"Id":74,"V":3,"NV":0,"TB":0},{"Id":77,"V":3,"NV":0,"TB":0},{"Id":84,"V":3,"NV":0,"TB":0},{"Id":86,"V":3,"NV":0,"TB":0},{"Id":65,"V":2,"NV":0,"TB":0},{"Id":68,"V":2,"NV":0,"TB":0},{"Id":79,"V":2,"NV":0,"TB":0},{"Id":85,"V":2,"NV":0,"TB":0},{"Id":87,"V":2,"NV":0,"TB":0},{"Id":88,"V":2,"NV":0,"TB":0},{"Id":67,"V":1,"NV":0,"TB":0},{"Id":71,"V":1,"NV":0,"TB":0},{"Id":75,"V":1,"NV":0,"TB":0},{"Id":83,"V":1,"NV":0,"TB":0},{"Id":72,"V":0,"NV":0,"TB":0},{"Id":81,"V":0,"NV":0,"TB":1}],[{"Id":80,"V":10,"NV":0,"TB":0},{"Id":76,"V":6,"NV":0,"TB":0},{"Id":73,"V":5,"NV":0,"TB":0},{"Id":69,"V":4,"NV":0,"TB":0},{"Id":70,"V":4,"NV":0,"TB":0},{"Id":82,"V":4,"NV":0,"TB":0},{"Id":66,"V":3,"NV":0,"TB":0},{"Id":74,"V":3,"NV":0,"TB":0},{"Id":77,"V":3,"NV":0,"TB":0},{"Id":84,"V":3,"NV":0,"TB":0},{"Id":86,"V":3,"NV":0,"TB":0},{"Id":65,"V":2,"NV":0,"TB":0},{"Id":68,"V":2,"NV":0,"TB":0},{"Id":79,"V":2,"NV":0,"TB":0},{"Id":85,"V":2,"NV":0,"TB":0},{"Id":87,"V":2,"NV":0,"TB":0},{"Id":88,"V":2,"NV":0,"TB":0},{"Id":67,"V":1,"NV":0,"TB":0},{"Id":71,"V":1,"NV":0,"TB":0},{"Id":75,"V":1,"NV":0,"TB":0},{"Id":83,"V":1,"NV":0,"TB":0},{"Id":72,"V":0,"NV":0,"TB":0}],[{"Id":80,"V":10,"NV":0,"TB":0},{"Id":76,"V":6,"NV":0,"TB":0},{"Id":73,"V":5,"NV":0,"TB":0},{"Id":69,"V":4,"NV":0,"TB":0},{"Id":70,"V":4,"NV":0,"TB":0},{"Id":82,"V":4,"NV":0,"TB":0},{"Id":66,"V":3,"NV":0,"TB":0},{"Id":74,"V":3,"NV":0,"TB":0},{"Id":77,"V":3,"NV":0,"TB":0},{"Id":84,"V":3,"NV":0,"TB":0},{"Id":86,"V":3,"NV":0,"TB":0},{"Id":65,"V":2,"NV":0,"TB":0},{"Id":68,"V":2,"NV":0,"TB":0},{"Id":79,"V":2,"NV":0,"TB":0},{"Id":85,"V":2,"NV":0,"TB":0},{"Id":87,"V":2,"NV":0,"TB":0},{"Id":88,"V":2,"NV":0,"TB":0},{"Id":71,"V":1,"NV":0,"TB":0},{"Id":75,"V":1,"NV":0,"TB":0},{"Id":83,"V":1,"NV":0,"TB":0},{"Id":67,"V":1,"NV":0,"TB":4}],[{"Id":80,"V":10,"NV":0,"TB":0},{"Id":73,"V":6,"NV":1,"TB":0},{"Id":76,"V":6,"NV":0,"TB":0},{"Id":69,"V":4,"NV":0,"TB":0},{"Id":70,"V":4,"NV":0,"TB":0},{"Id":82,"V":4,"NV":0,"TB":0},{"Id":66,"V":3,"NV":0,"TB":0},{"Id":74,"V":3,"NV":0,"TB":0},{"Id":77,"V":3,"NV":0,"TB":0},{"Id":84,"V":3,"NV":0,"TB":0},{"Id":86,"V":3,"NV":0,"TB":0},{"Id":65,"V":2,"NV":0,"TB":0},{"Id":68,"V":2,"NV":0,"TB":0},{"Id":79,"V":2,"NV":0,"TB":0},{"Id":85,"V":2,"NV":0,"TB":0},{"Id":87,"V":2,"NV":0,"TB":0},{"Id":88,"V":2,"NV":0,"TB":0},{"Id":75,"V":1,"NV":0,"TB":0},{"Id":83,"V":1,"NV":0,"TB":0},{"Id":71,"V":1,"NV":0,"TB":3}],[{"Id":80,"V":10,"NV":0,"TB":0},{"Id":73,"V":6,"NV":0,"TB":0},{"Id":76,"V":6,"NV":0,"TB":0},{"Id":69,"V":4,"NV":0,"TB":0},{"Id":70,"V":4,"NV":0,"TB":0},{"Id":82,"V":4,"NV":0,"TB":0},{"Id":66,"V":3,"NV":0,"TB":0},{"Id":74,"V":3,"NV":0,"TB":0},{"Id":77,"V":3,"NV":0,"TB":0},{"Id":84,"V":3,"NV":0,"TB":0},{"Id":86,"V":3,"NV":0,"TB":0},{"Id":87,"V":3,"NV":1,"TB":0},{"Id":65,"V":2,"NV":0,"TB":0},{"Id":68,"V":2,"NV":0,"TB":0},{"Id":79,"V":2,"NV":0,"TB":0},{"Id":85,"V":2,"NV":0,"TB":0},{"Id":88,"V":2,"NV":0,"TB":0},{"Id":75,"V":1,"NV":0,"TB":0},{"Id":83,"V":1,"NV":0,"TB":1}],[{"Id":80,"V":10,"NV":0,"TB":0},{"Id":73,"V":6,"NV":0,"TB":0},{"Id":76,"V":6,"NV":0,"TB":0},{"Id":69,"V":4,"NV":0,"TB":0},{"Id":70,"V":4,"NV":0,"TB":0},{"Id":77,"V":4,"NV":1,"TB":0},{"Id":82,"V":4,"NV":0,"TB":0},{"Id":66,"V":3,"NV":0,"TB":0},{"Id":74,"V":3,"NV":0,"TB":0},{"Id":84,"V":3,"NV":0,"TB":0},{"Id":86,"V":3,"NV":0,"TB":0},{"Id":87,"V":3,"NV":0,"TB":0},{"Id":65,"V":2,"NV":0,"TB":0},{"Id":68,"V":2,"NV":0,"TB":0},{"Id":79,"V":2,"NV":0,"TB":0},{"Id":85,"V":2,"NV":0,"TB":0},{"Id":88,"V":2,"NV":0,"TB":0},{"Id":75,"V":1,"NV":0,"TB":0}],[{"Id":80,"V":10,"NV":0,"TB":0},{"Id":73,"V":6,"NV":0,"TB":0},{"Id":76,"V":6,"NV":0,"TB":0},{"Id":69,"V":4,"NV":0,"TB":0},{"Id":70,"V":4,"NV":0,"TB":0},{"Id":77,"V":4,"NV":0,"TB":0},{"Id":82,"V":4,"NV":0,"TB":0},{"Id":66,"V":3,"NV":0,"TB":0},{"Id":74,"V":3,"NV":0,"TB":0},{"Id":79,"V":3,"NV":1,"TB":0},{"Id":84,"V":3,"NV":0,"TB":0},{"Id":86,"V":3,"NV":0,"TB":0},{"Id":87,"V":3,"NV":0,"TB":0},{"Id":65,"V":2,"NV":0,"TB":0},{"Id":85,"V":2,"NV":0,"TB":0},{"Id":88,"V":2,"NV":0,"TB":0},{"Id":68,"V":2,"NV":0,"TB":3}],[{"Id":80,"V":11,"NV":1,"TB":0},{"Id":73,"V":6,"NV":0,"TB":0},{"Id":76,"V":6,"NV":0,"TB":0},{"Id":69,"V":4,"NV":0,"TB":0},{"Id":70,"V":4,"NV":0,"TB":0},{"Id":77,"V":4,"NV":0,"TB":0},{"Id":82,"V":4,"NV":0,"TB":0},{"Id":66,"V":3,"NV":0,"TB":0},{"Id":74,"V":3,"NV":0,"TB":0},{"Id":79,"V":3,"NV":0,"TB":0},{"Id":84,"V":3,"NV":0,"TB":0},{"Id":85,"V":3,"NV":1,"TB":0},{"Id":86,"V":3,"NV":0,"TB":0},{"Id":87,"V":3,"NV":0,"TB":0},{"Id":88,"V":2,"NV":0,"TB":0},{"Id":65,"V":2,"NV":0,"TB":2}],[{"Id":80,"V":11,"NV":0,"TB":0},{"Id":73,"V":6,"NV":0,"TB":0},{"Id":76,"V":6,"NV":0,"TB":0},{"Id":77,"V":5,"NV":1,"TB":0},{"Id":69,"V":4,"NV":0,"TB":0},{"Id":70,"V":4,"NV":0,"TB":0},{"Id":74,"V":4,"NV":1,"TB":0},{"Id":82,"V":4,"NV":0,"TB":0},{"Id":66,"V":3,"NV":0,"TB":0},{"Id":79,"V":3,"NV":0,"TB":0},{"Id":84,"V":3,"NV":0,"TB":0},{"Id":85,"V":3,"NV":0,"TB":0},{"Id":86,"V":3,"NV":0,"TB":0},{"Id":87,"V":3,"NV":0,"TB":0},{"Id":88,"V":2,"NV":0,"TB":0}],[{"Id":80,"V":11,"NV":0,"TB":0},{"Id":76,"V":7,"NV":1,"TB":0},{"Id":73,"V":6,"NV":0,"TB":0},{"Id":77,"V":5,"NV":0,"TB":0},{"Id":69,"V":4,"NV":0,"TB":0},{"Id":70,"V":4,"NV":0,"TB":0},{"Id":74,"V":4,"NV":0,"TB":0},{"Id":82,"V":4,"NV":0,"TB":0},{"Id":86,"V":4,"NV":1,"TB":0},{"Id":66,"V":3,"NV":0,"TB":0},{"Id":79,"V":3,"NV":0,"TB":0},{"Id":85,"V":3,"NV":0,"TB":0},{"Id":87,"V":3,"NV":0,"TB":0},{"Id":84,"V":3,"NV":0,"TB":3}],[{"Id":80,"V":11,"NV":0,"TB":0},{"Id":76,"V":8,"NV":1,"TB":0},{"Id":73,"V":6,"NV":0,"TB":0},{"Id":70,"V":5,"NV":1,"TB":0},{"Id":74,"V":5,"NV":1,"TB":0},{"Id":77,"V":5,"NV":0,"TB":0},{"Id":69,"V":4,"NV":0,"TB":0},{"Id":82,"V":4,"NV":0,"TB":0},{"Id":86,"V":4,"NV":0,"TB":0},{"Id":66,"V":3,"NV":0,"TB":0},{"Id":85,"V":3,"NV":0,"TB":0},{"Id":87,"V":3,"NV":0,"TB":0},{"Id":79,"V":3,"NV":0,"TB":3}],[{"Id":80,"V":12,"NV":1,"TB":0},{"Id":76,"V":9,"NV":1,"TB":0},{"Id":73,"V":6,"NV":0,"TB":0},{"Id":69,"V":5,"NV":1,"TB":0},{"Id":70,"V":5,"NV":0,"TB":0},{"Id":74,"V":5,"NV":0,"TB":0},{"Id":77,"V":5,"NV":0,"TB":0},{"Id":82,"V":4,"NV":0,"TB":0},{"Id":86,"V":4,"NV":0,"TB":0},{"Id":66,"V":3,"NV":0,"TB":0},{"Id":87,"V":3,"NV":0,"TB":0},{"Id":85,"V":3,"NV":0,"TB":2}],[{"Id":80,"V":12,"NV":0,"TB":0},{"Id":76,"V":9,"NV":0,"TB":0},{"Id":73,"V":8,"NV":2,"TB":0},{"Id":69,"V":5,"NV":0,"TB":0},{"Id":70,"V":5,"NV":0,"TB":0},{"Id":74,"V":5,"NV":0,"TB":0},{"Id":77,"V":5,"NV":0,"TB":0},{"Id":86,"V":5,"NV":1,"TB":0},{"Id":82,"V":4,"NV":0,"TB":0},{"Id":87,"V":3,"NV":0,"TB":0},{"Id":66,"V":3,"NV":0,"TB":2}],[{"Id":80,"V":14,"NV":2,"TB":0},{"Id":76,"V":9,"NV":0,"TB":0},{"Id":73,"V":8,"NV":0,"TB":0},{"Id":69,"V":6,"NV":1,"TB":0},{"Id":70,"V":5,"NV":0,"TB":0},{"Id":74,"V":5,"NV":0,"TB":0},{"Id":77,"V":5,"NV":0,"TB":0},{"Id":86,"V":5,"NV":0,"TB":0},{"Id":82,"V":4,"NV":0,"TB":0},{"Id":87,"V":3,"NV":0,"TB":0}],[{"Id":80,"V":14,"NV":0,"TB":0},{"Id":76,"V":9,"NV":0,"TB":0},{"Id":73,"V":8,"NV":0,"TB":0},{"Id":69,"V":6,"NV":0,"TB":0},{"Id":77,"V":6,"NV":1,"TB":0},{"Id":70,"V":5,"NV":0,"TB":0},{"Id":74,"V":5,"NV":0,"TB":0},{"Id":86,"V":5,"NV":0,"TB":0},{"Id":82,"V":5,"NV":1,"TB":2}],[{"Id":80,"V":14,"NV":0,"TB":0},{"Id":73,"V":10,"NV":2,"TB":0},{"Id":76,"V":9,"NV":0,"TB":0},{"Id":69,"V":6,"NV":0,"TB":0},{"Id":70,"V":6,"NV":1,"TB":0},{"Id":77,"V":6,"NV":0,"TB":0},{"Id":86,"V":6,"NV":1,"TB":0},{"Id":74,"V":5,"NV":0,"TB":0}],[{"Id":80,"V":15,"NV":1,"TB":0},{"Id":73,"V":10,"NV":0,"TB":0},{"Id":76,"V":10,"NV":1,"TB":0},{"Id":86,"V":8,"NV":2,"TB":0},{"Id":69,"V":6,"NV":0,"TB":0},{"Id":77,"V":6,"NV":0,"TB":0},{"Id":70,"V":6,"NV":0,"TB":2}],[{"Id":80,"V":15,"NV":0,"TB":0},{"Id":73,"V":11,"NV":1,"TB":0},{"Id":76,"V":11,"NV":1,"TB":0},{"Id":86,"V":10,"NV":2,"TB":0},{"Id":69,"V":8,"NV":2,"TB":0},{"Id":77,"V":6,"NV":0,"TB":0}],[{"Id":80,"V":16,"NV":1,"TB":0},{"Id":73,"V":13,"NV":2,"TB":0},{"Id":76,"V":13,"NV":2,"TB":0},{"Id":86,"V":10,"NV":0,"TB":0},{"Id":69,"V":8,"NV":0,"TB":0}],[{"Id":80,"V":17,"NV":1,"TB":0},{"Id":76,"V":16,"NV":3,"TB":0},{"Id":73,"V":14,"NV":1,"TB":0},{"Id":86,"V":11,"NV":1,"TB":0}],[{"Id":76,"V":19,"NV":3,"TB":0},{"Id":80,"V":18,"NV":1,"TB":0},{"Id":73,"V":17,"NV":3,"TB":0}],[{"Id":76,"V":24,"NV":5,"TB":0},{"Id":80,"V":24,"NV":6,"TB":1}],[{"Id":76,"V":30,"NV":6,"TB":0}]],"Expires":1601861822,"SecondsLeft":0}