{"Mtype":"results","Title":"Round 3","PollStarted":"2020-10-19T00:57:55.06157882Z","PollDuration":600000000000,"Options":{"65":"Demon king Evals on a skull throne as the world burns.","66":"(Larua Survives AU pt 2) Keith, Natani, and Laura going on a polyamory date.","67":"Natani as Mulan training under Keith as Li Shang, respectively, from the animated Disney's 'Mulan'. Nora as Mushu peaking in the background.","68":"Natani body pillow","69":"Nibs reenacting Ratatouille for Halloween. Her victim is Clovis, who she's making go trick or treating for her... naked.","70":"Flota/Trace/Keith/Natani picnic date to relax","71":"keith as Geralt training Maddie as Ciri at khear morhen","72":"Modern AU: Cyberpunk Raine is helping Gaming Nora to find RHGUY69","73":"Bartender Adora","74":"Spooky Nora is invading peoples dreams to turn them into girls.","75":"Night of the Weresneps: Both Raine and Maren have succumb to the spreading weresnep curse. They eye their next victims Sythe and Red.","76":"Nibbly in a spider costume \u0026 Sythe dressed as her web (if it’s better with just Nibbly, that’s cool)","77":"Mike meets Fem-Mike and Very Vixen Mike.","78":"followup to the old D\u0026d sketch happening roughly during the current crisis at the mansion.","79":"Katherin Halloween Lingerie","80":"Flora accidentally bans herself with her own banhammer","81":"Brutus starts looking at other females, and Clovis gets jealous and makes a rather bold move","82":"Flora showing off her flexibility to her friends by doing a Leg Hold and all of them are really impressed.","83":"\"Lupus Dei!\" Nat and Zen on guitar, Sythe on the mic, Raine on organ, and Brutus on drums, dressed up in the style of Powerwolf, and ready to rock!","84":"Trace as the lich king from World of Warcraft","85":"Laura body pillow!","86":"Zen shows up to the Halloween party with a fake sword through him, and Keith looks nervous","87":"Legacy's haunted mansion. Trace Legacy was preparing for Halloween, using a little black magic to make his mansion so scary that even he didn't expect it.","88":"Keith and Natani both have found voodoo dolls of each other. They are using them to prank one another."},"ExpectedBallots":72,"CountedBallots":72,"Ballots":["PSKH","KFJSQBTGXWDCHRUPNIEAMLVO","OHUBKTPNSRVW","HNQDUAWMIOVCPLFXRSKBJE","VKQPLS","MJQXKI","HKJEW","GO","OIACVLRWKXJQUH","SQVWEXNDUPLAJ","JE","","AVLEXCRUDFKOSMG","JBO","DPXQUONH","JMEXT","KTBORWJ","WRPXFEBODJKNU","SALBTVWX","DTPXC","KAVNLPH","BDXFV","PJHXEKGLW","DKX","KVP","WPRXFEBODAKNU","XNJ","QME","KR","PMJXNFQWBEK","KSVQWCGON","UIODCPEG","EBJMOQUDFXARIVNCWKLPSHTG","XCWH","QMOE","VWONKL","KPRW","KHDUJROIGCSFV","UBRP","DJEXQRMWK","GVJHKP","LUAWNXM","UBGPH","OJAP","EMBIFOR","LUD","OQVUK","KOBXVAUDWLQJHSPNM","BIHUTAFCQGNSMVL","PNBUSQGIFEMD","GSXDBFA","TULPFVS","SBGUVPJWOE","OJM","RPKX","O","PKSVW","BJDOHWMGVUIKXRSAFTEPLQCN","UXRKHBAWFOJVC","W","SBVPGWUDAQ","MUDIXBCJQKOLHNEFSGVAPWR","MEQOR","UJGIPHXQWRKFOC","BFHPTNXUASROWQC","UOQGRVBM","BGWDUKTQSHPEX","HATNUVSQBCWPI","PUDJXMQKIRNLAOT","UTKNQFHWEGPROSXACD","OUTX","WUDCPKAJOHRIMFGVE"],"Placements":[[{"Id":75,"V":9,"NV":9,"TB":0},{"Id":79,"V":7,"NV":7,"TB":0},{"Id":85,"V":7,"NV":7,"TB":0},{"Id":80,"V":6,"NV":6,"TB":0},{"Id":66,"V":5,"NV":5,"TB":0},{"Id":68,"V":4,"NV":4,"TB":0},{"Id":83,"V":4,"NV":4,"TB":0},{"Id":87,"V":4,"NV":4,"TB":0},{"Id":71,"V":3,"NV":3,"TB":0},{"Id":72,"V":3,"NV":3,"TB":0},{"Id":74,"V":3,"NV":3,"TB":0},{"Id":77,"V":3,"NV":3,"TB":0},{"Id":69,"V":2,"NV":2,"TB":0},{"Id":76,"V":2,"NV":2,"TB":0},{"Id":81,"V":2,"NV":2,"TB":0},{"Id":86,"V":2,"NV":2,"TB":0},{"Id":88,"V":2,"NV":2,"TB":0},{"Id":65,"V":1,"NV":1,"TB":0},{"Id":82,"V":1,"NV":1,"TB":0},{"Id":84,"V":1,"NV":1,"TB":0},{"Id":67,"V":0,"NV":0,"TB":0},{"Id":73,"V":0,"NV":0,"TB":0},{"Id":78,"V":0,"NV":0,"TB":0},{"Id":70,"V":0,"NV":0,"TB":3}],[{"Id":75,"V":9,"NV":0,"TB":0},{"Id":79,"V":7,"NV":0,"TB":0},{"Id":85,"V":7,"NV":0,"TB":0},{"Id":80,"V":6,"NV":0,"TB":0},{"Id":66,"V":5,"NV":0,"TB":0},{"Id":68,"V":4,"NV":0,"TB":0},{"Id":83,"V":4,"NV":0,"TB":0},{"Id":87,"V":4,"NV":0,"TB":0},{"Id":71,"V":3,"NV":0,"TB":0},{"Id":72,"V":3,"NV":0,"TB":0},{"Id":74,"V":3,"NV":0,"TB":0},{"Id":77,"V":3,"NV":0,"TB":0},{"Id":69,"V":2,"NV":0,"TB":0},{"Id":76,"V":2,"NV":0,"TB":0},{"Id":81,"V":2,"NV":0,"TB":0},{"Id":86,"V":2,"NV":0,"TB":0},{"Id":88,"V":2,"NV":0,"TB":0},{"Id":65,"V":1,"NV":0,"TB":0},{"Id":82,"V":1,"NV":0,"TB":0},{"Id":84,"V":1,"NV":0,"TB":0},{"Id":73,"V":0,"NV":0,"TB":0},{"Id":78,"V":0,"NV":0,"TB":0},{"Id":67,"V":0,"NV":0,"TB":3}],[{"Id":75,"V":9,"NV":0,"TB":0},{"Id":79,"V":7,"NV":0,"TB":0},{"Id":85,"V":7,"NV":0,"TB":0},{"Id":80,"V":6,"NV":0,"TB":0},{"Id":66,"V":5,"NV":0,"TB":0},{"Id":68,"V":4,"NV":0,"TB":0},{"Id":83,"V":4,"NV":0,"TB":0},{"Id":87,"V":4,"NV":0,"TB":0},{"Id":71,"V":3,"NV":0,"TB":0},{"Id":72,"V":3,"NV":0,"TB":0},{"Id":74,"V":3,"NV":0,"TB":0},{"Id":77,"V":3,"NV":0,"TB":0},{"Id":69,"V":2,"NV":0,"TB":0},{"Id":76,"V":2,"NV":0,"TB":0},{"Id":81,"V":2,"NV":0,"TB":0},{"Id":86,"V":2,"NV":0,"TB":0},{"Id":88,"V":2,"NV":0,"TB":0},{"Id":65,"V":1,"NV":0,"TB":0},{"Id":82,"V":1,"NV":0,"TB":0},{"Id":84,"V":1,"NV":0,"TB":0},{"Id":78,"V":0,"NV":0,"TB":0},{"Id":73,"V":0,"NV":0,"TB":2}],[{"Id":75,"V":9,"NV":0,"TB":0},{"Id":79,"V":7,"NV":0,"TB":0},{"Id":85,"V":7,"NV":0,"TB":0},{"Id":80,"V":6,"NV":0,"TB":0},{"Id":66,"V":5,"NV":0,"TB":0},{"Id":68,"V":4,"NV":0,"TB":0},{"Id":83,"V":4,"NV":0,"TB":0},{"Id":87,"V":4,"NV":0,"TB":0},{"Id":71,"V":3,"NV":0,"TB":0},{"Id":72,"V":3,"NV":0,"TB":0},{"Id":74,"V":3,"NV":0,"TB":0},{"Id":77,"V":3,"NV":0,"TB":0},{"Id":69,"V":2,"NV":0,"TB":0},{"Id":76,"V":2,"NV":0,"TB":0},{"Id":81,"V":2,"NV":0,"TB":0},{"Id":86,"V":2,"NV":0,"TB":0},{"Id":88,"V":2,"NV":0,"TB":0},{"Id":65,"V":1,"NV":0,"TB":0},{"Id":82,"V":1,"NV":0,"TB":0},{"Id":84,"V":1,"NV":0,"TB":0},{"Id":78,"V":0,"NV":0,"TB":0}],[{"Id":75,"V":9,"NV":0,"TB":0},{"Id":79,"V":7,"NV":0,"TB":0},{"Id":85,"V":7,"NV":0,"TB":0},{"Id":80,"V":6,"NV":0,"TB":0},{"Id":66,"V":5,"NV":0,"TB":0},{"Id":68,"V":4,"NV":0,"TB":0},{"Id":83,"V":4,"NV":0,"TB":0},{"Id":87,"V":4,"NV":0,"TB":0},{"Id":71,"V":3,"NV":0,"TB":0},{"Id":72,"V":3,"NV":0,"TB":0},{"Id":74,"V":3,"NV":0,"TB":0},{"Id":77,"V":3,"NV":0,"TB":0},{"Id":69,"V":2,"NV":0,"TB":0},{"Id":76,"V":2,"NV":0,"TB":0},{"Id":81,"V":2,"NV":0,"TB":0},{"Id":86,"V":2,"NV":0,"TB":0},{"Id":88,"V":2,"NV":0,"TB":0},{"Id":65,"V":1,"NV":0,"TB":0},{"Id":82,"V":1,"NV":0,"TB":0},{"Id":84,"V":1,"NV":0,"TB":1}],[{"Id":75,"V":9,"NV":0,"TB":0},{"Id":85,"V":8,"NV":1,"TB":0},{"Id":79,"V":7,"NV":0,"TB":0},{"Id":80,"V":6,"NV":0,"TB":0},{"Id":66,"V":5,"NV":0,"TB":0},{"Id":68,"V":4,"NV":0,"TB":0},{"Id":83,"V":4,"NV":0,"TB":0},{"Id":87,"V":4,"NV":0,"TB":0},{"Id":71,"V":3,"NV":0,"TB":0},{"Id":72,"V":3,"NV":0,"TB":0},{"Id":74,"V":3,"NV":0,"TB":0},{"Id":77,"V":3,"NV":0,"TB":0},{"Id":69,"V":2,"NV":0,"TB":0},{"Id":76,"V":2,"NV":0,"TB":0},{"Id":81,"V":2,"NV":0,"TB":0},{"Id":86,"V":2,"NV":0,"TB":0},{"Id":88,"V":2,"NV":0,"TB":0},{"Id":82,"V":1,"NV":0,"TB":0},{"Id":65,"V":1,"NV":0,"TB":2}],[{"Id":75,"V":9,"NV":0,"TB":0},{"Id":85,"V":8,"NV":0,"TB":0},{"Id":79,"V":7,"NV":0,"TB":0},{"Id":80,"V":6,"NV":0,"TB":0},{"Id":66,"V":5,"NV":0,"TB":0},{"Id":68,"V":4,"NV":0,"TB":0},{"Id":83,"V":4,"NV":0,"TB":0},{"Id":87,"V":4,"NV":0,"TB":0},{"Id":71,"V":3,"NV":0,"TB":0},{"Id":72,"V":3,"NV":0,"TB":0},{"Id":74,"V":3,"NV":0,"TB":0},{"Id":77,"V":3,"NV":0,"TB":0},{"Id":86,"V":3,"NV":1,"TB":0},{"Id":69,"V":2,"NV":0,"TB":0},{"Id":76,"V":2,"NV":0,"TB":0},{"Id":81,"V":2,"NV":0,"TB":0},{"Id":88,"V":2,"NV":0,"TB":0},{"Id":82,"V":1,"NV":0,"TB":0}],[{"Id":75,"V":9,"NV":0,"TB":0},{"Id":85,"V":8,"NV":0,"TB":0},{"Id":79,"V":7,"NV":0,"TB":0},{"Id":80,"V":7,"NV":1,"TB":0},{"Id":66,"V":5,"NV":0,"TB":0},{"Id":68,"V":4,"NV":0,"TB":0},{"Id":83,"V":4,"NV":0,"TB":0},{"Id":87,"V":4,"NV":0,"TB":0},{"Id":71,"V":3,"NV":0,"TB":0},{"Id":72,"V":3,"NV":0,"TB":0},{"Id":74,"V":3,"NV":0,"TB":0},{"Id":77,"V":3,"NV":0,"TB":0},{"Id":86,"V":3,"NV":0,"TB":0},{"Id":69,"V":2,"NV":0,"TB":0},{"Id":81,"V":2,"NV":0,"TB":0},{"Id":88,"V":2,"NV":0,"TB":0},{"Id":76,"V":2,"NV":0,"TB":3}],[{"Id":85,"V":10,"NV":2,"TB":0},{"Id":75,"V":9,"NV":0,"TB":0},{"Id":79,"V":7,"NV":0,"TB":0},{"Id":80,"V":7,"NV":0,"TB":0},{"Id":66,"V":5,"NV":0,"TB":0},{"Id":68,"V":4,"NV":0,"TB":0},{"Id":83,"V":4,"NV":0,"TB":0},{"Id":87,"V":4,"NV":0,"TB":0},{"Id":71,"V":3,"NV":0,"TB":0},{"Id":72,"V":3,"NV":0,"TB":0},{"Id":74,"V":3,"NV":0,"TB":0},{"Id":77,"V":3,"NV":0,"TB":0},{"Id":86,"V":3,"NV":0,"TB":0},{"Id":81,"V":2,"NV":0,"TB":0},{"Id":88,"V":2,"NV":0,"TB":0},{"Id":69,"V":2,"NV":0,"TB":3}],[{"Id":85,"V":10,"NV":0,"TB":0},{"Id":75,"V":9,"NV":0,"TB":0},{"Id":79,"V":7,"NV":0,"TB":0},{"Id":80,"V":7,"NV":0,"TB":0},{"Id":66,"V":6,"NV":1,"TB":0},{"Id":68,"V":4,"NV":0,"TB":0},{"Id":77,"V":4,"NV":1,"TB":0},{"Id":83,"V":4,"NV":0,"TB":0},{"Id":87,"V":4,"NV":0,"TB":0},{"Id":71,"V":3,"NV":0,"TB":0},{"Id":72,"V":3,"NV":0,"TB":0},{"Id":74,"V":3,"NV":0,"TB":0},{"Id":86,"V":3,"NV":0,"TB":0},{"Id":81,"V":2,"NV":0,"TB":0},{"Id":88,"V":2,"NV":0,"TB":1}],[{"Id":85,"V":10,"NV":0,"TB":0},{"Id":75,"V":9,"NV":0,"TB":0},{"Id":79,"V":7,"NV":0,"TB":0},{"Id":80,"V":7,"NV":0,"TB":0},{"Id":66,"V":6,"NV":0,"TB":0},{"Id":87,"V":5,"NV":1,"TB":0},{"Id":68,"V":4,"NV":0,"TB":0},{"Id":74,"V":4,"NV":1,"TB":0},{"Id":77,"V":4,"NV":0,"TB":0},{"Id":83,"V":4,"NV":0,"TB":0},{"Id":71,"V":3,"NV":0,"TB":0},{"Id":72,"V":3,"NV":0,"TB":0},{"Id":86,"V":3,"NV":0,"TB":0},{"Id":81,"V":2,"NV":0,"TB":0}],[{"Id":85,"V":10,"NV":0,"TB":0},{"Id":75,"V":9,"NV":0,"TB":0},{"Id":79,"V":7,"NV":0,"TB":0},{"Id":80,"V":7,"NV":0,"TB":0},{"Id":66,"V":6,"NV":0,"TB":0},{"Id":77,"V":6,"NV":2,"TB":0},{"Id":87,"V":5,"NV":0,"TB":0},{"Id":68,"V":4,"NV":0,"TB":0},{"Id":74,"V":4,"NV":0,"TB":0},{"Id":83,"V":4,"NV":0,"TB":0},{"Id":71,"V":3,"NV":0,"TB":0},{"Id":72,"V":3,"NV":0,"TB":0},{"Id":86,"V":3,"NV":0,"TB":1}],[{"Id":85,"V":11,"NV":1,"TB":0},{"Id":75,"V":10,"NV":1,"TB":0},{"Id":79,"V":7,"NV":0,"TB":0},{"Id":80,"V":7,"NV":0,"TB":0},{"Id":66,"V":6,"NV":0,"TB":0},{"Id":77,"V":6,"NV":0,"TB":0},{"Id":87,"V":6,"NV":1,"TB":0},{"Id":68,"V":4,"NV":0,"TB":0},{"Id":74,"V":4,"NV":0,"TB":0},{"Id":83,"V":4,"NV":0,"TB":0},{"Id":71,"V":3,"NV":0,"TB":0},{"Id":72,"V":3,"NV":0,"TB":1}],[{"Id":85,"V":12,"NV":1,"TB":0},{"Id":75,"V":11,"NV":1,"TB":0},{"Id":79,"V":7,"NV":0,"TB":0},{"Id":80,"V":7,"NV":0,"TB":0},{"Id":66,"V":6,"NV":0,"TB":0},{"Id":77,"V":6,"NV":0,"TB":0},{"Id":87,"V":6,"NV":0,"TB":0},{"Id":68,"V":5,"NV":1,"TB":0},{"Id":74,"V":4,"NV":0,"TB":0},{"Id":83,"V":4,"NV":0,"TB":0},{"Id":71,"V":3,"NV":0,"TB":0}],[{"Id":85,"V":12,"NV":0,"TB":0},{"Id":75,"V":11,"NV":0,"TB":0},{"Id":79,"V":8,"NV":1,"TB":0},{"Id":80,"V":7,"NV":0,"TB":0},{"Id":66,"V":6,"NV":0,"TB":0},{"Id":77,"V":6,"NV":0,"TB":0},{"Id":87,"V":6,"NV":0,"TB":0},{"Id":68,"V":5,"NV":0,"TB":0},{"Id":83,"V":5,"NV":1,"TB":0},{"Id":74,"V":5,"NV":1,"TB":2}],[{"Id":75,"V":12,"NV":1,"TB":0},{"Id":85,"V":12,"NV":0,"TB":0},{"Id":79,"V":8,"NV":0,"TB":0},{"Id":66,"V":7,"NV":1,"TB":0},{"Id":77,"V":7,"NV":1,"TB":0},{"Id":80,"V":7,"NV":0,"TB":0},{"Id":87,"V":6,"NV":0,"TB":0},{"Id":68,"V":5,"NV":0,"TB":0},{"Id":83,"V":5,"NV":0,"TB":1}],[{"Id":75,"V":12,"NV":0,"TB":0},{"Id":85,"V":12,"NV":0,"TB":0},{"Id":66,"V":10,"NV":3,"TB":0},{"Id":79,"V":8,"NV":0,"TB":0},{"Id":77,"V":7,"NV":0,"TB":0},{"Id":80,"V":7,"NV":0,"TB":0},{"Id":87,"V":7,"NV":1,"TB":0},{"Id":68,"V":6,"NV":1,"TB":0}],[{"Id":75,"V":13,"NV":1,"TB":0},{"Id":85,"V":13,"NV":1,"TB":0},{"Id":66,"V":11,"NV":1,"TB":0},{"Id":80,"V":9,"NV":2,"TB":0},{"Id":77,"V":8,"NV":1,"TB":0},{"Id":79,"V":8,"NV":0,"TB":0},{"Id":87,"V":7,"NV":0,"TB":0}],[{"Id":85,"V":15,"NV":2,"TB":0},{"Id":75,"V":13,"NV":0,"TB":0},{"Id":66,"V":11,"NV":0,"TB":0},{"Id":80,"V":11,"NV":2,"TB":0},{"Id":79,"V":9,"NV":1,"TB":0},{"Id":77,"V":8,"NV":0,"TB":0}],[{"Id":85,"V":16,"NV":1,"TB":0},{"Id":75,"V":15,"NV":2,"TB":0},{"Id":66,"V":12,"NV":1,"TB":0},{"Id":79,"V":11,"NV":2,"TB":0},{"Id":80,"V":11,"NV":0,"TB":1}],[{"Id":75,"V":19,"NV":4,"TB":0},{"Id":85,"V":18,"NV":2,"TB":0},{"Id":66,"V":16,"NV":4,"TB":0},{"Id":79,"V":11,"NV":0,"TB":0}],[{"Id":75,"V":21,"NV":2,"TB":0},{"Id":85,"V":21,"NV":3,"TB":0},{"Id":66,"V":16,"NV":0,"TB":0}],[{"Id":85,"V":29,"NV":8,"TB":0},{"Id":75,"V":24,"NV":3,"TB":0}],[{"Id":85,"V":35,"NV":6,"TB":0}]],"Expires":1603070275,"SecondsLeft":0}