{"Mtype":"results","Title":"Round 2","PollStarted":"2020-11-16T00:44:14.838964309Z","PollDuration":600000000000,"Options":{"65":"Gobble-Gobble Part 2: Natani finds Keith down the hall from Trace and Flora's room, laughing his tail off!","66":"Zen and Human Raine, bundled up in a blanket sitting by a window together.  Sipping on hot cocoa, and watching the rain fall on a bustling city scape.","67":"Flora accidentally bans herself with her own banhammer","68":"Farm girl Rose relaxing on a pile of hay.","69":"Adrakist Cat-Keidran Maren and Adrakist Karen, who is happily hugging her tail.","70":"Undercover Maddie Finale. Maddie has safely made her way back home and is preparing to give a report on what was learned... But... What DID we learn???","71":"Kat and Zen both sharing a ‘steamy’ bath together.","72":"AU Maddie and Maeve discovered a photo booth and are now taking weird photos","73":"Sequel to Mindreading Raine. Still in Nora’s dreamscape, Raine finds Nora’s secret fantasies of finally seducing Trace.","74":"Very cat Kat 2: in her especially feline state, Kat is hired by Amelia to work at the tavern. She introduces herself to Windstraw, who is confused and conflicted with the addition to the team.","75":"Trace and Flora enact the balcony scene from Romeo and Juliet","76":"Adira and Maeve as Humans.","77":"Literally Vixen Laura","78":"Flora and Natani swap personalities. Flora becomes serious and reserved, wearing the wraps. Natani acts like Flora: carefree and unclothed. Trace and Keith are very confused.","79":"Maeve sets up a lemonade stand outside the tavern.","80":"Mike \u0026 Evals on a double date with FemMike and FemEvals","81":"Adira making mixed drinks ","82":"Landen, Sealeen and Seraphina sitting around a campfire, resting after a tough mission.","83":"Raine, Kat, and Flora watching a spooky movie during a thunder storm.","84":"Weresnep Natani and Keith ","85":"Redraw of main panel from page 435 - Kat preparing to massage Flora","86":"Raine's magic goes wrong. Explosion ruins room resulting bustier and curvier wolf Raine","87":"Girls Night 3: Sythe and Zen getting boozed and flirting with the cute wolfess sitting next to them... not recognizing each other in their female forms.","88":"Raine Daki","89":"catKat and dogKat creating Pinky and the Brain-esque hairbrained schemes to get Erics attention.","90":"Spartan Warrior King Adelaide"},"ExpectedBallots":75,"CountedBallots":75,"Ballots":["B","DYFTWOZ","KGFZEWSAOITCL","XHAOGSFNRWUDLEZYPVTQIJKCBM","DWTGSCB","WPTVDNJF","F","SHTYGWOC","TFXE","NVE","BVXPIROFMCDW","WP","WODQHFALZTNPGSCXJBEVUIMYKR","RDL","RADHKQUWGIOLEPBSFZ","PWEF","OTQDVXMPIRZFHYJE","EWMYVI","UMGCP","TWOPNGD","CAPWYNEVIS","DMOHLFBCI","ZMQTEPDIJUBSOXLGCVHARYKFNW","PKCWGVNI","LITOCAH","VAFOSTCBWYQ","RECFT","GDTMZOVPYJLSFERQ","UTNGVZCL","PUVFWGHIANOXLSMDJTQBCEYKRZ","UQDXPGLCE","DHGMZYUV","ADPOCNL","XVZSI","SPYJOM","VXTHGJAERSWNFDCYBQIKPOULZM","GNT","PXMDHBIW","OLURSQ","RBGFOH","GSNAWBTZILEMF","YJUSFDMQEXTVHKWANCRIBOZLP","CDHZGSAUKPNI","ZTLVCKJDPFIXEWRMOGSYBQNH","MZWF","GTHAN","WPMNQTGDUJCHOFYBEZX","AYZOLICQUB","D","VWXNUPRC","OEZDKSYM","OZNUMQTCSKEDHJBXYVWFLIRAGP","CFBTXJRDHSWN","IXCWDLPHR","QOCYVXWRGUNZ","MGAYEDHBLQTZCWUIXSNP","QNLOMJRICE","WNGVZMPOITYQFRSBHJDEUXACKL","SCF","V","CTVX","NLISCUJT","QLZCAYMGRXVNUHSOED","IWQN","VWXEH","CENGMVSKH","GKSVOQTNCBWFHI","CQVYDHIMLZONKX","MBOCSYLFKDPTUZR","OERGYSCKVJXIT","KIREOT","AUC","GDFCSIPOXMQ","KOYVFWXAZG","MJWTEAOXFNSZ"],"Placements":[[{"Id":67,"V":6,"NV":6,"TB":0},{"Id":71,"V":6,"NV":6,"TB":0},{"Id":68,"V":5,"NV":5,"TB":0},{"Id":79,"V":5,"NV":5,"TB":0},{"Id":86,"V":5,"NV":5,"TB":0},{"Id":87,"V":5,"NV":5,"TB":0},{"Id":77,"V":4,"NV":4,"TB":0},{"Id":80,"V":4,"NV":4,"TB":0},{"Id":82,"V":4,"NV":4,"TB":0},{"Id":65,"V":3,"NV":3,"TB":0},{"Id":75,"V":3,"NV":3,"TB":0},{"Id":81,"V":3,"NV":3,"TB":0},{"Id":83,"V":3,"NV":3,"TB":0},{"Id":85,"V":3,"NV":3,"TB":0},{"Id":66,"V":2,"NV":2,"TB":0},{"Id":73,"V":2,"NV":2,"TB":0},{"Id":78,"V":2,"NV":2,"TB":0},{"Id":84,"V":2,"NV":2,"TB":0},{"Id":88,"V":2,"NV":2,"TB":0},{"Id":90,"V":2,"NV":2,"TB":0},{"Id":69,"V":1,"NV":1,"TB":0},{"Id":70,"V":1,"NV":1,"TB":0},{"Id":76,"V":1,"NV":1,"TB":0},{"Id":89,"V":1,"NV":1,"TB":0},{"Id":74,"V":0,"NV":0,"TB":0},{"Id":72,"V":0,"NV":0,"TB":2}],[{"Id":67,"V":6,"NV":0,"TB":0},{"Id":71,"V":6,"NV":0,"TB":0},{"Id":68,"V":5,"NV":0,"TB":0},{"Id":79,"V":5,"NV":0,"TB":0},{"Id":86,"V":5,"NV":0,"TB":0},{"Id":87,"V":5,"NV":0,"TB":0},{"Id":77,"V":4,"NV":0,"TB":0},{"Id":80,"V":4,"NV":0,"TB":0},{"Id":82,"V":4,"NV":0,"TB":0},{"Id":65,"V":3,"NV":0,"TB":0},{"Id":75,"V":3,"NV":0,"TB":0},{"Id":81,"V":3,"NV":0,"TB":0},{"Id":83,"V":3,"NV":0,"TB":0},{"Id":85,"V":3,"NV":0,"TB":0},{"Id":66,"V":2,"NV":0,"TB":0},{"Id":73,"V":2,"NV":0,"TB":0},{"Id":78,"V":2,"NV":0,"TB":0},{"Id":84,"V":2,"NV":0,"TB":0},{"Id":88,"V":2,"NV":0,"TB":0},{"Id":90,"V":2,"NV":0,"TB":0},{"Id":69,"V":1,"NV":0,"TB":0},{"Id":70,"V":1,"NV":0,"TB":0},{"Id":76,"V":1,"NV":0,"TB":0},{"Id":89,"V":1,"NV":0,"TB":0},{"Id":74,"V":0,"NV":0,"TB":0}],[{"Id":67,"V":6,"NV":0,"TB":0},{"Id":71,"V":6,"NV":0,"TB":0},{"Id":68,"V":5,"NV":0,"TB":0},{"Id":79,"V":5,"NV":0,"TB":0},{"Id":86,"V":5,"NV":0,"TB":0},{"Id":87,"V":5,"NV":0,"TB":0},{"Id":77,"V":4,"NV":0,"TB":0},{"Id":80,"V":4,"NV":0,"TB":0},{"Id":82,"V":4,"NV":0,"TB":0},{"Id":65,"V":3,"NV":0,"TB":0},{"Id":75,"V":3,"NV":0,"TB":0},{"Id":81,"V":3,"NV":0,"TB":0},{"Id":83,"V":3,"NV":0,"TB":0},{"Id":85,"V":3,"NV":0,"TB":0},{"Id":66,"V":2,"NV":0,"TB":0},{"Id":73,"V":2,"NV":0,"TB":0},{"Id":78,"V":2,"NV":0,"TB":0},{"Id":84,"V":2,"NV":0,"TB":0},{"Id":88,"V":2,"NV":0,"TB":0},{"Id":90,"V":2,"NV":0,"TB":0},{"Id":70,"V":1,"NV":0,"TB":0},{"Id":76,"V":1,"NV":0,"TB":0},{"Id":89,"V":1,"NV":0,"TB":0},{"Id":69,"V":1,"NV":0,"TB":4}],[{"Id":67,"V":6,"NV":0,"TB":0},{"Id":71,"V":6,"NV":0,"TB":0},{"Id":87,"V":6,"NV":1,"TB":0},{"Id":68,"V":5,"NV":0,"TB":0},{"Id":79,"V":5,"NV":0,"TB":0},{"Id":86,"V":5,"NV":0,"TB":0},{"Id":77,"V":4,"NV":0,"TB":0},{"Id":80,"V":4,"NV":0,"TB":0},{"Id":82,"V":4,"NV":0,"TB":0},{"Id":65,"V":3,"NV":0,"TB":0},{"Id":75,"V":3,"NV":0,"TB":0},{"Id":81,"V":3,"NV":0,"TB":0},{"Id":83,"V":3,"NV":0,"TB":0},{"Id":85,"V":3,"NV":0,"TB":0},{"Id":66,"V":2,"NV":0,"TB":0},{"Id":73,"V":2,"NV":0,"TB":0},{"Id":78,"V":2,"NV":0,"TB":0},{"Id":84,"V":2,"NV":0,"TB":0},{"Id":88,"V":2,"NV":0,"TB":0},{"Id":90,"V":2,"NV":0,"TB":0},{"Id":70,"V":1,"NV":0,"TB":0},{"Id":76,"V":1,"NV":0,"TB":0},{"Id":89,"V":1,"NV":0,"TB":1}],[{"Id":67,"V":6,"NV":0,"TB":0},{"Id":71,"V":6,"NV":0,"TB":0},{"Id":87,"V":6,"NV":0,"TB":0},{"Id":68,"V":5,"NV":0,"TB":0},{"Id":79,"V":5,"NV":0,"TB":0},{"Id":86,"V":5,"NV":0,"TB":0},{"Id":77,"V":4,"NV":0,"TB":0},{"Id":80,"V":4,"NV":0,"TB":0},{"Id":82,"V":4,"NV":0,"TB":0},{"Id":85,"V":4,"NV":1,"TB":0},{"Id":65,"V":3,"NV":0,"TB":0},{"Id":75,"V":3,"NV":0,"TB":0},{"Id":81,"V":3,"NV":0,"TB":0},{"Id":83,"V":3,"NV":0,"TB":0},{"Id":66,"V":2,"NV":0,"TB":0},{"Id":73,"V":2,"NV":0,"TB":0},{"Id":78,"V":2,"NV":0,"TB":0},{"Id":84,"V":2,"NV":0,"TB":0},{"Id":88,"V":2,"NV":0,"TB":0},{"Id":90,"V":2,"NV":0,"TB":0},{"Id":70,"V":1,"NV":0,"TB":0},{"Id":76,"V":1,"NV":0,"TB":1}],[{"Id":67,"V":6,"NV":0,"TB":0},{"Id":71,"V":6,"NV":0,"TB":0},{"Id":87,"V":6,"NV":0,"TB":0},{"Id":68,"V":5,"NV":0,"TB":0},{"Id":79,"V":5,"NV":0,"TB":0},{"Id":86,"V":5,"NV":0,"TB":0},{"Id":77,"V":4,"NV":0,"TB":0},{"Id":80,"V":4,"NV":0,"TB":0},{"Id":82,"V":4,"NV":0,"TB":0},{"Id":85,"V":4,"NV":0,"TB":0},{"Id":65,"V":3,"NV":0,"TB":0},{"Id":73,"V":3,"NV":1,"TB":0},{"Id":75,"V":3,"NV":0,"TB":0},{"Id":81,"V":3,"NV":0,"TB":0},{"Id":83,"V":3,"NV":0,"TB":0},{"Id":66,"V":2,"NV":0,"TB":0},{"Id":78,"V":2,"NV":0,"TB":0},{"Id":84,"V":2,"NV":0,"TB":0},{"Id":88,"V":2,"NV":0,"TB":0},{"Id":90,"V":2,"NV":0,"TB":0},{"Id":70,"V":1,"NV":0,"TB":0}],[{"Id":67,"V":6,"NV":0,"TB":0},{"Id":71,"V":6,"NV":0,"TB":0},{"Id":87,"V":6,"NV":0,"TB":0},{"Id":68,"V":5,"NV":0,"TB":0},{"Id":79,"V":5,"NV":0,"TB":0},{"Id":86,"V":5,"NV":0,"TB":0},{"Id":77,"V":4,"NV":0,"TB":0},{"Id":80,"V":4,"NV":0,"TB":0},{"Id":82,"V":4,"NV":0,"TB":0},{"Id":85,"V":4,"NV":0,"TB":0},{"Id":65,"V":3,"NV":0,"TB":0},{"Id":73,"V":3,"NV":0,"TB":0},{"Id":75,"V":3,"NV":0,"TB":0},{"Id":81,"V":3,"NV":0,"TB":0},{"Id":83,"V":3,"NV":0,"TB":0},{"Id":78,"V":2,"NV":0,"TB":0},{"Id":84,"V":2,"NV":0,"TB":0},{"Id":88,"V":2,"NV":0,"TB":0},{"Id":90,"V":2,"NV":0,"TB":0},{"Id":66,"V":2,"NV":0,"TB":5}],[{"Id":67,"V":6,"NV":0,"TB":0},{"Id":71,"V":6,"NV":0,"TB":0},{"Id":86,"V":6,"NV":1,"TB":0},{"Id":87,"V":6,"NV":0,"TB":0},{"Id":68,"V":5,"NV":0,"TB":0},{"Id":79,"V":5,"NV":0,"TB":0},{"Id":77,"V":4,"NV":0,"TB":0},{"Id":80,"V":4,"NV":0,"TB":0},{"Id":82,"V":4,"NV":0,"TB":0},{"Id":85,"V":4,"NV":0,"TB":0},{"Id":65,"V":3,"NV":0,"TB":0},{"Id":73,"V":3,"NV":0,"TB":0},{"Id":75,"V":3,"NV":0,"TB":0},{"Id":81,"V":3,"NV":0,"TB":0},{"Id":83,"V":3,"NV":0,"TB":0},{"Id":84,"V":2,"NV":0,"TB":0},{"Id":88,"V":2,"NV":0,"TB":0},{"Id":90,"V":2,"NV":0,"TB":0},{"Id":78,"V":2,"NV":0,"TB":4}],[{"Id":86,"V":7,"NV":1,"TB":0},{"Id":67,"V":6,"NV":0,"TB":0},{"Id":71,"V":6,"NV":0,"TB":0},{"Id":87,"V":6,"NV":0,"TB":0},{"Id":68,"V":5,"NV":0,"TB":0},{"Id":79,"V":5,"NV":0,"TB":0},{"Id":73,"V":4,"NV":1,"TB":0},{"Id":77,"V":4,"NV":0,"TB":0},{"Id":80,"V":4,"NV":0,"TB":0},{"Id":82,"V":4,"NV":0,"TB":0},{"Id":85,"V":4,"NV":0,"TB":0},{"Id":65,"V":3,"NV":0,"TB":0},{"Id":75,"V":3,"NV":0,"TB":0},{"Id":81,"V":3,"NV":0,"TB":0},{"Id":83,"V":3,"NV":0,"TB":0},{"Id":88,"V":2,"NV":0,"TB":0},{"Id":90,"V":2,"NV":0,"TB":0},{"Id":84,"V":2,"NV":0,"TB":3}],[{"Id":86,"V":7,"NV":0,"TB":0},{"Id":87,"V":7,"NV":1,"TB":0},{"Id":67,"V":6,"NV":0,"TB":0},{"Id":71,"V":6,"NV":0,"TB":0},{"Id":68,"V":5,"NV":0,"TB":0},{"Id":79,"V":5,"NV":0,"TB":0},{"Id":73,"V":4,"NV":0,"TB":0},{"Id":77,"V":4,"NV":0,"TB":0},{"Id":80,"V":4,"NV":0,"TB":0},{"Id":82,"V":4,"NV":0,"TB":0},{"Id":85,"V":4,"NV":0,"TB":0},{"Id":65,"V":3,"NV":0,"TB":0},{"Id":75,"V":3,"NV":0,"TB":0},{"Id":81,"V":3,"NV":0,"TB":0},{"Id":83,"V":3,"NV":0,"TB":0},{"Id":88,"V":3,"NV":1,"TB":0},{"Id":90,"V":2,"NV":0,"TB":0}],[{"Id":86,"V":8,"NV":1,"TB":0},{"Id":87,"V":7,"NV":0,"TB":0},{"Id":67,"V":6,"NV":0,"TB":0},{"Id":71,"V":6,"NV":0,"TB":0},{"Id":68,"V":5,"NV":0,"TB":0},{"Id":77,"V":5,"NV":1,"TB":0},{"Id":79,"V":5,"NV":0,"TB":0},{"Id":73,"V":4,"NV":0,"TB":0},{"Id":80,"V":4,"NV":0,"TB":0},{"Id":82,"V":4,"NV":0,"TB":0},{"Id":85,"V":4,"NV":0,"TB":0},{"Id":65,"V":3,"NV":0,"TB":0},{"Id":81,"V":3,"NV":0,"TB":0},{"Id":83,"V":3,"NV":0,"TB":0},{"Id":88,"V":3,"NV":0,"TB":0},{"Id":75,"V":3,"NV":0,"TB":4}],[{"Id":86,"V":8,"NV":0,"TB":0},{"Id":71,"V":7,"NV":1,"TB":0},{"Id":87,"V":7,"NV":0,"TB":0},{"Id":67,"V":6,"NV":0,"TB":0},{"Id":79,"V":6,"NV":1,"TB":0},{"Id":68,"V":5,"NV":0,"TB":0},{"Id":73,"V":5,"NV":1,"TB":0},{"Id":77,"V":5,"NV":0,"TB":0},{"Id":80,"V":4,"NV":0,"TB":0},{"Id":82,"V":4,"NV":0,"TB":0},{"Id":85,"V":4,"NV":0,"TB":0},{"Id":81,"V":3,"NV":0,"TB":0},{"Id":83,"V":3,"NV":0,"TB":0},{"Id":88,"V":3,"NV":0,"TB":0},{"Id":65,"V":3,"NV":0,"TB":4}],[{"Id":86,"V":8,"NV":0,"TB":0},{"Id":71,"V":7,"NV":0,"TB":0},{"Id":79,"V":7,"NV":1,"TB":0},{"Id":87,"V":7,"NV":0,"TB":0},{"Id":67,"V":6,"NV":0,"TB":0},{"Id":68,"V":6,"NV":1,"TB":0},{"Id":73,"V":5,"NV":0,"TB":0},{"Id":77,"V":5,"NV":0,"TB":0},{"Id":85,"V":5,"NV":1,"TB":0},{"Id":80,"V":4,"NV":0,"TB":0},{"Id":82,"V":4,"NV":0,"TB":0},{"Id":81,"V":3,"NV":0,"TB":0},{"Id":88,"V":3,"NV":0,"TB":0},{"Id":83,"V":3,"NV":0,"TB":2}],[{"Id":71,"V":8,"NV":1,"TB":0},{"Id":86,"V":8,"NV":0,"TB":0},{"Id":67,"V":7,"NV":1,"TB":0},{"Id":79,"V":7,"NV":0,"TB":0},{"Id":87,"V":7,"NV":0,"TB":0},{"Id":68,"V":6,"NV":0,"TB":0},{"Id":73,"V":5,"NV":0,"TB":0},{"Id":77,"V":5,"NV":0,"TB":0},{"Id":80,"V":5,"NV":1,"TB":0},{"Id":85,"V":5,"NV":0,"TB":0},{"Id":82,"V":4,"NV":0,"TB":0},{"Id":81,"V":3,"NV":0,"TB":0},{"Id":88,"V":3,"NV":0,"TB":1}],[{"Id":86,"V":9,"NV":1,"TB":0},{"Id":71,"V":8,"NV":0,"TB":0},{"Id":79,"V":8,"NV":1,"TB":0},{"Id":67,"V":7,"NV":0,"TB":0},{"Id":87,"V":7,"NV":0,"TB":0},{"Id":68,"V":6,"NV":0,"TB":0},{"Id":73,"V":5,"NV":0,"TB":0},{"Id":77,"V":5,"NV":0,"TB":0},{"Id":80,"V":5,"NV":0,"TB":0},{"Id":85,"V":5,"NV":0,"TB":0},{"Id":82,"V":4,"NV":0,"TB":0},{"Id":81,"V":3,"NV":0,"TB":0}],[{"Id":79,"V":10,"NV":2,"TB":0},{"Id":86,"V":9,"NV":0,"TB":0},{"Id":67,"V":8,"NV":1,"TB":0},{"Id":71,"V":8,"NV":0,"TB":0},{"Id":87,"V":7,"NV":0,"TB":0},{"Id":68,"V":6,"NV":0,"TB":0},{"Id":73,"V":5,"NV":0,"TB":0},{"Id":77,"V":5,"NV":0,"TB":0},{"Id":80,"V":5,"NV":0,"TB":0},{"Id":85,"V":5,"NV":0,"TB":0},{"Id":82,"V":4,"NV":0,"TB":0}],[{"Id":79,"V":10,"NV":0,"TB":0},{"Id":67,"V":9,"NV":1,"TB":0},{"Id":71,"V":9,"NV":1,"TB":0},{"Id":86,"V":9,"NV":0,"TB":0},{"Id":68,"V":8,"NV":2,"TB":0},{"Id":87,"V":7,"NV":0,"TB":0},{"Id":77,"V":5,"NV":0,"TB":0},{"Id":80,"V":5,"NV":0,"TB":0},{"Id":85,"V":5,"NV":0,"TB":0},{"Id":73,"V":5,"NV":0,"TB":4}],[{"Id":79,"V":12,"NV":2,"TB":0},{"Id":67,"V":11,"NV":2,"TB":0},{"Id":71,"V":9,"NV":0,"TB":0},{"Id":86,"V":9,"NV":0,"TB":0},{"Id":68,"V":8,"NV":0,"TB":0},{"Id":87,"V":8,"NV":1,"TB":0},{"Id":80,"V":5,"NV":0,"TB":0},{"Id":85,"V":5,"NV":0,"TB":0},{"Id":77,"V":5,"NV":0,"TB":3}],[{"Id":79,"V":13,"NV":1,"TB":0},{"Id":67,"V":11,"NV":0,"TB":0},{"Id":71,"V":10,"NV":1,"TB":0},{"Id":87,"V":10,"NV":2,"TB":0},{"Id":86,"V":9,"NV":0,"TB":0},{"Id":68,"V":8,"NV":0,"TB":0},{"Id":80,"V":6,"NV":1,"TB":0},{"Id":85,"V":5,"NV":0,"TB":0}],[{"Id":79,"V":13,"NV":0,"TB":0},{"Id":67,"V":12,"NV":1,"TB":0},{"Id":71,"V":12,"NV":2,"TB":0},{"Id":68,"V":10,"NV":2,"TB":0},{"Id":87,"V":10,"NV":0,"TB":0},{"Id":86,"V":9,"NV":0,"TB":0},{"Id":80,"V":6,"NV":0,"TB":0}],[{"Id":79,"V":14,"NV":1,"TB":0},{"Id":67,"V":13,"NV":1,"TB":0},{"Id":68,"V":12,"NV":2,"TB":0},{"Id":71,"V":12,"NV":0,"TB":0},{"Id":87,"V":11,"NV":1,"TB":0},{"Id":86,"V":10,"NV":1,"TB":0}],[{"Id":79,"V":16,"NV":2,"TB":0},{"Id":67,"V":14,"NV":1,"TB":0},{"Id":87,"V":14,"NV":3,"TB":0},{"Id":71,"V":13,"NV":1,"TB":0},{"Id":68,"V":12,"NV":0,"TB":0}],[{"Id":79,"V":19,"NV":3,"TB":0},{"Id":87,"V":19,"NV":5,"TB":0},{"Id":71,"V":15,"NV":2,"TB":0},{"Id":67,"V":14,"NV":0,"TB":0}],[{"Id":87,"V":24,"NV":5,"TB":0},{"Id":79,"V":20,"NV":1,"TB":0},{"Id":71,"V":18,"NV":3,"TB":0}],[{"Id":87,"V":29,"NV":5,"TB":0},{"Id":79,"V":25,"NV":5,"TB":0}],[{"Id":87,"V":37,"NV":8,"TB":0}]],"Expires":1605488656,"SecondsLeft":0}