{"Mtype":"results","Title":"Round 3","PollStarted":"2020-08-17T01:32:16.465017837Z","PollDuration":600000000000,"Options":{"65":"Natani using the Heart's Desire spell on Clovis, only to reveal Brutus is Clovis's desire, and Clovis is extremely embarrassed about it.","66":"Nora taking a bath in a chocolate fondue fountain. Marshmallows and strawberries on the side.","67":"Keith and Natani go off to college","68":"Raine dressed as Indiana Jones","69":"Kat on a TV Cooking Segment as Trace already burned his food","70":"Modern day Adult Maddie and Maeve just lounging around on a hot summer day (in tank tops and shorts) much to Maddie’s embarrassment.","71":"Maddie as Ciri from Witcher being trained by Keith as Geralt ","72":"Maddie has dressed up in Keith’s general outfit and is caught pretending to be him.","73":"Magpie refsheet","74":"Trace and Flora meeting Fluff Kevlar's Ara","75":"Handmaid Triplets dressed as Cerberus from Helltaker","76":"Portrait of Flora!","77":"Keith/Natani/Flora/Trace relaxing together as a group, kinda similar to page 779","78":"Dog Keidrans Playing Poker: Brutus is winning while having his silly grin as his ultimate poker face.","79":"FemBrutus and FemClovis face off each other against the glass.","80":"Clovis and Brutus arrive on planet Namek sporting saiyan armor with Brutus striking a Ginyu pose.","81":"Saleen takes Lynn to the beach","82":"Flora and Trace examine a British police public call box (with Flora wearing a fez and Trace having a red bow-tie.).","83":"Natani and Keith sit in front of the burning fireplace in a log cabin in a snow-covered coniferous forest in Canada. Natani has her head on Keith's shoulder.","84":"Flora meets Tigger and tries to bounce on her tail like him","85":"Nora, Reni, Flora, and Natani all in dragon forms doing the noodle wiggle from Miss Kobayashi's Dragon Maid OP.","86":"Flora happily dancing around in a maid outfit","87":"Kath dakimakura","88":"Bodyswapped Keith and Natani sparring. Keith still wins, and now Natani knows what it's like to be pinned by their own body"},"ExpectedBallots":58,"CountedBallots":58,"Ballots":["DLQO","UJVAOTFLKNMCDGRPXSEIWBQH","O","NDSIA","HGBSXOIAFQT","JBSF","NOX","HNDVFQLTKIWMJEXRCAOSBP","U","WSUKHFLAQOEIDBCVG","LIFSXMQVTHARCNPOEDUKGJWB","QTNP","QVBHKJLEDRGNSMC","UABJSFQOKNDC","QKJDIFHBNEU","JLTRM","DNFHBE","XGCHSMENLO","OXJFACNLDVPIEHBWQTUSMKGR","SXCA","ADNIHXU","XOW","JAGUHVXKB","WA","QHI","XLMVH","LJIVKHF","PQLNECAVSG","AG","CBJDNS","VO","FSAD","EKVN","BJNLFEWQ","EWJU","XNFSKRTIVMJDCL","VHIFLQTSOJ","UHWKAXM","EKJNUHIXQLW","IEPTRFNAUJODKBSVWCHQXGLM","BKUXFVQHWLDAO","MOINWKBXV","JAMTVLXOBHC","OVE","IDNOCKVGAJSHLXRWMEPBFQUT","VORMJIFQWLKH","DJ","SHMXCLQGI","JTFDECVAKOH","NTS","UBTLIDKJQXMFHRE","GVNRO","L","NREFTIPM","ITDWEJOCAUSHF","LRMJVXHF","CXFIHNGMEBD","TEGF"],"Placements":[[{"Id":74,"V":5,"NV":5,"TB":0},{"Id":85,"V":5,"NV":5,"TB":0},{"Id":76,"V":4,"NV":4,"TB":0},{"Id":78,"V":4,"NV":4,"TB":0},{"Id":81,"V":4,"NV":4,"TB":0},{"Id":88,"V":4,"NV":4,"TB":0},{"Id":68,"V":3,"NV":3,"TB":0},{"Id":69,"V":3,"NV":3,"TB":0},{"Id":73,"V":3,"NV":3,"TB":0},{"Id":79,"V":3,"NV":3,"TB":0},{"Id":86,"V":3,"NV":3,"TB":0},{"Id":65,"V":2,"NV":2,"TB":0},{"Id":66,"V":2,"NV":2,"TB":0},{"Id":67,"V":2,"NV":2,"TB":0},{"Id":72,"V":2,"NV":2,"TB":0},{"Id":83,"V":2,"NV":2,"TB":0},{"Id":87,"V":2,"NV":2,"TB":0},{"Id":70,"V":1,"NV":1,"TB":0},{"Id":71,"V":1,"NV":1,"TB":0},{"Id":77,"V":1,"NV":1,"TB":0},{"Id":80,"V":1,"NV":1,"TB":0},{"Id":84,"V":1,"NV":1,"TB":0},{"Id":75,"V":0,"NV":0,"TB":0},{"Id":82,"V":0,"NV":0,"TB":1}],[{"Id":74,"V":5,"NV":0,"TB":0},{"Id":85,"V":5,"NV":0,"TB":0},{"Id":76,"V":4,"NV":0,"TB":0},{"Id":78,"V":4,"NV":0,"TB":0},{"Id":81,"V":4,"NV":0,"TB":0},{"Id":88,"V":4,"NV":0,"TB":0},{"Id":68,"V":3,"NV":0,"TB":0},{"Id":69,"V":3,"NV":0,"TB":0},{"Id":73,"V":3,"NV":0,"TB":0},{"Id":79,"V":3,"NV":0,"TB":0},{"Id":86,"V":3,"NV":0,"TB":0},{"Id":65,"V":2,"NV":0,"TB":0},{"Id":66,"V":2,"NV":0,"TB":0},{"Id":67,"V":2,"NV":0,"TB":0},{"Id":72,"V":2,"NV":0,"TB":0},{"Id":83,"V":2,"NV":0,"TB":0},{"Id":87,"V":2,"NV":0,"TB":0},{"Id":70,"V":1,"NV":0,"TB":0},{"Id":71,"V":1,"NV":0,"TB":0},{"Id":77,"V":1,"NV":0,"TB":0},{"Id":80,"V":1,"NV":0,"TB":0},{"Id":84,"V":1,"NV":0,"TB":0},{"Id":75,"V":0,"NV":0,"TB":0}],[{"Id":74,"V":5,"NV":0,"TB":0},{"Id":85,"V":5,"NV":0,"TB":0},{"Id":76,"V":4,"NV":0,"TB":0},{"Id":78,"V":4,"NV":0,"TB":0},{"Id":81,"V":4,"NV":0,"TB":0},{"Id":88,"V":4,"NV":0,"TB":0},{"Id":68,"V":3,"NV":0,"TB":0},{"Id":69,"V":3,"NV":0,"TB":0},{"Id":73,"V":3,"NV":0,"TB":0},{"Id":79,"V":3,"NV":0,"TB":0},{"Id":86,"V":3,"NV":0,"TB":0},{"Id":65,"V":2,"NV":0,"TB":0},{"Id":66,"V":2,"NV":0,"TB":0},{"Id":67,"V":2,"NV":0,"TB":0},{"Id":72,"V":2,"NV":0,"TB":0},{"Id":83,"V":2,"NV":0,"TB":0},{"Id":87,"V":2,"NV":0,"TB":0},{"Id":70,"V":1,"NV":0,"TB":0},{"Id":71,"V":1,"NV":0,"TB":0},{"Id":77,"V":1,"NV":0,"TB":0},{"Id":80,"V":1,"NV":0,"TB":0},{"Id":84,"V":1,"NV":0,"TB":1}],[{"Id":74,"V":5,"NV":0,"TB":0},{"Id":85,"V":5,"NV":0,"TB":0},{"Id":69,"V":4,"NV":1,"TB":0},{"Id":76,"V":4,"NV":0,"TB":0},{"Id":78,"V":4,"NV":0,"TB":0},{"Id":81,"V":4,"NV":0,"TB":0},{"Id":88,"V":4,"NV":0,"TB":0},{"Id":68,"V":3,"NV":0,"TB":0},{"Id":73,"V":3,"NV":0,"TB":0},{"Id":79,"V":3,"NV":0,"TB":0},{"Id":86,"V":3,"NV":0,"TB":0},{"Id":65,"V":2,"NV":0,"TB":0},{"Id":66,"V":2,"NV":0,"TB":0},{"Id":67,"V":2,"NV":0,"TB":0},{"Id":72,"V":2,"NV":0,"TB":0},{"Id":83,"V":2,"NV":0,"TB":0},{"Id":87,"V":2,"NV":0,"TB":0},{"Id":70,"V":1,"NV":0,"TB":0},{"Id":71,"V":1,"NV":0,"TB":0},{"Id":80,"V":1,"NV":0,"TB":0},{"Id":77,"V":1,"NV":0,"TB":2}],[{"Id":74,"V":5,"NV":0,"TB":0},{"Id":85,"V":5,"NV":0,"TB":0},{"Id":69,"V":4,"NV":0,"TB":0},{"Id":76,"V":4,"NV":0,"TB":0},{"Id":78,"V":4,"NV":0,"TB":0},{"Id":79,"V":4,"NV":1,"TB":0},{"Id":81,"V":4,"NV":0,"TB":0},{"Id":88,"V":4,"NV":0,"TB":0},{"Id":68,"V":3,"NV":0,"TB":0},{"Id":73,"V":3,"NV":0,"TB":0},{"Id":86,"V":3,"NV":0,"TB":0},{"Id":65,"V":2,"NV":0,"TB":0},{"Id":66,"V":2,"NV":0,"TB":0},{"Id":67,"V":2,"NV":0,"TB":0},{"Id":72,"V":2,"NV":0,"TB":0},{"Id":83,"V":2,"NV":0,"TB":0},{"Id":87,"V":2,"NV":0,"TB":0},{"Id":70,"V":1,"NV":0,"TB":0},{"Id":71,"V":1,"NV":0,"TB":0},{"Id":80,"V":1,"NV":0,"TB":1}],[{"Id":74,"V":5,"NV":0,"TB":0},{"Id":81,"V":5,"NV":1,"TB":0},{"Id":85,"V":5,"NV":0,"TB":0},{"Id":69,"V":4,"NV":0,"TB":0},{"Id":76,"V":4,"NV":0,"TB":0},{"Id":78,"V":4,"NV":0,"TB":0},{"Id":79,"V":4,"NV":0,"TB":0},{"Id":88,"V":4,"NV":0,"TB":0},{"Id":68,"V":3,"NV":0,"TB":0},{"Id":73,"V":3,"NV":0,"TB":0},{"Id":86,"V":3,"NV":0,"TB":0},{"Id":65,"V":2,"NV":0,"TB":0},{"Id":66,"V":2,"NV":0,"TB":0},{"Id":67,"V":2,"NV":0,"TB":0},{"Id":72,"V":2,"NV":0,"TB":0},{"Id":83,"V":2,"NV":0,"TB":0},{"Id":87,"V":2,"NV":0,"TB":0},{"Id":71,"V":1,"NV":0,"TB":0},{"Id":70,"V":1,"NV":0,"TB":2}],[{"Id":74,"V":5,"NV":0,"TB":0},{"Id":81,"V":5,"NV":0,"TB":0},{"Id":85,"V":5,"NV":0,"TB":0},{"Id":69,"V":4,"NV":0,"TB":0},{"Id":76,"V":4,"NV":0,"TB":0},{"Id":78,"V":4,"NV":0,"TB":0},{"Id":79,"V":4,"NV":0,"TB":0},{"Id":88,"V":4,"NV":0,"TB":0},{"Id":68,"V":3,"NV":0,"TB":0},{"Id":73,"V":3,"NV":0,"TB":0},{"Id":83,"V":3,"NV":1,"TB":0},{"Id":86,"V":3,"NV":0,"TB":0},{"Id":65,"V":2,"NV":0,"TB":0},{"Id":66,"V":2,"NV":0,"TB":0},{"Id":67,"V":2,"NV":0,"TB":0},{"Id":72,"V":2,"NV":0,"TB":0},{"Id":87,"V":2,"NV":0,"TB":0},{"Id":71,"V":1,"NV":0,"TB":0}],[{"Id":74,"V":5,"NV":0,"TB":0},{"Id":81,"V":5,"NV":0,"TB":0},{"Id":85,"V":5,"NV":0,"TB":0},{"Id":69,"V":4,"NV":0,"TB":0},{"Id":76,"V":4,"NV":0,"TB":0},{"Id":78,"V":4,"NV":0,"TB":0},{"Id":79,"V":4,"NV":0,"TB":0},{"Id":86,"V":4,"NV":1,"TB":0},{"Id":88,"V":4,"NV":0,"TB":0},{"Id":68,"V":3,"NV":0,"TB":0},{"Id":73,"V":3,"NV":0,"TB":0},{"Id":83,"V":3,"NV":0,"TB":0},{"Id":65,"V":2,"NV":0,"TB":0},{"Id":67,"V":2,"NV":0,"TB":0},{"Id":72,"V":2,"NV":0,"TB":0},{"Id":87,"V":2,"NV":0,"TB":0},{"Id":66,"V":2,"NV":0,"TB":4}],[{"Id":74,"V":6,"NV":1,"TB":0},{"Id":85,"V":6,"NV":1,"TB":0},{"Id":81,"V":5,"NV":0,"TB":0},{"Id":69,"V":4,"NV":0,"TB":0},{"Id":76,"V":4,"NV":0,"TB":0},{"Id":78,"V":4,"NV":0,"TB":0},{"Id":79,"V":4,"NV":0,"TB":0},{"Id":86,"V":4,"NV":0,"TB":0},{"Id":88,"V":4,"NV":0,"TB":0},{"Id":68,"V":3,"NV":0,"TB":0},{"Id":73,"V":3,"NV":0,"TB":0},{"Id":83,"V":3,"NV":0,"TB":0},{"Id":67,"V":2,"NV":0,"TB":0},{"Id":72,"V":2,"NV":0,"TB":0},{"Id":87,"V":2,"NV":0,"TB":0},{"Id":65,"V":2,"NV":0,"TB":4}],[{"Id":74,"V":6,"NV":0,"TB":0},{"Id":85,"V":6,"NV":0,"TB":0},{"Id":81,"V":5,"NV":0,"TB":0},{"Id":68,"V":4,"NV":1,"TB":0},{"Id":69,"V":4,"NV":0,"TB":0},{"Id":76,"V":4,"NV":0,"TB":0},{"Id":78,"V":4,"NV":0,"TB":0},{"Id":79,"V":4,"NV":0,"TB":0},{"Id":86,"V":4,"NV":0,"TB":0},{"Id":88,"V":4,"NV":0,"TB":0},{"Id":73,"V":3,"NV":0,"TB":0},{"Id":83,"V":3,"NV":0,"TB":0},{"Id":72,"V":2,"NV":0,"TB":0},{"Id":87,"V":2,"NV":0,"TB":0},{"Id":67,"V":2,"NV":0,"TB":3}],[{"Id":74,"V":7,"NV":1,"TB":0},{"Id":85,"V":6,"NV":0,"TB":0},{"Id":81,"V":5,"NV":0,"TB":0},{"Id":88,"V":5,"NV":1,"TB":0},{"Id":68,"V":4,"NV":0,"TB":0},{"Id":69,"V":4,"NV":0,"TB":0},{"Id":76,"V":4,"NV":0,"TB":0},{"Id":78,"V":4,"NV":0,"TB":0},{"Id":79,"V":4,"NV":0,"TB":0},{"Id":86,"V":4,"NV":0,"TB":0},{"Id":73,"V":3,"NV":0,"TB":0},{"Id":83,"V":3,"NV":0,"TB":0},{"Id":72,"V":2,"NV":0,"TB":0},{"Id":87,"V":2,"NV":0,"TB":1}],[{"Id":74,"V":7,"NV":0,"TB":0},{"Id":85,"V":6,"NV":0,"TB":0},{"Id":81,"V":5,"NV":0,"TB":0},{"Id":88,"V":5,"NV":0,"TB":0},{"Id":68,"V":4,"NV":0,"TB":0},{"Id":69,"V":4,"NV":0,"TB":0},{"Id":76,"V":4,"NV":0,"TB":0},{"Id":78,"V":4,"NV":0,"TB":0},{"Id":79,"V":4,"NV":0,"TB":0},{"Id":83,"V":4,"NV":1,"TB":0},{"Id":86,"V":4,"NV":0,"TB":0},{"Id":73,"V":3,"NV":0,"TB":0},{"Id":72,"V":2,"NV":0,"TB":0}],[{"Id":74,"V":7,"NV":0,"TB":0},{"Id":85,"V":6,"NV":0,"TB":0},{"Id":78,"V":5,"NV":1,"TB":0},{"Id":81,"V":5,"NV":0,"TB":0},{"Id":83,"V":5,"NV":1,"TB":0},{"Id":88,"V":5,"NV":0,"TB":0},{"Id":68,"V":4,"NV":0,"TB":0},{"Id":69,"V":4,"NV":0,"TB":0},{"Id":76,"V":4,"NV":0,"TB":0},{"Id":79,"V":4,"NV":0,"TB":0},{"Id":86,"V":4,"NV":0,"TB":0},{"Id":73,"V":3,"NV":0,"TB":0}],[{"Id":74,"V":7,"NV":0,"TB":0},{"Id":68,"V":6,"NV":2,"TB":0},{"Id":85,"V":6,"NV":0,"TB":0},{"Id":69,"V":5,"NV":1,"TB":0},{"Id":78,"V":5,"NV":0,"TB":0},{"Id":81,"V":5,"NV":0,"TB":0},{"Id":83,"V":5,"NV":0,"TB":0},{"Id":88,"V":5,"NV":0,"TB":0},{"Id":76,"V":4,"NV":0,"TB":0},{"Id":79,"V":4,"NV":0,"TB":0},{"Id":86,"V":4,"NV":0,"TB":1}],[{"Id":74,"V":7,"NV":0,"TB":0},{"Id":68,"V":6,"NV":0,"TB":0},{"Id":78,"V":6,"NV":1,"TB":0},{"Id":79,"V":6,"NV":2,"TB":0},{"Id":85,"V":6,"NV":0,"TB":0},{"Id":69,"V":5,"NV":0,"TB":0},{"Id":76,"V":5,"NV":1,"TB":0},{"Id":81,"V":5,"NV":0,"TB":0},{"Id":83,"V":5,"NV":0,"TB":0},{"Id":88,"V":5,"NV":0,"TB":1}],[{"Id":78,"V":8,"NV":2,"TB":0},{"Id":74,"V":7,"NV":0,"TB":0},{"Id":79,"V":7,"NV":1,"TB":0},{"Id":68,"V":6,"NV":0,"TB":0},{"Id":76,"V":6,"NV":1,"TB":0},{"Id":83,"V":6,"NV":1,"TB":0},{"Id":85,"V":6,"NV":0,"TB":0},{"Id":81,"V":5,"NV":0,"TB":0},{"Id":69,"V":5,"NV":0,"TB":2}],[{"Id":78,"V":10,"NV":2,"TB":0},{"Id":74,"V":9,"NV":2,"TB":0},{"Id":79,"V":7,"NV":0,"TB":0},{"Id":68,"V":6,"NV":0,"TB":0},{"Id":76,"V":6,"NV":0,"TB":0},{"Id":83,"V":6,"NV":0,"TB":0},{"Id":85,"V":6,"NV":0,"TB":0},{"Id":81,"V":5,"NV":0,"TB":0}],[{"Id":74,"V":11,"NV":2,"TB":0},{"Id":78,"V":11,"NV":1,"TB":0},{"Id":76,"V":7,"NV":1,"TB":0},{"Id":79,"V":7,"NV":0,"TB":0},{"Id":68,"V":6,"NV":0,"TB":0},{"Id":85,"V":6,"NV":0,"TB":0},{"Id":83,"V":6,"NV":0,"TB":2}],[{"Id":78,"V":12,"NV":1,"TB":0},{"Id":74,"V":11,"NV":0,"TB":0},{"Id":76,"V":8,"NV":1,"TB":0},{"Id":79,"V":8,"NV":1,"TB":0},{"Id":85,"V":7,"NV":1,"TB":0},{"Id":68,"V":7,"NV":1,"TB":2}],[{"Id":78,"V":15,"NV":3,"TB":0},{"Id":74,"V":13,"NV":2,"TB":0},{"Id":76,"V":9,"NV":1,"TB":0},{"Id":79,"V":8,"NV":0,"TB":0},{"Id":85,"V":7,"NV":0,"TB":0}],[{"Id":74,"V":15,"NV":2,"TB":0},{"Id":78,"V":15,"NV":0,"TB":0},{"Id":76,"V":12,"NV":3,"TB":0},{"Id":79,"V":8,"NV":0,"TB":0}],[{"Id":74,"V":17,"NV":2,"TB":0},{"Id":78,"V":16,"NV":1,"TB":0},{"Id":76,"V":12,"NV":0,"TB":0}],[{"Id":74,"V":21,"NV":4,"TB":0},{"Id":78,"V":18,"NV":2,"TB":0}],[{"Id":74,"V":26,"NV":5,"TB":0}]],"Expires":1597629135,"SecondsLeft":0}