{"Mtype":"results","Title":"Round 2","PollStarted":"2020-08-16T22:34:35.164541116Z","PollDuration":600000000000,"Options":{"65":"Keith tries on the \"Spectacles of True Sight\" and sees Natani's true (realistic) form.","66":"Natani accidentally makes Keith the size of a doll. Natani is amused while Keith is quite distraught","67":"Karen displaying sisterly love for maren","68":"Sythe stuck in a zoo as an exhibit.","69":"Portrait of Tom the Pizza Delivery guy","70":"Fanart of Fubuki from Hololive","71":"Originally plain cat keidran Flora","72":"Young Rose Dakimakura","73":"Flora decided to test Stoney to see if he'll be a good companion for her baby when it's born. She likes him! Good boy!","74":"Saria finds Rose's habit of going without clothes distracting and begs her to put something on while she works.","75":"Brutus, hearing \"Let me in\" Clovis, opens the gate a bit too quick slamming Clovis between it and the fence.","76":"Willow-wisp body pillow","77":"Lynn is uncomfortable when he accompanies Keith and Natani and helps with clothes shopping.","78":"Short haired Raine.","79":"\"S-something's not right!\" Reni says as she wags her tail excitedly, butt raised, like a playful dog after mindreading a puppy goes wrong","80":"Game night with Gamer Laura and Lo-fi Kat: Kat introduces Laura to her new study partner, Keith.","81":"Trace fighting from within and taking control of his Demon Tiger form","82":"Mike and Carver stand side by side, both claiming to be the real Mike. Evals is having a hard time finding the fake.","83":"A sequel to \"Island Style Reni.\" Flora teaches Reni how to hula dance for Captain Kei. Both their hula skirts fall down, leaving them exposed. Flora doesn't mind but Reni is left embarrassed and blushing--as is Kei.","84":"Follow up to Grand Templar Laura 2. King Madness meets with Grand Templar Laura  to negotiate the Keith's return, but Keith seems mysteriously reluctant to leave.","85":"Maren helps bandage her sister's scrapes and scratches after Karen comes back from playing outside.","86":"Flora in a sundress in the middle of a meadow!","87":"Portait of Cat Nora","88":"Maddie confronts Keith at the bar to get his mind out of the past","89":"Backstage Romance. After a long day filming on the set of Twokinds, Trace's actor retires backstage to greet his fiancée... Laura's actress."},"ExpectedBallots":75,"CountedBallots":73,"Ballots":["NDHK","HLWAEI","KJEMHXAURPTCVNLSIQWBYGO","ADVJRKS","","YLDCUR","UCRMNX","X","BLVW","GEPXKYW","S","DLAUEBTHJWIVCNO","QMAWRI","WLECG","TUKNL","LBKTGJPMXRDWVQIAN","SOXJAINLKMYRC","OSEKARLCYP","IQ","KONERGWPATBVJQSH","XCHNJQUVYD","HG","JPUV","JQMOK","S","BA","JPLTGEYOM","JNDARK","UCYGM","AITQBKR","QEYIWXA","JVHXAQCUNRBTMGEKYPODFSWLI","YANMRPOJK","PJ","JHCDERXOU","XSLPVRT","LE","HTXMDGL","R","OS","VIGDJA","KSBAOR","IQEKSD","JQ","JDHN","OTVY","JOCRBLMWVGIAPHEDKNXTSYQUF","YDWACPRS","LGWDPRV","FGNPSYMR","JHNABDCERLWYTPOXUKFIM","CTDYLPMUXNVHJSFEROKWGABIQ","PCAUI","EIKXVGAND","IQKHVCJB","VXWTEMIFJKGAUQR","JW","EHLNWJVP","GEBK","WGJLHMEB","J","DYQTSHWXRNCL","XHK","ABMX","DSUXIMKAVHQLTPR","EK","DK","YTPLDUCJN","TEGQVYWJHIK","YCSWXNKQBIGLEFUDRAMH","LPEAOUYXVH","PQJGIMXUSTCOWALNKVRH","KVYQME"],"Placements":[[{"Id":74,"V":12,"NV":12,"TB":0},{"Id":89,"V":5,"NV":5,"TB":0},{"Id":68,"V":4,"NV":4,"TB":0},{"Id":75,"V":4,"NV":4,"TB":0},{"Id":76,"V":4,"NV":4,"TB":0},{"Id":88,"V":4,"NV":4,"TB":0},{"Id":65,"V":3,"NV":3,"TB":0},{"Id":69,"V":3,"NV":3,"TB":0},{"Id":72,"V":3,"NV":3,"TB":0},{"Id":73,"V":3,"NV":3,"TB":0},{"Id":79,"V":3,"NV":3,"TB":0},{"Id":80,"V":3,"NV":3,"TB":0},{"Id":83,"V":3,"NV":3,"TB":0},{"Id":66,"V":2,"NV":2,"TB":0},{"Id":71,"V":2,"NV":2,"TB":0},{"Id":81,"V":2,"NV":2,"TB":0},{"Id":84,"V":2,"NV":2,"TB":0},{"Id":85,"V":2,"NV":2,"TB":0},{"Id":86,"V":2,"NV":2,"TB":0},{"Id":87,"V":2,"NV":2,"TB":0},{"Id":67,"V":1,"NV":1,"TB":0},{"Id":70,"V":1,"NV":1,"TB":0},{"Id":78,"V":1,"NV":1,"TB":0},{"Id":82,"V":1,"NV":1,"TB":0},{"Id":77,"V":0,"NV":0,"TB":0}],[{"Id":74,"V":12,"NV":0,"TB":0},{"Id":89,"V":5,"NV":0,"TB":0},{"Id":68,"V":4,"NV":0,"TB":0},{"Id":75,"V":4,"NV":0,"TB":0},{"Id":76,"V":4,"NV":0,"TB":0},{"Id":88,"V":4,"NV":0,"TB":0},{"Id":65,"V":3,"NV":0,"TB":0},{"Id":69,"V":3,"NV":0,"TB":0},{"Id":72,"V":3,"NV":0,"TB":0},{"Id":73,"V":3,"NV":0,"TB":0},{"Id":79,"V":3,"NV":0,"TB":0},{"Id":80,"V":3,"NV":0,"TB":0},{"Id":83,"V":3,"NV":0,"TB":0},{"Id":66,"V":2,"NV":0,"TB":0},{"Id":71,"V":2,"NV":0,"TB":0},{"Id":81,"V":2,"NV":0,"TB":0},{"Id":84,"V":2,"NV":0,"TB":0},{"Id":85,"V":2,"NV":0,"TB":0},{"Id":86,"V":2,"NV":0,"TB":0},{"Id":87,"V":2,"NV":0,"TB":0},{"Id":67,"V":1,"NV":0,"TB":0},{"Id":78,"V":1,"NV":0,"TB":0},{"Id":82,"V":1,"NV":0,"TB":0},{"Id":70,"V":1,"NV":0,"TB":3}],[{"Id":74,"V":12,"NV":0,"TB":0},{"Id":89,"V":5,"NV":0,"TB":0},{"Id":68,"V":4,"NV":0,"TB":0},{"Id":75,"V":4,"NV":0,"TB":0},{"Id":76,"V":4,"NV":0,"TB":0},{"Id":88,"V":4,"NV":0,"TB":0},{"Id":65,"V":3,"NV":0,"TB":0},{"Id":69,"V":3,"NV":0,"TB":0},{"Id":71,"V":3,"NV":1,"TB":0},{"Id":72,"V":3,"NV":0,"TB":0},{"Id":73,"V":3,"NV":0,"TB":0},{"Id":79,"V":3,"NV":0,"TB":0},{"Id":80,"V":3,"NV":0,"TB":0},{"Id":83,"V":3,"NV":0,"TB":0},{"Id":66,"V":2,"NV":0,"TB":0},{"Id":81,"V":2,"NV":0,"TB":0},{"Id":84,"V":2,"NV":0,"TB":0},{"Id":85,"V":2,"NV":0,"TB":0},{"Id":86,"V":2,"NV":0,"TB":0},{"Id":87,"V":2,"NV":0,"TB":0},{"Id":67,"V":1,"NV":0,"TB":0},{"Id":78,"V":1,"NV":0,"TB":0},{"Id":82,"V":1,"NV":0,"TB":1}],[{"Id":74,"V":12,"NV":0,"TB":0},{"Id":89,"V":5,"NV":0,"TB":0},{"Id":68,"V":4,"NV":0,"TB":0},{"Id":75,"V":4,"NV":0,"TB":0},{"Id":76,"V":4,"NV":0,"TB":0},{"Id":88,"V":4,"NV":0,"TB":0},{"Id":65,"V":3,"NV":0,"TB":0},{"Id":69,"V":3,"NV":0,"TB":0},{"Id":71,"V":3,"NV":0,"TB":0},{"Id":72,"V":3,"NV":0,"TB":0},{"Id":73,"V":3,"NV":0,"TB":0},{"Id":79,"V":3,"NV":0,"TB":0},{"Id":80,"V":3,"NV":0,"TB":0},{"Id":83,"V":3,"NV":0,"TB":0},{"Id":66,"V":2,"NV":0,"TB":0},{"Id":81,"V":2,"NV":0,"TB":0},{"Id":84,"V":2,"NV":0,"TB":0},{"Id":85,"V":2,"NV":0,"TB":0},{"Id":86,"V":2,"NV":0,"TB":0},{"Id":87,"V":2,"NV":0,"TB":0},{"Id":78,"V":1,"NV":0,"TB":0},{"Id":67,"V":1,"NV":0,"TB":2}],[{"Id":74,"V":12,"NV":0,"TB":0},{"Id":89,"V":5,"NV":0,"TB":0},{"Id":68,"V":4,"NV":0,"TB":0},{"Id":75,"V":4,"NV":0,"TB":0},{"Id":76,"V":4,"NV":0,"TB":0},{"Id":88,"V":4,"NV":0,"TB":0},{"Id":65,"V":3,"NV":0,"TB":0},{"Id":69,"V":3,"NV":0,"TB":0},{"Id":71,"V":3,"NV":0,"TB":0},{"Id":72,"V":3,"NV":0,"TB":0},{"Id":73,"V":3,"NV":0,"TB":0},{"Id":79,"V":3,"NV":0,"TB":0},{"Id":80,"V":3,"NV":0,"TB":0},{"Id":83,"V":3,"NV":0,"TB":0},{"Id":84,"V":3,"NV":1,"TB":0},{"Id":66,"V":2,"NV":0,"TB":0},{"Id":81,"V":2,"NV":0,"TB":0},{"Id":85,"V":2,"NV":0,"TB":0},{"Id":86,"V":2,"NV":0,"TB":0},{"Id":87,"V":2,"NV":0,"TB":0},{"Id":78,"V":1,"NV":0,"TB":0}],[{"Id":74,"V":12,"NV":0,"TB":0},{"Id":68,"V":5,"NV":1,"TB":0},{"Id":89,"V":5,"NV":0,"TB":0},{"Id":75,"V":4,"NV":0,"TB":0},{"Id":76,"V":4,"NV":0,"TB":0},{"Id":88,"V":4,"NV":0,"TB":0},{"Id":65,"V":3,"NV":0,"TB":0},{"Id":69,"V":3,"NV":0,"TB":0},{"Id":71,"V":3,"NV":0,"TB":0},{"Id":72,"V":3,"NV":0,"TB":0},{"Id":73,"V":3,"NV":0,"TB":0},{"Id":79,"V":3,"NV":0,"TB":0},{"Id":80,"V":3,"NV":0,"TB":0},{"Id":83,"V":3,"NV":0,"TB":0},{"Id":84,"V":3,"NV":0,"TB":0},{"Id":81,"V":2,"NV":0,"TB":0},{"Id":85,"V":2,"NV":0,"TB":0},{"Id":86,"V":2,"NV":0,"TB":0},{"Id":87,"V":2,"NV":0,"TB":0},{"Id":66,"V":2,"NV":0,"TB":5}],[{"Id":74,"V":12,"NV":0,"TB":0},{"Id":68,"V":5,"NV":0,"TB":0},{"Id":76,"V":5,"NV":1,"TB":0},{"Id":89,"V":5,"NV":0,"TB":0},{"Id":65,"V":4,"NV":1,"TB":0},{"Id":75,"V":4,"NV":0,"TB":0},{"Id":88,"V":4,"NV":0,"TB":0},{"Id":69,"V":3,"NV":0,"TB":0},{"Id":71,"V":3,"NV":0,"TB":0},{"Id":72,"V":3,"NV":0,"TB":0},{"Id":73,"V":3,"NV":0,"TB":0},{"Id":79,"V":3,"NV":0,"TB":0},{"Id":80,"V":3,"NV":0,"TB":0},{"Id":83,"V":3,"NV":0,"TB":0},{"Id":84,"V":3,"NV":0,"TB":0},{"Id":81,"V":2,"NV":0,"TB":0},{"Id":85,"V":2,"NV":0,"TB":0},{"Id":86,"V":2,"NV":0,"TB":0},{"Id":87,"V":2,"NV":0,"TB":1}],[{"Id":74,"V":12,"NV":0,"TB":0},{"Id":76,"V":6,"NV":1,"TB":0},{"Id":68,"V":5,"NV":0,"TB":0},{"Id":89,"V":5,"NV":0,"TB":0},{"Id":65,"V":4,"NV":0,"TB":0},{"Id":71,"V":4,"NV":1,"TB":0},{"Id":75,"V":4,"NV":0,"TB":0},{"Id":88,"V":4,"NV":0,"TB":0},{"Id":69,"V":3,"NV":0,"TB":0},{"Id":72,"V":3,"NV":0,"TB":0},{"Id":73,"V":3,"NV":0,"TB":0},{"Id":79,"V":3,"NV":0,"TB":0},{"Id":80,"V":3,"NV":0,"TB":0},{"Id":83,"V":3,"NV":0,"TB":0},{"Id":84,"V":3,"NV":0,"TB":0},{"Id":85,"V":2,"NV":0,"TB":0},{"Id":86,"V":2,"NV":0,"TB":0},{"Id":81,"V":2,"NV":0,"TB":3}],[{"Id":74,"V":12,"NV":0,"TB":0},{"Id":76,"V":6,"NV":0,"TB":0},{"Id":65,"V":5,"NV":1,"TB":0},{"Id":68,"V":5,"NV":0,"TB":0},{"Id":89,"V":5,"NV":0,"TB":0},{"Id":69,"V":4,"NV":1,"TB":0},{"Id":71,"V":4,"NV":0,"TB":0},{"Id":75,"V":4,"NV":0,"TB":0},{"Id":88,"V":4,"NV":0,"TB":0},{"Id":72,"V":3,"NV":0,"TB":0},{"Id":73,"V":3,"NV":0,"TB":0},{"Id":79,"V":3,"NV":0,"TB":0},{"Id":80,"V":3,"NV":0,"TB":0},{"Id":83,"V":3,"NV":0,"TB":0},{"Id":84,"V":3,"NV":0,"TB":0},{"Id":86,"V":2,"NV":0,"TB":0},{"Id":85,"V":2,"NV":0,"TB":2}],[{"Id":74,"V":12,"NV":0,"TB":0},{"Id":76,"V":6,"NV":0,"TB":0},{"Id":89,"V":6,"NV":1,"TB":0},{"Id":65,"V":5,"NV":0,"TB":0},{"Id":68,"V":5,"NV":0,"TB":0},{"Id":88,"V":5,"NV":1,"TB":0},{"Id":69,"V":4,"NV":0,"TB":0},{"Id":71,"V":4,"NV":0,"TB":0},{"Id":75,"V":4,"NV":0,"TB":0},{"Id":72,"V":3,"NV":0,"TB":0},{"Id":73,"V":3,"NV":0,"TB":0},{"Id":79,"V":3,"NV":0,"TB":0},{"Id":80,"V":3,"NV":0,"TB":0},{"Id":83,"V":3,"NV":0,"TB":0},{"Id":84,"V":3,"NV":0,"TB":0},{"Id":86,"V":2,"NV":0,"TB":0}],[{"Id":74,"V":12,"NV":0,"TB":0},{"Id":76,"V":6,"NV":0,"TB":0},{"Id":88,"V":6,"NV":1,"TB":0},{"Id":89,"V":6,"NV":0,"TB":0},{"Id":65,"V":5,"NV":0,"TB":0},{"Id":68,"V":5,"NV":0,"TB":0},{"Id":69,"V":4,"NV":0,"TB":0},{"Id":71,"V":4,"NV":0,"TB":0},{"Id":73,"V":4,"NV":1,"TB":0},{"Id":75,"V":4,"NV":0,"TB":0},{"Id":72,"V":3,"NV":0,"TB":0},{"Id":79,"V":3,"NV":0,"TB":0},{"Id":80,"V":3,"NV":0,"TB":0},{"Id":84,"V":3,"NV":0,"TB":0},{"Id":83,"V":3,"NV":0,"TB":2}],[{"Id":74,"V":12,"NV":0,"TB":0},{"Id":76,"V":6,"NV":0,"TB":0},{"Id":88,"V":6,"NV":0,"TB":0},{"Id":89,"V":6,"NV":0,"TB":0},{"Id":65,"V":5,"NV":0,"TB":0},{"Id":68,"V":5,"NV":0,"TB":0},{"Id":69,"V":4,"NV":0,"TB":0},{"Id":71,"V":4,"NV":0,"TB":0},{"Id":73,"V":4,"NV":0,"TB":0},{"Id":75,"V":4,"NV":0,"TB":0},{"Id":79,"V":4,"NV":1,"TB":0},{"Id":72,"V":3,"NV":0,"TB":0},{"Id":80,"V":3,"NV":0,"TB":0},{"Id":84,"V":3,"NV":0,"TB":1}],[{"Id":74,"V":12,"NV":0,"TB":0},{"Id":68,"V":6,"NV":1,"TB":0},{"Id":76,"V":6,"NV":0,"TB":0},{"Id":88,"V":6,"NV":0,"TB":0},{"Id":89,"V":6,"NV":0,"TB":0},{"Id":65,"V":5,"NV":0,"TB":0},{"Id":69,"V":5,"NV":1,"TB":0},{"Id":75,"V":5,"NV":1,"TB":0},{"Id":71,"V":4,"NV":0,"TB":0},{"Id":73,"V":4,"NV":0,"TB":0},{"Id":79,"V":4,"NV":0,"TB":0},{"Id":80,"V":3,"NV":0,"TB":0},{"Id":72,"V":3,"NV":0,"TB":2}],[{"Id":74,"V":12,"NV":0,"TB":0},{"Id":76,"V":7,"NV":1,"TB":0},{"Id":88,"V":7,"NV":1,"TB":0},{"Id":68,"V":6,"NV":0,"TB":0},{"Id":89,"V":6,"NV":0,"TB":0},{"Id":65,"V":5,"NV":0,"TB":0},{"Id":69,"V":5,"NV":0,"TB":0},{"Id":71,"V":5,"NV":1,"TB":0},{"Id":75,"V":5,"NV":0,"TB":0},{"Id":73,"V":4,"NV":0,"TB":0},{"Id":79,"V":4,"NV":0,"TB":0},{"Id":80,"V":3,"NV":0,"TB":0}],[{"Id":74,"V":14,"NV":2,"TB":0},{"Id":76,"V":7,"NV":0,"TB":0},{"Id":88,"V":7,"NV":0,"TB":0},{"Id":65,"V":6,"NV":1,"TB":0},{"Id":68,"V":6,"NV":0,"TB":0},{"Id":89,"V":6,"NV":0,"TB":0},{"Id":69,"V":5,"NV":0,"TB":0},{"Id":71,"V":5,"NV":0,"TB":0},{"Id":75,"V":5,"NV":0,"TB":0},{"Id":79,"V":4,"NV":0,"TB":0},{"Id":73,"V":4,"NV":0,"TB":2}],[{"Id":74,"V":14,"NV":0,"TB":0},{"Id":76,"V":7,"NV":0,"TB":0},{"Id":88,"V":7,"NV":0,"TB":0},{"Id":65,"V":6,"NV":0,"TB":0},{"Id":68,"V":6,"NV":0,"TB":0},{"Id":69,"V":6,"NV":1,"TB":0},{"Id":71,"V":6,"NV":1,"TB":0},{"Id":75,"V":6,"NV":1,"TB":0},{"Id":89,"V":6,"NV":0,"TB":0},{"Id":79,"V":4,"NV":0,"TB":0}],[{"Id":74,"V":14,"NV":0,"TB":0},{"Id":88,"V":8,"NV":1,"TB":0},{"Id":69,"V":7,"NV":1,"TB":0},{"Id":76,"V":7,"NV":0,"TB":0},{"Id":89,"V":7,"NV":1,"TB":0},{"Id":65,"V":6,"NV":0,"TB":0},{"Id":68,"V":6,"NV":0,"TB":0},{"Id":71,"V":6,"NV":0,"TB":0},{"Id":75,"V":6,"NV":0,"TB":1}],[{"Id":74,"V":16,"NV":2,"TB":0},{"Id":69,"V":8,"NV":1,"TB":0},{"Id":76,"V":8,"NV":1,"TB":0},{"Id":88,"V":8,"NV":0,"TB":0},{"Id":89,"V":8,"NV":1,"TB":0},{"Id":65,"V":7,"NV":1,"TB":0},{"Id":68,"V":6,"NV":0,"TB":0},{"Id":71,"V":6,"NV":0,"TB":1}],[{"Id":74,"V":17,"NV":1,"TB":0},{"Id":69,"V":10,"NV":2,"TB":0},{"Id":89,"V":9,"NV":1,"TB":0},{"Id":76,"V":8,"NV":0,"TB":0},{"Id":88,"V":8,"NV":0,"TB":0},{"Id":68,"V":7,"NV":1,"TB":0},{"Id":65,"V":7,"NV":0,"TB":2}],[{"Id":74,"V":17,"NV":0,"TB":0},{"Id":69,"V":10,"NV":0,"TB":0},{"Id":88,"V":9,"NV":1,"TB":0},{"Id":89,"V":9,"NV":0,"TB":0},{"Id":76,"V":8,"NV":0,"TB":0},{"Id":68,"V":8,"NV":1,"TB":2}],[{"Id":74,"V":19,"NV":2,"TB":0},{"Id":89,"V":11,"NV":2,"TB":0},{"Id":69,"V":10,"NV":0,"TB":0},{"Id":88,"V":10,"NV":1,"TB":0},{"Id":76,"V":9,"NV":1,"TB":0}],[{"Id":74,"V":20,"NV":1,"TB":0},{"Id":69,"V":15,"NV":5,"TB":0},{"Id":89,"V":11,"NV":0,"TB":0},{"Id":88,"V":10,"NV":0,"TB":0}],[{"Id":74,"V":22,"NV":2,"TB":0},{"Id":69,"V":16,"NV":1,"TB":0},{"Id":89,"V":11,"NV":0,"TB":0}],[{"Id":74,"V":25,"NV":3,"TB":0},{"Id":69,"V":18,"NV":2,"TB":0}],[{"Id":74,"V":30,"NV":5,"TB":0}]],"Expires":1597618484,"SecondsLeft":0}