{"Mtype":"results","Title":"Round 1","PollStarted":"2020-10-25T20:06:11.378807296Z","PollDuration":600000000000,"Options":{"65":"For Halloween Bare Rose has put on a snug, sexy witch costume while stirring a cauldron shaped pot on the stove.","66":"Trick-or-Treat! Maddie( Dressed as Olivier Milla Armstrong From FMA) and Maeve (Lisanna Strauss from Fairy Tail) See Jade (Izumi Curtis) and Adira ( Dressed as any Witch)","67":"Laura eating a sandwich.","68":"Heartthrob - Evals pulls Mike out of harm's way and into his chest. Mike gets flustered hearing Evals's heartbeat.","69":"Keith as Geralt training Maddie as Ciri at Kaer Morhen ","70":"Maeve finally learns the consequences of her tail-biting when Maddie changes Weresnep too.","71":"Maddie gets scared by Willow dressed as a classical ghost","72":"Adora bar tender mixing drinks","73":"Double date: Trace and Flora go on a date, with Sythe and Maren joining them","74":"Wolf Raine dressed as Vampirella and Maren dressed as sexy nun for Halloween.","75":"handyman Colin calendar pinup - happy halloween!","76":"Trace dresses up as his old grand templar self for Halloween without telling anyone and it goes very poorly","77":"Demon Tigress Trace embrace Angelic Flora","78":"Trace reeling in a fish with a fishing rod only to see that he reeled in Flora as a mermaid.","79":"Sexy Halloween witch Reni (Dragon) showing off to Kei with Nora shedding a proud tear for her great grand daughter.","80":"Zen and Human Raine all wrapped up in a blanket.  Sitting on a couch on a stormy Halloween night, with a bowl of popcorn watching horror movies.  One of them being a little more scared then the other.","81":"Very Vixen Mike finds out their condition is contagious after bumping into Evals... and Eric","82":"Natani as a Jedi or Imperial pilot","83":"Natani, Zen and Keith as the Spanish Inquisition from Monty Python. Nobody expects the Spanish Inquisition!!","84":"Very Fixen Vixen Clovis ","85":"Flora wakes up one morning and finds that Trace has been replaced by a space alien","86":"Jealous Nibbly decides if Sythe likes humans, she'll turn human!","87":"The many ghosts of Keith: Keith's parents decide to visit for Halloween. Laura and Alaric had the same idea. ","88":"Flora meets Tigger and tries to bounce on her tail like he does"},"ExpectedBallots":63,"CountedBallots":63,"Ballots":["P","FWS","AWJKLGTNOHPXCDFQRMISUV","EG","GFCMU","O","FHAMO","DWKMVXL","KDJEGHPRBANVOLICWSF","KDVIQPAO","PDAH","JDIAFVQMKGNP","DQATHNEOJFUCBIVGRSWPKMLX","I","FWAN","RQHSOVAUFJTDIBPWMLKNGXCE","ASHIQWRVFNB","XGA","WNFU","XMIRWDVLA","QO","HTAFKVDLCOG","DQTM","DFGAP","SULNGA","UAOJKQXT","TMQNPWC","LCGVNSIFUE","SDRCH","TQMV","VMGKWRNLQSPOXTJHBFICDEUA","PO","VNFEMCHA","LWFXN","QJ","WDQAFJIMPCONHVSKGRL","WLGEKXRMFPAHSIVUNOJBCQDT","AGJRL","CBJWQAIH","AQNODJSKLPB","JBLVDFKGXPHTEAOWCQSRIU","MVLTNWI","SXCWGLHVF","ESRD","SUCKAIXBTEG","OVAIBWXH","WTUMXCJLPBDEAORNGHFSIKQV","AMJQ","DQPL","TQOUIASV","PIJCS","SHTM","HNLWFQKXITGCA","PCMGV","WXASTHB","WRLNIUSCGXEKBH","EQRD","J","SVWHARMBF","WNKCOAEPBJ","O","UMNQDFER","CWGIJA"],"Placements":[[{"Id":87,"V":7,"NV":7,"TB":0},{"Id":83,"V":6,"NV":6,"TB":0},{"Id":65,"V":5,"NV":5,"TB":0},{"Id":68,"V":5,"NV":5,"TB":0},{"Id":80,"V":5,"NV":5,"TB":0},{"Id":69,"V":3,"NV":3,"TB":0},{"Id":70,"V":3,"NV":3,"TB":0},{"Id":74,"V":3,"NV":3,"TB":0},{"Id":79,"V":3,"NV":3,"TB":0},{"Id":84,"V":3,"NV":3,"TB":0},{"Id":67,"V":2,"NV":2,"TB":0},{"Id":72,"V":2,"NV":2,"TB":0},{"Id":75,"V":2,"NV":2,"TB":0},{"Id":76,"V":2,"NV":2,"TB":0},{"Id":81,"V":2,"NV":2,"TB":0},{"Id":85,"V":2,"NV":2,"TB":0},{"Id":86,"V":2,"NV":2,"TB":0},{"Id":88,"V":2,"NV":2,"TB":0},{"Id":71,"V":1,"NV":1,"TB":0},{"Id":73,"V":1,"NV":1,"TB":0},{"Id":77,"V":1,"NV":1,"TB":0},{"Id":82,"V":1,"NV":1,"TB":0},{"Id":78,"V":0,"NV":0,"TB":0},{"Id":66,"V":0,"NV":0,"TB":2}],[{"Id":87,"V":7,"NV":0,"TB":0},{"Id":83,"V":6,"NV":0,"TB":0},{"Id":65,"V":5,"NV":0,"TB":0},{"Id":68,"V":5,"NV":0,"TB":0},{"Id":80,"V":5,"NV":0,"TB":0},{"Id":69,"V":3,"NV":0,"TB":0},{"Id":70,"V":3,"NV":0,"TB":0},{"Id":74,"V":3,"NV":0,"TB":0},{"Id":79,"V":3,"NV":0,"TB":0},{"Id":84,"V":3,"NV":0,"TB":0},{"Id":67,"V":2,"NV":0,"TB":0},{"Id":72,"V":2,"NV":0,"TB":0},{"Id":75,"V":2,"NV":0,"TB":0},{"Id":76,"V":2,"NV":0,"TB":0},{"Id":81,"V":2,"NV":0,"TB":0},{"Id":85,"V":2,"NV":0,"TB":0},{"Id":86,"V":2,"NV":0,"TB":0},{"Id":88,"V":2,"NV":0,"TB":0},{"Id":71,"V":1,"NV":0,"TB":0},{"Id":73,"V":1,"NV":0,"TB":0},{"Id":77,"V":1,"NV":0,"TB":0},{"Id":82,"V":1,"NV":0,"TB":0},{"Id":78,"V":0,"NV":0,"TB":0}],[{"Id":87,"V":7,"NV":0,"TB":0},{"Id":83,"V":6,"NV":0,"TB":0},{"Id":65,"V":5,"NV":0,"TB":0},{"Id":68,"V":5,"NV":0,"TB":0},{"Id":80,"V":5,"NV":0,"TB":0},{"Id":69,"V":3,"NV":0,"TB":0},{"Id":70,"V":3,"NV":0,"TB":0},{"Id":74,"V":3,"NV":0,"TB":0},{"Id":79,"V":3,"NV":0,"TB":0},{"Id":84,"V":3,"NV":0,"TB":0},{"Id":67,"V":2,"NV":0,"TB":0},{"Id":72,"V":2,"NV":0,"TB":0},{"Id":75,"V":2,"NV":0,"TB":0},{"Id":76,"V":2,"NV":0,"TB":0},{"Id":81,"V":2,"NV":0,"TB":0},{"Id":85,"V":2,"NV":0,"TB":0},{"Id":86,"V":2,"NV":0,"TB":0},{"Id":88,"V":2,"NV":0,"TB":0},{"Id":71,"V":1,"NV":0,"TB":0},{"Id":73,"V":1,"NV":0,"TB":0},{"Id":77,"V":1,"NV":0,"TB":0},{"Id":82,"V":1,"NV":0,"TB":1}],[{"Id":87,"V":7,"NV":0,"TB":0},{"Id":83,"V":6,"NV":0,"TB":0},{"Id":65,"V":5,"NV":0,"TB":0},{"Id":68,"V":5,"NV":0,"TB":0},{"Id":80,"V":5,"NV":0,"TB":0},{"Id":69,"V":3,"NV":0,"TB":0},{"Id":70,"V":3,"NV":0,"TB":0},{"Id":74,"V":3,"NV":0,"TB":0},{"Id":79,"V":3,"NV":0,"TB":0},{"Id":81,"V":3,"NV":1,"TB":0},{"Id":84,"V":3,"NV":0,"TB":0},{"Id":67,"V":2,"NV":0,"TB":0},{"Id":72,"V":2,"NV":0,"TB":0},{"Id":75,"V":2,"NV":0,"TB":0},{"Id":76,"V":2,"NV":0,"TB":0},{"Id":85,"V":2,"NV":0,"TB":0},{"Id":86,"V":2,"NV":0,"TB":0},{"Id":88,"V":2,"NV":0,"TB":0},{"Id":71,"V":1,"NV":0,"TB":0},{"Id":77,"V":1,"NV":0,"TB":0},{"Id":73,"V":1,"NV":0,"TB":2}],[{"Id":87,"V":7,"NV":0,"TB":0},{"Id":83,"V":6,"NV":0,"TB":0},{"Id":65,"V":5,"NV":0,"TB":0},{"Id":68,"V":5,"NV":0,"TB":0},{"Id":80,"V":5,"NV":0,"TB":0},{"Id":69,"V":3,"NV":0,"TB":0},{"Id":70,"V":3,"NV":0,"TB":0},{"Id":74,"V":3,"NV":0,"TB":0},{"Id":79,"V":3,"NV":0,"TB":0},{"Id":81,"V":3,"NV":0,"TB":0},{"Id":84,"V":3,"NV":0,"TB":0},{"Id":67,"V":2,"NV":0,"TB":0},{"Id":72,"V":2,"NV":0,"TB":0},{"Id":75,"V":2,"NV":0,"TB":0},{"Id":76,"V":2,"NV":0,"TB":0},{"Id":85,"V":2,"NV":0,"TB":0},{"Id":86,"V":2,"NV":0,"TB":0},{"Id":88,"V":2,"NV":0,"TB":0},{"Id":77,"V":1,"NV":0,"TB":0},{"Id":71,"V":1,"NV":0,"TB":2}],[{"Id":87,"V":7,"NV":0,"TB":0},{"Id":83,"V":6,"NV":0,"TB":0},{"Id":65,"V":5,"NV":0,"TB":0},{"Id":68,"V":5,"NV":0,"TB":0},{"Id":80,"V":5,"NV":0,"TB":0},{"Id":70,"V":4,"NV":1,"TB":0},{"Id":69,"V":3,"NV":0,"TB":0},{"Id":74,"V":3,"NV":0,"TB":0},{"Id":79,"V":3,"NV":0,"TB":0},{"Id":81,"V":3,"NV":0,"TB":0},{"Id":84,"V":3,"NV":0,"TB":0},{"Id":67,"V":2,"NV":0,"TB":0},{"Id":72,"V":2,"NV":0,"TB":0},{"Id":75,"V":2,"NV":0,"TB":0},{"Id":76,"V":2,"NV":0,"TB":0},{"Id":85,"V":2,"NV":0,"TB":0},{"Id":86,"V":2,"NV":0,"TB":0},{"Id":88,"V":2,"NV":0,"TB":0},{"Id":77,"V":1,"NV":0,"TB":0}],[{"Id":87,"V":7,"NV":0,"TB":0},{"Id":83,"V":6,"NV":0,"TB":0},{"Id":65,"V":5,"NV":0,"TB":0},{"Id":68,"V":5,"NV":0,"TB":0},{"Id":80,"V":5,"NV":0,"TB":0},{"Id":70,"V":4,"NV":0,"TB":0},{"Id":69,"V":3,"NV":0,"TB":0},{"Id":74,"V":3,"NV":0,"TB":0},{"Id":79,"V":3,"NV":0,"TB":0},{"Id":81,"V":3,"NV":0,"TB":0},{"Id":84,"V":3,"NV":0,"TB":0},{"Id":86,"V":3,"NV":1,"TB":0},{"Id":67,"V":2,"NV":0,"TB":0},{"Id":72,"V":2,"NV":0,"TB":0},{"Id":75,"V":2,"NV":0,"TB":0},{"Id":76,"V":2,"NV":0,"TB":0},{"Id":85,"V":2,"NV":0,"TB":0},{"Id":88,"V":2,"NV":0,"TB":1}],[{"Id":87,"V":8,"NV":1,"TB":0},{"Id":65,"V":6,"NV":1,"TB":0},{"Id":83,"V":6,"NV":0,"TB":0},{"Id":68,"V":5,"NV":0,"TB":0},{"Id":80,"V":5,"NV":0,"TB":0},{"Id":70,"V":4,"NV":0,"TB":0},{"Id":69,"V":3,"NV":0,"TB":0},{"Id":74,"V":3,"NV":0,"TB":0},{"Id":79,"V":3,"NV":0,"TB":0},{"Id":81,"V":3,"NV":0,"TB":0},{"Id":84,"V":3,"NV":0,"TB":0},{"Id":86,"V":3,"NV":0,"TB":0},{"Id":72,"V":2,"NV":0,"TB":0},{"Id":75,"V":2,"NV":0,"TB":0},{"Id":76,"V":2,"NV":0,"TB":0},{"Id":85,"V":2,"NV":0,"TB":0},{"Id":67,"V":2,"NV":0,"TB":5}],[{"Id":87,"V":9,"NV":1,"TB":0},{"Id":65,"V":6,"NV":0,"TB":0},{"Id":83,"V":6,"NV":0,"TB":0},{"Id":68,"V":5,"NV":0,"TB":0},{"Id":80,"V":5,"NV":0,"TB":0},{"Id":70,"V":4,"NV":0,"TB":0},{"Id":74,"V":4,"NV":1,"TB":0},{"Id":69,"V":3,"NV":0,"TB":0},{"Id":79,"V":3,"NV":0,"TB":0},{"Id":81,"V":3,"NV":0,"TB":0},{"Id":84,"V":3,"NV":0,"TB":0},{"Id":86,"V":3,"NV":0,"TB":0},{"Id":72,"V":2,"NV":0,"TB":0},{"Id":75,"V":2,"NV":0,"TB":0},{"Id":85,"V":2,"NV":0,"TB":0},{"Id":76,"V":2,"NV":0,"TB":2}],[{"Id":87,"V":10,"NV":1,"TB":0},{"Id":65,"V":6,"NV":0,"TB":0},{"Id":83,"V":6,"NV":0,"TB":0},{"Id":68,"V":5,"NV":0,"TB":0},{"Id":80,"V":5,"NV":0,"TB":0},{"Id":70,"V":4,"NV":0,"TB":0},{"Id":74,"V":4,"NV":0,"TB":0},{"Id":86,"V":4,"NV":1,"TB":0},{"Id":69,"V":3,"NV":0,"TB":0},{"Id":79,"V":3,"NV":0,"TB":0},{"Id":81,"V":3,"NV":0,"TB":0},{"Id":84,"V":3,"NV":0,"TB":0},{"Id":75,"V":2,"NV":0,"TB":0},{"Id":85,"V":2,"NV":0,"TB":0},{"Id":72,"V":2,"NV":0,"TB":3}],[{"Id":87,"V":11,"NV":1,"TB":0},{"Id":65,"V":6,"NV":0,"TB":0},{"Id":83,"V":6,"NV":0,"TB":0},{"Id":68,"V":5,"NV":0,"TB":0},{"Id":80,"V":5,"NV":0,"TB":0},{"Id":70,"V":4,"NV":0,"TB":0},{"Id":74,"V":4,"NV":0,"TB":0},{"Id":84,"V":4,"NV":1,"TB":0},{"Id":86,"V":4,"NV":0,"TB":0},{"Id":69,"V":3,"NV":0,"TB":0},{"Id":79,"V":3,"NV":0,"TB":0},{"Id":81,"V":3,"NV":0,"TB":0},{"Id":85,"V":2,"NV":0,"TB":0},{"Id":75,"V":2,"NV":0,"TB":2}],[{"Id":87,"V":11,"NV":0,"TB":0},{"Id":68,"V":7,"NV":2,"TB":0},{"Id":65,"V":6,"NV":0,"TB":0},{"Id":83,"V":6,"NV":0,"TB":0},{"Id":80,"V":5,"NV":0,"TB":0},{"Id":70,"V":4,"NV":0,"TB":0},{"Id":74,"V":4,"NV":0,"TB":0},{"Id":84,"V":4,"NV":0,"TB":0},{"Id":86,"V":4,"NV":0,"TB":0},{"Id":69,"V":3,"NV":0,"TB":0},{"Id":79,"V":3,"NV":0,"TB":0},{"Id":81,"V":3,"NV":0,"TB":0},{"Id":85,"V":2,"NV":0,"TB":0}],[{"Id":87,"V":11,"NV":0,"TB":0},{"Id":65,"V":7,"NV":1,"TB":0},{"Id":68,"V":7,"NV":0,"TB":0},{"Id":83,"V":6,"NV":0,"TB":0},{"Id":80,"V":5,"NV":0,"TB":0},{"Id":70,"V":4,"NV":0,"TB":0},{"Id":74,"V":4,"NV":0,"TB":0},{"Id":81,"V":4,"NV":1,"TB":0},{"Id":84,"V":4,"NV":0,"TB":0},{"Id":86,"V":4,"NV":0,"TB":0},{"Id":69,"V":3,"NV":0,"TB":0},{"Id":79,"V":3,"NV":0,"TB":1}],[{"Id":87,"V":11,"NV":0,"TB":0},{"Id":65,"V":7,"NV":0,"TB":0},{"Id":68,"V":7,"NV":0,"TB":0},{"Id":83,"V":6,"NV":0,"TB":0},{"Id":80,"V":5,"NV":0,"TB":0},{"Id":86,"V":5,"NV":1,"TB":0},{"Id":70,"V":4,"NV":0,"TB":0},{"Id":74,"V":4,"NV":0,"TB":0},{"Id":81,"V":4,"NV":0,"TB":0},{"Id":84,"V":4,"NV":0,"TB":0},{"Id":69,"V":3,"NV":0,"TB":0}],[{"Id":87,"V":11,"NV":0,"TB":0},{"Id":65,"V":7,"NV":0,"TB":0},{"Id":68,"V":7,"NV":0,"TB":0},{"Id":83,"V":7,"NV":1,"TB":0},{"Id":80,"V":5,"NV":0,"TB":0},{"Id":81,"V":5,"NV":1,"TB":0},{"Id":86,"V":5,"NV":0,"TB":0},{"Id":74,"V":4,"NV":0,"TB":0},{"Id":84,"V":4,"NV":0,"TB":0},{"Id":70,"V":4,"NV":0,"TB":3}],[{"Id":87,"V":13,"NV":2,"TB":0},{"Id":65,"V":8,"NV":1,"TB":0},{"Id":68,"V":7,"NV":0,"TB":0},{"Id":83,"V":7,"NV":0,"TB":0},{"Id":80,"V":5,"NV":0,"TB":0},{"Id":81,"V":5,"NV":0,"TB":0},{"Id":86,"V":5,"NV":0,"TB":0},{"Id":74,"V":4,"NV":0,"TB":0},{"Id":84,"V":4,"NV":0,"TB":1}],[{"Id":87,"V":13,"NV":0,"TB":0},{"Id":65,"V":9,"NV":1,"TB":0},{"Id":81,"V":8,"NV":3,"TB":0},{"Id":68,"V":7,"NV":0,"TB":0},{"Id":83,"V":7,"NV":0,"TB":0},{"Id":80,"V":5,"NV":0,"TB":0},{"Id":86,"V":5,"NV":0,"TB":0},{"Id":74,"V":4,"NV":0,"TB":0}],[{"Id":87,"V":14,"NV":1,"TB":0},{"Id":65,"V":9,"NV":0,"TB":0},{"Id":68,"V":8,"NV":1,"TB":0},{"Id":81,"V":8,"NV":0,"TB":0},{"Id":83,"V":7,"NV":0,"TB":0},{"Id":86,"V":6,"NV":1,"TB":0},{"Id":80,"V":5,"NV":0,"TB":0}],[{"Id":87,"V":14,"NV":0,"TB":0},{"Id":65,"V":9,"NV":0,"TB":0},{"Id":68,"V":9,"NV":1,"TB":0},{"Id":81,"V":8,"NV":0,"TB":0},{"Id":83,"V":8,"NV":1,"TB":0},{"Id":86,"V":7,"NV":1,"TB":0}],[{"Id":87,"V":16,"NV":2,"TB":0},{"Id":65,"V":11,"NV":2,"TB":0},{"Id":68,"V":10,"NV":1,"TB":0},{"Id":83,"V":9,"NV":1,"TB":0},{"Id":81,"V":8,"NV":0,"TB":0}],[{"Id":87,"V":17,"NV":1,"TB":0},{"Id":65,"V":12,"NV":1,"TB":0},{"Id":68,"V":12,"NV":2,"TB":0},{"Id":83,"V":10,"NV":1,"TB":0}],[{"Id":87,"V":19,"NV":2,"TB":0},{"Id":65,"V":15,"NV":3,"TB":0},{"Id":68,"V":14,"NV":2,"TB":0}],[{"Id":65,"V":22,"NV":7,"TB":0},{"Id":87,"V":20,"NV":1,"TB":0}],[{"Id":65,"V":34,"NV":12,"TB":0}]],"Expires":1603657571,"SecondsLeft":0}