{"Mtype":"results","Title":"Round 4","PollStarted":"2020-10-12T00:51:40.58508129Z","PollDuration":600000000000,"Options":{"65":"Adira mixing drinks at the bar. Modern or Canon","66":"Reni wags her tail, scratches an itch with her hindleg, and rolls over playfully, unable to resist after mindreading a puppy goes wrong.","67":"As part of a friendly cultural exchange, Maddie and Adelaide show the Western Basitins a bit of the Eastern wild side, wowing them with a traditional sword dance.","68":"Raine/Rose AU: Rose drops young Raine off at the Taverndatters so she can go trick-or-treating with Maren and Karen.","69":"Madelyn reluctantly learning to dance from the eastern basitin girls","70":"Flora, Kathrin and Maren are on a diet and enviously look at (human) Reni, which are carried by caravans of food. “Ah, that?” asks Reni. “Just to refresh my inner dragon.”","71":"Adelaide and Maddie dressed up as Mad Moxxi and Tiny Tina from Borderlands.","72":"Adelaide as a Dullahan/Headless Horsewoman","73":"Keith as Geralt (The Witcher) training Maddie as Ciri at Khear Morhen","74":"Dr.Jekyll and Ms.Kat: Kat accidentally mistakes one of Trace's old potions as a bottle of Mead and proceeds to try sip. She can't help but wonder if it's responsible for her sudden increase in height and large saber like teeth. ","75":"Kathryn meets a genie and wishes for the ability to have children, only to go into heat! Should’ve been careful what she wished for...","76":"Mike kisses Evals who is reluctant at first, but then gets more into it (both male)","77":"Tiger Trace sleeping on Flora's chest","78":"A very squirrel Sythe","79":"Current Trace and Past Trace as twins at the Templar school of magic, competing with each other over getting Head Mistress Nora's attention. ","80":"Clovis gets the amulet that will let him turn male again, but it doesn't appear to work. Clovis decides the only option is to run away with Brutus, leave everything behind. Then the amulet works, and evil is back on the menu.","81":"Gamer Laura assisting Amateur Gamer Natani, she wishes to make a gaming computer, but has zero clue on what to get. Gamer Natani would wear something baggy or XL to cover their body. ","82":"Clovis dressed as Butcher Rose from Borderlands 3","83":"Kat helps Frankenstein's monsters to re-create the threads that hold her body parts together","84":"Laura arriving to the basitin island for the first time","85":"Roselyn at the end of a hallway telling Trace, “Come play with me.” (The Shining Reference)","86":"\"Lupus Dei!\" Nat and Zen on guitar, Sythe on the mic, Raine on organ, and Brutus on drums, dressed up in the style of Powerwolf, and ready to rock!","87":"Kat is finally convinced Flora is not \"just fat\" as she nears the end of her pregnancy.","88":"Very Fixen Clovis tries to break into the manor but only end up fixing a few damages around the house","89":"It’s spoopy time, let’s all gather around the campfire and tell scary stories."},"ExpectedBallots":63,"CountedBallots":63,"Ballots":["VDEY","UOJPLR","JEXCYWDFQMTAKOINLSBVPU","XENCPB","JRDQNXU","YKSIUT","E","VLBPTCYAEK","AJDNWBUETFCL","NXK","LEOHTCKU","DTLCEBUIWHMSOY","WVCXNA","GIXQC","UJQDHXWY","VH","HYBPALRCXFQGJIKNWOTVUMSED","RKMUYX","WUJXGIR","PXN","WJKDYTEC","J","KMJPSNX","DGAKETMO","KJS","UNHYDIXKTGJ","K","GLRBK","YDVR","DJEGYPINUWCVQLXAMBORFKHTS","KMCEOA","YUDL","UJY","LQ","UHYEMGDOLKC","L","TQVGICAJ","GKJSA","LQV","OVRITMP","XPKJMUWFQAL","LATCHEQMNDSKBGV","TWFDHUVYJXRKO","KAJOBNMCXYWQ","ITBDQKA","T","KM","XMOFD","TWVKNUQCIJHYOXADGFMSLBRPE","KWJFASX","QHUJTBWEAG","XMNVJ","SKTDUBWCYJRLXHPIFEOQMVGNA","TQMKWD","EUDM","QKENTXHFOLPARGCBDYU","AVJ","TVNCXWQP","SAQTVXYKEC","TGXYSIPANO","VGTUOHCSYIRABMKED","UMWO",""],"Placements":[[{"Id":75,"V":7,"NV":7,"TB":0},{"Id":84,"V":7,"NV":7,"TB":0},{"Id":85,"V":6,"NV":6,"TB":0},{"Id":76,"V":5,"NV":5,"TB":0},{"Id":86,"V":4,"NV":4,"TB":0},{"Id":88,"V":4,"NV":4,"TB":0},{"Id":68,"V":3,"NV":3,"TB":0},{"Id":71,"V":3,"NV":3,"TB":0},{"Id":74,"V":3,"NV":3,"TB":0},{"Id":87,"V":3,"NV":3,"TB":0},{"Id":89,"V":3,"NV":3,"TB":0},{"Id":65,"V":2,"NV":2,"TB":0},{"Id":69,"V":2,"NV":2,"TB":0},{"Id":81,"V":2,"NV":2,"TB":0},{"Id":83,"V":2,"NV":2,"TB":0},{"Id":72,"V":1,"NV":1,"TB":0},{"Id":73,"V":1,"NV":1,"TB":0},{"Id":78,"V":1,"NV":1,"TB":0},{"Id":79,"V":1,"NV":1,"TB":0},{"Id":80,"V":1,"NV":1,"TB":0},{"Id":82,"V":1,"NV":1,"TB":0},{"Id":66,"V":0,"NV":0,"TB":0},{"Id":70,"V":0,"NV":0,"TB":0},{"Id":77,"V":0,"NV":0,"TB":0},{"Id":67,"V":0,"NV":0,"TB":3}],[{"Id":75,"V":7,"NV":0,"TB":0},{"Id":84,"V":7,"NV":0,"TB":0},{"Id":85,"V":6,"NV":0,"TB":0},{"Id":76,"V":5,"NV":0,"TB":0},{"Id":86,"V":4,"NV":0,"TB":0},{"Id":88,"V":4,"NV":0,"TB":0},{"Id":68,"V":3,"NV":0,"TB":0},{"Id":71,"V":3,"NV":0,"TB":0},{"Id":74,"V":3,"NV":0,"TB":0},{"Id":87,"V":3,"NV":0,"TB":0},{"Id":89,"V":3,"NV":0,"TB":0},{"Id":65,"V":2,"NV":0,"TB":0},{"Id":69,"V":2,"NV":0,"TB":0},{"Id":81,"V":2,"NV":0,"TB":0},{"Id":83,"V":2,"NV":0,"TB":0},{"Id":72,"V":1,"NV":0,"TB":0},{"Id":73,"V":1,"NV":0,"TB":0},{"Id":78,"V":1,"NV":0,"TB":0},{"Id":79,"V":1,"NV":0,"TB":0},{"Id":80,"V":1,"NV":0,"TB":0},{"Id":82,"V":1,"NV":0,"TB":0},{"Id":66,"V":0,"NV":0,"TB":0},{"Id":70,"V":0,"NV":0,"TB":0},{"Id":77,"V":0,"NV":0,"TB":1}],[{"Id":75,"V":7,"NV":0,"TB":0},{"Id":84,"V":7,"NV":0,"TB":0},{"Id":85,"V":6,"NV":0,"TB":0},{"Id":76,"V":5,"NV":0,"TB":0},{"Id":86,"V":4,"NV":0,"TB":0},{"Id":88,"V":4,"NV":0,"TB":0},{"Id":68,"V":3,"NV":0,"TB":0},{"Id":71,"V":3,"NV":0,"TB":0},{"Id":74,"V":3,"NV":0,"TB":0},{"Id":87,"V":3,"NV":0,"TB":0},{"Id":89,"V":3,"NV":0,"TB":0},{"Id":65,"V":2,"NV":0,"TB":0},{"Id":69,"V":2,"NV":0,"TB":0},{"Id":81,"V":2,"NV":0,"TB":0},{"Id":83,"V":2,"NV":0,"TB":0},{"Id":72,"V":1,"NV":0,"TB":0},{"Id":73,"V":1,"NV":0,"TB":0},{"Id":78,"V":1,"NV":0,"TB":0},{"Id":79,"V":1,"NV":0,"TB":0},{"Id":80,"V":1,"NV":0,"TB":0},{"Id":82,"V":1,"NV":0,"TB":0},{"Id":70,"V":0,"NV":0,"TB":0},{"Id":66,"V":0,"NV":0,"TB":2}],[{"Id":75,"V":7,"NV":0,"TB":0},{"Id":84,"V":7,"NV":0,"TB":0},{"Id":85,"V":6,"NV":0,"TB":0},{"Id":76,"V":5,"NV":0,"TB":0},{"Id":86,"V":4,"NV":0,"TB":0},{"Id":88,"V":4,"NV":0,"TB":0},{"Id":68,"V":3,"NV":0,"TB":0},{"Id":71,"V":3,"NV":0,"TB":0},{"Id":74,"V":3,"NV":0,"TB":0},{"Id":87,"V":3,"NV":0,"TB":0},{"Id":89,"V":3,"NV":0,"TB":0},{"Id":65,"V":2,"NV":0,"TB":0},{"Id":69,"V":2,"NV":0,"TB":0},{"Id":81,"V":2,"NV":0,"TB":0},{"Id":83,"V":2,"NV":0,"TB":0},{"Id":72,"V":1,"NV":0,"TB":0},{"Id":73,"V":1,"NV":0,"TB":0},{"Id":78,"V":1,"NV":0,"TB":0},{"Id":79,"V":1,"NV":0,"TB":0},{"Id":80,"V":1,"NV":0,"TB":0},{"Id":82,"V":1,"NV":0,"TB":0},{"Id":70,"V":0,"NV":0,"TB":0}],[{"Id":75,"V":7,"NV":0,"TB":0},{"Id":84,"V":7,"NV":0,"TB":0},{"Id":85,"V":6,"NV":0,"TB":0},{"Id":76,"V":5,"NV":0,"TB":0},{"Id":86,"V":4,"NV":0,"TB":0},{"Id":88,"V":4,"NV":0,"TB":0},{"Id":68,"V":3,"NV":0,"TB":0},{"Id":71,"V":3,"NV":0,"TB":0},{"Id":74,"V":3,"NV":0,"TB":0},{"Id":87,"V":3,"NV":0,"TB":0},{"Id":89,"V":3,"NV":0,"TB":0},{"Id":65,"V":2,"NV":0,"TB":0},{"Id":69,"V":2,"NV":0,"TB":0},{"Id":81,"V":2,"NV":0,"TB":0},{"Id":83,"V":2,"NV":0,"TB":0},{"Id":72,"V":1,"NV":0,"TB":0},{"Id":73,"V":1,"NV":0,"TB":0},{"Id":78,"V":1,"NV":0,"TB":0},{"Id":79,"V":1,"NV":0,"TB":0},{"Id":80,"V":1,"NV":0,"TB":0},{"Id":82,"V":1,"NV":0,"TB":1}],[{"Id":75,"V":8,"NV":1,"TB":0},{"Id":84,"V":7,"NV":0,"TB":0},{"Id":85,"V":6,"NV":0,"TB":0},{"Id":76,"V":5,"NV":0,"TB":0},{"Id":86,"V":4,"NV":0,"TB":0},{"Id":88,"V":4,"NV":0,"TB":0},{"Id":68,"V":3,"NV":0,"TB":0},{"Id":71,"V":3,"NV":0,"TB":0},{"Id":74,"V":3,"NV":0,"TB":0},{"Id":87,"V":3,"NV":0,"TB":0},{"Id":89,"V":3,"NV":0,"TB":0},{"Id":65,"V":2,"NV":0,"TB":0},{"Id":69,"V":2,"NV":0,"TB":0},{"Id":81,"V":2,"NV":0,"TB":0},{"Id":83,"V":2,"NV":0,"TB":0},{"Id":72,"V":1,"NV":0,"TB":0},{"Id":73,"V":1,"NV":0,"TB":0},{"Id":78,"V":1,"NV":0,"TB":0},{"Id":79,"V":1,"NV":0,"TB":0},{"Id":80,"V":1,"NV":0,"TB":1}],[{"Id":75,"V":8,"NV":0,"TB":0},{"Id":84,"V":7,"NV":0,"TB":0},{"Id":85,"V":6,"NV":0,"TB":0},{"Id":76,"V":5,"NV":0,"TB":0},{"Id":88,"V":5,"NV":1,"TB":0},{"Id":86,"V":4,"NV":0,"TB":0},{"Id":68,"V":3,"NV":0,"TB":0},{"Id":71,"V":3,"NV":0,"TB":0},{"Id":74,"V":3,"NV":0,"TB":0},{"Id":87,"V":3,"NV":0,"TB":0},{"Id":89,"V":3,"NV":0,"TB":0},{"Id":65,"V":2,"NV":0,"TB":0},{"Id":69,"V":2,"NV":0,"TB":0},{"Id":81,"V":2,"NV":0,"TB":0},{"Id":83,"V":2,"NV":0,"TB":0},{"Id":73,"V":1,"NV":0,"TB":0},{"Id":78,"V":1,"NV":0,"TB":0},{"Id":79,"V":1,"NV":0,"TB":0},{"Id":72,"V":1,"NV":0,"TB":4}],[{"Id":75,"V":8,"NV":0,"TB":0},{"Id":84,"V":7,"NV":0,"TB":0},{"Id":85,"V":6,"NV":0,"TB":0},{"Id":76,"V":5,"NV":0,"TB":0},{"Id":88,"V":5,"NV":0,"TB":0},{"Id":86,"V":4,"NV":0,"TB":0},{"Id":89,"V":4,"NV":1,"TB":0},{"Id":68,"V":3,"NV":0,"TB":0},{"Id":71,"V":3,"NV":0,"TB":0},{"Id":74,"V":3,"NV":0,"TB":0},{"Id":87,"V":3,"NV":0,"TB":0},{"Id":65,"V":2,"NV":0,"TB":0},{"Id":69,"V":2,"NV":0,"TB":0},{"Id":81,"V":2,"NV":0,"TB":0},{"Id":83,"V":2,"NV":0,"TB":0},{"Id":73,"V":1,"NV":0,"TB":0},{"Id":78,"V":1,"NV":0,"TB":0},{"Id":79,"V":1,"NV":0,"TB":1}],[{"Id":75,"V":8,"NV":0,"TB":0},{"Id":84,"V":7,"NV":0,"TB":0},{"Id":85,"V":6,"NV":0,"TB":0},{"Id":76,"V":5,"NV":0,"TB":0},{"Id":86,"V":5,"NV":1,"TB":0},{"Id":88,"V":5,"NV":0,"TB":0},{"Id":89,"V":4,"NV":0,"TB":0},{"Id":68,"V":3,"NV":0,"TB":0},{"Id":71,"V":3,"NV":0,"TB":0},{"Id":74,"V":3,"NV":0,"TB":0},{"Id":87,"V":3,"NV":0,"TB":0},{"Id":65,"V":2,"NV":0,"TB":0},{"Id":69,"V":2,"NV":0,"TB":0},{"Id":81,"V":2,"NV":0,"TB":0},{"Id":83,"V":2,"NV":0,"TB":0},{"Id":78,"V":1,"NV":0,"TB":0},{"Id":73,"V":1,"NV":0,"TB":2}],[{"Id":75,"V":8,"NV":0,"TB":0},{"Id":84,"V":8,"NV":1,"TB":0},{"Id":85,"V":6,"NV":0,"TB":0},{"Id":76,"V":5,"NV":0,"TB":0},{"Id":86,"V":5,"NV":0,"TB":0},{"Id":88,"V":5,"NV":0,"TB":0},{"Id":89,"V":4,"NV":0,"TB":0},{"Id":68,"V":3,"NV":0,"TB":0},{"Id":71,"V":3,"NV":0,"TB":0},{"Id":74,"V":3,"NV":0,"TB":0},{"Id":87,"V":3,"NV":0,"TB":0},{"Id":65,"V":2,"NV":0,"TB":0},{"Id":69,"V":2,"NV":0,"TB":0},{"Id":81,"V":2,"NV":0,"TB":0},{"Id":83,"V":2,"NV":0,"TB":0},{"Id":78,"V":1,"NV":0,"TB":0}],[{"Id":75,"V":8,"NV":0,"TB":0},{"Id":84,"V":8,"NV":0,"TB":0},{"Id":85,"V":6,"NV":0,"TB":0},{"Id":88,"V":6,"NV":1,"TB":0},{"Id":76,"V":5,"NV":0,"TB":0},{"Id":86,"V":5,"NV":0,"TB":0},{"Id":89,"V":4,"NV":0,"TB":0},{"Id":68,"V":3,"NV":0,"TB":0},{"Id":71,"V":3,"NV":0,"TB":0},{"Id":74,"V":3,"NV":0,"TB":0},{"Id":87,"V":3,"NV":0,"TB":0},{"Id":65,"V":2,"NV":0,"TB":0},{"Id":81,"V":2,"NV":0,"TB":0},{"Id":83,"V":2,"NV":0,"TB":0},{"Id":69,"V":2,"NV":0,"TB":3}],[{"Id":75,"V":8,"NV":0,"TB":0},{"Id":84,"V":8,"NV":0,"TB":0},{"Id":85,"V":7,"NV":1,"TB":0},{"Id":88,"V":6,"NV":0,"TB":0},{"Id":76,"V":5,"NV":0,"TB":0},{"Id":86,"V":5,"NV":0,"TB":0},{"Id":89,"V":4,"NV":0,"TB":0},{"Id":68,"V":3,"NV":0,"TB":0},{"Id":71,"V":3,"NV":0,"TB":0},{"Id":74,"V":3,"NV":0,"TB":0},{"Id":87,"V":3,"NV":0,"TB":0},{"Id":65,"V":2,"NV":0,"TB":0},{"Id":83,"V":2,"NV":0,"TB":0},{"Id":81,"V":2,"NV":0,"TB":2}],[{"Id":75,"V":9,"NV":1,"TB":0},{"Id":84,"V":8,"NV":0,"TB":0},{"Id":85,"V":8,"NV":1,"TB":0},{"Id":88,"V":6,"NV":0,"TB":0},{"Id":76,"V":5,"NV":0,"TB":0},{"Id":86,"V":5,"NV":0,"TB":0},{"Id":89,"V":4,"NV":0,"TB":0},{"Id":68,"V":3,"NV":0,"TB":0},{"Id":71,"V":3,"NV":0,"TB":0},{"Id":74,"V":3,"NV":0,"TB":0},{"Id":87,"V":3,"NV":0,"TB":0},{"Id":83,"V":2,"NV":0,"TB":0},{"Id":65,"V":2,"NV":0,"TB":2}],[{"Id":75,"V":9,"NV":0,"TB":0},{"Id":84,"V":8,"NV":0,"TB":0},{"Id":85,"V":8,"NV":0,"TB":0},{"Id":86,"V":6,"NV":1,"TB":0},{"Id":88,"V":6,"NV":0,"TB":0},{"Id":76,"V":5,"NV":0,"TB":0},{"Id":74,"V":4,"NV":1,"TB":0},{"Id":89,"V":4,"NV":0,"TB":0},{"Id":68,"V":3,"NV":0,"TB":0},{"Id":71,"V":3,"NV":0,"TB":0},{"Id":87,"V":3,"NV":0,"TB":0},{"Id":83,"V":2,"NV":0,"TB":0}],[{"Id":75,"V":10,"NV":1,"TB":0},{"Id":84,"V":9,"NV":1,"TB":0},{"Id":85,"V":8,"NV":0,"TB":0},{"Id":86,"V":6,"NV":0,"TB":0},{"Id":88,"V":6,"NV":0,"TB":0},{"Id":76,"V":5,"NV":0,"TB":0},{"Id":74,"V":4,"NV":0,"TB":0},{"Id":89,"V":4,"NV":0,"TB":0},{"Id":68,"V":3,"NV":0,"TB":0},{"Id":87,"V":3,"NV":0,"TB":0},{"Id":71,"V":3,"NV":0,"TB":2}],[{"Id":75,"V":11,"NV":1,"TB":0},{"Id":84,"V":9,"NV":0,"TB":0},{"Id":85,"V":8,"NV":0,"TB":0},{"Id":88,"V":7,"NV":1,"TB":0},{"Id":76,"V":6,"NV":1,"TB":0},{"Id":86,"V":6,"NV":0,"TB":0},{"Id":74,"V":4,"NV":0,"TB":0},{"Id":89,"V":4,"NV":0,"TB":0},{"Id":87,"V":3,"NV":0,"TB":0},{"Id":68,"V":3,"NV":0,"TB":2}],[{"Id":75,"V":12,"NV":1,"TB":0},{"Id":84,"V":10,"NV":1,"TB":0},{"Id":85,"V":8,"NV":0,"TB":0},{"Id":88,"V":7,"NV":0,"TB":0},{"Id":76,"V":6,"NV":0,"TB":0},{"Id":86,"V":6,"NV":0,"TB":0},{"Id":74,"V":5,"NV":1,"TB":0},{"Id":89,"V":4,"NV":0,"TB":0},{"Id":87,"V":3,"NV":0,"TB":0}],[{"Id":75,"V":12,"NV":0,"TB":0},{"Id":84,"V":10,"NV":0,"TB":0},{"Id":85,"V":9,"NV":1,"TB":0},{"Id":86,"V":7,"NV":1,"TB":0},{"Id":88,"V":7,"NV":0,"TB":0},{"Id":74,"V":6,"NV":1,"TB":0},{"Id":76,"V":6,"NV":0,"TB":0},{"Id":89,"V":4,"NV":0,"TB":0}],[{"Id":75,"V":13,"NV":1,"TB":0},{"Id":84,"V":10,"NV":0,"TB":0},{"Id":85,"V":10,"NV":1,"TB":0},{"Id":86,"V":8,"NV":1,"TB":0},{"Id":76,"V":7,"NV":1,"TB":0},{"Id":88,"V":7,"NV":0,"TB":0},{"Id":74,"V":6,"NV":0,"TB":0}],[{"Id":75,"V":14,"NV":1,"TB":0},{"Id":85,"V":12,"NV":2,"TB":0},{"Id":84,"V":10,"NV":0,"TB":0},{"Id":88,"V":9,"NV":2,"TB":0},{"Id":86,"V":8,"NV":0,"TB":0},{"Id":76,"V":7,"NV":0,"TB":0}],[{"Id":75,"V":15,"NV":1,"TB":0},{"Id":84,"V":12,"NV":2,"TB":0},{"Id":85,"V":12,"NV":0,"TB":0},{"Id":88,"V":10,"NV":1,"TB":0},{"Id":86,"V":9,"NV":1,"TB":0}],[{"Id":75,"V":15,"NV":0,"TB":0},{"Id":84,"V":15,"NV":3,"TB":0},{"Id":85,"V":12,"NV":0,"TB":0},{"Id":88,"V":11,"NV":1,"TB":0}],[{"Id":75,"V":18,"NV":3,"TB":0},{"Id":84,"V":16,"NV":1,"TB":0},{"Id":85,"V":13,"NV":1,"TB":0}],[{"Id":75,"V":21,"NV":3,"TB":0},{"Id":84,"V":18,"NV":2,"TB":0}],[{"Id":75,"V":31,"NV":10,"TB":0}]],"Expires":1602465104,"SecondsLeft":0}