{"Mtype":"results","Title":"Round 2","PollStarted":"2020-04-19T22:29:28.109086009Z","PollDuration":600000000000,"Options":{"65":"Trace as Geo and Flora and Ami from Gwain Saga","66":"Good morning Magpie","67":"Kathrin and Eric turned into Nagas due to a magical accident.","68":"Good Morning Dragon Nora , Nora wakes up only to collapse the bed due to her massive dragon form ","69":"An angry Raine (Half-kind form) shouts at her parents for neglecting and abandoning her, declaring that she's proud of who she is-human, half-kind and keidran.","70":"Street artist Raine (human) stands back and admires the mural she’s spray painted of her mother. ","71":"Flora dreaming. Mumbling and moving her paws.","72":"Brutus and Clovis' sister go shopping for the Boss' birthday.  Clovis using this to get exactly what he wants...but his girl brain picks something he didn't expect.","73":"Office Secretary Flora showing off her new suit with a confident pose","74":"Backstage Romance. After a long day filming on the set of Twokinds, Trace retires backstage to greet his fiancée... Laura.","75":"Mike and Kat swap species. ","76":"Raine meets Loona from 'Helluva Boss' and tries to be friendly but gets a shock when Loona starts insulting her. ","77":"Keith and Laura fiery tango dance.","78":"WW2 Desert snipers Laura and Keith.","79":"Mike kisses Kat, he boldly defies an otherwise boring \"Mike x Kat\" suggestion to do it.","80":"Trace and Flora enact the balcony scene from Romeo and Juliet","81":"Mike and Evals enthusiastically comply with Cat Nora's commands","82":"Good Morning Trace (male)","83":"Trace and flora in Animal crossing","84":"Hula dancing Reni in dragon form. Keiren is amused, but appreciates the effort, to Reni's embarrassment. ","85":"a modern day twist on our group of heroes","86":"During the Dragon Masquerade, a young Trace is challenged to a magic duel in the courtyard by a noble wearing a wolf mask by the name of Lord Shaw (from Dishonored)","87":"Keidran cat form Nora as Mad Mew New from Undertale"},"ExpectedBallots":65,"CountedBallots":65,"Ballots":["OK","H","ENGUIOHC","D","FPSIT","LFTE","TDGWBCP","DS","HQTMFGOJDPKUNIBRE","THKC","CB","TDRES","MOTQJBIHP","HQDG","RSKGB","T","WDFT","IHWSUNLB","CHDKJS","MITQGJPOLEFVKAS","CEUIFJ","SEU","FESJN","HJIMKGDRBTFEUAV","HQU","NUIS","UALHWSICMETJGONVKPFQBDR","OK","JHIU","GB","G","VCEU","JEIOKSHRQCG","OCHSUDGIJ","BFECK","IGKS","TCEIJ","","JQWLDMIRV","LTDGBOI","MNOKJQCBTIGHRVDFEW","NSUG","ULFHPGSI","KQH","FLWUOTDMBKQJHCVEN","JBNMPQA","JNAMDCTQVRBU","MJNIHWLDKP","OCKQIT","EQ","GIEKF","OK","UDLTKVQRNICAWBPJSEMFOHG","UGSECTRQDPHBOIMK","JMTNEWIHP","VMGUE","BINMKJARGDCWFQOHLESUTPV","HLT","NGEC","DW","VDGRIU","NJDRUQFSHWC","QJNPSMKEWTGUBVDCAHL","M","DTHOREJICMAL"],"Placements":[[{"Id":72,"V":6,"NV":6,"TB":0},{"Id":74,"V":6,"NV":6,"TB":0},{"Id":77,"V":5,"NV":5,"TB":0},{"Id":79,"V":5,"NV":5,"TB":0},{"Id":84,"V":5,"NV":5,"TB":0},{"Id":68,"V":4,"NV":4,"TB":0},{"Id":78,"V":4,"NV":4,"TB":0},{"Id":85,"V":4,"NV":4,"TB":0},{"Id":67,"V":3,"NV":3,"TB":0},{"Id":70,"V":3,"NV":3,"TB":0},{"Id":71,"V":3,"NV":3,"TB":0},{"Id":86,"V":3,"NV":3,"TB":0},{"Id":66,"V":2,"NV":2,"TB":0},{"Id":69,"V":2,"NV":2,"TB":0},{"Id":73,"V":2,"NV":2,"TB":0},{"Id":76,"V":2,"NV":2,"TB":0},{"Id":75,"V":1,"NV":1,"TB":0},{"Id":81,"V":1,"NV":1,"TB":0},{"Id":82,"V":1,"NV":1,"TB":0},{"Id":83,"V":1,"NV":1,"TB":0},{"Id":87,"V":1,"NV":1,"TB":0},{"Id":65,"V":0,"NV":0,"TB":0},{"Id":80,"V":0,"NV":0,"TB":1}],[{"Id":72,"V":6,"NV":0,"TB":0},{"Id":74,"V":6,"NV":0,"TB":0},{"Id":77,"V":5,"NV":0,"TB":0},{"Id":79,"V":5,"NV":0,"TB":0},{"Id":84,"V":5,"NV":0,"TB":0},{"Id":68,"V":4,"NV":0,"TB":0},{"Id":78,"V":4,"NV":0,"TB":0},{"Id":85,"V":4,"NV":0,"TB":0},{"Id":67,"V":3,"NV":0,"TB":0},{"Id":70,"V":3,"NV":0,"TB":0},{"Id":71,"V":3,"NV":0,"TB":0},{"Id":86,"V":3,"NV":0,"TB":0},{"Id":66,"V":2,"NV":0,"TB":0},{"Id":69,"V":2,"NV":0,"TB":0},{"Id":73,"V":2,"NV":0,"TB":0},{"Id":76,"V":2,"NV":0,"TB":0},{"Id":75,"V":1,"NV":0,"TB":0},{"Id":81,"V":1,"NV":0,"TB":0},{"Id":82,"V":1,"NV":0,"TB":0},{"Id":83,"V":1,"NV":0,"TB":0},{"Id":87,"V":1,"NV":0,"TB":0},{"Id":65,"V":0,"NV":0,"TB":0}],[{"Id":72,"V":6,"NV":0,"TB":0},{"Id":74,"V":6,"NV":0,"TB":0},{"Id":77,"V":5,"NV":0,"TB":0},{"Id":79,"V":5,"NV":0,"TB":0},{"Id":84,"V":5,"NV":0,"TB":0},{"Id":68,"V":4,"NV":0,"TB":0},{"Id":78,"V":4,"NV":0,"TB":0},{"Id":85,"V":4,"NV":0,"TB":0},{"Id":67,"V":3,"NV":0,"TB":0},{"Id":70,"V":3,"NV":0,"TB":0},{"Id":71,"V":3,"NV":0,"TB":0},{"Id":86,"V":3,"NV":0,"TB":0},{"Id":66,"V":2,"NV":0,"TB":0},{"Id":69,"V":2,"NV":0,"TB":0},{"Id":73,"V":2,"NV":0,"TB":0},{"Id":76,"V":2,"NV":0,"TB":0},{"Id":75,"V":1,"NV":0,"TB":0},{"Id":81,"V":1,"NV":0,"TB":0},{"Id":83,"V":1,"NV":0,"TB":0},{"Id":87,"V":1,"NV":0,"TB":0},{"Id":82,"V":1,"NV":0,"TB":3}],[{"Id":72,"V":6,"NV":0,"TB":0},{"Id":74,"V":6,"NV":0,"TB":0},{"Id":77,"V":5,"NV":0,"TB":0},{"Id":79,"V":5,"NV":0,"TB":0},{"Id":84,"V":5,"NV":0,"TB":0},{"Id":68,"V":4,"NV":0,"TB":0},{"Id":78,"V":4,"NV":0,"TB":0},{"Id":85,"V":4,"NV":0,"TB":0},{"Id":67,"V":3,"NV":0,"TB":0},{"Id":70,"V":3,"NV":0,"TB":0},{"Id":71,"V":3,"NV":0,"TB":0},{"Id":86,"V":3,"NV":0,"TB":0},{"Id":66,"V":2,"NV":0,"TB":0},{"Id":69,"V":2,"NV":0,"TB":0},{"Id":73,"V":2,"NV":0,"TB":0},{"Id":76,"V":2,"NV":0,"TB":0},{"Id":83,"V":2,"NV":1,"TB":0},{"Id":81,"V":1,"NV":0,"TB":0},{"Id":87,"V":1,"NV":0,"TB":0},{"Id":75,"V":1,"NV":0,"TB":3}],[{"Id":72,"V":6,"NV":0,"TB":0},{"Id":74,"V":6,"NV":0,"TB":0},{"Id":77,"V":5,"NV":0,"TB":0},{"Id":79,"V":5,"NV":0,"TB":0},{"Id":84,"V":5,"NV":0,"TB":0},{"Id":68,"V":4,"NV":0,"TB":0},{"Id":78,"V":4,"NV":0,"TB":0},{"Id":85,"V":4,"NV":0,"TB":0},{"Id":67,"V":3,"NV":0,"TB":0},{"Id":70,"V":3,"NV":0,"TB":0},{"Id":71,"V":3,"NV":0,"TB":0},{"Id":86,"V":3,"NV":0,"TB":0},{"Id":66,"V":2,"NV":0,"TB":0},{"Id":69,"V":2,"NV":0,"TB":0},{"Id":73,"V":2,"NV":0,"TB":0},{"Id":76,"V":2,"NV":0,"TB":0},{"Id":81,"V":2,"NV":1,"TB":0},{"Id":83,"V":2,"NV":0,"TB":0},{"Id":87,"V":1,"NV":0,"TB":0}],[{"Id":72,"V":6,"NV":0,"TB":0},{"Id":74,"V":6,"NV":0,"TB":0},{"Id":68,"V":5,"NV":1,"TB":0},{"Id":77,"V":5,"NV":0,"TB":0},{"Id":79,"V":5,"NV":0,"TB":0},{"Id":84,"V":5,"NV":0,"TB":0},{"Id":78,"V":4,"NV":0,"TB":0},{"Id":85,"V":4,"NV":0,"TB":0},{"Id":67,"V":3,"NV":0,"TB":0},{"Id":70,"V":3,"NV":0,"TB":0},{"Id":71,"V":3,"NV":0,"TB":0},{"Id":86,"V":3,"NV":0,"TB":0},{"Id":66,"V":2,"NV":0,"TB":0},{"Id":69,"V":2,"NV":0,"TB":0},{"Id":73,"V":2,"NV":0,"TB":0},{"Id":76,"V":2,"NV":0,"TB":0},{"Id":83,"V":2,"NV":0,"TB":0},{"Id":81,"V":2,"NV":0,"TB":2}],[{"Id":72,"V":7,"NV":1,"TB":0},{"Id":74,"V":7,"NV":1,"TB":0},{"Id":68,"V":5,"NV":0,"TB":0},{"Id":77,"V":5,"NV":0,"TB":0},{"Id":79,"V":5,"NV":0,"TB":0},{"Id":84,"V":5,"NV":0,"TB":0},{"Id":78,"V":4,"NV":0,"TB":0},{"Id":85,"V":4,"NV":0,"TB":0},{"Id":67,"V":3,"NV":0,"TB":0},{"Id":70,"V":3,"NV":0,"TB":0},{"Id":71,"V":3,"NV":0,"TB":0},{"Id":86,"V":3,"NV":0,"TB":0},{"Id":66,"V":2,"NV":0,"TB":0},{"Id":69,"V":2,"NV":0,"TB":0},{"Id":76,"V":2,"NV":0,"TB":0},{"Id":83,"V":2,"NV":0,"TB":0},{"Id":73,"V":2,"NV":0,"TB":3}],[{"Id":72,"V":8,"NV":1,"TB":0},{"Id":74,"V":7,"NV":0,"TB":0},{"Id":68,"V":5,"NV":0,"TB":0},{"Id":77,"V":5,"NV":0,"TB":0},{"Id":79,"V":5,"NV":0,"TB":0},{"Id":84,"V":5,"NV":0,"TB":0},{"Id":71,"V":4,"NV":1,"TB":0},{"Id":78,"V":4,"NV":0,"TB":0},{"Id":85,"V":4,"NV":0,"TB":0},{"Id":67,"V":3,"NV":0,"TB":0},{"Id":70,"V":3,"NV":0,"TB":0},{"Id":86,"V":3,"NV":0,"TB":0},{"Id":66,"V":2,"NV":0,"TB":0},{"Id":69,"V":2,"NV":0,"TB":0},{"Id":83,"V":2,"NV":0,"TB":0},{"Id":76,"V":2,"NV":0,"TB":2}],[{"Id":72,"V":8,"NV":0,"TB":0},{"Id":74,"V":7,"NV":0,"TB":0},{"Id":84,"V":6,"NV":1,"TB":0},{"Id":68,"V":5,"NV":0,"TB":0},{"Id":77,"V":5,"NV":0,"TB":0},{"Id":79,"V":5,"NV":0,"TB":0},{"Id":70,"V":4,"NV":1,"TB":0},{"Id":71,"V":4,"NV":0,"TB":0},{"Id":78,"V":4,"NV":0,"TB":0},{"Id":85,"V":4,"NV":0,"TB":0},{"Id":67,"V":3,"NV":0,"TB":0},{"Id":86,"V":3,"NV":0,"TB":0},{"Id":66,"V":2,"NV":0,"TB":0},{"Id":69,"V":2,"NV":0,"TB":0},{"Id":83,"V":2,"NV":0,"TB":1}],[{"Id":72,"V":8,"NV":0,"TB":0},{"Id":74,"V":7,"NV":0,"TB":0},{"Id":84,"V":6,"NV":0,"TB":0},{"Id":68,"V":5,"NV":0,"TB":0},{"Id":71,"V":5,"NV":1,"TB":0},{"Id":77,"V":5,"NV":0,"TB":0},{"Id":79,"V":5,"NV":0,"TB":0},{"Id":70,"V":4,"NV":0,"TB":0},{"Id":78,"V":4,"NV":0,"TB":0},{"Id":85,"V":4,"NV":0,"TB":0},{"Id":67,"V":3,"NV":0,"TB":0},{"Id":69,"V":3,"NV":1,"TB":0},{"Id":86,"V":3,"NV":0,"TB":0},{"Id":66,"V":2,"NV":0,"TB":0}],[{"Id":72,"V":8,"NV":0,"TB":0},{"Id":74,"V":7,"NV":0,"TB":0},{"Id":84,"V":6,"NV":0,"TB":0},{"Id":68,"V":5,"NV":0,"TB":0},{"Id":70,"V":5,"NV":1,"TB":0},{"Id":71,"V":5,"NV":0,"TB":0},{"Id":77,"V":5,"NV":0,"TB":0},{"Id":78,"V":5,"NV":1,"TB":0},{"Id":79,"V":5,"NV":0,"TB":0},{"Id":85,"V":4,"NV":0,"TB":0},{"Id":69,"V":3,"NV":0,"TB":0},{"Id":86,"V":3,"NV":0,"TB":0},{"Id":67,"V":3,"NV":0,"TB":3}],[{"Id":72,"V":9,"NV":1,"TB":0},{"Id":74,"V":7,"NV":0,"TB":0},{"Id":84,"V":6,"NV":0,"TB":0},{"Id":68,"V":5,"NV":0,"TB":0},{"Id":70,"V":5,"NV":0,"TB":0},{"Id":71,"V":5,"NV":0,"TB":0},{"Id":77,"V":5,"NV":0,"TB":0},{"Id":78,"V":5,"NV":0,"TB":0},{"Id":79,"V":5,"NV":0,"TB":0},{"Id":69,"V":4,"NV":1,"TB":0},{"Id":85,"V":4,"NV":0,"TB":0},{"Id":86,"V":3,"NV":0,"TB":0}],[{"Id":72,"V":9,"NV":0,"TB":0},{"Id":74,"V":7,"NV":0,"TB":0},{"Id":68,"V":6,"NV":1,"TB":0},{"Id":77,"V":6,"NV":1,"TB":0},{"Id":84,"V":6,"NV":0,"TB":0},{"Id":69,"V":5,"NV":1,"TB":0},{"Id":70,"V":5,"NV":0,"TB":0},{"Id":71,"V":5,"NV":0,"TB":0},{"Id":78,"V":5,"NV":0,"TB":0},{"Id":79,"V":5,"NV":0,"TB":0},{"Id":85,"V":4,"NV":0,"TB":0}],[{"Id":72,"V":10,"NV":1,"TB":0},{"Id":68,"V":7,"NV":1,"TB":0},{"Id":74,"V":7,"NV":0,"TB":0},{"Id":70,"V":6,"NV":1,"TB":0},{"Id":71,"V":6,"NV":1,"TB":0},{"Id":77,"V":6,"NV":0,"TB":0},{"Id":84,"V":6,"NV":0,"TB":0},{"Id":78,"V":5,"NV":0,"TB":0},{"Id":79,"V":5,"NV":0,"TB":0},{"Id":69,"V":5,"NV":0,"TB":3}],[{"Id":72,"V":10,"NV":0,"TB":0},{"Id":68,"V":7,"NV":0,"TB":0},{"Id":70,"V":7,"NV":1,"TB":0},{"Id":74,"V":7,"NV":0,"TB":0},{"Id":71,"V":6,"NV":0,"TB":0},{"Id":77,"V":6,"NV":0,"TB":0},{"Id":78,"V":6,"NV":1,"TB":0},{"Id":84,"V":6,"NV":0,"TB":0},{"Id":79,"V":5,"NV":0,"TB":0}],[{"Id":72,"V":11,"NV":1,"TB":0},{"Id":68,"V":7,"NV":0,"TB":0},{"Id":70,"V":7,"NV":0,"TB":0},{"Id":74,"V":7,"NV":0,"TB":0},{"Id":84,"V":7,"NV":1,"TB":0},{"Id":77,"V":6,"NV":0,"TB":0},{"Id":78,"V":6,"NV":0,"TB":0},{"Id":71,"V":6,"NV":0,"TB":3}],[{"Id":72,"V":11,"NV":0,"TB":0},{"Id":70,"V":8,"NV":1,"TB":0},{"Id":84,"V":8,"NV":1,"TB":0},{"Id":68,"V":7,"NV":0,"TB":0},{"Id":74,"V":7,"NV":0,"TB":0},{"Id":78,"V":6,"NV":0,"TB":0},{"Id":77,"V":6,"NV":0,"TB":2}],[{"Id":72,"V":11,"NV":0,"TB":0},{"Id":84,"V":10,"NV":2,"TB":0},{"Id":70,"V":8,"NV":0,"TB":0},{"Id":74,"V":8,"NV":1,"TB":0},{"Id":78,"V":7,"NV":1,"TB":0},{"Id":68,"V":7,"NV":0,"TB":2}],[{"Id":84,"V":12,"NV":2,"TB":0},{"Id":72,"V":11,"NV":0,"TB":0},{"Id":70,"V":9,"NV":1,"TB":0},{"Id":74,"V":8,"NV":0,"TB":0},{"Id":78,"V":7,"NV":0,"TB":0}],[{"Id":72,"V":12,"NV":1,"TB":0},{"Id":84,"V":12,"NV":0,"TB":0},{"Id":74,"V":11,"NV":3,"TB":0},{"Id":70,"V":9,"NV":0,"TB":0}],[{"Id":84,"V":16,"NV":4,"TB":0},{"Id":72,"V":13,"NV":1,"TB":0},{"Id":74,"V":13,"NV":2,"TB":1}],[{"Id":84,"V":20,"NV":4,"TB":0},{"Id":72,"V":18,"NV":5,"TB":0}],[{"Id":84,"V":25,"NV":5,"TB":0}]],"Expires":1587336570,"SecondsLeft":0}