{"Mtype":"results","Title":"Round 1","PollStarted":"2020-05-03T21:07:59.959592581Z","PollDuration":600000000000,"Options":{"65":"Maeve Noms Roan’s Tail, causing him to throw his fireball vertically, causing it to land on him.","66":"Human explorers visit the western Basitin territory and try to establish a trade agreement with them.","67":"Flora(Ori) and the Blind Forest","68":"Keith and Laura fiery tango dance.","69":"Natani as Soseiseki and Laura as Suiseiseki from Rozen Maiden.","70":"Good morning Adelaide","71":"Natani and Yena from Join the Pack making manly poses together","72":"Flora Grooming Herself","73":"Fem Mike flirting on Kat","74":"Preparing for the Saria and Trace wedding. Saria asks Rose to be her bridesmaid. Rose doubts this is a good idea but Saria convinces her.","75":"In an alternate reality, confident FemKeith poses as a model for Alaric.","76":"Kathrin being sexy. Wearing her own custom panties.","77":"Young Mike helping Evals get used to the slave collar. ","78":"Breed swap: Willow-wisp and Laura","79":"Flora and kat as snow leopards","80":"Good Morning Squirrelfied Maren: Maren waking up on top of a bed of stolen clothes.","81":"Red and Raine body swap","82":"Reni (human) and Kei lounge beneath a tree, his head in her lap while she plays with his hair and he looks up at her lovingly.","83":"Natani tricks Keith into modeling \"that frilly underwear\" mentioned in Mistaken Identity Flirting for Maddie","84":"Keith dressed as Link and Natani dressed as Zelda","85":"Mike and Ranma (girl forms) swapping horror stories about sudden transformations.","86":"good morning mike","87":"Adira as the \"We Can Do It\" WW2 poster, to go along with the other WW2 pinups","88":"Kat in a Maid outfit"},"ExpectedBallots":64,"CountedBallots":64,"Ballots":["LHIVMXBSGOJFR","IFVPC","OWQTXDPSNJIFGBRAVHECULMK","","OBPTAJ","VSMODLFIHBRKWXQUTJANP","NOLHCSIB","DVMIXFLKSH","NPOH","JRD","PQURNF","TCPLHBSXONWR","WRJFNQM","QKRFWLXMOJ","RQWLSHPAFOBXVI","DCJTRMBIHESXLGW","JMTHBA","VM","BJRM","M","RFQ","NRAMCOJ","VUQRSIKBXLMNOHDWFTAJPGEC","TLXOBHSNIAFPW","TCQLHWSKO","BOFHNELT","H","MVQIARUDTHPXEGCBOJSWLNFK","IHXLQ","HAF","SMB","JO","TOHLSQXIPA","WVJMKOX","LSXTMFHQPWAD","NHDETMFW","RBMOJ","VIMNATOFHDJ","H","DNMUKSQEFVIWLJOT","FLXJIH","DNXCHJELRWVFMTOPUIABGKQS","T","BHJ","DBJW","QBKUI","QWP","IXLOUW","SKHLB","VORP","DNEPJ","IG","ENDRHFJWIMTBA","FKNIVUTPASWJLGEXRMODCQHB","NDJETQXVFP","DSNFIJXKCBQL","QVIP","SFTG","MNLKDBEAUOGVPTFSW","ENTCDFJQWKRHSVAULXIBMOGP","OMVILPHC","JRQLX","NUDEXTFQVKWOAC","PBQC"],"Placements":[[{"Id":68,"V":7,"NV":7,"TB":0},{"Id":78,"V":6,"NV":6,"TB":0},{"Id":84,"V":5,"NV":5,"TB":0},{"Id":86,"V":5,"NV":5,"TB":0},{"Id":73,"V":4,"NV":4,"TB":0},{"Id":74,"V":4,"NV":4,"TB":0},{"Id":81,"V":4,"NV":4,"TB":0},{"Id":66,"V":3,"NV":3,"TB":0},{"Id":72,"V":3,"NV":3,"TB":0},{"Id":77,"V":3,"NV":3,"TB":0},{"Id":79,"V":3,"NV":3,"TB":0},{"Id":82,"V":3,"NV":3,"TB":0},{"Id":83,"V":3,"NV":3,"TB":0},{"Id":69,"V":2,"NV":2,"TB":0},{"Id":70,"V":2,"NV":2,"TB":0},{"Id":76,"V":2,"NV":2,"TB":0},{"Id":80,"V":2,"NV":2,"TB":0},{"Id":87,"V":2,"NV":2,"TB":0},{"Id":65,"V":0,"NV":0,"TB":0},{"Id":67,"V":0,"NV":0,"TB":0},{"Id":71,"V":0,"NV":0,"TB":0},{"Id":75,"V":0,"NV":0,"TB":0},{"Id":85,"V":0,"NV":0,"TB":0},{"Id":88,"V":0,"NV":0,"TB":1}],[{"Id":68,"V":7,"NV":0,"TB":0},{"Id":78,"V":6,"NV":0,"TB":0},{"Id":84,"V":5,"NV":0,"TB":0},{"Id":86,"V":5,"NV":0,"TB":0},{"Id":73,"V":4,"NV":0,"TB":0},{"Id":74,"V":4,"NV":0,"TB":0},{"Id":81,"V":4,"NV":0,"TB":0},{"Id":66,"V":3,"NV":0,"TB":0},{"Id":72,"V":3,"NV":0,"TB":0},{"Id":77,"V":3,"NV":0,"TB":0},{"Id":79,"V":3,"NV":0,"TB":0},{"Id":82,"V":3,"NV":0,"TB":0},{"Id":83,"V":3,"NV":0,"TB":0},{"Id":69,"V":2,"NV":0,"TB":0},{"Id":70,"V":2,"NV":0,"TB":0},{"Id":76,"V":2,"NV":0,"TB":0},{"Id":80,"V":2,"NV":0,"TB":0},{"Id":87,"V":2,"NV":0,"TB":0},{"Id":65,"V":0,"NV":0,"TB":0},{"Id":71,"V":0,"NV":0,"TB":0},{"Id":75,"V":0,"NV":0,"TB":0},{"Id":85,"V":0,"NV":0,"TB":0},{"Id":67,"V":0,"NV":0,"TB":4}],[{"Id":68,"V":7,"NV":0,"TB":0},{"Id":78,"V":6,"NV":0,"TB":0},{"Id":84,"V":5,"NV":0,"TB":0},{"Id":86,"V":5,"NV":0,"TB":0},{"Id":73,"V":4,"NV":0,"TB":0},{"Id":74,"V":4,"NV":0,"TB":0},{"Id":81,"V":4,"NV":0,"TB":0},{"Id":66,"V":3,"NV":0,"TB":0},{"Id":72,"V":3,"NV":0,"TB":0},{"Id":77,"V":3,"NV":0,"TB":0},{"Id":79,"V":3,"NV":0,"TB":0},{"Id":82,"V":3,"NV":0,"TB":0},{"Id":83,"V":3,"NV":0,"TB":0},{"Id":69,"V":2,"NV":0,"TB":0},{"Id":70,"V":2,"NV":0,"TB":0},{"Id":76,"V":2,"NV":0,"TB":0},{"Id":80,"V":2,"NV":0,"TB":0},{"Id":87,"V":2,"NV":0,"TB":0},{"Id":65,"V":0,"NV":0,"TB":0},{"Id":75,"V":0,"NV":0,"TB":0},{"Id":85,"V":0,"NV":0,"TB":0},{"Id":71,"V":0,"NV":0,"TB":3}],[{"Id":68,"V":7,"NV":0,"TB":0},{"Id":78,"V":6,"NV":0,"TB":0},{"Id":84,"V":5,"NV":0,"TB":0},{"Id":86,"V":5,"NV":0,"TB":0},{"Id":73,"V":4,"NV":0,"TB":0},{"Id":74,"V":4,"NV":0,"TB":0},{"Id":81,"V":4,"NV":0,"TB":0},{"Id":66,"V":3,"NV":0,"TB":0},{"Id":72,"V":3,"NV":0,"TB":0},{"Id":77,"V":3,"NV":0,"TB":0},{"Id":79,"V":3,"NV":0,"TB":0},{"Id":82,"V":3,"NV":0,"TB":0},{"Id":83,"V":3,"NV":0,"TB":0},{"Id":69,"V":2,"NV":0,"TB":0},{"Id":70,"V":2,"NV":0,"TB":0},{"Id":76,"V":2,"NV":0,"TB":0},{"Id":80,"V":2,"NV":0,"TB":0},{"Id":87,"V":2,"NV":0,"TB":0},{"Id":75,"V":0,"NV":0,"TB":0},{"Id":85,"V":0,"NV":0,"TB":0},{"Id":65,"V":0,"NV":0,"TB":3}],[{"Id":68,"V":7,"NV":0,"TB":0},{"Id":78,"V":6,"NV":0,"TB":0},{"Id":84,"V":5,"NV":0,"TB":0},{"Id":86,"V":5,"NV":0,"TB":0},{"Id":73,"V":4,"NV":0,"TB":0},{"Id":74,"V":4,"NV":0,"TB":0},{"Id":81,"V":4,"NV":0,"TB":0},{"Id":66,"V":3,"NV":0,"TB":0},{"Id":72,"V":3,"NV":0,"TB":0},{"Id":77,"V":3,"NV":0,"TB":0},{"Id":79,"V":3,"NV":0,"TB":0},{"Id":82,"V":3,"NV":0,"TB":0},{"Id":83,"V":3,"NV":0,"TB":0},{"Id":69,"V":2,"NV":0,"TB":0},{"Id":70,"V":2,"NV":0,"TB":0},{"Id":76,"V":2,"NV":0,"TB":0},{"Id":80,"V":2,"NV":0,"TB":0},{"Id":87,"V":2,"NV":0,"TB":0},{"Id":85,"V":0,"NV":0,"TB":0},{"Id":75,"V":0,"NV":0,"TB":2}],[{"Id":68,"V":7,"NV":0,"TB":0},{"Id":78,"V":6,"NV":0,"TB":0},{"Id":84,"V":5,"NV":0,"TB":0},{"Id":86,"V":5,"NV":0,"TB":0},{"Id":73,"V":4,"NV":0,"TB":0},{"Id":74,"V":4,"NV":0,"TB":0},{"Id":81,"V":4,"NV":0,"TB":0},{"Id":66,"V":3,"NV":0,"TB":0},{"Id":72,"V":3,"NV":0,"TB":0},{"Id":77,"V":3,"NV":0,"TB":0},{"Id":79,"V":3,"NV":0,"TB":0},{"Id":82,"V":3,"NV":0,"TB":0},{"Id":83,"V":3,"NV":0,"TB":0},{"Id":69,"V":2,"NV":0,"TB":0},{"Id":70,"V":2,"NV":0,"TB":0},{"Id":76,"V":2,"NV":0,"TB":0},{"Id":80,"V":2,"NV":0,"TB":0},{"Id":87,"V":2,"NV":0,"TB":0},{"Id":85,"V":0,"NV":0,"TB":0}],[{"Id":68,"V":7,"NV":0,"TB":0},{"Id":78,"V":6,"NV":0,"TB":0},{"Id":84,"V":5,"NV":0,"TB":0},{"Id":86,"V":5,"NV":0,"TB":0},{"Id":73,"V":4,"NV":0,"TB":0},{"Id":74,"V":4,"NV":0,"TB":0},{"Id":81,"V":4,"NV":0,"TB":0},{"Id":66,"V":3,"NV":0,"TB":0},{"Id":72,"V":3,"NV":0,"TB":0},{"Id":77,"V":3,"NV":0,"TB":0},{"Id":79,"V":3,"NV":0,"TB":0},{"Id":82,"V":3,"NV":0,"TB":0},{"Id":83,"V":3,"NV":0,"TB":0},{"Id":69,"V":2,"NV":0,"TB":0},{"Id":70,"V":2,"NV":0,"TB":0},{"Id":76,"V":2,"NV":0,"TB":0},{"Id":80,"V":2,"NV":0,"TB":0},{"Id":87,"V":2,"NV":0,"TB":1}],[{"Id":68,"V":7,"NV":0,"TB":0},{"Id":78,"V":6,"NV":0,"TB":0},{"Id":86,"V":6,"NV":1,"TB":0},{"Id":84,"V":5,"NV":0,"TB":0},{"Id":73,"V":4,"NV":0,"TB":0},{"Id":74,"V":4,"NV":0,"TB":0},{"Id":81,"V":4,"NV":0,"TB":0},{"Id":82,"V":4,"NV":1,"TB":0},{"Id":66,"V":3,"NV":0,"TB":0},{"Id":72,"V":3,"NV":0,"TB":0},{"Id":77,"V":3,"NV":0,"TB":0},{"Id":79,"V":3,"NV":0,"TB":0},{"Id":83,"V":3,"NV":0,"TB":0},{"Id":70,"V":2,"NV":0,"TB":0},{"Id":76,"V":2,"NV":0,"TB":0},{"Id":80,"V":2,"NV":0,"TB":0},{"Id":69,"V":2,"NV":0,"TB":4}],[{"Id":78,"V":8,"NV":2,"TB":0},{"Id":68,"V":7,"NV":0,"TB":0},{"Id":86,"V":6,"NV":0,"TB":0},{"Id":84,"V":5,"NV":0,"TB":0},{"Id":73,"V":4,"NV":0,"TB":0},{"Id":74,"V":4,"NV":0,"TB":0},{"Id":81,"V":4,"NV":0,"TB":0},{"Id":82,"V":4,"NV":0,"TB":0},{"Id":66,"V":3,"NV":0,"TB":0},{"Id":72,"V":3,"NV":0,"TB":0},{"Id":77,"V":3,"NV":0,"TB":0},{"Id":79,"V":3,"NV":0,"TB":0},{"Id":83,"V":3,"NV":0,"TB":0},{"Id":70,"V":2,"NV":0,"TB":0},{"Id":80,"V":2,"NV":0,"TB":0},{"Id":76,"V":2,"NV":0,"TB":2}],[{"Id":78,"V":8,"NV":0,"TB":0},{"Id":68,"V":7,"NV":0,"TB":0},{"Id":86,"V":6,"NV":0,"TB":0},{"Id":84,"V":5,"NV":0,"TB":0},{"Id":72,"V":4,"NV":1,"TB":0},{"Id":73,"V":4,"NV":0,"TB":0},{"Id":74,"V":4,"NV":0,"TB":0},{"Id":81,"V":4,"NV":0,"TB":0},{"Id":82,"V":4,"NV":0,"TB":0},{"Id":83,"V":4,"NV":1,"TB":0},{"Id":66,"V":3,"NV":0,"TB":0},{"Id":77,"V":3,"NV":0,"TB":0},{"Id":79,"V":3,"NV":0,"TB":0},{"Id":80,"V":2,"NV":0,"TB":0},{"Id":70,"V":2,"NV":0,"TB":2}],[{"Id":78,"V":9,"NV":1,"TB":0},{"Id":68,"V":7,"NV":0,"TB":0},{"Id":86,"V":6,"NV":0,"TB":0},{"Id":74,"V":5,"NV":1,"TB":0},{"Id":84,"V":5,"NV":0,"TB":0},{"Id":72,"V":4,"NV":0,"TB":0},{"Id":73,"V":4,"NV":0,"TB":0},{"Id":81,"V":4,"NV":0,"TB":0},{"Id":82,"V":4,"NV":0,"TB":0},{"Id":83,"V":4,"NV":0,"TB":0},{"Id":66,"V":3,"NV":0,"TB":0},{"Id":77,"V":3,"NV":0,"TB":0},{"Id":79,"V":3,"NV":0,"TB":0},{"Id":80,"V":2,"NV":0,"TB":0}],[{"Id":78,"V":9,"NV":0,"TB":0},{"Id":68,"V":7,"NV":0,"TB":0},{"Id":86,"V":6,"NV":0,"TB":0},{"Id":74,"V":5,"NV":0,"TB":0},{"Id":81,"V":5,"NV":1,"TB":0},{"Id":84,"V":5,"NV":0,"TB":0},{"Id":66,"V":4,"NV":1,"TB":0},{"Id":72,"V":4,"NV":0,"TB":0},{"Id":73,"V":4,"NV":0,"TB":0},{"Id":82,"V":4,"NV":0,"TB":0},{"Id":83,"V":4,"NV":0,"TB":0},{"Id":77,"V":3,"NV":0,"TB":0},{"Id":79,"V":3,"NV":0,"TB":1}],[{"Id":78,"V":9,"NV":0,"TB":0},{"Id":68,"V":7,"NV":0,"TB":0},{"Id":81,"V":6,"NV":1,"TB":0},{"Id":86,"V":6,"NV":0,"TB":0},{"Id":66,"V":5,"NV":1,"TB":0},{"Id":74,"V":5,"NV":0,"TB":0},{"Id":84,"V":5,"NV":0,"TB":0},{"Id":73,"V":4,"NV":0,"TB":0},{"Id":77,"V":4,"NV":1,"TB":0},{"Id":82,"V":4,"NV":0,"TB":0},{"Id":83,"V":4,"NV":0,"TB":0},{"Id":72,"V":4,"NV":0,"TB":5}],[{"Id":78,"V":9,"NV":0,"TB":0},{"Id":68,"V":7,"NV":0,"TB":0},{"Id":81,"V":6,"NV":0,"TB":0},{"Id":86,"V":6,"NV":0,"TB":0},{"Id":66,"V":5,"NV":0,"TB":0},{"Id":73,"V":5,"NV":1,"TB":0},{"Id":74,"V":5,"NV":0,"TB":0},{"Id":84,"V":5,"NV":0,"TB":0},{"Id":77,"V":4,"NV":0,"TB":0},{"Id":82,"V":4,"NV":0,"TB":0},{"Id":83,"V":4,"NV":0,"TB":1}],[{"Id":78,"V":9,"NV":0,"TB":0},{"Id":68,"V":7,"NV":0,"TB":0},{"Id":84,"V":7,"NV":2,"TB":0},{"Id":66,"V":6,"NV":1,"TB":0},{"Id":81,"V":6,"NV":0,"TB":0},{"Id":86,"V":6,"NV":0,"TB":0},{"Id":73,"V":5,"NV":0,"TB":0},{"Id":74,"V":5,"NV":0,"TB":0},{"Id":77,"V":5,"NV":1,"TB":0},{"Id":82,"V":4,"NV":0,"TB":0}],[{"Id":78,"V":9,"NV":0,"TB":0},{"Id":81,"V":8,"NV":2,"TB":0},{"Id":66,"V":7,"NV":1,"TB":0},{"Id":68,"V":7,"NV":0,"TB":0},{"Id":84,"V":7,"NV":0,"TB":0},{"Id":74,"V":6,"NV":1,"TB":0},{"Id":86,"V":6,"NV":0,"TB":0},{"Id":73,"V":5,"NV":0,"TB":0},{"Id":77,"V":5,"NV":0,"TB":1}],[{"Id":78,"V":10,"NV":1,"TB":0},{"Id":66,"V":8,"NV":1,"TB":0},{"Id":81,"V":8,"NV":0,"TB":0},{"Id":86,"V":8,"NV":2,"TB":0},{"Id":68,"V":7,"NV":0,"TB":0},{"Id":84,"V":7,"NV":0,"TB":0},{"Id":74,"V":6,"NV":0,"TB":0},{"Id":73,"V":5,"NV":0,"TB":0}],[{"Id":78,"V":10,"NV":0,"TB":0},{"Id":86,"V":10,"NV":2,"TB":0},{"Id":81,"V":9,"NV":1,"TB":0},{"Id":66,"V":8,"NV":0,"TB":0},{"Id":68,"V":7,"NV":0,"TB":0},{"Id":84,"V":7,"NV":0,"TB":0},{"Id":74,"V":6,"NV":0,"TB":0}],[{"Id":78,"V":11,"NV":1,"TB":0},{"Id":81,"V":10,"NV":1,"TB":0},{"Id":86,"V":10,"NV":0,"TB":0},{"Id":66,"V":8,"NV":0,"TB":0},{"Id":84,"V":8,"NV":1,"TB":0},{"Id":68,"V":8,"NV":1,"TB":2}],[{"Id":78,"V":15,"NV":4,"TB":0},{"Id":86,"V":11,"NV":1,"TB":0},{"Id":81,"V":10,"NV":0,"TB":0},{"Id":66,"V":9,"NV":1,"TB":0},{"Id":84,"V":9,"NV":1,"TB":1}],[{"Id":78,"V":15,"NV":0,"TB":0},{"Id":66,"V":13,"NV":4,"TB":0},{"Id":81,"V":13,"NV":3,"TB":0},{"Id":86,"V":11,"NV":0,"TB":0}],[{"Id":78,"V":16,"NV":1,"TB":0},{"Id":81,"V":15,"NV":2,"TB":0},{"Id":66,"V":15,"NV":2,"TB":2}],[{"Id":78,"V":19,"NV":3,"TB":0},{"Id":81,"V":17,"NV":2,"TB":0}],[{"Id":78,"V":24,"NV":5,"TB":0}]],"Expires":1588541284,"SecondsLeft":0}