{"Mtype":"results","Title":"Round 1","PollStarted":"2020-03-22T20:12:08.336386154Z","PollDuration":720000000000,"Options":{"65":"Trace and flora cuddle up staying home.","66":"Cup-o-Kat remake","67":"Flora making fun of us for being idiots...","68":"Keith and Laura fiery tango dance.","69":"Maeve playing ‘the floor is lava’ in the tavern. Maeve’s imagination vs reality.","70":"Surferdude Laura and KitKat at the beach with their boards.","71":"Good morning Raine (wolf)","72":"Colin and Sam from Project Half-stop get a sudden species swap; Sam continues to taunt a fluatered Colin.","73":"After another nightmare about Flora, Trace protectively holds his sleeping fiancée and unborn child as he whispers into her ear that he'll never let anything hurt either of them. Not even himself...","74":"Zen Reference Sheet","75":"Natani asks the table for someone to talk to about being trapped in a woman's body... and summons Clovis.","76":"Angel Flora fighting an out of control Demon Tiger Trace to bring him back to his senses","77":"After a long day on the Na'Rella, Mike asks Kathrin why she likes Eric so much. Mike responds with his thoughts on Eric and on Kat's obsession with Eric.","78":"Wallpaper of the Basitin Island from page 347 ch 10 ","79":"\"It's, Its a Dinosaur.\" Zen as Dr. Grant, and Raine as Dr. Sattler in a TK version of the welcome to Jurassic Park scene.","80":"After Maren sees lion Keiren she is compelled to groom his wild mane to regal perfection. Flora suggests a pretty bow to finish it off.","81":"Trace descended into madness. Trace took it too far, now he and Nora fight to the death as the Legacy Estate burns around them. ","82":"Lil Eric and Lil Kat share precious sibling moment sleeping soundly and dreaming good dreams","83":"Keith presents his new armor invention: ear helmets, to protect against further harm and surprise grabs.","84":"A Pinup of Loona in Hell from Helluva Boss"},"ExpectedBallots":42,"CountedBallots":42,"Ballots":["OJ","DGJHERFNL","PSE","SNEPJRHFTCA","GEHBK","PCGEJDHRKAFBLNMOS","GCFBMKERASNJ","JRHMQEC","HRJQ","GLADC","IKLAQJPBGSMC","SJECMFD","RECKQPAIB","HSKPJ","ILACJ","S","GHOCLNT","AGIDC","NIASQEKJMDRHBCPGFLTO","CIHQSLN","QI","MN","LICBQAOPT","SCKEJPNF","ERBJM","DTBFGAM","TSCBGJMKEA","LNHGIASJQ","MRBF","FEADJGLQPBSN","IOD","ECKASB","MHTGQD","GMJ","GBA","FOEGD","TORJQMPEKGFDSH","LIGJ","LQFNAIDJGOPBMRSCEKHT","DFHOQMEL","CELBG","HDAEPFJORMTILS"],"Placements":[[{"Id":71,"V":6,"NV":6,"TB":0},{"Id":76,"V":4,"NV":4,"TB":0},{"Id":83,"V":4,"NV":4,"TB":0},{"Id":68,"V":3,"NV":3,"TB":0},{"Id":72,"V":3,"NV":3,"TB":0},{"Id":73,"V":3,"NV":3,"TB":0},{"Id":77,"V":3,"NV":3,"TB":0},{"Id":67,"V":2,"NV":2,"TB":0},{"Id":69,"V":2,"NV":2,"TB":0},{"Id":70,"V":2,"NV":2,"TB":0},{"Id":80,"V":2,"NV":2,"TB":0},{"Id":84,"V":2,"NV":2,"TB":0},{"Id":65,"V":1,"NV":1,"TB":0},{"Id":74,"V":1,"NV":1,"TB":0},{"Id":78,"V":1,"NV":1,"TB":0},{"Id":79,"V":1,"NV":1,"TB":0},{"Id":81,"V":1,"NV":1,"TB":0},{"Id":82,"V":1,"NV":1,"TB":0},{"Id":75,"V":0,"NV":0,"TB":0},{"Id":66,"V":0,"NV":0,"TB":2}],[{"Id":71,"V":6,"NV":0,"TB":0},{"Id":76,"V":4,"NV":0,"TB":0},{"Id":83,"V":4,"NV":0,"TB":0},{"Id":68,"V":3,"NV":0,"TB":0},{"Id":72,"V":3,"NV":0,"TB":0},{"Id":73,"V":3,"NV":0,"TB":0},{"Id":77,"V":3,"NV":0,"TB":0},{"Id":67,"V":2,"NV":0,"TB":0},{"Id":69,"V":2,"NV":0,"TB":0},{"Id":70,"V":2,"NV":0,"TB":0},{"Id":80,"V":2,"NV":0,"TB":0},{"Id":84,"V":2,"NV":0,"TB":0},{"Id":65,"V":1,"NV":0,"TB":0},{"Id":74,"V":1,"NV":0,"TB":0},{"Id":78,"V":1,"NV":0,"TB":0},{"Id":79,"V":1,"NV":0,"TB":0},{"Id":81,"V":1,"NV":0,"TB":0},{"Id":82,"V":1,"NV":0,"TB":0},{"Id":75,"V":0,"NV":0,"TB":0}],[{"Id":71,"V":6,"NV":0,"TB":0},{"Id":76,"V":4,"NV":0,"TB":0},{"Id":83,"V":4,"NV":0,"TB":0},{"Id":68,"V":3,"NV":0,"TB":0},{"Id":72,"V":3,"NV":0,"TB":0},{"Id":73,"V":3,"NV":0,"TB":0},{"Id":77,"V":3,"NV":0,"TB":0},{"Id":67,"V":2,"NV":0,"TB":0},{"Id":69,"V":2,"NV":0,"TB":0},{"Id":70,"V":2,"NV":0,"TB":0},{"Id":80,"V":2,"NV":0,"TB":0},{"Id":84,"V":2,"NV":0,"TB":0},{"Id":74,"V":1,"NV":0,"TB":0},{"Id":78,"V":1,"NV":0,"TB":0},{"Id":79,"V":1,"NV":0,"TB":0},{"Id":81,"V":1,"NV":0,"TB":0},{"Id":82,"V":1,"NV":0,"TB":0},{"Id":65,"V":1,"NV":0,"TB":6}],[{"Id":71,"V":7,"NV":1,"TB":0},{"Id":76,"V":4,"NV":0,"TB":0},{"Id":83,"V":4,"NV":0,"TB":0},{"Id":68,"V":3,"NV":0,"TB":0},{"Id":72,"V":3,"NV":0,"TB":0},{"Id":73,"V":3,"NV":0,"TB":0},{"Id":77,"V":3,"NV":0,"TB":0},{"Id":67,"V":2,"NV":0,"TB":0},{"Id":69,"V":2,"NV":0,"TB":0},{"Id":70,"V":2,"NV":0,"TB":0},{"Id":80,"V":2,"NV":0,"TB":0},{"Id":84,"V":2,"NV":0,"TB":0},{"Id":74,"V":1,"NV":0,"TB":0},{"Id":78,"V":1,"NV":0,"TB":0},{"Id":81,"V":1,"NV":0,"TB":0},{"Id":82,"V":1,"NV":0,"TB":0},{"Id":79,"V":1,"NV":0,"TB":3}],[{"Id":71,"V":7,"NV":0,"TB":0},{"Id":76,"V":4,"NV":0,"TB":0},{"Id":83,"V":4,"NV":0,"TB":0},{"Id":68,"V":3,"NV":0,"TB":0},{"Id":72,"V":3,"NV":0,"TB":0},{"Id":73,"V":3,"NV":0,"TB":0},{"Id":77,"V":3,"NV":0,"TB":0},{"Id":67,"V":2,"NV":0,"TB":0},{"Id":69,"V":2,"NV":0,"TB":0},{"Id":70,"V":2,"NV":0,"TB":0},{"Id":74,"V":2,"NV":1,"TB":0},{"Id":80,"V":2,"NV":0,"TB":0},{"Id":84,"V":2,"NV":0,"TB":0},{"Id":78,"V":1,"NV":0,"TB":0},{"Id":82,"V":1,"NV":0,"TB":0},{"Id":81,"V":1,"NV":0,"TB":2}],[{"Id":71,"V":7,"NV":0,"TB":0},{"Id":73,"V":4,"NV":1,"TB":0},{"Id":76,"V":4,"NV":0,"TB":0},{"Id":83,"V":4,"NV":0,"TB":0},{"Id":68,"V":3,"NV":0,"TB":0},{"Id":72,"V":3,"NV":0,"TB":0},{"Id":77,"V":3,"NV":0,"TB":0},{"Id":67,"V":2,"NV":0,"TB":0},{"Id":69,"V":2,"NV":0,"TB":0},{"Id":70,"V":2,"NV":0,"TB":0},{"Id":74,"V":2,"NV":0,"TB":0},{"Id":80,"V":2,"NV":0,"TB":0},{"Id":84,"V":2,"NV":0,"TB":0},{"Id":78,"V":1,"NV":0,"TB":0},{"Id":82,"V":1,"NV":0,"TB":1}],[{"Id":71,"V":7,"NV":0,"TB":0},{"Id":73,"V":4,"NV":0,"TB":0},{"Id":76,"V":4,"NV":0,"TB":0},{"Id":83,"V":4,"NV":0,"TB":0},{"Id":68,"V":3,"NV":0,"TB":0},{"Id":69,"V":3,"NV":1,"TB":0},{"Id":72,"V":3,"NV":0,"TB":0},{"Id":77,"V":3,"NV":0,"TB":0},{"Id":67,"V":2,"NV":0,"TB":0},{"Id":70,"V":2,"NV":0,"TB":0},{"Id":74,"V":2,"NV":0,"TB":0},{"Id":80,"V":2,"NV":0,"TB":0},{"Id":84,"V":2,"NV":0,"TB":0},{"Id":78,"V":1,"NV":0,"TB":0}],[{"Id":71,"V":7,"NV":0,"TB":0},{"Id":73,"V":5,"NV":1,"TB":0},{"Id":76,"V":4,"NV":0,"TB":0},{"Id":83,"V":4,"NV":0,"TB":0},{"Id":68,"V":3,"NV":0,"TB":0},{"Id":69,"V":3,"NV":0,"TB":0},{"Id":72,"V":3,"NV":0,"TB":0},{"Id":77,"V":3,"NV":0,"TB":0},{"Id":67,"V":2,"NV":0,"TB":0},{"Id":74,"V":2,"NV":0,"TB":0},{"Id":80,"V":2,"NV":0,"TB":0},{"Id":84,"V":2,"NV":0,"TB":0},{"Id":70,"V":2,"NV":0,"TB":4}],[{"Id":71,"V":7,"NV":0,"TB":0},{"Id":69,"V":5,"NV":2,"TB":0},{"Id":73,"V":5,"NV":0,"TB":0},{"Id":76,"V":4,"NV":0,"TB":0},{"Id":83,"V":4,"NV":0,"TB":0},{"Id":68,"V":3,"NV":0,"TB":0},{"Id":72,"V":3,"NV":0,"TB":0},{"Id":77,"V":3,"NV":0,"TB":0},{"Id":67,"V":2,"NV":0,"TB":0},{"Id":74,"V":2,"NV":0,"TB":0},{"Id":84,"V":2,"NV":0,"TB":0},{"Id":80,"V":2,"NV":0,"TB":2}],[{"Id":71,"V":7,"NV":0,"TB":0},{"Id":69,"V":5,"NV":0,"TB":0},{"Id":73,"V":5,"NV":0,"TB":0},{"Id":83,"V":5,"NV":1,"TB":0},{"Id":76,"V":4,"NV":0,"TB":0},{"Id":67,"V":3,"NV":1,"TB":0},{"Id":68,"V":3,"NV":0,"TB":0},{"Id":72,"V":3,"NV":0,"TB":0},{"Id":77,"V":3,"NV":0,"TB":0},{"Id":84,"V":2,"NV":0,"TB":0},{"Id":74,"V":2,"NV":0,"TB":2}],[{"Id":71,"V":7,"NV":0,"TB":0},{"Id":69,"V":5,"NV":0,"TB":0},{"Id":73,"V":5,"NV":0,"TB":0},{"Id":83,"V":5,"NV":0,"TB":0},{"Id":72,"V":4,"NV":1,"TB":0},{"Id":76,"V":4,"NV":0,"TB":0},{"Id":67,"V":3,"NV":0,"TB":0},{"Id":68,"V":3,"NV":0,"TB":0},{"Id":77,"V":3,"NV":0,"TB":0},{"Id":84,"V":2,"NV":0,"TB":0}],[{"Id":71,"V":7,"NV":0,"TB":0},{"Id":83,"V":6,"NV":1,"TB":0},{"Id":69,"V":5,"NV":0,"TB":0},{"Id":73,"V":5,"NV":0,"TB":0},{"Id":72,"V":4,"NV":0,"TB":0},{"Id":76,"V":4,"NV":0,"TB":0},{"Id":77,"V":4,"NV":1,"TB":0},{"Id":68,"V":3,"NV":0,"TB":0},{"Id":67,"V":3,"NV":0,"TB":2}],[{"Id":71,"V":8,"NV":1,"TB":0},{"Id":69,"V":6,"NV":1,"TB":0},{"Id":73,"V":6,"NV":1,"TB":0},{"Id":83,"V":6,"NV":0,"TB":0},{"Id":72,"V":4,"NV":0,"TB":0},{"Id":76,"V":4,"NV":0,"TB":0},{"Id":77,"V":4,"NV":0,"TB":0},{"Id":68,"V":3,"NV":0,"TB":0}],[{"Id":71,"V":10,"NV":2,"TB":0},{"Id":69,"V":6,"NV":0,"TB":0},{"Id":73,"V":6,"NV":0,"TB":0},{"Id":83,"V":6,"NV":0,"TB":0},{"Id":72,"V":5,"NV":1,"TB":0},{"Id":76,"V":4,"NV":0,"TB":0},{"Id":77,"V":4,"NV":0,"TB":1}],[{"Id":71,"V":10,"NV":0,"TB":0},{"Id":69,"V":7,"NV":1,"TB":0},{"Id":72,"V":6,"NV":1,"TB":0},{"Id":73,"V":6,"NV":0,"TB":0},{"Id":83,"V":6,"NV":0,"TB":0},{"Id":76,"V":4,"NV":0,"TB":0}],[{"Id":71,"V":10,"NV":0,"TB":0},{"Id":73,"V":9,"NV":3,"TB":0},{"Id":69,"V":7,"NV":0,"TB":0},{"Id":72,"V":7,"NV":1,"TB":0},{"Id":83,"V":6,"NV":0,"TB":0}],[{"Id":69,"V":11,"NV":4,"TB":0},{"Id":71,"V":11,"NV":1,"TB":0},{"Id":73,"V":9,"NV":0,"TB":0},{"Id":72,"V":7,"NV":0,"TB":0}],[{"Id":69,"V":14,"NV":3,"TB":0},{"Id":71,"V":13,"NV":2,"TB":0},{"Id":73,"V":9,"NV":0,"TB":0}],[{"Id":71,"V":16,"NV":3,"TB":0},{"Id":69,"V":15,"NV":1,"TB":0}],[{"Id":71,"V":21,"NV":5,"TB":0}]],"Expires":1584909369,"SecondsLeft":0}