{"Mtype":"results","Title":"Round 4","PollStarted":"2020-09-06T21:53:55.962208307Z","PollDuration":600000000000,"Options":{"65":"Rose takes Saria's advice and puts on an apron - just an apron. Saria starts to wonder if she's deliberately messing with her. ","66":"Keith surprises Natani with breakfast in bed while dressed in a maid outfit.","67":"The dreaded bwoom pen is going after all the boys now! It cant be stopped!","68":"Natani sees clovis and is more concerned about how they got to look like a man again then the fact hes there to begin with","69":"Tom breaks his hand from trying to draw the evals extended family reunion.","70":"Natani and Keith sit in front of the burning fireplace in a log cabin in a snow-covered coniferous forest in Canada. Natani has her head on Keith's shoulder.","71":"Uncle Zen gets up to mischief with Keith and Nat's hypothetical kid!","72":"In an attempt to break the curse Nora placed on him, though it seems to have backfired...now Clovis has become a bit more voluptuous! [Semi-sequal to VV Mike] ","73":"We have a new vixen in the making as Carver gets gender bent by Nora.","74":"After being freed on the Na'rella, Mike \u0026 Evals ask if they get to wear comfier clothes. Kathrin gives the smuggest smug grin possible. \"Yes... yes you do...\"","75":"Flora accidentally bans herself with her own banhammer","76":"Evals pulls Mike out of harm's way and into his chest. Mike gets flustered hearing Evals's heartbeat.","77":"Jade Adelaide as the Legendary super Saiyan from dragon ball z ","78":"Flora decided to test Stoney to see if he'll be a good companion for her baby when it's born. She likes him! Good boy!","79":"Kat meets the triplets from the Dragon Masquerade and they admire each other’s tailoring skills.","80":"With his poker winnings Brutus visits Kat’s Shoppe looking for a special something for all the times he’s noticed Clovis’ sister’s distinct lack of apparel.","81":"TITANIC movie scene. Keith and Natani on Eric's boat, Natani stands on the railing and Keith holds her so she doesn't fall. ","82":"Undercover Western Maddie. Some of the patrons of the gala begin to suspect Maddie. But thinking she's harmless, they try to have a bit of fun with her. Maddie does her best to retain her cover and composure!","83":"Very Vixen Mike, where Flora gets jealous and angry at Fem Mike’s breasts.","84":"Kathrin fighting a losing battle to protect her dignity on a windy day in a summer dress","85":"Sexy shower wolf Raine Expectation Vs Reality.","86":"Wonder Woman Adelaide","87":"Nora gets herself possessed by a dog after a prank backfires. A laughing Trace makes her roll over. Nora, powerless for once, is not amused.","88":"Weather Girl Laura presents the weather forecast for the fox lands.","89":"Portrait of Flora! would fit lovely in their mansion once everything in the story goes over ^^;","90":"Very Vixen Mike goes into the vixen club, wearing kathrin's outfit meets up with raine. Raine is very perplexed by Mike's new shape"},"ExpectedBallots":63,"CountedBallots":63,"Ballots":["GFS","EVKRUB","JAPBOYDTUNXLZRCSGFQIHEKV","HCIZSPBGR","IUAQTF","UKEAT","R","POXTAFLRUZVB","T","VMNRY","ELUI","OAUTRGPZLEXJ","AWE","LSPHDZY","VFBSZD","UAFPG","GUCHARE","GRK","ULROGPVM","HCDYZI","NKGYLVAJSBD","QUATMVFXGIR","PLFUKGWAQVR","LFOBA","TUSA","KNAJPTB","Z","VSMRIKYULHFCQWZNPJDATBXOGE","AXTFMU","TOAJL","XKGWU","TUPOM","VDUQXLGTIHSRAOPBEJMWFZC","GXBKLCVSMT","JOZXGBLUINCYKPV","CIENDS","SFBWVKH","GBV","RXELKNITHCQPVGWZAFMJSYDOUB","XPEITOHYVKDZ","Q","RXMSKPVILOH","YEKGPMWXFRAVQN","JXYBDUCQZVRNFEMPIHKW","UOBYV","HUWCPSZ","UKEH","U","GBTKN","YWFBXLQCMNAK","","MDWXPSJQTROBAFLHCN","PXUAISVWTGEOZKJY","XVKQO","XAFNISHK","XU","XQJATYUHDFZ","YJXLPMHIQRGO","PKXOFDJSLA","NWMXAECTKPVHLFODRYUQ","NYKGVSAL","XRWSGVFOJUZTEB","FNG"],"Placements":[[{"Id":88,"V":7,"NV":7,"TB":0},{"Id":71,"V":6,"NV":6,"TB":0},{"Id":85,"V":6,"NV":6,"TB":0},{"Id":80,"V":4,"NV":4,"TB":0},{"Id":84,"V":4,"NV":4,"TB":0},{"Id":86,"V":4,"NV":4,"TB":0},{"Id":72,"V":3,"NV":3,"TB":0},{"Id":74,"V":3,"NV":3,"TB":0},{"Id":78,"V":3,"NV":3,"TB":0},{"Id":82,"V":3,"NV":3,"TB":0},{"Id":89,"V":3,"NV":3,"TB":0},{"Id":65,"V":2,"NV":2,"TB":0},{"Id":69,"V":2,"NV":2,"TB":0},{"Id":76,"V":2,"NV":2,"TB":0},{"Id":81,"V":2,"NV":2,"TB":0},{"Id":67,"V":1,"NV":1,"TB":0},{"Id":70,"V":1,"NV":1,"TB":0},{"Id":73,"V":1,"NV":1,"TB":0},{"Id":75,"V":1,"NV":1,"TB":0},{"Id":77,"V":1,"NV":1,"TB":0},{"Id":79,"V":1,"NV":1,"TB":0},{"Id":83,"V":1,"NV":1,"TB":0},{"Id":90,"V":1,"NV":1,"TB":0},{"Id":68,"V":0,"NV":0,"TB":0},{"Id":87,"V":0,"NV":0,"TB":0},{"Id":66,"V":0,"NV":0,"TB":3}],[{"Id":88,"V":7,"NV":0,"TB":0},{"Id":71,"V":6,"NV":0,"TB":0},{"Id":85,"V":6,"NV":0,"TB":0},{"Id":80,"V":4,"NV":0,"TB":0},{"Id":84,"V":4,"NV":0,"TB":0},{"Id":86,"V":4,"NV":0,"TB":0},{"Id":72,"V":3,"NV":0,"TB":0},{"Id":74,"V":3,"NV":0,"TB":0},{"Id":78,"V":3,"NV":0,"TB":0},{"Id":82,"V":3,"NV":0,"TB":0},{"Id":89,"V":3,"NV":0,"TB":0},{"Id":65,"V":2,"NV":0,"TB":0},{"Id":69,"V":2,"NV":0,"TB":0},{"Id":76,"V":2,"NV":0,"TB":0},{"Id":81,"V":2,"NV":0,"TB":0},{"Id":67,"V":1,"NV":0,"TB":0},{"Id":70,"V":1,"NV":0,"TB":0},{"Id":73,"V":1,"NV":0,"TB":0},{"Id":75,"V":1,"NV":0,"TB":0},{"Id":77,"V":1,"NV":0,"TB":0},{"Id":79,"V":1,"NV":0,"TB":0},{"Id":83,"V":1,"NV":0,"TB":0},{"Id":90,"V":1,"NV":0,"TB":0},{"Id":68,"V":0,"NV":0,"TB":0},{"Id":87,"V":0,"NV":0,"TB":1}],[{"Id":88,"V":7,"NV":0,"TB":0},{"Id":71,"V":6,"NV":0,"TB":0},{"Id":85,"V":6,"NV":0,"TB":0},{"Id":80,"V":4,"NV":0,"TB":0},{"Id":84,"V":4,"NV":0,"TB":0},{"Id":86,"V":4,"NV":0,"TB":0},{"Id":72,"V":3,"NV":0,"TB":0},{"Id":74,"V":3,"NV":0,"TB":0},{"Id":78,"V":3,"NV":0,"TB":0},{"Id":82,"V":3,"NV":0,"TB":0},{"Id":89,"V":3,"NV":0,"TB":0},{"Id":65,"V":2,"NV":0,"TB":0},{"Id":69,"V":2,"NV":0,"TB":0},{"Id":76,"V":2,"NV":0,"TB":0},{"Id":81,"V":2,"NV":0,"TB":0},{"Id":67,"V":1,"NV":0,"TB":0},{"Id":70,"V":1,"NV":0,"TB":0},{"Id":73,"V":1,"NV":0,"TB":0},{"Id":75,"V":1,"NV":0,"TB":0},{"Id":77,"V":1,"NV":0,"TB":0},{"Id":79,"V":1,"NV":0,"TB":0},{"Id":83,"V":1,"NV":0,"TB":0},{"Id":90,"V":1,"NV":0,"TB":0},{"Id":68,"V":0,"NV":0,"TB":0}],[{"Id":88,"V":7,"NV":0,"TB":0},{"Id":71,"V":6,"NV":0,"TB":0},{"Id":85,"V":6,"NV":0,"TB":0},{"Id":80,"V":4,"NV":0,"TB":0},{"Id":84,"V":4,"NV":0,"TB":0},{"Id":86,"V":4,"NV":0,"TB":0},{"Id":72,"V":3,"NV":0,"TB":0},{"Id":74,"V":3,"NV":0,"TB":0},{"Id":78,"V":3,"NV":0,"TB":0},{"Id":82,"V":3,"NV":0,"TB":0},{"Id":89,"V":3,"NV":0,"TB":0},{"Id":65,"V":2,"NV":0,"TB":0},{"Id":69,"V":2,"NV":0,"TB":0},{"Id":76,"V":2,"NV":0,"TB":0},{"Id":81,"V":2,"NV":0,"TB":0},{"Id":67,"V":1,"NV":0,"TB":0},{"Id":73,"V":1,"NV":0,"TB":0},{"Id":75,"V":1,"NV":0,"TB":0},{"Id":77,"V":1,"NV":0,"TB":0},{"Id":79,"V":1,"NV":0,"TB":0},{"Id":83,"V":1,"NV":0,"TB":0},{"Id":90,"V":1,"NV":0,"TB":0},{"Id":70,"V":1,"NV":0,"TB":7}],[{"Id":88,"V":7,"NV":0,"TB":0},{"Id":71,"V":6,"NV":0,"TB":0},{"Id":85,"V":6,"NV":0,"TB":0},{"Id":78,"V":4,"NV":1,"TB":0},{"Id":80,"V":4,"NV":0,"TB":0},{"Id":84,"V":4,"NV":0,"TB":0},{"Id":86,"V":4,"NV":0,"TB":0},{"Id":72,"V":3,"NV":0,"TB":0},{"Id":74,"V":3,"NV":0,"TB":0},{"Id":82,"V":3,"NV":0,"TB":0},{"Id":89,"V":3,"NV":0,"TB":0},{"Id":65,"V":2,"NV":0,"TB":0},{"Id":69,"V":2,"NV":0,"TB":0},{"Id":76,"V":2,"NV":0,"TB":0},{"Id":81,"V":2,"NV":0,"TB":0},{"Id":67,"V":1,"NV":0,"TB":0},{"Id":73,"V":1,"NV":0,"TB":0},{"Id":75,"V":1,"NV":0,"TB":0},{"Id":77,"V":1,"NV":0,"TB":0},{"Id":79,"V":1,"NV":0,"TB":0},{"Id":83,"V":1,"NV":0,"TB":0},{"Id":90,"V":1,"NV":0,"TB":1}],[{"Id":88,"V":7,"NV":0,"TB":0},{"Id":71,"V":6,"NV":0,"TB":0},{"Id":85,"V":6,"NV":0,"TB":0},{"Id":78,"V":4,"NV":0,"TB":0},{"Id":80,"V":4,"NV":0,"TB":0},{"Id":84,"V":4,"NV":0,"TB":0},{"Id":86,"V":4,"NV":0,"TB":0},{"Id":72,"V":3,"NV":0,"TB":0},{"Id":74,"V":3,"NV":0,"TB":0},{"Id":82,"V":3,"NV":0,"TB":0},{"Id":89,"V":3,"NV":0,"TB":0},{"Id":65,"V":2,"NV":0,"TB":0},{"Id":69,"V":2,"NV":0,"TB":0},{"Id":76,"V":2,"NV":0,"TB":0},{"Id":81,"V":2,"NV":0,"TB":0},{"Id":67,"V":1,"NV":0,"TB":0},{"Id":73,"V":1,"NV":0,"TB":0},{"Id":75,"V":1,"NV":0,"TB":0},{"Id":79,"V":1,"NV":0,"TB":0},{"Id":83,"V":1,"NV":0,"TB":0},{"Id":77,"V":1,"NV":0,"TB":3}],[{"Id":88,"V":8,"NV":1,"TB":0},{"Id":71,"V":6,"NV":0,"TB":0},{"Id":85,"V":6,"NV":0,"TB":0},{"Id":78,"V":4,"NV":0,"TB":0},{"Id":80,"V":4,"NV":0,"TB":0},{"Id":84,"V":4,"NV":0,"TB":0},{"Id":86,"V":4,"NV":0,"TB":0},{"Id":72,"V":3,"NV":0,"TB":0},{"Id":74,"V":3,"NV":0,"TB":0},{"Id":82,"V":3,"NV":0,"TB":0},{"Id":89,"V":3,"NV":0,"TB":0},{"Id":65,"V":2,"NV":0,"TB":0},{"Id":69,"V":2,"NV":0,"TB":0},{"Id":76,"V":2,"NV":0,"TB":0},{"Id":81,"V":2,"NV":0,"TB":0},{"Id":67,"V":1,"NV":0,"TB":0},{"Id":73,"V":1,"NV":0,"TB":0},{"Id":75,"V":1,"NV":0,"TB":0},{"Id":83,"V":1,"NV":0,"TB":0},{"Id":79,"V":1,"NV":0,"TB":2}],[{"Id":88,"V":8,"NV":0,"TB":0},{"Id":71,"V":6,"NV":0,"TB":0},{"Id":85,"V":6,"NV":0,"TB":0},{"Id":78,"V":4,"NV":0,"TB":0},{"Id":80,"V":4,"NV":0,"TB":0},{"Id":84,"V":4,"NV":0,"TB":0},{"Id":86,"V":4,"NV":0,"TB":0},{"Id":65,"V":3,"NV":1,"TB":0},{"Id":72,"V":3,"NV":0,"TB":0},{"Id":74,"V":3,"NV":0,"TB":0},{"Id":82,"V":3,"NV":0,"TB":0},{"Id":89,"V":3,"NV":0,"TB":0},{"Id":69,"V":2,"NV":0,"TB":0},{"Id":76,"V":2,"NV":0,"TB":0},{"Id":81,"V":2,"NV":0,"TB":0},{"Id":67,"V":1,"NV":0,"TB":0},{"Id":73,"V":1,"NV":0,"TB":0},{"Id":75,"V":1,"NV":0,"TB":0},{"Id":83,"V":1,"NV":0,"TB":1}],[{"Id":88,"V":8,"NV":0,"TB":0},{"Id":71,"V":6,"NV":0,"TB":0},{"Id":85,"V":6,"NV":0,"TB":0},{"Id":86,"V":5,"NV":1,"TB":0},{"Id":78,"V":4,"NV":0,"TB":0},{"Id":80,"V":4,"NV":0,"TB":0},{"Id":84,"V":4,"NV":0,"TB":0},{"Id":65,"V":3,"NV":0,"TB":0},{"Id":72,"V":3,"NV":0,"TB":0},{"Id":74,"V":3,"NV":0,"TB":0},{"Id":82,"V":3,"NV":0,"TB":0},{"Id":89,"V":3,"NV":0,"TB":0},{"Id":69,"V":2,"NV":0,"TB":0},{"Id":76,"V":2,"NV":0,"TB":0},{"Id":81,"V":2,"NV":0,"TB":0},{"Id":67,"V":1,"NV":0,"TB":0},{"Id":75,"V":1,"NV":0,"TB":0},{"Id":73,"V":1,"NV":0,"TB":2}],[{"Id":88,"V":8,"NV":0,"TB":0},{"Id":85,"V":7,"NV":1,"TB":0},{"Id":71,"V":6,"NV":0,"TB":0},{"Id":86,"V":5,"NV":0,"TB":0},{"Id":78,"V":4,"NV":0,"TB":0},{"Id":80,"V":4,"NV":0,"TB":0},{"Id":84,"V":4,"NV":0,"TB":0},{"Id":65,"V":3,"NV":0,"TB":0},{"Id":72,"V":3,"NV":0,"TB":0},{"Id":74,"V":3,"NV":0,"TB":0},{"Id":82,"V":3,"NV":0,"TB":0},{"Id":89,"V":3,"NV":0,"TB":0},{"Id":69,"V":2,"NV":0,"TB":0},{"Id":76,"V":2,"NV":0,"TB":0},{"Id":81,"V":2,"NV":0,"TB":0},{"Id":75,"V":1,"NV":0,"TB":0},{"Id":67,"V":1,"NV":0,"TB":2}],[{"Id":88,"V":8,"NV":0,"TB":0},{"Id":85,"V":7,"NV":0,"TB":0},{"Id":71,"V":6,"NV":0,"TB":0},{"Id":86,"V":5,"NV":0,"TB":0},{"Id":78,"V":4,"NV":0,"TB":0},{"Id":80,"V":4,"NV":0,"TB":0},{"Id":84,"V":4,"NV":0,"TB":0},{"Id":65,"V":3,"NV":0,"TB":0},{"Id":69,"V":3,"NV":1,"TB":0},{"Id":72,"V":3,"NV":0,"TB":0},{"Id":74,"V":3,"NV":0,"TB":0},{"Id":82,"V":3,"NV":0,"TB":0},{"Id":89,"V":3,"NV":0,"TB":0},{"Id":76,"V":2,"NV":0,"TB":0},{"Id":81,"V":2,"NV":0,"TB":0},{"Id":75,"V":1,"NV":0,"TB":0}],[{"Id":88,"V":8,"NV":0,"TB":0},{"Id":85,"V":7,"NV":0,"TB":0},{"Id":71,"V":6,"NV":0,"TB":0},{"Id":78,"V":5,"NV":1,"TB":0},{"Id":86,"V":5,"NV":0,"TB":0},{"Id":80,"V":4,"NV":0,"TB":0},{"Id":84,"V":4,"NV":0,"TB":0},{"Id":65,"V":3,"NV":0,"TB":0},{"Id":69,"V":3,"NV":0,"TB":0},{"Id":72,"V":3,"NV":0,"TB":0},{"Id":74,"V":3,"NV":0,"TB":0},{"Id":82,"V":3,"NV":0,"TB":0},{"Id":89,"V":3,"NV":0,"TB":0},{"Id":76,"V":2,"NV":0,"TB":0},{"Id":81,"V":2,"NV":0,"TB":1}],[{"Id":85,"V":8,"NV":1,"TB":0},{"Id":88,"V":8,"NV":0,"TB":0},{"Id":71,"V":6,"NV":0,"TB":0},{"Id":78,"V":5,"NV":0,"TB":0},{"Id":86,"V":5,"NV":0,"TB":0},{"Id":80,"V":4,"NV":0,"TB":0},{"Id":84,"V":4,"NV":0,"TB":0},{"Id":65,"V":3,"NV":0,"TB":0},{"Id":69,"V":3,"NV":0,"TB":0},{"Id":72,"V":3,"NV":0,"TB":0},{"Id":74,"V":3,"NV":0,"TB":0},{"Id":82,"V":3,"NV":0,"TB":0},{"Id":89,"V":3,"NV":0,"TB":0},{"Id":76,"V":2,"NV":0,"TB":0}],[{"Id":85,"V":8,"NV":0,"TB":0},{"Id":88,"V":8,"NV":0,"TB":0},{"Id":71,"V":6,"NV":0,"TB":0},{"Id":78,"V":5,"NV":0,"TB":0},{"Id":80,"V":5,"NV":1,"TB":0},{"Id":86,"V":5,"NV":0,"TB":0},{"Id":65,"V":4,"NV":1,"TB":0},{"Id":84,"V":4,"NV":0,"TB":0},{"Id":69,"V":3,"NV":0,"TB":0},{"Id":72,"V":3,"NV":0,"TB":0},{"Id":74,"V":3,"NV":0,"TB":0},{"Id":82,"V":3,"NV":0,"TB":0},{"Id":89,"V":3,"NV":0,"TB":1}],[{"Id":88,"V":9,"NV":1,"TB":0},{"Id":85,"V":8,"NV":0,"TB":0},{"Id":71,"V":6,"NV":0,"TB":0},{"Id":78,"V":5,"NV":0,"TB":0},{"Id":80,"V":5,"NV":0,"TB":0},{"Id":86,"V":5,"NV":0,"TB":0},{"Id":65,"V":4,"NV":0,"TB":0},{"Id":69,"V":4,"NV":1,"TB":0},{"Id":74,"V":4,"NV":1,"TB":0},{"Id":84,"V":4,"NV":0,"TB":0},{"Id":72,"V":3,"NV":0,"TB":0},{"Id":82,"V":3,"NV":0,"TB":1}],[{"Id":88,"V":11,"NV":2,"TB":0},{"Id":85,"V":8,"NV":0,"TB":0},{"Id":71,"V":6,"NV":0,"TB":0},{"Id":78,"V":5,"NV":0,"TB":0},{"Id":80,"V":5,"NV":0,"TB":0},{"Id":86,"V":5,"NV":0,"TB":0},{"Id":65,"V":4,"NV":0,"TB":0},{"Id":69,"V":4,"NV":0,"TB":0},{"Id":74,"V":4,"NV":0,"TB":0},{"Id":84,"V":4,"NV":0,"TB":0},{"Id":72,"V":3,"NV":0,"TB":0}],[{"Id":88,"V":11,"NV":0,"TB":0},{"Id":85,"V":9,"NV":1,"TB":0},{"Id":71,"V":6,"NV":0,"TB":0},{"Id":80,"V":6,"NV":1,"TB":0},{"Id":78,"V":5,"NV":0,"TB":0},{"Id":86,"V":5,"NV":0,"TB":0},{"Id":69,"V":4,"NV":0,"TB":0},{"Id":74,"V":4,"NV":0,"TB":0},{"Id":84,"V":4,"NV":0,"TB":0},{"Id":65,"V":4,"NV":0,"TB":4}],[{"Id":88,"V":12,"NV":1,"TB":0},{"Id":85,"V":10,"NV":1,"TB":0},{"Id":71,"V":6,"NV":0,"TB":0},{"Id":80,"V":6,"NV":0,"TB":0},{"Id":69,"V":5,"NV":1,"TB":0},{"Id":78,"V":5,"NV":0,"TB":0},{"Id":86,"V":5,"NV":0,"TB":0},{"Id":84,"V":4,"NV":0,"TB":0},{"Id":74,"V":4,"NV":0,"TB":2}],[{"Id":88,"V":15,"NV":3,"TB":0},{"Id":85,"V":10,"NV":0,"TB":0},{"Id":80,"V":7,"NV":1,"TB":0},{"Id":71,"V":6,"NV":0,"TB":0},{"Id":69,"V":5,"NV":0,"TB":0},{"Id":78,"V":5,"NV":0,"TB":0},{"Id":86,"V":5,"NV":0,"TB":0},{"Id":84,"V":4,"NV":0,"TB":0}],[{"Id":88,"V":15,"NV":0,"TB":0},{"Id":85,"V":12,"NV":2,"TB":0},{"Id":80,"V":7,"NV":0,"TB":0},{"Id":71,"V":6,"NV":0,"TB":0},{"Id":78,"V":5,"NV":0,"TB":0},{"Id":86,"V":5,"NV":0,"TB":0},{"Id":69,"V":5,"NV":0,"TB":3}],[{"Id":88,"V":15,"NV":0,"TB":0},{"Id":85,"V":13,"NV":1,"TB":0},{"Id":71,"V":7,"NV":1,"TB":0},{"Id":80,"V":7,"NV":0,"TB":0},{"Id":78,"V":6,"NV":1,"TB":0},{"Id":86,"V":6,"NV":1,"TB":1}],[{"Id":85,"V":16,"NV":3,"TB":0},{"Id":88,"V":15,"NV":0,"TB":0},{"Id":71,"V":7,"NV":0,"TB":0},{"Id":80,"V":7,"NV":0,"TB":0},{"Id":78,"V":7,"NV":1,"TB":2}],[{"Id":85,"V":16,"NV":0,"TB":0},{"Id":88,"V":16,"NV":1,"TB":0},{"Id":71,"V":10,"NV":3,"TB":0},{"Id":80,"V":8,"NV":1,"TB":0}],[{"Id":88,"V":19,"NV":3,"TB":0},{"Id":85,"V":18,"NV":2,"TB":0},{"Id":71,"V":11,"NV":1,"TB":0}],[{"Id":88,"V":21,"NV":2,"TB":0},{"Id":85,"V":19,"NV":1,"TB":0}],[{"Id":88,"V":26,"NV":5,"TB":0}]],"Expires":1599430437,"SecondsLeft":0}