{"Mtype":"results","Title":"Round 1","PollStarted":"2020-10-04T21:42:10.006217931Z","PollDuration":600000000000,"Options":{"65":"Trace and Flora enact the balcony scene from Romeo and Juliet","66":"A pumpkin carving contest","67":"One Punch Keith (Keith Cosplaying as One Punch man)","68":"Eric asks Kathrin out on a dinner date while she's busy with housecleaning, completely catching her off guard","69":"Flora, Kathrin and Maren are on a diet and enviously look at (human) Reni, which are carried by caravans of food. “Ah, that?” asks Reni. “Just to refresh my inner dragon.”","70":"Zen shows up to the Halloween party with a fake sword through him and Keith looks nervous","71":"\"Lupus Dei!\" Nat and Zen on guitar, Sythe on the mic, Raine on organ, and Brutus on drums, dressed up in the style of Powerwolf, and ready to rock!","72":"Human Raine discovers Zen's true weakness. The boy is both powerless and adorable when being giving the all mighty ear rubs.","73":"Red has a nightmare where he'd killed Raine and Sythe on the night of Zen's attack before recognizing her. He wakes up and sobs, struggling to reconcile his prejudice against keidran with his feelings for Raine and friendship with Sythe.","74":"Romulus and Remus put on a show at their previous job as the main act in a Magic Mike/Chippendales-style exotic dance club. Clovis was just in the audience to scout potential new bodyguards, he swears!","75":"Kat, Flora, Raine, and Laura in an all-girl pop group","76":"As part of a friendly cultural exchange, Maddie and Adelaide show the Western Basitins a bit of the Eastern wild side, wowing them with a traditional sword dance","77":"It is only at the very end of Flora's pregnancy that Kat is FINALLY convinced she's not \"just fat.\"","78":"Kathrin x Natani Remake","79":"Very Vixen Clovis","80":"Twokinds meets Nekonny's Imew: Sammy tries to explain that she's not a keidran by showing Trace and Flora her phone, but it leads to them messing with it, not understanding what it is.","81":"Adelaide visits Maddie \u0026 Maeve’s tavern","82":"Trace dresses up as his old grand templar self for Halloween without telling anyone and it goes about as well as you would expect (Very poorly)","83":"Natani teaches Kat how to swim at the beach...but Kat makes Natani flustered by subtly flirting","84":"Kat helps Frankenstein's monsters to re-create the threads that hold her body parts together","85":"Laura learning to drive.  She receives driving lessons from her friend, Willow.","86":"Windstraw tries to get Willow drunk, but it doesn’t quite go as intended","87":"Pirates of the Caribbean: Captain Flora and her secrets","88":"Laura seductively strips off her socks"},"ExpectedBallots":67,"CountedBallots":66,"Ballots":["UVLRI","HG","BFR","JQFSRVWOMXUDNKLHABGCETI","FJRSQN","OL","UVXR","L","RESJ","IFJLH","LSD","ONMXHFC","USQEVNF","LQFVM","JQIFGLH","FHRVSUX","QLSRWGVIHPMDNOUBXJACEFKT","JESOXLHBNKQRMUDFIVAPTGCW","I","MWRBIJX","ORIDTUQ","MIFTP","BSXVUKDN","VHUQOJFA","NRSDOXCBKL","VPO","J","BX","JOB","MRPVWQSTFLBDG","SDNMXFK","SNKDTOX","HFBM","UXKIJBHAWG","XONIHDLM","XRIKUCGDQL","XVUSLQDJWGFH","RXFSGND","UMEOQSBGNVAFWRTJC","IK","XPSOERDCVUGWTJQFNBHLI","XQONRTWFB","XCUMDVEIRF","KFNUODGC","TSLNRCWADKOXQEGPUHIMBVFJ","GQFRVBW","EFBNUDVKAHQ","UVBXDEGPCT","SQMN","DMSVRKNUEL","BGCRUT","LGDXSVMRQCUK","UAIXOSVKMLRPHQED","RUDGXBWKOFVCEANHQM","QO","SK","CXFJHN","SNGKOHXMT","U","RVFX","JI","XMIVNWSGPOFJTQ","BDPWGRCHXLOMIFK","RMFNIQXJD","FUVGRHXADQ","UQPXDNRLAEKFTW"],"Placements":[[{"Id":85,"V":9,"NV":9,"TB":0},{"Id":88,"V":7,"NV":7,"TB":0},{"Id":74,"V":6,"NV":6,"TB":0},{"Id":66,"V":5,"NV":5,"TB":0},{"Id":82,"V":5,"NV":5,"TB":0},{"Id":83,"V":5,"NV":5,"TB":0},{"Id":76,"V":4,"NV":4,"TB":0},{"Id":70,"V":3,"NV":3,"TB":0},{"Id":73,"V":3,"NV":3,"TB":0},{"Id":77,"V":3,"NV":3,"TB":0},{"Id":79,"V":3,"NV":3,"TB":0},{"Id":72,"V":2,"NV":2,"TB":0},{"Id":81,"V":2,"NV":2,"TB":0},{"Id":86,"V":2,"NV":2,"TB":0},{"Id":67,"V":1,"NV":1,"TB":0},{"Id":68,"V":1,"NV":1,"TB":0},{"Id":69,"V":1,"NV":1,"TB":0},{"Id":71,"V":1,"NV":1,"TB":0},{"Id":75,"V":1,"NV":1,"TB":0},{"Id":78,"V":1,"NV":1,"TB":0},{"Id":84,"V":1,"NV":1,"TB":0},{"Id":80,"V":0,"NV":0,"TB":0},{"Id":87,"V":0,"NV":0,"TB":0},{"Id":65,"V":0,"NV":0,"TB":3}],[{"Id":85,"V":9,"NV":0,"TB":0},{"Id":88,"V":7,"NV":0,"TB":0},{"Id":74,"V":6,"NV":0,"TB":0},{"Id":66,"V":5,"NV":0,"TB":0},{"Id":82,"V":5,"NV":0,"TB":0},{"Id":83,"V":5,"NV":0,"TB":0},{"Id":76,"V":4,"NV":0,"TB":0},{"Id":70,"V":3,"NV":0,"TB":0},{"Id":73,"V":3,"NV":0,"TB":0},{"Id":77,"V":3,"NV":0,"TB":0},{"Id":79,"V":3,"NV":0,"TB":0},{"Id":72,"V":2,"NV":0,"TB":0},{"Id":81,"V":2,"NV":0,"TB":0},{"Id":86,"V":2,"NV":0,"TB":0},{"Id":67,"V":1,"NV":0,"TB":0},{"Id":68,"V":1,"NV":0,"TB":0},{"Id":69,"V":1,"NV":0,"TB":0},{"Id":71,"V":1,"NV":0,"TB":0},{"Id":75,"V":1,"NV":0,"TB":0},{"Id":78,"V":1,"NV":0,"TB":0},{"Id":84,"V":1,"NV":0,"TB":0},{"Id":80,"V":0,"NV":0,"TB":0},{"Id":87,"V":0,"NV":0,"TB":1}],[{"Id":85,"V":9,"NV":0,"TB":0},{"Id":88,"V":7,"NV":0,"TB":0},{"Id":74,"V":6,"NV":0,"TB":0},{"Id":66,"V":5,"NV":0,"TB":0},{"Id":82,"V":5,"NV":0,"TB":0},{"Id":83,"V":5,"NV":0,"TB":0},{"Id":76,"V":4,"NV":0,"TB":0},{"Id":70,"V":3,"NV":0,"TB":0},{"Id":73,"V":3,"NV":0,"TB":0},{"Id":77,"V":3,"NV":0,"TB":0},{"Id":79,"V":3,"NV":0,"TB":0},{"Id":72,"V":2,"NV":0,"TB":0},{"Id":81,"V":2,"NV":0,"TB":0},{"Id":86,"V":2,"NV":0,"TB":0},{"Id":67,"V":1,"NV":0,"TB":0},{"Id":68,"V":1,"NV":0,"TB":0},{"Id":69,"V":1,"NV":0,"TB":0},{"Id":71,"V":1,"NV":0,"TB":0},{"Id":75,"V":1,"NV":0,"TB":0},{"Id":78,"V":1,"NV":0,"TB":0},{"Id":84,"V":1,"NV":0,"TB":0},{"Id":80,"V":0,"NV":0,"TB":0}],[{"Id":85,"V":9,"NV":0,"TB":0},{"Id":88,"V":7,"NV":0,"TB":0},{"Id":74,"V":6,"NV":0,"TB":0},{"Id":66,"V":5,"NV":0,"TB":0},{"Id":82,"V":5,"NV":0,"TB":0},{"Id":83,"V":5,"NV":0,"TB":0},{"Id":76,"V":4,"NV":0,"TB":0},{"Id":70,"V":3,"NV":0,"TB":0},{"Id":73,"V":3,"NV":0,"TB":0},{"Id":77,"V":3,"NV":0,"TB":0},{"Id":79,"V":3,"NV":0,"TB":0},{"Id":72,"V":2,"NV":0,"TB":0},{"Id":81,"V":2,"NV":0,"TB":0},{"Id":86,"V":2,"NV":0,"TB":0},{"Id":67,"V":1,"NV":0,"TB":0},{"Id":68,"V":1,"NV":0,"TB":0},{"Id":69,"V":1,"NV":0,"TB":0},{"Id":71,"V":1,"NV":0,"TB":0},{"Id":78,"V":1,"NV":0,"TB":0},{"Id":84,"V":1,"NV":0,"TB":0},{"Id":75,"V":1,"NV":0,"TB":3}],[{"Id":85,"V":9,"NV":0,"TB":0},{"Id":88,"V":7,"NV":0,"TB":0},{"Id":74,"V":6,"NV":0,"TB":0},{"Id":66,"V":5,"NV":0,"TB":0},{"Id":82,"V":5,"NV":0,"TB":0},{"Id":83,"V":5,"NV":0,"TB":0},{"Id":70,"V":4,"NV":1,"TB":0},{"Id":76,"V":4,"NV":0,"TB":0},{"Id":73,"V":3,"NV":0,"TB":0},{"Id":77,"V":3,"NV":0,"TB":0},{"Id":79,"V":3,"NV":0,"TB":0},{"Id":72,"V":2,"NV":0,"TB":0},{"Id":81,"V":2,"NV":0,"TB":0},{"Id":86,"V":2,"NV":0,"TB":0},{"Id":67,"V":1,"NV":0,"TB":0},{"Id":68,"V":1,"NV":0,"TB":0},{"Id":69,"V":1,"NV":0,"TB":0},{"Id":71,"V":1,"NV":0,"TB":0},{"Id":84,"V":1,"NV":0,"TB":0},{"Id":78,"V":1,"NV":0,"TB":2}],[{"Id":85,"V":9,"NV":0,"TB":0},{"Id":88,"V":7,"NV":0,"TB":0},{"Id":74,"V":6,"NV":0,"TB":0},{"Id":82,"V":6,"NV":1,"TB":0},{"Id":66,"V":5,"NV":0,"TB":0},{"Id":83,"V":5,"NV":0,"TB":0},{"Id":70,"V":4,"NV":0,"TB":0},{"Id":76,"V":4,"NV":0,"TB":0},{"Id":73,"V":3,"NV":0,"TB":0},{"Id":77,"V":3,"NV":0,"TB":0},{"Id":79,"V":3,"NV":0,"TB":0},{"Id":72,"V":2,"NV":0,"TB":0},{"Id":81,"V":2,"NV":0,"TB":0},{"Id":86,"V":2,"NV":0,"TB":0},{"Id":67,"V":1,"NV":0,"TB":0},{"Id":69,"V":1,"NV":0,"TB":0},{"Id":71,"V":1,"NV":0,"TB":0},{"Id":84,"V":1,"NV":0,"TB":0},{"Id":68,"V":1,"NV":0,"TB":4}],[{"Id":85,"V":9,"NV":0,"TB":0},{"Id":88,"V":7,"NV":0,"TB":0},{"Id":74,"V":6,"NV":0,"TB":0},{"Id":82,"V":6,"NV":0,"TB":0},{"Id":66,"V":5,"NV":0,"TB":0},{"Id":83,"V":5,"NV":0,"TB":0},{"Id":70,"V":4,"NV":0,"TB":0},{"Id":76,"V":4,"NV":0,"TB":0},{"Id":77,"V":4,"NV":1,"TB":0},{"Id":73,"V":3,"NV":0,"TB":0},{"Id":79,"V":3,"NV":0,"TB":0},{"Id":72,"V":2,"NV":0,"TB":0},{"Id":81,"V":2,"NV":0,"TB":0},{"Id":86,"V":2,"NV":0,"TB":0},{"Id":67,"V":1,"NV":0,"TB":0},{"Id":69,"V":1,"NV":0,"TB":0},{"Id":71,"V":1,"NV":0,"TB":0},{"Id":84,"V":1,"NV":0,"TB":1}],[{"Id":85,"V":9,"NV":0,"TB":0},{"Id":88,"V":7,"NV":0,"TB":0},{"Id":74,"V":6,"NV":0,"TB":0},{"Id":82,"V":6,"NV":0,"TB":0},{"Id":83,"V":6,"NV":1,"TB":0},{"Id":66,"V":5,"NV":0,"TB":0},{"Id":70,"V":4,"NV":0,"TB":0},{"Id":76,"V":4,"NV":0,"TB":0},{"Id":77,"V":4,"NV":0,"TB":0},{"Id":73,"V":3,"NV":0,"TB":0},{"Id":79,"V":3,"NV":0,"TB":0},{"Id":72,"V":2,"NV":0,"TB":0},{"Id":81,"V":2,"NV":0,"TB":0},{"Id":86,"V":2,"NV":0,"TB":0},{"Id":67,"V":1,"NV":0,"TB":0},{"Id":69,"V":1,"NV":0,"TB":0},{"Id":71,"V":1,"NV":0,"TB":1}],[{"Id":85,"V":9,"NV":0,"TB":0},{"Id":88,"V":7,"NV":0,"TB":0},{"Id":74,"V":6,"NV":0,"TB":0},{"Id":82,"V":6,"NV":0,"TB":0},{"Id":83,"V":6,"NV":0,"TB":0},{"Id":66,"V":5,"NV":0,"TB":0},{"Id":70,"V":4,"NV":0,"TB":0},{"Id":76,"V":4,"NV":0,"TB":0},{"Id":77,"V":4,"NV":0,"TB":0},{"Id":73,"V":3,"NV":0,"TB":0},{"Id":79,"V":3,"NV":0,"TB":0},{"Id":81,"V":3,"NV":1,"TB":0},{"Id":72,"V":2,"NV":0,"TB":0},{"Id":86,"V":2,"NV":0,"TB":0},{"Id":67,"V":1,"NV":0,"TB":0},{"Id":69,"V":1,"NV":0,"TB":1}],[{"Id":85,"V":9,"NV":0,"TB":0},{"Id":88,"V":7,"NV":0,"TB":0},{"Id":74,"V":6,"NV":0,"TB":0},{"Id":82,"V":6,"NV":0,"TB":0},{"Id":83,"V":6,"NV":0,"TB":0},{"Id":66,"V":5,"NV":0,"TB":0},{"Id":70,"V":5,"NV":1,"TB":0},{"Id":76,"V":4,"NV":0,"TB":0},{"Id":77,"V":4,"NV":0,"TB":0},{"Id":73,"V":3,"NV":0,"TB":0},{"Id":79,"V":3,"NV":0,"TB":0},{"Id":81,"V":3,"NV":0,"TB":0},{"Id":72,"V":2,"NV":0,"TB":0},{"Id":86,"V":2,"NV":0,"TB":0},{"Id":67,"V":1,"NV":0,"TB":0}],[{"Id":85,"V":9,"NV":0,"TB":0},{"Id":88,"V":8,"NV":1,"TB":0},{"Id":74,"V":6,"NV":0,"TB":0},{"Id":82,"V":6,"NV":0,"TB":0},{"Id":83,"V":6,"NV":0,"TB":0},{"Id":66,"V":5,"NV":0,"TB":0},{"Id":70,"V":5,"NV":0,"TB":0},{"Id":76,"V":4,"NV":0,"TB":0},{"Id":77,"V":4,"NV":0,"TB":0},{"Id":73,"V":3,"NV":0,"TB":0},{"Id":79,"V":3,"NV":0,"TB":0},{"Id":81,"V":3,"NV":0,"TB":0},{"Id":86,"V":2,"NV":0,"TB":0},{"Id":72,"V":2,"NV":0,"TB":2}],[{"Id":85,"V":9,"NV":0,"TB":0},{"Id":88,"V":8,"NV":0,"TB":0},{"Id":70,"V":6,"NV":1,"TB":0},{"Id":74,"V":6,"NV":0,"TB":0},{"Id":82,"V":6,"NV":0,"TB":0},{"Id":83,"V":6,"NV":0,"TB":0},{"Id":66,"V":5,"NV":0,"TB":0},{"Id":76,"V":4,"NV":0,"TB":0},{"Id":77,"V":4,"NV":0,"TB":0},{"Id":73,"V":3,"NV":0,"TB":0},{"Id":79,"V":3,"NV":0,"TB":0},{"Id":81,"V":3,"NV":0,"TB":0},{"Id":86,"V":2,"NV":0,"TB":0}],[{"Id":85,"V":10,"NV":1,"TB":0},{"Id":88,"V":8,"NV":0,"TB":0},{"Id":70,"V":6,"NV":0,"TB":0},{"Id":74,"V":6,"NV":0,"TB":0},{"Id":82,"V":6,"NV":0,"TB":0},{"Id":83,"V":6,"NV":0,"TB":0},{"Id":66,"V":5,"NV":0,"TB":0},{"Id":76,"V":4,"NV":0,"TB":0},{"Id":77,"V":4,"NV":0,"TB":0},{"Id":79,"V":4,"NV":1,"TB":0},{"Id":81,"V":3,"NV":0,"TB":0},{"Id":73,"V":3,"NV":0,"TB":2}],[{"Id":85,"V":10,"NV":0,"TB":0},{"Id":88,"V":8,"NV":0,"TB":0},{"Id":70,"V":7,"NV":1,"TB":0},{"Id":74,"V":6,"NV":0,"TB":0},{"Id":82,"V":6,"NV":0,"TB":0},{"Id":83,"V":6,"NV":0,"TB":0},{"Id":66,"V":5,"NV":0,"TB":0},{"Id":76,"V":4,"NV":0,"TB":0},{"Id":77,"V":4,"NV":0,"TB":0},{"Id":79,"V":4,"NV":0,"TB":0},{"Id":81,"V":3,"NV":0,"TB":0}],[{"Id":85,"V":10,"NV":0,"TB":0},{"Id":70,"V":8,"NV":1,"TB":0},{"Id":88,"V":8,"NV":0,"TB":0},{"Id":74,"V":6,"NV":0,"TB":0},{"Id":82,"V":6,"NV":0,"TB":0},{"Id":83,"V":6,"NV":0,"TB":0},{"Id":66,"V":5,"NV":0,"TB":0},{"Id":76,"V":5,"NV":1,"TB":0},{"Id":79,"V":5,"NV":1,"TB":0},{"Id":77,"V":4,"NV":0,"TB":0}],[{"Id":85,"V":10,"NV":0,"TB":0},{"Id":70,"V":9,"NV":1,"TB":0},{"Id":82,"V":8,"NV":2,"TB":0},{"Id":88,"V":8,"NV":0,"TB":0},{"Id":83,"V":7,"NV":1,"TB":0},{"Id":74,"V":6,"NV":0,"TB":0},{"Id":76,"V":5,"NV":0,"TB":0},{"Id":79,"V":5,"NV":0,"TB":0},{"Id":66,"V":5,"NV":0,"TB":3}],[{"Id":70,"V":10,"NV":1,"TB":0},{"Id":82,"V":10,"NV":2,"TB":0},{"Id":85,"V":10,"NV":0,"TB":0},{"Id":88,"V":9,"NV":1,"TB":0},{"Id":83,"V":8,"NV":1,"TB":0},{"Id":74,"V":6,"NV":0,"TB":0},{"Id":79,"V":5,"NV":0,"TB":0},{"Id":76,"V":5,"NV":0,"TB":2}],[{"Id":70,"V":11,"NV":1,"TB":0},{"Id":82,"V":10,"NV":0,"TB":0},{"Id":83,"V":10,"NV":2,"TB":0},{"Id":85,"V":10,"NV":0,"TB":0},{"Id":88,"V":10,"NV":1,"TB":0},{"Id":74,"V":6,"NV":0,"TB":0},{"Id":79,"V":5,"NV":0,"TB":0}],[{"Id":70,"V":11,"NV":0,"TB":0},{"Id":82,"V":11,"NV":1,"TB":0},{"Id":88,"V":11,"NV":1,"TB":0},{"Id":83,"V":10,"NV":0,"TB":0},{"Id":85,"V":10,"NV":0,"TB":0},{"Id":74,"V":6,"NV":0,"TB":0}],[{"Id":70,"V":13,"NV":2,"TB":0},{"Id":82,"V":11,"NV":0,"TB":0},{"Id":83,"V":11,"NV":1,"TB":0},{"Id":88,"V":11,"NV":0,"TB":0},{"Id":85,"V":10,"NV":0,"TB":0}],[{"Id":88,"V":16,"NV":5,"TB":0},{"Id":70,"V":14,"NV":1,"TB":0},{"Id":83,"V":13,"NV":2,"TB":0},{"Id":82,"V":12,"NV":1,"TB":0}],[{"Id":88,"V":20,"NV":4,"TB":0},{"Id":83,"V":16,"NV":3,"TB":0},{"Id":70,"V":16,"NV":2,"TB":2}],[{"Id":88,"V":23,"NV":3,"TB":0},{"Id":83,"V":19,"NV":3,"TB":0}],[{"Id":88,"V":33,"NV":10,"TB":0}]],"Expires":1601848939,"SecondsLeft":0}