{"Mtype":"results","Title":"Round 1","PollStarted":"2020-10-11T20:14:14.015544866Z","PollDuration":660000000000,"Options":{"65":"Human Raine discovers Zen's true weakness. The boy is both powerless and adorable when being giving the all mighty ear rubs.","66":"Dark AU Emperor Sythe and his High Generals Evals and Mike, rally their armies in preparation to conquer the world.","67":"Natani body pillow","68":"Reni's butterfly reveals its diabolical plan","69":"Good Morning Very Vixen Mike","70":"maniacal cyber-Clovis wielding a plasma cannon","71":"Clovis out on the town in the red dress from Madonna’s “Material Girl” video with Romulus on one arm and Remus on the other.   Both wolf boys are dressed to the nines in full tuxedoes.","72":"Twokinds meets Nekonny's Imew: Sammy tries to explain that she's not a keidran by showing Trace and Flora her phone, but it leads to them messing with it, not understanding what it is.","73":"The cast of two kinds as the characters of Genshin Impact. Trace (Male Traveler) Flora(Amber) Kat (Lisa) Natani (Kaeya)","74":"Very tigress Flora","75":"Mirror Universes: Trace and Human Flora on a date in a present modern day setting ( with her arm around his ). While Keidran Trace and Flora sit close together ( on a open field or by the lake ) looking up at the moon lit night sky. ( no backs turned, please ) ","76":"Rose upgrades to a full maid's uniform, but it still doesn't protect her butt from exposure. Saria gives up and just enjoys the show. ","77":"Goth Vampire Kat really wants to suck your blood but doesn't want to be rude so she asks you very politely while desperately trying to hold back","78":"King Adelaide as Avatar Kyoshi","79":"Natani tries to get Keith's attention by throwing rocks at his window from his yard, but he opens the window at a bad time and gets hit with a pebble. ","80":"Lying seductively on a bed of straw, Natani asks Keith if he would like to have a \"roll in the hay\".  Keith's head explodes.","81":"Kat rubs Flora's paws","82":"\"Disney Princess\" Reni rawr-singing while surrounded by forest critters.","83":"Nibbly carves a pumpkin from the inside (by eating it)","84":"Keith was caught sleeping with Laura daki and Natani daki at once.","85":"Good Morning Demon Tigress Trace","86":"Double date: Trace and Flora go on a date, with Sythe and Maren joining them","87":"Sequel to \"Island Style Reni\" Nora decides to help Reni's attempts to impress Kei by making off with her grass-skirt, leaving her frozen, bottomless, blushing and embarrassed--as Eric captures it all on canvass.","88":"Maddie has dressed up in Keith’s general outfit and is caught pretending to be him.","89":"Laura takes Keith canoeing along the river near her village."},"ExpectedBallots":75,"CountedBallots":75,"Ballots":["AR","CEPMGTL","PVASJOBG","OV","FMSP","HMAD","KOAUSTX","W","RSEJDMOQLT","ISYG","AHSMPQFYGCXOLVRTJN","CPJ","WAYRNHLDSOTM","BVKFYX","NPOALTECJ","WLEJQXGPTCUFBVSAORYDKNMIH","POCTSLEJ","GCEQV","JUKEYSLOQVX","XSYPH","BVMCLJY","GS","LWEJATPNUGXSFCKRVMIQBYOH","MLXJ","HWE","LA","ST","LOAG","EJ","BNJECTIKRMFPLVQUXOYHDGAWS","DXRGSBNMAOQCPEYTLJUVHKFW","YTDFNVSQO","GDELRF","YMFLBXRVQ","EUJCGLM","JU","BDIFYRPWXMOJ","MRU","PJ","XLTSCBNPJMQEOY","LCGTMAEUYPSOFR","LX","PTMI","MEVH","TRSAFDUGQ","LPAVEQXMJOT","XLAINRO","KYHSXL","TSJAGLENVFCMWBR","RXMCVGHADWYFKEPLOTISNB","LQC","YXORWGSCTFEVAJDINQMBHPUKL","JLVQDK","JUXVLDRYN","GRXSNODFV","PCNOTXYFK","SLXACM","M","JMUVCEKAPIQH","A","WRMVCDETAL","CXQTJ","TMJ","FYQVSJLMWCXEN","YTXVMNL","XBEQFGOPT","JGREWDS","FBNRALWOHIU","HMADYLCQJUIFRGOBKV","LJVXNRUEPQCFOA","YSMPWQFVGL","DNPQFCBYV","AWV","DRWVPLTYAONJBHGMXUI","MPFOBJDUVRSN"],"Placements":[[{"Id":76,"V":8,"NV":8,"TB":0},{"Id":74,"V":6,"NV":6,"TB":0},{"Id":77,"V":5,"NV":5,"TB":0},{"Id":80,"V":5,"NV":5,"TB":0},{"Id":89,"V":5,"NV":5,"TB":0},{"Id":65,"V":4,"NV":4,"TB":0},{"Id":66,"V":4,"NV":4,"TB":0},{"Id":71,"V":4,"NV":4,"TB":0},{"Id":87,"V":4,"NV":4,"TB":0},{"Id":88,"V":4,"NV":4,"TB":0},{"Id":67,"V":3,"NV":3,"TB":0},{"Id":68,"V":3,"NV":3,"TB":0},{"Id":70,"V":3,"NV":3,"TB":0},{"Id":72,"V":3,"NV":3,"TB":0},{"Id":84,"V":3,"NV":3,"TB":0},{"Id":69,"V":2,"NV":2,"TB":0},{"Id":75,"V":2,"NV":2,"TB":0},{"Id":82,"V":2,"NV":2,"TB":0},{"Id":83,"V":2,"NV":2,"TB":0},{"Id":73,"V":1,"NV":1,"TB":0},{"Id":78,"V":1,"NV":1,"TB":0},{"Id":79,"V":1,"NV":1,"TB":0},{"Id":81,"V":0,"NV":0,"TB":0},{"Id":85,"V":0,"NV":0,"TB":0},{"Id":86,"V":0,"NV":0,"TB":1}],[{"Id":76,"V":8,"NV":0,"TB":0},{"Id":74,"V":6,"NV":0,"TB":0},{"Id":77,"V":5,"NV":0,"TB":0},{"Id":80,"V":5,"NV":0,"TB":0},{"Id":89,"V":5,"NV":0,"TB":0},{"Id":65,"V":4,"NV":0,"TB":0},{"Id":66,"V":4,"NV":0,"TB":0},{"Id":71,"V":4,"NV":0,"TB":0},{"Id":87,"V":4,"NV":0,"TB":0},{"Id":88,"V":4,"NV":0,"TB":0},{"Id":67,"V":3,"NV":0,"TB":0},{"Id":68,"V":3,"NV":0,"TB":0},{"Id":70,"V":3,"NV":0,"TB":0},{"Id":72,"V":3,"NV":0,"TB":0},{"Id":84,"V":3,"NV":0,"TB":0},{"Id":69,"V":2,"NV":0,"TB":0},{"Id":75,"V":2,"NV":0,"TB":0},{"Id":82,"V":2,"NV":0,"TB":0},{"Id":83,"V":2,"NV":0,"TB":0},{"Id":73,"V":1,"NV":0,"TB":0},{"Id":78,"V":1,"NV":0,"TB":0},{"Id":79,"V":1,"NV":0,"TB":0},{"Id":85,"V":0,"NV":0,"TB":0},{"Id":81,"V":0,"NV":0,"TB":2}],[{"Id":76,"V":8,"NV":0,"TB":0},{"Id":74,"V":6,"NV":0,"TB":0},{"Id":77,"V":5,"NV":0,"TB":0},{"Id":80,"V":5,"NV":0,"TB":0},{"Id":89,"V":5,"NV":0,"TB":0},{"Id":65,"V":4,"NV":0,"TB":0},{"Id":66,"V":4,"NV":0,"TB":0},{"Id":71,"V":4,"NV":0,"TB":0},{"Id":87,"V":4,"NV":0,"TB":0},{"Id":88,"V":4,"NV":0,"TB":0},{"Id":67,"V":3,"NV":0,"TB":0},{"Id":68,"V":3,"NV":0,"TB":0},{"Id":70,"V":3,"NV":0,"TB":0},{"Id":72,"V":3,"NV":0,"TB":0},{"Id":84,"V":3,"NV":0,"TB":0},{"Id":69,"V":2,"NV":0,"TB":0},{"Id":75,"V":2,"NV":0,"TB":0},{"Id":82,"V":2,"NV":0,"TB":0},{"Id":83,"V":2,"NV":0,"TB":0},{"Id":73,"V":1,"NV":0,"TB":0},{"Id":78,"V":1,"NV":0,"TB":0},{"Id":79,"V":1,"NV":0,"TB":0},{"Id":85,"V":0,"NV":0,"TB":0}],[{"Id":76,"V":8,"NV":0,"TB":0},{"Id":74,"V":6,"NV":0,"TB":0},{"Id":77,"V":5,"NV":0,"TB":0},{"Id":80,"V":5,"NV":0,"TB":0},{"Id":89,"V":5,"NV":0,"TB":0},{"Id":65,"V":4,"NV":0,"TB":0},{"Id":66,"V":4,"NV":0,"TB":0},{"Id":71,"V":4,"NV":0,"TB":0},{"Id":87,"V":4,"NV":0,"TB":0},{"Id":88,"V":4,"NV":0,"TB":0},{"Id":67,"V":3,"NV":0,"TB":0},{"Id":68,"V":3,"NV":0,"TB":0},{"Id":70,"V":3,"NV":0,"TB":0},{"Id":72,"V":3,"NV":0,"TB":0},{"Id":84,"V":3,"NV":0,"TB":0},{"Id":69,"V":2,"NV":0,"TB":0},{"Id":75,"V":2,"NV":0,"TB":0},{"Id":82,"V":2,"NV":0,"TB":0},{"Id":83,"V":2,"NV":0,"TB":0},{"Id":73,"V":1,"NV":0,"TB":0},{"Id":79,"V":1,"NV":0,"TB":0},{"Id":78,"V":1,"NV":0,"TB":2}],[{"Id":76,"V":8,"NV":0,"TB":0},{"Id":74,"V":6,"NV":0,"TB":0},{"Id":80,"V":6,"NV":1,"TB":0},{"Id":77,"V":5,"NV":0,"TB":0},{"Id":89,"V":5,"NV":0,"TB":0},{"Id":65,"V":4,"NV":0,"TB":0},{"Id":66,"V":4,"NV":0,"TB":0},{"Id":71,"V":4,"NV":0,"TB":0},{"Id":87,"V":4,"NV":0,"TB":0},{"Id":88,"V":4,"NV":0,"TB":0},{"Id":67,"V":3,"NV":0,"TB":0},{"Id":68,"V":3,"NV":0,"TB":0},{"Id":70,"V":3,"NV":0,"TB":0},{"Id":72,"V":3,"NV":0,"TB":0},{"Id":84,"V":3,"NV":0,"TB":0},{"Id":69,"V":2,"NV":0,"TB":0},{"Id":75,"V":2,"NV":0,"TB":0},{"Id":82,"V":2,"NV":0,"TB":0},{"Id":83,"V":2,"NV":0,"TB":0},{"Id":79,"V":1,"NV":0,"TB":0},{"Id":73,"V":1,"NV":0,"TB":2}],[{"Id":76,"V":8,"NV":0,"TB":0},{"Id":74,"V":6,"NV":0,"TB":0},{"Id":80,"V":6,"NV":0,"TB":0},{"Id":77,"V":5,"NV":0,"TB":0},{"Id":89,"V":5,"NV":0,"TB":0},{"Id":65,"V":4,"NV":0,"TB":0},{"Id":66,"V":4,"NV":0,"TB":0},{"Id":71,"V":4,"NV":0,"TB":0},{"Id":87,"V":4,"NV":0,"TB":0},{"Id":88,"V":4,"NV":0,"TB":0},{"Id":67,"V":3,"NV":0,"TB":0},{"Id":68,"V":3,"NV":0,"TB":0},{"Id":70,"V":3,"NV":0,"TB":0},{"Id":72,"V":3,"NV":0,"TB":0},{"Id":83,"V":3,"NV":1,"TB":0},{"Id":84,"V":3,"NV":0,"TB":0},{"Id":69,"V":2,"NV":0,"TB":0},{"Id":75,"V":2,"NV":0,"TB":0},{"Id":82,"V":2,"NV":0,"TB":0},{"Id":79,"V":1,"NV":0,"TB":0}],[{"Id":76,"V":8,"NV":0,"TB":0},{"Id":74,"V":6,"NV":0,"TB":0},{"Id":80,"V":6,"NV":0,"TB":0},{"Id":77,"V":5,"NV":0,"TB":0},{"Id":89,"V":5,"NV":0,"TB":0},{"Id":65,"V":4,"NV":0,"TB":0},{"Id":66,"V":4,"NV":0,"TB":0},{"Id":71,"V":4,"NV":0,"TB":0},{"Id":87,"V":4,"NV":0,"TB":0},{"Id":88,"V":4,"NV":0,"TB":0},{"Id":67,"V":3,"NV":0,"TB":0},{"Id":68,"V":3,"NV":0,"TB":0},{"Id":70,"V":3,"NV":0,"TB":0},{"Id":72,"V":3,"NV":0,"TB":0},{"Id":83,"V":3,"NV":0,"TB":0},{"Id":84,"V":3,"NV":0,"TB":0},{"Id":69,"V":2,"NV":0,"TB":0},{"Id":75,"V":2,"NV":0,"TB":0},{"Id":82,"V":2,"NV":0,"TB":1}],[{"Id":76,"V":8,"NV":0,"TB":0},{"Id":74,"V":6,"NV":0,"TB":0},{"Id":80,"V":6,"NV":0,"TB":0},{"Id":77,"V":5,"NV":0,"TB":0},{"Id":88,"V":5,"NV":1,"TB":0},{"Id":89,"V":5,"NV":0,"TB":0},{"Id":65,"V":4,"NV":0,"TB":0},{"Id":66,"V":4,"NV":0,"TB":0},{"Id":71,"V":4,"NV":0,"TB":0},{"Id":83,"V":4,"NV":1,"TB":0},{"Id":87,"V":4,"NV":0,"TB":0},{"Id":67,"V":3,"NV":0,"TB":0},{"Id":68,"V":3,"NV":0,"TB":0},{"Id":70,"V":3,"NV":0,"TB":0},{"Id":72,"V":3,"NV":0,"TB":0},{"Id":84,"V":3,"NV":0,"TB":0},{"Id":69,"V":2,"NV":0,"TB":0},{"Id":75,"V":2,"NV":0,"TB":1}],[{"Id":76,"V":8,"NV":0,"TB":0},{"Id":74,"V":6,"NV":0,"TB":0},{"Id":80,"V":6,"NV":0,"TB":0},{"Id":89,"V":6,"NV":1,"TB":0},{"Id":65,"V":5,"NV":1,"TB":0},{"Id":77,"V":5,"NV":0,"TB":0},{"Id":88,"V":5,"NV":0,"TB":0},{"Id":66,"V":4,"NV":0,"TB":0},{"Id":71,"V":4,"NV":0,"TB":0},{"Id":83,"V":4,"NV":0,"TB":0},{"Id":87,"V":4,"NV":0,"TB":0},{"Id":67,"V":3,"NV":0,"TB":0},{"Id":68,"V":3,"NV":0,"TB":0},{"Id":70,"V":3,"NV":0,"TB":0},{"Id":72,"V":3,"NV":0,"TB":0},{"Id":84,"V":3,"NV":0,"TB":0},{"Id":69,"V":2,"NV":0,"TB":0}],[{"Id":74,"V":8,"NV":2,"TB":0},{"Id":76,"V":8,"NV":0,"TB":0},{"Id":80,"V":6,"NV":0,"TB":0},{"Id":89,"V":6,"NV":0,"TB":0},{"Id":65,"V":5,"NV":0,"TB":0},{"Id":77,"V":5,"NV":0,"TB":0},{"Id":88,"V":5,"NV":0,"TB":0},{"Id":66,"V":4,"NV":0,"TB":0},{"Id":71,"V":4,"NV":0,"TB":0},{"Id":83,"V":4,"NV":0,"TB":0},{"Id":87,"V":4,"NV":0,"TB":0},{"Id":67,"V":3,"NV":0,"TB":0},{"Id":68,"V":3,"NV":0,"TB":0},{"Id":72,"V":3,"NV":0,"TB":0},{"Id":84,"V":3,"NV":0,"TB":0},{"Id":70,"V":3,"NV":0,"TB":3}],[{"Id":74,"V":8,"NV":0,"TB":0},{"Id":76,"V":8,"NV":0,"TB":0},{"Id":89,"V":7,"NV":1,"TB":0},{"Id":77,"V":6,"NV":1,"TB":0},{"Id":80,"V":6,"NV":0,"TB":0},{"Id":65,"V":5,"NV":0,"TB":0},{"Id":66,"V":5,"NV":1,"TB":0},{"Id":88,"V":5,"NV":0,"TB":0},{"Id":71,"V":4,"NV":0,"TB":0},{"Id":83,"V":4,"NV":0,"TB":0},{"Id":87,"V":4,"NV":0,"TB":0},{"Id":67,"V":3,"NV":0,"TB":0},{"Id":72,"V":3,"NV":0,"TB":0},{"Id":84,"V":3,"NV":0,"TB":0},{"Id":68,"V":3,"NV":0,"TB":3}],[{"Id":74,"V":8,"NV":0,"TB":0},{"Id":76,"V":8,"NV":0,"TB":0},{"Id":80,"V":7,"NV":1,"TB":0},{"Id":89,"V":7,"NV":0,"TB":0},{"Id":77,"V":6,"NV":0,"TB":0},{"Id":88,"V":6,"NV":1,"TB":0},{"Id":65,"V":5,"NV":0,"TB":0},{"Id":66,"V":5,"NV":0,"TB":0},{"Id":87,"V":5,"NV":1,"TB":0},{"Id":71,"V":4,"NV":0,"TB":0},{"Id":83,"V":4,"NV":0,"TB":0},{"Id":67,"V":3,"NV":0,"TB":0},{"Id":72,"V":3,"NV":0,"TB":0},{"Id":84,"V":3,"NV":0,"TB":1}],[{"Id":74,"V":8,"NV":0,"TB":0},{"Id":76,"V":8,"NV":0,"TB":0},{"Id":77,"V":7,"NV":1,"TB":0},{"Id":80,"V":7,"NV":0,"TB":0},{"Id":89,"V":7,"NV":0,"TB":0},{"Id":83,"V":6,"NV":2,"TB":0},{"Id":88,"V":6,"NV":0,"TB":0},{"Id":65,"V":5,"NV":0,"TB":0},{"Id":66,"V":5,"NV":0,"TB":0},{"Id":87,"V":5,"NV":0,"TB":0},{"Id":71,"V":4,"NV":0,"TB":0},{"Id":67,"V":3,"NV":0,"TB":0},{"Id":72,"V":3,"NV":0,"TB":1}],[{"Id":77,"V":9,"NV":2,"TB":0},{"Id":74,"V":8,"NV":0,"TB":0},{"Id":76,"V":8,"NV":0,"TB":0},{"Id":80,"V":7,"NV":0,"TB":0},{"Id":89,"V":7,"NV":0,"TB":0},{"Id":83,"V":6,"NV":0,"TB":0},{"Id":87,"V":6,"NV":1,"TB":0},{"Id":88,"V":6,"NV":0,"TB":0},{"Id":65,"V":5,"NV":0,"TB":0},{"Id":66,"V":5,"NV":0,"TB":0},{"Id":71,"V":4,"NV":0,"TB":0},{"Id":67,"V":3,"NV":0,"TB":0}],[{"Id":77,"V":9,"NV":0,"TB":0},{"Id":80,"V":9,"NV":2,"TB":0},{"Id":74,"V":8,"NV":0,"TB":0},{"Id":76,"V":8,"NV":0,"TB":0},{"Id":88,"V":7,"NV":1,"TB":0},{"Id":89,"V":7,"NV":0,"TB":0},{"Id":83,"V":6,"NV":0,"TB":0},{"Id":87,"V":6,"NV":0,"TB":0},{"Id":65,"V":5,"NV":0,"TB":0},{"Id":66,"V":5,"NV":0,"TB":0},{"Id":71,"V":4,"NV":0,"TB":0}],[{"Id":76,"V":9,"NV":1,"TB":0},{"Id":77,"V":9,"NV":0,"TB":0},{"Id":80,"V":9,"NV":0,"TB":0},{"Id":74,"V":8,"NV":0,"TB":0},{"Id":88,"V":8,"NV":1,"TB":0},{"Id":83,"V":7,"NV":1,"TB":0},{"Id":89,"V":7,"NV":0,"TB":0},{"Id":87,"V":6,"NV":0,"TB":0},{"Id":66,"V":5,"NV":0,"TB":0},{"Id":65,"V":5,"NV":0,"TB":2}],[{"Id":76,"V":9,"NV":0,"TB":0},{"Id":77,"V":9,"NV":0,"TB":0},{"Id":80,"V":9,"NV":0,"TB":0},{"Id":83,"V":9,"NV":2,"TB":0},{"Id":74,"V":8,"NV":0,"TB":0},{"Id":88,"V":8,"NV":0,"TB":0},{"Id":87,"V":7,"NV":1,"TB":0},{"Id":89,"V":7,"NV":0,"TB":0},{"Id":66,"V":5,"NV":0,"TB":0}],[{"Id":76,"V":10,"NV":1,"TB":0},{"Id":77,"V":10,"NV":1,"TB":0},{"Id":74,"V":9,"NV":1,"TB":0},{"Id":80,"V":9,"NV":0,"TB":0},{"Id":83,"V":9,"NV":0,"TB":0},{"Id":89,"V":9,"NV":2,"TB":0},{"Id":88,"V":8,"NV":0,"TB":0},{"Id":87,"V":7,"NV":0,"TB":0}],[{"Id":76,"V":11,"NV":1,"TB":0},{"Id":77,"V":11,"NV":1,"TB":0},{"Id":80,"V":10,"NV":1,"TB":0},{"Id":89,"V":10,"NV":1,"TB":0},{"Id":74,"V":9,"NV":0,"TB":0},{"Id":83,"V":9,"NV":0,"TB":0},{"Id":88,"V":8,"NV":0,"TB":0}],[{"Id":76,"V":13,"NV":2,"TB":0},{"Id":77,"V":12,"NV":1,"TB":0},{"Id":83,"V":12,"NV":3,"TB":0},{"Id":80,"V":11,"NV":1,"TB":0},{"Id":74,"V":10,"NV":1,"TB":0},{"Id":89,"V":10,"NV":0,"TB":1}],[{"Id":83,"V":17,"NV":5,"TB":0},{"Id":76,"V":14,"NV":1,"TB":0},{"Id":77,"V":14,"NV":2,"TB":0},{"Id":80,"V":12,"NV":1,"TB":0},{"Id":74,"V":10,"NV":0,"TB":0}],[{"Id":83,"V":19,"NV":2,"TB":0},{"Id":76,"V":17,"NV":3,"TB":0},{"Id":77,"V":16,"NV":2,"TB":0},{"Id":80,"V":12,"NV":0,"TB":0}],[{"Id":83,"V":21,"NV":2,"TB":0},{"Id":76,"V":19,"NV":2,"TB":0},{"Id":77,"V":19,"NV":3,"TB":1}],[{"Id":76,"V":28,"NV":9,"TB":0},{"Id":83,"V":23,"NV":2,"TB":0}],[{"Id":76,"V":39,"NV":11,"TB":0}]],"Expires":1602448573,"SecondsLeft":0}