{"Mtype":"results","Title":"Round 1","PollStarted":"2021-01-24T21:46:14.83065198Z","PollDuration":600000000000,"Options":{"65":"Alternate Universe: Nibbly the Squirrel Keidran diplomat and her cute wolf buddy Mr. Sythe","66":"A drunk Raine explaining her latest fanfiction in more detail than Reni is comfortable with.","67":"Trace trys to take Flora out on a date but the restaurant wont allow her in due to their \"no pets\" policy. Flora is visibly irritated at this.","68":"Couple retreat: Keith and Nat shocked to see King Jade on the island with her new \"boyfriend\" ( A Male dragon held against his will by King) Maddie not sure how to react.","69":"Eric tries to get human Kat to cover up in public, but she resists because she doesn't see what the big deal is (Sequel to Human Kat - Casual Streaking)","70":"A mad basement scientist finally completes her invention. Keidran shaped shoes!","71":"Young Alaric convinces a young, bashful and nervous Keith to sneak into the female Basitin bath house.","72":"Undercover Maddie Finale. Maddie has safely made her way back home and is preparing to give a report on what was learned... But... What DID we learn???","73":"Literally seconds before it all began: Grand Templar Trace tinkering with magic. An assistant warns him it could result in accidental memory loss and random teleportation. But that won't happen... right? ","74":"Mzzkiti visits the Planet of the Sneps and takes a refreshing dip in a lake with a hunky Snep.","75":"Nibbly realizes what's going on between Maren and Sythe, now Nibbly tries get between them and stop them from engaging in an intimate moment.","76":"Eric catches Kat, Mike and Evals stealing clothing materials and rum from the Na’Rella cargo hold.","77":"Laura walks in, pleasantly surprised to see a shocked, newly transformed Very Vixen Keith","78":"Hide and Seek with Ms. Nibbly! She is hidden somewhere in the picture","79":"Trace and Flora attempting (very poorly) to put together a crib from MEKEA (Mekkan IKEA)","80":"King Adelaide as a Siren from the borderlands series","81":"Kat surrenders to her canine side and rolls over for some belly rubs","82":"A young puppy Raine plays chase with Reni and crashes into Mary.","83":"Bedtime Stories - Adelaide tells a young sleepless Maddie about her adventures before becoming King.","84":"Wanna touch em? but this time its Clovis and Brutus ","85":"Sketch Idea: Sera dressing herself up to look like Human Nora, much to the latter's annoyance","86":"Human Flora and Kat wearing their keidran onesies","87":"WWII: Tigress Trace wearing the US Army Airforce Dress Uniform.","88":"Bold Reni flirts with Kei but has her personality returned at the last second.","89":"Administrator Laura unbans Flora, but promptly demods her for her shameful display.","90":"A continuation of Laura survives, shows Laura, Natani and Keith on a date.","97":"Natani, Zen and Keith as the Spanish Inquisition from Monty Python. Nobody expects the Spanish Inquisition!","98":"Pirate Queen Jenny tries to ‘recruit’ Evals and VVMike for very different roles. VVMike for her second in command and Evals as... ‘cabin boy’."},"ExpectedBallots":82,"CountedBallots":82,"Ballots":["FaBR","aZbSNDHA","WBVTJOAEPbUFCZLHNIaRMKDXYSQG","GXAbBTHSMJQNZWCYKVaOFERDILU","JKTEaBA","X","KBRJT","RBOCYTQXLFNZD","SRAWDXPLbT","QKLaANCSTGHOXBMbYW","OCYBIVXFbDA","AbBHX","XRB","BXRTDZSUJKLaYAFGbHIOE","GBbQSEORHVLW","DZaSMFTHB","VATSGKX","VNWOUCK","IMGQS","RFAKQHLUS","MEVATbGXBKU","OSHY","DBCNUAOJKYbaXPG","QSVB","bBXTGWKASaO","MGHYWSPaENJARFUBZLbICDQVKOTX","SBJHUOTR","KSA","XVOBA","OPYCVRT","IaGAVEOBTSYLPXCDJQMWKHZbUNFR","SHCDOYVEQ","QC","OCWBPSKQMDVRTGXA","Y","QTAIRWECXBVaKDGL","BXFUGaS","NQFTa","PUNVBTDHF","VEMF","VRKSaGCOPILNHWZTJYEUAQDbFXMB","TRBbFKZL","IUMWAbTOGYZLVDQRE","YMZNTOVC","LEQBVC","HFRYS","aBDOUVTSNY","KQOI","bMWT","XO","VTBFG","SBZYJEUMaVbWAQGKTCHLR","BXUKNTG","IDbMQFBHSPZKGU","RQDUEMBNPKFYJbOSaHZWVLXCTAGI","IVPJB","QBVOAUEL","YSNXaOIMCJZGUFBQRbAKWVEDPLHT","B","aYFT","ZGBCSXFJRaUENO","bMXQITPSRWAENKF","NOMKFQGWYSbT","QVMTBE","ZOCEAbHV","KaWLXASFQ","NHRUGVAQIPbZWMOKCT","OBCTKYSF","DB","YSbDTXZUNJaVFOHKGLA","YZS","MbFLTRYXGEWJKNHPDSZ","FCIYXLJONA","QC","aGVWZYQUbT","YOXECJ","PYBWLUDRKXETVS","EGQTBHaRYb","FPKGYABVRNIDSEOXWC","YCHXQ","LMIQYZHBGXDbOa","OS"],"Placements":[[{"Id":81,"V":7,"NV":7,"TB":0},{"Id":89,"V":7,"NV":7,"TB":0},{"Id":79,"V":6,"NV":6,"TB":0},{"Id":73,"V":5,"NV":5,"TB":0},{"Id":86,"V":5,"NV":5,"TB":0},{"Id":66,"V":4,"NV":4,"TB":0},{"Id":75,"V":4,"NV":4,"TB":0},{"Id":83,"V":4,"NV":4,"TB":0},{"Id":88,"V":4,"NV":4,"TB":0},{"Id":97,"V":4,"NV":4,"TB":0},{"Id":68,"V":3,"NV":3,"TB":0},{"Id":70,"V":3,"NV":3,"TB":0},{"Id":77,"V":3,"NV":3,"TB":0},{"Id":78,"V":3,"NV":3,"TB":0},{"Id":82,"V":3,"NV":3,"TB":0},{"Id":98,"V":3,"NV":3,"TB":0},{"Id":71,"V":2,"NV":2,"TB":0},{"Id":76,"V":2,"NV":2,"TB":0},{"Id":80,"V":2,"NV":2,"TB":0},{"Id":90,"V":2,"NV":2,"TB":0},{"Id":65,"V":1,"NV":1,"TB":0},{"Id":69,"V":1,"NV":1,"TB":0},{"Id":72,"V":1,"NV":1,"TB":0},{"Id":74,"V":1,"NV":1,"TB":0},{"Id":84,"V":1,"NV":1,"TB":0},{"Id":87,"V":1,"NV":1,"TB":0},{"Id":85,"V":0,"NV":0,"TB":0},{"Id":67,"V":0,"NV":0,"TB":2}],[{"Id":81,"V":7,"NV":0,"TB":0},{"Id":89,"V":7,"NV":0,"TB":0},{"Id":79,"V":6,"NV":0,"TB":0},{"Id":73,"V":5,"NV":0,"TB":0},{"Id":86,"V":5,"NV":0,"TB":0},{"Id":66,"V":4,"NV":0,"TB":0},{"Id":75,"V":4,"NV":0,"TB":0},{"Id":83,"V":4,"NV":0,"TB":0},{"Id":88,"V":4,"NV":0,"TB":0},{"Id":97,"V":4,"NV":0,"TB":0},{"Id":68,"V":3,"NV":0,"TB":0},{"Id":70,"V":3,"NV":0,"TB":0},{"Id":77,"V":3,"NV":0,"TB":0},{"Id":78,"V":3,"NV":0,"TB":0},{"Id":82,"V":3,"NV":0,"TB":0},{"Id":98,"V":3,"NV":0,"TB":0},{"Id":71,"V":2,"NV":0,"TB":0},{"Id":76,"V":2,"NV":0,"TB":0},{"Id":80,"V":2,"NV":0,"TB":0},{"Id":90,"V":2,"NV":0,"TB":0},{"Id":65,"V":1,"NV":0,"TB":0},{"Id":69,"V":1,"NV":0,"TB":0},{"Id":72,"V":1,"NV":0,"TB":0},{"Id":74,"V":1,"NV":0,"TB":0},{"Id":84,"V":1,"NV":0,"TB":0},{"Id":87,"V":1,"NV":0,"TB":0},{"Id":85,"V":0,"NV":0,"TB":0}],[{"Id":81,"V":7,"NV":0,"TB":0},{"Id":89,"V":7,"NV":0,"TB":0},{"Id":79,"V":6,"NV":0,"TB":0},{"Id":73,"V":5,"NV":0,"TB":0},{"Id":86,"V":5,"NV":0,"TB":0},{"Id":66,"V":4,"NV":0,"TB":0},{"Id":75,"V":4,"NV":0,"TB":0},{"Id":83,"V":4,"NV":0,"TB":0},{"Id":88,"V":4,"NV":0,"TB":0},{"Id":97,"V":4,"NV":0,"TB":0},{"Id":68,"V":3,"NV":0,"TB":0},{"Id":70,"V":3,"NV":0,"TB":0},{"Id":77,"V":3,"NV":0,"TB":0},{"Id":78,"V":3,"NV":0,"TB":0},{"Id":82,"V":3,"NV":0,"TB":0},{"Id":98,"V":3,"NV":0,"TB":0},{"Id":71,"V":2,"NV":0,"TB":0},{"Id":76,"V":2,"NV":0,"TB":0},{"Id":80,"V":2,"NV":0,"TB":0},{"Id":90,"V":2,"NV":0,"TB":0},{"Id":65,"V":1,"NV":0,"TB":0},{"Id":69,"V":1,"NV":0,"TB":0},{"Id":74,"V":1,"NV":0,"TB":0},{"Id":84,"V":1,"NV":0,"TB":0},{"Id":87,"V":1,"NV":0,"TB":0},{"Id":72,"V":1,"NV":0,"TB":4}],[{"Id":81,"V":7,"NV":0,"TB":0},{"Id":89,"V":7,"NV":0,"TB":0},{"Id":79,"V":6,"NV":0,"TB":0},{"Id":73,"V":5,"NV":0,"TB":0},{"Id":86,"V":5,"NV":0,"TB":0},{"Id":66,"V":4,"NV":0,"TB":0},{"Id":70,"V":4,"NV":1,"TB":0},{"Id":75,"V":4,"NV":0,"TB":0},{"Id":83,"V":4,"NV":0,"TB":0},{"Id":88,"V":4,"NV":0,"TB":0},{"Id":97,"V":4,"NV":0,"TB":0},{"Id":68,"V":3,"NV":0,"TB":0},{"Id":77,"V":3,"NV":0,"TB":0},{"Id":78,"V":3,"NV":0,"TB":0},{"Id":82,"V":3,"NV":0,"TB":0},{"Id":98,"V":3,"NV":0,"TB":0},{"Id":71,"V":2,"NV":0,"TB":0},{"Id":76,"V":2,"NV":0,"TB":0},{"Id":80,"V":2,"NV":0,"TB":0},{"Id":90,"V":2,"NV":0,"TB":0},{"Id":65,"V":1,"NV":0,"TB":0},{"Id":74,"V":1,"NV":0,"TB":0},{"Id":84,"V":1,"NV":0,"TB":0},{"Id":87,"V":1,"NV":0,"TB":0},{"Id":69,"V":1,"NV":0,"TB":4}],[{"Id":81,"V":7,"NV":0,"TB":0},{"Id":89,"V":7,"NV":0,"TB":0},{"Id":79,"V":6,"NV":0,"TB":0},{"Id":73,"V":5,"NV":0,"TB":0},{"Id":86,"V":5,"NV":0,"TB":0},{"Id":66,"V":4,"NV":0,"TB":0},{"Id":70,"V":4,"NV":0,"TB":0},{"Id":75,"V":4,"NV":0,"TB":0},{"Id":83,"V":4,"NV":0,"TB":0},{"Id":88,"V":4,"NV":0,"TB":0},{"Id":97,"V":4,"NV":0,"TB":0},{"Id":68,"V":3,"NV":0,"TB":0},{"Id":71,"V":3,"NV":1,"TB":0},{"Id":77,"V":3,"NV":0,"TB":0},{"Id":78,"V":3,"NV":0,"TB":0},{"Id":82,"V":3,"NV":0,"TB":0},{"Id":98,"V":3,"NV":0,"TB":0},{"Id":76,"V":2,"NV":0,"TB":0},{"Id":80,"V":2,"NV":0,"TB":0},{"Id":90,"V":2,"NV":0,"TB":0},{"Id":74,"V":1,"NV":0,"TB":0},{"Id":84,"V":1,"NV":0,"TB":0},{"Id":87,"V":1,"NV":0,"TB":0},{"Id":65,"V":1,"NV":0,"TB":4}],[{"Id":81,"V":7,"NV":0,"TB":0},{"Id":89,"V":7,"NV":0,"TB":0},{"Id":79,"V":6,"NV":0,"TB":0},{"Id":73,"V":5,"NV":0,"TB":0},{"Id":86,"V":5,"NV":0,"TB":0},{"Id":66,"V":4,"NV":0,"TB":0},{"Id":70,"V":4,"NV":0,"TB":0},{"Id":75,"V":4,"NV":0,"TB":0},{"Id":83,"V":4,"NV":0,"TB":0},{"Id":88,"V":4,"NV":0,"TB":0},{"Id":97,"V":4,"NV":0,"TB":0},{"Id":98,"V":4,"NV":1,"TB":0},{"Id":68,"V":3,"NV":0,"TB":0},{"Id":71,"V":3,"NV":0,"TB":0},{"Id":77,"V":3,"NV":0,"TB":0},{"Id":78,"V":3,"NV":0,"TB":0},{"Id":82,"V":3,"NV":0,"TB":0},{"Id":76,"V":2,"NV":0,"TB":0},{"Id":80,"V":2,"NV":0,"TB":0},{"Id":90,"V":2,"NV":0,"TB":0},{"Id":74,"V":1,"NV":0,"TB":0},{"Id":84,"V":1,"NV":0,"TB":0},{"Id":87,"V":1,"NV":0,"TB":1}],[{"Id":81,"V":7,"NV":0,"TB":0},{"Id":89,"V":7,"NV":0,"TB":0},{"Id":79,"V":6,"NV":0,"TB":0},{"Id":66,"V":5,"NV":1,"TB":0},{"Id":73,"V":5,"NV":0,"TB":0},{"Id":86,"V":5,"NV":0,"TB":0},{"Id":70,"V":4,"NV":0,"TB":0},{"Id":75,"V":4,"NV":0,"TB":0},{"Id":83,"V":4,"NV":0,"TB":0},{"Id":88,"V":4,"NV":0,"TB":0},{"Id":97,"V":4,"NV":0,"TB":0},{"Id":98,"V":4,"NV":0,"TB":0},{"Id":68,"V":3,"NV":0,"TB":0},{"Id":71,"V":3,"NV":0,"TB":0},{"Id":77,"V":3,"NV":0,"TB":0},{"Id":78,"V":3,"NV":0,"TB":0},{"Id":82,"V":3,"NV":0,"TB":0},{"Id":76,"V":2,"NV":0,"TB":0},{"Id":80,"V":2,"NV":0,"TB":0},{"Id":90,"V":2,"NV":0,"TB":0},{"Id":84,"V":1,"NV":0,"TB":0},{"Id":74,"V":1,"NV":0,"TB":2}],[{"Id":81,"V":7,"NV":0,"TB":0},{"Id":89,"V":7,"NV":0,"TB":0},{"Id":79,"V":6,"NV":0,"TB":0},{"Id":66,"V":5,"NV":0,"TB":0},{"Id":73,"V":5,"NV":0,"TB":0},{"Id":75,"V":5,"NV":1,"TB":0},{"Id":86,"V":5,"NV":0,"TB":0},{"Id":70,"V":4,"NV":0,"TB":0},{"Id":83,"V":4,"NV":0,"TB":0},{"Id":88,"V":4,"NV":0,"TB":0},{"Id":97,"V":4,"NV":0,"TB":0},{"Id":98,"V":4,"NV":0,"TB":0},{"Id":68,"V":3,"NV":0,"TB":0},{"Id":71,"V":3,"NV":0,"TB":0},{"Id":77,"V":3,"NV":0,"TB":0},{"Id":78,"V":3,"NV":0,"TB":0},{"Id":82,"V":3,"NV":0,"TB":0},{"Id":76,"V":2,"NV":0,"TB":0},{"Id":80,"V":2,"NV":0,"TB":0},{"Id":90,"V":2,"NV":0,"TB":0},{"Id":84,"V":1,"NV":0,"TB":0}],[{"Id":81,"V":7,"NV":0,"TB":0},{"Id":89,"V":7,"NV":0,"TB":0},{"Id":79,"V":6,"NV":0,"TB":0},{"Id":66,"V":5,"NV":0,"TB":0},{"Id":73,"V":5,"NV":0,"TB":0},{"Id":75,"V":5,"NV":0,"TB":0},{"Id":86,"V":5,"NV":0,"TB":0},{"Id":70,"V":4,"NV":0,"TB":0},{"Id":82,"V":4,"NV":1,"TB":0},{"Id":83,"V":4,"NV":0,"TB":0},{"Id":88,"V":4,"NV":0,"TB":0},{"Id":97,"V":4,"NV":0,"TB":0},{"Id":98,"V":4,"NV":0,"TB":0},{"Id":68,"V":3,"NV":0,"TB":0},{"Id":71,"V":3,"NV":0,"TB":0},{"Id":77,"V":3,"NV":0,"TB":0},{"Id":78,"V":3,"NV":0,"TB":0},{"Id":76,"V":2,"NV":0,"TB":0},{"Id":80,"V":2,"NV":0,"TB":0},{"Id":90,"V":2,"NV":0,"TB":1}],[{"Id":79,"V":7,"NV":1,"TB":0},{"Id":81,"V":7,"NV":0,"TB":0},{"Id":89,"V":7,"NV":0,"TB":0},{"Id":66,"V":5,"NV":0,"TB":0},{"Id":73,"V":5,"NV":0,"TB":0},{"Id":75,"V":5,"NV":0,"TB":0},{"Id":86,"V":5,"NV":0,"TB":0},{"Id":70,"V":4,"NV":0,"TB":0},{"Id":71,"V":4,"NV":1,"TB":0},{"Id":82,"V":4,"NV":0,"TB":0},{"Id":83,"V":4,"NV":0,"TB":0},{"Id":88,"V":4,"NV":0,"TB":0},{"Id":97,"V":4,"NV":0,"TB":0},{"Id":98,"V":4,"NV":0,"TB":0},{"Id":68,"V":3,"NV":0,"TB":0},{"Id":77,"V":3,"NV":0,"TB":0},{"Id":78,"V":3,"NV":0,"TB":0},{"Id":76,"V":2,"NV":0,"TB":0},{"Id":80,"V":2,"NV":0,"TB":1}],[{"Id":89,"V":8,"NV":1,"TB":0},{"Id":79,"V":7,"NV":0,"TB":0},{"Id":81,"V":7,"NV":0,"TB":0},{"Id":66,"V":5,"NV":0,"TB":0},{"Id":73,"V":5,"NV":0,"TB":0},{"Id":75,"V":5,"NV":0,"TB":0},{"Id":86,"V":5,"NV":0,"TB":0},{"Id":70,"V":4,"NV":0,"TB":0},{"Id":71,"V":4,"NV":0,"TB":0},{"Id":78,"V":4,"NV":1,"TB":0},{"Id":82,"V":4,"NV":0,"TB":0},{"Id":83,"V":4,"NV":0,"TB":0},{"Id":88,"V":4,"NV":0,"TB":0},{"Id":97,"V":4,"NV":0,"TB":0},{"Id":98,"V":4,"NV":0,"TB":0},{"Id":68,"V":3,"NV":0,"TB":0},{"Id":77,"V":3,"NV":0,"TB":0},{"Id":76,"V":2,"NV":0,"TB":0}],[{"Id":81,"V":8,"NV":1,"TB":0},{"Id":89,"V":8,"NV":0,"TB":0},{"Id":79,"V":7,"NV":0,"TB":0},{"Id":66,"V":5,"NV":0,"TB":0},{"Id":73,"V":5,"NV":0,"TB":0},{"Id":75,"V":5,"NV":0,"TB":0},{"Id":86,"V":5,"NV":0,"TB":0},{"Id":70,"V":4,"NV":0,"TB":0},{"Id":71,"V":4,"NV":0,"TB":0},{"Id":77,"V":4,"NV":1,"TB":0},{"Id":78,"V":4,"NV":0,"TB":0},{"Id":82,"V":4,"NV":0,"TB":0},{"Id":83,"V":4,"NV":0,"TB":0},{"Id":88,"V":4,"NV":0,"TB":0},{"Id":97,"V":4,"NV":0,"TB":0},{"Id":98,"V":4,"NV":0,"TB":0},{"Id":68,"V":3,"NV":0,"TB":0}],[{"Id":81,"V":8,"NV":0,"TB":0},{"Id":89,"V":8,"NV":0,"TB":0},{"Id":66,"V":7,"NV":2,"TB":0},{"Id":79,"V":7,"NV":0,"TB":0},{"Id":73,"V":5,"NV":0,"TB":0},{"Id":75,"V":5,"NV":0,"TB":0},{"Id":86,"V":5,"NV":0,"TB":0},{"Id":97,"V":5,"NV":1,"TB":0},{"Id":70,"V":4,"NV":0,"TB":0},{"Id":71,"V":4,"NV":0,"TB":0},{"Id":77,"V":4,"NV":0,"TB":0},{"Id":78,"V":4,"NV":0,"TB":0},{"Id":82,"V":4,"NV":0,"TB":0},{"Id":83,"V":4,"NV":0,"TB":0},{"Id":98,"V":4,"NV":0,"TB":0},{"Id":88,"V":4,"NV":0,"TB":2}],[{"Id":79,"V":8,"NV":1,"TB":0},{"Id":81,"V":8,"NV":0,"TB":0},{"Id":89,"V":8,"NV":0,"TB":0},{"Id":66,"V":7,"NV":0,"TB":0},{"Id":86,"V":6,"NV":1,"TB":0},{"Id":73,"V":5,"NV":0,"TB":0},{"Id":75,"V":5,"NV":0,"TB":0},{"Id":82,"V":5,"NV":1,"TB":0},{"Id":97,"V":5,"NV":0,"TB":0},{"Id":71,"V":4,"NV":0,"TB":0},{"Id":77,"V":4,"NV":0,"TB":0},{"Id":78,"V":4,"NV":0,"TB":0},{"Id":83,"V":4,"NV":0,"TB":0},{"Id":98,"V":4,"NV":0,"TB":0},{"Id":70,"V":4,"NV":0,"TB":6}],[{"Id":79,"V":8,"NV":0,"TB":0},{"Id":81,"V":8,"NV":0,"TB":0},{"Id":89,"V":8,"NV":0,"TB":0},{"Id":66,"V":7,"NV":0,"TB":0},{"Id":73,"V":6,"NV":1,"TB":0},{"Id":75,"V":6,"NV":1,"TB":0},{"Id":82,"V":6,"NV":1,"TB":0},{"Id":86,"V":6,"NV":0,"TB":0},{"Id":97,"V":6,"NV":1,"TB":0},{"Id":71,"V":4,"NV":0,"TB":0},{"Id":77,"V":4,"NV":0,"TB":0},{"Id":83,"V":4,"NV":0,"TB":0},{"Id":98,"V":4,"NV":0,"TB":0},{"Id":78,"V":4,"NV":0,"TB":3}],[{"Id":79,"V":9,"NV":1,"TB":0},{"Id":81,"V":9,"NV":1,"TB":0},{"Id":89,"V":8,"NV":0,"TB":0},{"Id":66,"V":7,"NV":0,"TB":0},{"Id":82,"V":7,"NV":1,"TB":0},{"Id":86,"V":7,"NV":1,"TB":0},{"Id":73,"V":6,"NV":0,"TB":0},{"Id":75,"V":6,"NV":0,"TB":0},{"Id":97,"V":6,"NV":0,"TB":0},{"Id":71,"V":4,"NV":0,"TB":0},{"Id":77,"V":4,"NV":0,"TB":0},{"Id":98,"V":4,"NV":0,"TB":0},{"Id":83,"V":4,"NV":0,"TB":2}],[{"Id":79,"V":10,"NV":1,"TB":0},{"Id":66,"V":9,"NV":2,"TB":0},{"Id":81,"V":9,"NV":0,"TB":0},{"Id":82,"V":8,"NV":1,"TB":0},{"Id":89,"V":8,"NV":0,"TB":0},{"Id":86,"V":7,"NV":0,"TB":0},{"Id":73,"V":6,"NV":0,"TB":0},{"Id":75,"V":6,"NV":0,"TB":0},{"Id":97,"V":6,"NV":0,"TB":0},{"Id":71,"V":4,"NV":0,"TB":0},{"Id":77,"V":4,"NV":0,"TB":0},{"Id":98,"V":4,"NV":0,"TB":1}],[{"Id":66,"V":11,"NV":2,"TB":0},{"Id":79,"V":10,"NV":0,"TB":0},{"Id":81,"V":9,"NV":0,"TB":0},{"Id":82,"V":8,"NV":0,"TB":0},{"Id":89,"V":8,"NV":0,"TB":0},{"Id":86,"V":7,"NV":0,"TB":0},{"Id":73,"V":6,"NV":0,"TB":0},{"Id":75,"V":6,"NV":0,"TB":0},{"Id":77,"V":6,"NV":2,"TB":0},{"Id":97,"V":6,"NV":0,"TB":0},{"Id":71,"V":4,"NV":0,"TB":0}],[{"Id":66,"V":14,"NV":3,"TB":0},{"Id":79,"V":10,"NV":0,"TB":0},{"Id":81,"V":10,"NV":1,"TB":0},{"Id":82,"V":8,"NV":0,"TB":0},{"Id":89,"V":8,"NV":0,"TB":0},{"Id":86,"V":7,"NV":0,"TB":0},{"Id":73,"V":6,"NV":0,"TB":0},{"Id":75,"V":6,"NV":0,"TB":0},{"Id":77,"V":6,"NV":0,"TB":0},{"Id":97,"V":6,"NV":0,"TB":1}],[{"Id":66,"V":16,"NV":2,"TB":0},{"Id":79,"V":10,"NV":0,"TB":0},{"Id":81,"V":10,"NV":0,"TB":0},{"Id":89,"V":9,"NV":1,"TB":0},{"Id":82,"V":8,"NV":0,"TB":0},{"Id":86,"V":8,"NV":1,"TB":0},{"Id":77,"V":7,"NV":1,"TB":0},{"Id":75,"V":6,"NV":0,"TB":0},{"Id":73,"V":6,"NV":0,"TB":2}],[{"Id":66,"V":16,"NV":0,"TB":0},{"Id":77,"V":10,"NV":3,"TB":0},{"Id":79,"V":10,"NV":0,"TB":0},{"Id":81,"V":10,"NV":0,"TB":0},{"Id":86,"V":10,"NV":2,"TB":0},{"Id":89,"V":10,"NV":1,"TB":0},{"Id":82,"V":8,"NV":0,"TB":0},{"Id":75,"V":6,"NV":0,"TB":0}],[{"Id":66,"V":18,"NV":2,"TB":0},{"Id":81,"V":12,"NV":2,"TB":0},{"Id":89,"V":11,"NV":1,"TB":0},{"Id":77,"V":10,"NV":0,"TB":0},{"Id":79,"V":10,"NV":0,"TB":0},{"Id":86,"V":10,"NV":0,"TB":0},{"Id":82,"V":8,"NV":0,"TB":0}],[{"Id":66,"V":21,"NV":3,"TB":0},{"Id":81,"V":14,"NV":2,"TB":0},{"Id":89,"V":12,"NV":1,"TB":0},{"Id":86,"V":11,"NV":1,"TB":0},{"Id":77,"V":10,"NV":0,"TB":0},{"Id":79,"V":10,"NV":0,"TB":1}],[{"Id":66,"V":23,"NV":2,"TB":0},{"Id":89,"V":16,"NV":4,"TB":0},{"Id":81,"V":14,"NV":0,"TB":0},{"Id":86,"V":12,"NV":1,"TB":0},{"Id":77,"V":11,"NV":1,"TB":0}],[{"Id":66,"V":24,"NV":1,"TB":0},{"Id":81,"V":19,"NV":5,"TB":0},{"Id":89,"V":19,"NV":3,"TB":0},{"Id":86,"V":13,"NV":1,"TB":0}],[{"Id":66,"V":30,"NV":6,"TB":0},{"Id":89,"V":21,"NV":2,"TB":0},{"Id":81,"V":20,"NV":1,"TB":0}],[{"Id":66,"V":39,"NV":9,"TB":0},{"Id":89,"V":23,"NV":2,"TB":0}],[{"Id":66,"V":46,"NV":7,"TB":0}]],"Expires":1611525974,"SecondsLeft":0}