{"Mtype":"results","Title":"Round 3","PollStarted":"2021-01-11T01:47:12.528704935Z","PollDuration":600000000000,"Options":{"65":"Nora’s 1st Mate - The moments before Nora \u0026 her 1st ♂/genderbent♀ mate/intended father of her 1st hatchling/s, 1st mating.","66":"Modern Kat and Zen spending some romantic time together at their apartment. ","67":"Eric tries to get human Kat to cover up in public, but she resists - she doesn't see what the big deal is (Sequel to Human Kat - Casual Streaking)","68":"Kat and Zen build a snowman, and discover that mana crystals can bring them to life","69":"Twokinds High: Mike is mistakenly issued a girls' uniform.","70":"A map of the TwoKinds world that would be used by Basitins. I’m thinking like any territory other than theirs would be insulted or just cased aside.","71":"Kat and Zen kiss in a shower","72":"Kat, Laura and Flora explain what they like best about their tails.","73":"Flora with siblings","74":"Trace cursing Keidran Karen with *gasp* human ears.","75":"What if Trace never turned evil (anonymous please)","76":"Flora massages Zen to help him get healthy!","77":"Raine Daki","78":"Laura in a deep dive, surrounded by various ocean life. Subnautica themed.","79":"Flora decides to test Stoney to see if he'll be a good companion for her upcoming baby when it's born. She likes him! Good boy!","80":"Modern Natani sends Keith provocative ankle pictures","81":"WW2: Tigress Trace in a US Army Airforce dress uniform.","82":"trace, flora, kat, keith and natani being inside minecraft","83":"Clovis' cousin Captain Jenny commands her motley crew","84":"Modern Au: Keith takes Laura to the gun range to test her FPS gamer skills.","85":"Flora and Trace cuddling on a bench on the back porch of the estate under the roof, while it is peacefully rains into the night.","86":"Raine (Halfkind) and Red are building Snow-Sneps in the garden!","87":"A full body drawing of a female Keidran red nose reindeer.","88":"The biological differences of Mekkan's main species (And Windstraw's)","89":"Willow Reference Sheet"},"ExpectedBallots":65,"CountedBallots":65,"Ballots":["NUMLIKY","UOXFVCMHDYTLPRJWBAESGKIQN","EHMQGBIPLT","PWMENGBLFHSDTCARYVUOKXIQJ","WA","KMHPEVWY","GHBNEP","AWE","N","FQDTBGSPW","PFGB","LO","PUVDNEHOCJKBLGW","YWCQKEUARDHOJI","WIMNRFV","G","OXFQ","A","NXEHOY","MEWOYXUSFCHA","GBVDUI","OJWIUFS","GWETR","PUTK","XVFDTRAJ","KECIQSPGB","WOKEDJI","CABGTI","IOUM","QXWPGIFBRLMEDUCTHJKOYSAVN","YWUPNGS","OUPRIQLK","XHAWUIL","E","OUPRQ","HRAIXGLDQCYMVBWPUJ","NAP","HCFAWYEOPVIXTRUSJLKNMQDB","TGSJFEHKNLY","IRHXOENTPU","TIQABW","PWYEMQNGH","NTHCRGWEMA","XYNPRGBV","SMXINPOD","MP","TYKQCBFDSRU","WUYAGMBFP","VDB","EPH","MV","JGQDBMCVOXSLUWKHFN","AYMPOC","TRXFAWKBMDGUCYISJP","M","MYVXPJFEICKSHQNWULDTBGORA","JGQCTWAUOKRD","HPS","METPYHJAVONILUFKDXRWCSQ","NOJPGWL","LJVCOF","ECUWH","HICY","","CEYP"],"Placements":[[{"Id":77,"V":6,"NV":6,"TB":0},{"Id":78,"V":6,"NV":6,"TB":0},{"Id":80,"V":5,"NV":5,"TB":0},{"Id":69,"V":4,"NV":4,"TB":0},{"Id":71,"V":4,"NV":4,"TB":0},{"Id":72,"V":4,"NV":4,"TB":0},{"Id":79,"V":4,"NV":4,"TB":0},{"Id":84,"V":4,"NV":4,"TB":0},{"Id":87,"V":4,"NV":4,"TB":0},{"Id":65,"V":3,"NV":3,"TB":0},{"Id":88,"V":3,"NV":3,"TB":0},{"Id":67,"V":2,"NV":2,"TB":0},{"Id":73,"V":2,"NV":2,"TB":0},{"Id":74,"V":2,"NV":2,"TB":0},{"Id":75,"V":2,"NV":2,"TB":0},{"Id":76,"V":2,"NV":2,"TB":0},{"Id":89,"V":2,"NV":2,"TB":0},{"Id":70,"V":1,"NV":1,"TB":0},{"Id":81,"V":1,"NV":1,"TB":0},{"Id":83,"V":1,"NV":1,"TB":0},{"Id":85,"V":1,"NV":1,"TB":0},{"Id":86,"V":1,"NV":1,"TB":0},{"Id":68,"V":0,"NV":0,"TB":0},{"Id":82,"V":0,"NV":0,"TB":0},{"Id":66,"V":0,"NV":0,"TB":3}],[{"Id":77,"V":6,"NV":0,"TB":0},{"Id":78,"V":6,"NV":0,"TB":0},{"Id":80,"V":5,"NV":0,"TB":0},{"Id":69,"V":4,"NV":0,"TB":0},{"Id":71,"V":4,"NV":0,"TB":0},{"Id":72,"V":4,"NV":0,"TB":0},{"Id":79,"V":4,"NV":0,"TB":0},{"Id":84,"V":4,"NV":0,"TB":0},{"Id":87,"V":4,"NV":0,"TB":0},{"Id":65,"V":3,"NV":0,"TB":0},{"Id":88,"V":3,"NV":0,"TB":0},{"Id":67,"V":2,"NV":0,"TB":0},{"Id":73,"V":2,"NV":0,"TB":0},{"Id":74,"V":2,"NV":0,"TB":0},{"Id":75,"V":2,"NV":0,"TB":0},{"Id":76,"V":2,"NV":0,"TB":0},{"Id":89,"V":2,"NV":0,"TB":0},{"Id":70,"V":1,"NV":0,"TB":0},{"Id":81,"V":1,"NV":0,"TB":0},{"Id":83,"V":1,"NV":0,"TB":0},{"Id":85,"V":1,"NV":0,"TB":0},{"Id":86,"V":1,"NV":0,"TB":0},{"Id":82,"V":0,"NV":0,"TB":0},{"Id":68,"V":0,"NV":0,"TB":2}],[{"Id":77,"V":6,"NV":0,"TB":0},{"Id":78,"V":6,"NV":0,"TB":0},{"Id":80,"V":5,"NV":0,"TB":0},{"Id":69,"V":4,"NV":0,"TB":0},{"Id":71,"V":4,"NV":0,"TB":0},{"Id":72,"V":4,"NV":0,"TB":0},{"Id":79,"V":4,"NV":0,"TB":0},{"Id":84,"V":4,"NV":0,"TB":0},{"Id":87,"V":4,"NV":0,"TB":0},{"Id":65,"V":3,"NV":0,"TB":0},{"Id":88,"V":3,"NV":0,"TB":0},{"Id":67,"V":2,"NV":0,"TB":0},{"Id":73,"V":2,"NV":0,"TB":0},{"Id":74,"V":2,"NV":0,"TB":0},{"Id":75,"V":2,"NV":0,"TB":0},{"Id":76,"V":2,"NV":0,"TB":0},{"Id":89,"V":2,"NV":0,"TB":0},{"Id":70,"V":1,"NV":0,"TB":0},{"Id":81,"V":1,"NV":0,"TB":0},{"Id":83,"V":1,"NV":0,"TB":0},{"Id":85,"V":1,"NV":0,"TB":0},{"Id":86,"V":1,"NV":0,"TB":0},{"Id":82,"V":0,"NV":0,"TB":0}],[{"Id":77,"V":6,"NV":0,"TB":0},{"Id":78,"V":6,"NV":0,"TB":0},{"Id":80,"V":5,"NV":0,"TB":0},{"Id":69,"V":4,"NV":0,"TB":0},{"Id":71,"V":4,"NV":0,"TB":0},{"Id":72,"V":4,"NV":0,"TB":0},{"Id":79,"V":4,"NV":0,"TB":0},{"Id":84,"V":4,"NV":0,"TB":0},{"Id":87,"V":4,"NV":0,"TB":0},{"Id":65,"V":3,"NV":0,"TB":0},{"Id":88,"V":3,"NV":0,"TB":0},{"Id":67,"V":2,"NV":0,"TB":0},{"Id":73,"V":2,"NV":0,"TB":0},{"Id":74,"V":2,"NV":0,"TB":0},{"Id":75,"V":2,"NV":0,"TB":0},{"Id":76,"V":2,"NV":0,"TB":0},{"Id":89,"V":2,"NV":0,"TB":0},{"Id":81,"V":1,"NV":0,"TB":0},{"Id":83,"V":1,"NV":0,"TB":0},{"Id":85,"V":1,"NV":0,"TB":0},{"Id":86,"V":1,"NV":0,"TB":0},{"Id":70,"V":1,"NV":0,"TB":5}],[{"Id":77,"V":6,"NV":0,"TB":0},{"Id":78,"V":6,"NV":0,"TB":0},{"Id":80,"V":5,"NV":0,"TB":0},{"Id":69,"V":4,"NV":0,"TB":0},{"Id":71,"V":4,"NV":0,"TB":0},{"Id":72,"V":4,"NV":0,"TB":0},{"Id":79,"V":4,"NV":0,"TB":0},{"Id":84,"V":4,"NV":0,"TB":0},{"Id":87,"V":4,"NV":0,"TB":0},{"Id":65,"V":3,"NV":0,"TB":0},{"Id":88,"V":3,"NV":0,"TB":0},{"Id":67,"V":2,"NV":0,"TB":0},{"Id":73,"V":2,"NV":0,"TB":0},{"Id":74,"V":2,"NV":0,"TB":0},{"Id":75,"V":2,"NV":0,"TB":0},{"Id":76,"V":2,"NV":0,"TB":0},{"Id":81,"V":2,"NV":1,"TB":0},{"Id":89,"V":2,"NV":0,"TB":0},{"Id":83,"V":1,"NV":0,"TB":0},{"Id":85,"V":1,"NV":0,"TB":0},{"Id":86,"V":1,"NV":0,"TB":1}],[{"Id":77,"V":6,"NV":0,"TB":0},{"Id":78,"V":6,"NV":0,"TB":0},{"Id":80,"V":5,"NV":0,"TB":0},{"Id":69,"V":4,"NV":0,"TB":0},{"Id":71,"V":4,"NV":0,"TB":0},{"Id":72,"V":4,"NV":0,"TB":0},{"Id":79,"V":4,"NV":0,"TB":0},{"Id":84,"V":4,"NV":0,"TB":0},{"Id":87,"V":4,"NV":0,"TB":0},{"Id":65,"V":3,"NV":0,"TB":0},{"Id":88,"V":3,"NV":0,"TB":0},{"Id":67,"V":2,"NV":0,"TB":0},{"Id":73,"V":2,"NV":0,"TB":0},{"Id":74,"V":2,"NV":0,"TB":0},{"Id":75,"V":2,"NV":0,"TB":0},{"Id":76,"V":2,"NV":0,"TB":0},{"Id":81,"V":2,"NV":0,"TB":0},{"Id":89,"V":2,"NV":0,"TB":0},{"Id":83,"V":1,"NV":0,"TB":0},{"Id":85,"V":1,"NV":0,"TB":1}],[{"Id":77,"V":6,"NV":0,"TB":0},{"Id":78,"V":6,"NV":0,"TB":0},{"Id":79,"V":5,"NV":1,"TB":0},{"Id":80,"V":5,"NV":0,"TB":0},{"Id":69,"V":4,"NV":0,"TB":0},{"Id":71,"V":4,"NV":0,"TB":0},{"Id":72,"V":4,"NV":0,"TB":0},{"Id":84,"V":4,"NV":0,"TB":0},{"Id":87,"V":4,"NV":0,"TB":0},{"Id":65,"V":3,"NV":0,"TB":0},{"Id":88,"V":3,"NV":0,"TB":0},{"Id":67,"V":2,"NV":0,"TB":0},{"Id":73,"V":2,"NV":0,"TB":0},{"Id":74,"V":2,"NV":0,"TB":0},{"Id":75,"V":2,"NV":0,"TB":0},{"Id":76,"V":2,"NV":0,"TB":0},{"Id":81,"V":2,"NV":0,"TB":0},{"Id":89,"V":2,"NV":0,"TB":0},{"Id":83,"V":1,"NV":0,"TB":0}],[{"Id":77,"V":7,"NV":1,"TB":0},{"Id":78,"V":6,"NV":0,"TB":0},{"Id":79,"V":5,"NV":0,"TB":0},{"Id":80,"V":5,"NV":0,"TB":0},{"Id":69,"V":4,"NV":0,"TB":0},{"Id":71,"V":4,"NV":0,"TB":0},{"Id":72,"V":4,"NV":0,"TB":0},{"Id":84,"V":4,"NV":0,"TB":0},{"Id":87,"V":4,"NV":0,"TB":0},{"Id":65,"V":3,"NV":0,"TB":0},{"Id":88,"V":3,"NV":0,"TB":0},{"Id":67,"V":2,"NV":0,"TB":0},{"Id":73,"V":2,"NV":0,"TB":0},{"Id":74,"V":2,"NV":0,"TB":0},{"Id":76,"V":2,"NV":0,"TB":0},{"Id":81,"V":2,"NV":0,"TB":0},{"Id":89,"V":2,"NV":0,"TB":0},{"Id":75,"V":2,"NV":0,"TB":4}],[{"Id":77,"V":8,"NV":1,"TB":0},{"Id":78,"V":6,"NV":0,"TB":0},{"Id":69,"V":5,"NV":1,"TB":0},{"Id":79,"V":5,"NV":0,"TB":0},{"Id":80,"V":5,"NV":0,"TB":0},{"Id":71,"V":4,"NV":0,"TB":0},{"Id":72,"V":4,"NV":0,"TB":0},{"Id":84,"V":4,"NV":0,"TB":0},{"Id":87,"V":4,"NV":0,"TB":0},{"Id":65,"V":3,"NV":0,"TB":0},{"Id":88,"V":3,"NV":0,"TB":0},{"Id":67,"V":2,"NV":0,"TB":0},{"Id":73,"V":2,"NV":0,"TB":0},{"Id":74,"V":2,"NV":0,"TB":0},{"Id":81,"V":2,"NV":0,"TB":0},{"Id":89,"V":2,"NV":0,"TB":0},{"Id":76,"V":2,"NV":0,"TB":3}],[{"Id":77,"V":8,"NV":0,"TB":0},{"Id":78,"V":6,"NV":0,"TB":0},{"Id":79,"V":6,"NV":1,"TB":0},{"Id":69,"V":5,"NV":0,"TB":0},{"Id":80,"V":5,"NV":0,"TB":0},{"Id":71,"V":4,"NV":0,"TB":0},{"Id":72,"V":4,"NV":0,"TB":0},{"Id":84,"V":4,"NV":0,"TB":0},{"Id":87,"V":4,"NV":0,"TB":0},{"Id":65,"V":3,"NV":0,"TB":0},{"Id":74,"V":3,"NV":1,"TB":0},{"Id":88,"V":3,"NV":0,"TB":0},{"Id":67,"V":2,"NV":0,"TB":0},{"Id":73,"V":2,"NV":0,"TB":0},{"Id":89,"V":2,"NV":0,"TB":0},{"Id":81,"V":2,"NV":0,"TB":2}],[{"Id":77,"V":8,"NV":0,"TB":0},{"Id":78,"V":6,"NV":0,"TB":0},{"Id":79,"V":6,"NV":0,"TB":0},{"Id":69,"V":5,"NV":0,"TB":0},{"Id":80,"V":5,"NV":0,"TB":0},{"Id":84,"V":5,"NV":1,"TB":0},{"Id":71,"V":4,"NV":0,"TB":0},{"Id":72,"V":4,"NV":0,"TB":0},{"Id":87,"V":4,"NV":0,"TB":0},{"Id":88,"V":4,"NV":1,"TB":0},{"Id":65,"V":3,"NV":0,"TB":0},{"Id":74,"V":3,"NV":0,"TB":0},{"Id":67,"V":2,"NV":0,"TB":0},{"Id":73,"V":2,"NV":0,"TB":0},{"Id":89,"V":2,"NV":0,"TB":1}],[{"Id":77,"V":8,"NV":0,"TB":0},{"Id":78,"V":6,"NV":0,"TB":0},{"Id":79,"V":6,"NV":0,"TB":0},{"Id":87,"V":6,"NV":2,"TB":0},{"Id":69,"V":5,"NV":0,"TB":0},{"Id":80,"V":5,"NV":0,"TB":0},{"Id":84,"V":5,"NV":0,"TB":0},{"Id":71,"V":4,"NV":0,"TB":0},{"Id":72,"V":4,"NV":0,"TB":0},{"Id":88,"V":4,"NV":0,"TB":0},{"Id":65,"V":3,"NV":0,"TB":0},{"Id":74,"V":3,"NV":0,"TB":0},{"Id":73,"V":2,"NV":0,"TB":0},{"Id":67,"V":2,"NV":0,"TB":2}],[{"Id":77,"V":8,"NV":0,"TB":0},{"Id":69,"V":6,"NV":1,"TB":0},{"Id":78,"V":6,"NV":0,"TB":0},{"Id":79,"V":6,"NV":0,"TB":0},{"Id":87,"V":6,"NV":0,"TB":0},{"Id":80,"V":5,"NV":0,"TB":0},{"Id":84,"V":5,"NV":0,"TB":0},{"Id":65,"V":4,"NV":1,"TB":0},{"Id":71,"V":4,"NV":0,"TB":0},{"Id":72,"V":4,"NV":0,"TB":0},{"Id":88,"V":4,"NV":0,"TB":0},{"Id":74,"V":3,"NV":0,"TB":0},{"Id":73,"V":2,"NV":0,"TB":0}],[{"Id":77,"V":8,"NV":0,"TB":0},{"Id":79,"V":7,"NV":1,"TB":0},{"Id":69,"V":6,"NV":0,"TB":0},{"Id":78,"V":6,"NV":0,"TB":0},{"Id":87,"V":6,"NV":0,"TB":0},{"Id":72,"V":5,"NV":1,"TB":0},{"Id":80,"V":5,"NV":0,"TB":0},{"Id":84,"V":5,"NV":0,"TB":0},{"Id":65,"V":4,"NV":0,"TB":0},{"Id":71,"V":4,"NV":0,"TB":0},{"Id":88,"V":4,"NV":0,"TB":0},{"Id":74,"V":3,"NV":0,"TB":0}],[{"Id":77,"V":8,"NV":0,"TB":0},{"Id":79,"V":8,"NV":1,"TB":0},{"Id":69,"V":6,"NV":0,"TB":0},{"Id":71,"V":6,"NV":2,"TB":0},{"Id":78,"V":6,"NV":0,"TB":0},{"Id":87,"V":6,"NV":0,"TB":0},{"Id":72,"V":5,"NV":0,"TB":0},{"Id":80,"V":5,"NV":0,"TB":0},{"Id":84,"V":5,"NV":0,"TB":0},{"Id":88,"V":4,"NV":0,"TB":0},{"Id":65,"V":4,"NV":0,"TB":2}],[{"Id":77,"V":9,"NV":1,"TB":0},{"Id":79,"V":8,"NV":0,"TB":0},{"Id":71,"V":7,"NV":1,"TB":0},{"Id":87,"V":7,"NV":1,"TB":0},{"Id":69,"V":6,"NV":0,"TB":0},{"Id":78,"V":6,"NV":0,"TB":0},{"Id":72,"V":5,"NV":0,"TB":0},{"Id":80,"V":5,"NV":0,"TB":0},{"Id":84,"V":5,"NV":0,"TB":0},{"Id":88,"V":4,"NV":0,"TB":0}],[{"Id":77,"V":9,"NV":0,"TB":0},{"Id":79,"V":8,"NV":0,"TB":0},{"Id":87,"V":8,"NV":1,"TB":0},{"Id":71,"V":7,"NV":0,"TB":0},{"Id":78,"V":7,"NV":1,"TB":0},{"Id":69,"V":6,"NV":0,"TB":0},{"Id":72,"V":6,"NV":1,"TB":0},{"Id":84,"V":6,"NV":1,"TB":0},{"Id":80,"V":5,"NV":0,"TB":0}],[{"Id":87,"V":10,"NV":2,"TB":0},{"Id":77,"V":9,"NV":0,"TB":0},{"Id":71,"V":8,"NV":1,"TB":0},{"Id":78,"V":8,"NV":1,"TB":0},{"Id":79,"V":8,"NV":0,"TB":0},{"Id":84,"V":7,"NV":1,"TB":0},{"Id":72,"V":6,"NV":0,"TB":0},{"Id":69,"V":6,"NV":0,"TB":2}],[{"Id":87,"V":11,"NV":1,"TB":0},{"Id":71,"V":9,"NV":1,"TB":0},{"Id":77,"V":9,"NV":0,"TB":0},{"Id":72,"V":8,"NV":2,"TB":0},{"Id":78,"V":8,"NV":0,"TB":0},{"Id":79,"V":8,"NV":0,"TB":0},{"Id":84,"V":7,"NV":0,"TB":0}],[{"Id":87,"V":13,"NV":2,"TB":0},{"Id":71,"V":11,"NV":2,"TB":0},{"Id":77,"V":9,"NV":0,"TB":0},{"Id":78,"V":8,"NV":0,"TB":0},{"Id":79,"V":8,"NV":0,"TB":0},{"Id":72,"V":8,"NV":0,"TB":3}],[{"Id":87,"V":15,"NV":2,"TB":0},{"Id":71,"V":12,"NV":1,"TB":0},{"Id":77,"V":10,"NV":1,"TB":0},{"Id":79,"V":9,"NV":1,"TB":0},{"Id":78,"V":8,"NV":0,"TB":0}],[{"Id":87,"V":15,"NV":0,"TB":0},{"Id":71,"V":14,"NV":2,"TB":0},{"Id":79,"V":12,"NV":3,"TB":0},{"Id":77,"V":11,"NV":1,"TB":0}],[{"Id":87,"V":18,"NV":3,"TB":0},{"Id":71,"V":15,"NV":1,"TB":0},{"Id":79,"V":15,"NV":3,"TB":1}],[{"Id":87,"V":21,"NV":3,"TB":0},{"Id":71,"V":17,"NV":2,"TB":0}],[{"Id":87,"V":29,"NV":8,"TB":0}]],"Expires":1610330832,"SecondsLeft":0}