{"Mtype":"results","Title":"Round 3","PollStarted":"2021-01-25T02:15:33.423059045Z","PollDuration":600000000000,"Options":{"65":"Clovis hugging Brutus (both Male) after saving him.","66":"Zen and Human Raine, bundled in a blanket together. Sitting by a window, sipping hot cocoa and watching the rain fall on a bustling cityscape.","67":"Raine daki","68":"Brutus is a good boi who deserves all the love","69":"Karen finally touched Madelyn's ears","70":"Flora pounces Trace too hard and he loses his memory again.","71":"Zen and Natani have a sparring match. The match ends after one punch since they feel each others pain","72":"Human Nora and Human Reni body swap: Nora studies her new body and gives advice one how to \"improve\" it, while Reni wishes Nora would stop walking around naked.","73":"VV Mike and Kat going on a date","74":"Zen Daki","75":"Wolf Raine as Nessa from Pokemon Sword and Shield.","76":"Road Trip With Willow Future AU Laura tells Willow “We’re gunna break your curse. Just tell me the opposite of your gut feelings.” Willow is terrified to be the ‘navigator’ again.","77":"Clovis changes every option on the omnipoll to a different Brutus pinup suggestion.","78":"Reni, in her anthro form, tries to explain to Nora that proportions affect balance. Nora responds by bwoming Reni, saying it's much more fun that way.","79":"Flora daki redux","80":"Willow Reference Sheet","81":"Frankenstein's monster meets red and he thinks a monster is attacking","82":"Raine as Queen Elsa from the movie Ice Kingdom (FROZEN)","83":"The whole gang in among us, where trace is the imposter","84":"Flora decides to test Stoney to see if he'll be a good companion for her upcoming baby when it's born. She likes him! Good boy!","85":"Sequel to Familiar Grief - A concerned older Maddie comforts a sad, drunk Keith after the loss of Natani.","86":"Clovis as roman emperor Commodus, the greediest emperor.","87":"Keith and Natani surprises everyone by announcing that they are \"gonna do the dirty(s)\" and then proceeds to do the laundry. ","88":"How would the main characters describe the sound of their own voices?","89":"Flora getting mad at league of legends after losing to Laura's team.","90":"Cow Sam, freshly tagged, is up for \"his\" first milking, and on the job is non-other than Brutus. Brutus is excited to try something new. Sam, not so much.","97":"While dueling with Zen in a children's card game, Clovis, \"The Prince of Greed\" activates Pot of Greed and explains what it does. ","98":"Chibi Nibbly"},"ExpectedBallots":73,"CountedBallots":73,"Ballots":["BJC","aSMVTbYXFWH","GJWAaF","XMLHKRUVOCbNBFTSEJPWZAQYIaDG","CMVHEaTA","FTEBWRGSNMbLICKHaU","JAUPCIGNHZ","INZ","CWBGDMZRIJEQHYPbXAOVTUFNLa","PLHNb","BXaTDPLM","N","OYJHS","ECTDWIbSPO","JRGKBEIDbU","SbTM","KNESIPLRC","NHPXILTFS","WILD","M","WGIKJEUD","WSGZD","NCHMBKZJDAGLUTaWXE","RLVXYDFPT","U","CPOGS","IVPOJRDMAYSWBCEKXbQLNFaTUZGH","P","NMYUXbEK","XIFPZ","NHIP","HO","Za","TFZILGWM","TZF","MDE","IZbPO","CTNHEILQX","T","TEOYSWHF","BJSX","XDaHNLJGOERIPQbZVMYKUW","VCGPHFNQSZLIWDXaR","GCEJNP","SaHbYUFMQWCEBR","UNG","PADJUW","DCPAVOJ","GXOPRT","O","XYZWTNCLAbPQSMRVUEFaJOBIGDKH","JCK","LYbQTFVEXHN","KQEZWbJXDOGa","AJDVXMSaCGRT","CPXDELUKJaWMGQHBZSVNFYTbAROI","KCEJAaLDSXOFVb","YbXUKOWAZINDRQST","K","LMa","HNTCP","QaKLTJHGFYVBUXAPbI","KYBb","LJKWXVUECRF","ENbCX","LPbEQRC","VEYSCWLZaRQJ","RHTNQCLVYbZaGXAJ","LRSVbHCXP","XSYEMFVGbRHWZC","CE","TOF","AXFM"],"Placements":[[{"Id":67,"V":6,"NV":6,"TB":0},{"Id":75,"V":5,"NV":5,"TB":0},{"Id":76,"V":5,"NV":5,"TB":0},{"Id":78,"V":5,"NV":5,"TB":0},{"Id":84,"V":5,"NV":5,"TB":0},{"Id":88,"V":5,"NV":5,"TB":0},{"Id":66,"V":3,"NV":3,"TB":0},{"Id":71,"V":3,"NV":3,"TB":0},{"Id":73,"V":3,"NV":3,"TB":0},{"Id":74,"V":3,"NV":3,"TB":0},{"Id":80,"V":3,"NV":3,"TB":0},{"Id":87,"V":3,"NV":3,"TB":0},{"Id":65,"V":2,"NV":2,"TB":0},{"Id":69,"V":2,"NV":2,"TB":0},{"Id":72,"V":2,"NV":2,"TB":0},{"Id":77,"V":2,"NV":2,"TB":0},{"Id":79,"V":2,"NV":2,"TB":0},{"Id":82,"V":2,"NV":2,"TB":0},{"Id":83,"V":2,"NV":2,"TB":0},{"Id":85,"V":2,"NV":2,"TB":0},{"Id":86,"V":2,"NV":2,"TB":0},{"Id":68,"V":1,"NV":1,"TB":0},{"Id":70,"V":1,"NV":1,"TB":0},{"Id":81,"V":1,"NV":1,"TB":0},{"Id":89,"V":1,"NV":1,"TB":0},{"Id":90,"V":1,"NV":1,"TB":0},{"Id":97,"V":1,"NV":1,"TB":0},{"Id":98,"V":0,"NV":0,"TB":0}],[{"Id":67,"V":6,"NV":0,"TB":0},{"Id":75,"V":5,"NV":0,"TB":0},{"Id":76,"V":5,"NV":0,"TB":0},{"Id":78,"V":5,"NV":0,"TB":0},{"Id":84,"V":5,"NV":0,"TB":0},{"Id":88,"V":5,"NV":0,"TB":0},{"Id":66,"V":3,"NV":0,"TB":0},{"Id":71,"V":3,"NV":0,"TB":0},{"Id":73,"V":3,"NV":0,"TB":0},{"Id":74,"V":3,"NV":0,"TB":0},{"Id":80,"V":3,"NV":0,"TB":0},{"Id":87,"V":3,"NV":0,"TB":0},{"Id":65,"V":2,"NV":0,"TB":0},{"Id":69,"V":2,"NV":0,"TB":0},{"Id":72,"V":2,"NV":0,"TB":0},{"Id":77,"V":2,"NV":0,"TB":0},{"Id":79,"V":2,"NV":0,"TB":0},{"Id":82,"V":2,"NV":0,"TB":0},{"Id":83,"V":2,"NV":0,"TB":0},{"Id":85,"V":2,"NV":0,"TB":0},{"Id":86,"V":2,"NV":0,"TB":0},{"Id":68,"V":1,"NV":0,"TB":0},{"Id":70,"V":1,"NV":0,"TB":0},{"Id":81,"V":1,"NV":0,"TB":0},{"Id":89,"V":1,"NV":0,"TB":0},{"Id":90,"V":1,"NV":0,"TB":0},{"Id":97,"V":1,"NV":0,"TB":1}],[{"Id":67,"V":6,"NV":0,"TB":0},{"Id":75,"V":5,"NV":0,"TB":0},{"Id":76,"V":5,"NV":0,"TB":0},{"Id":78,"V":5,"NV":0,"TB":0},{"Id":84,"V":5,"NV":0,"TB":0},{"Id":88,"V":5,"NV":0,"TB":0},{"Id":66,"V":3,"NV":0,"TB":0},{"Id":71,"V":3,"NV":0,"TB":0},{"Id":73,"V":3,"NV":0,"TB":0},{"Id":74,"V":3,"NV":0,"TB":0},{"Id":80,"V":3,"NV":0,"TB":0},{"Id":83,"V":3,"NV":1,"TB":0},{"Id":87,"V":3,"NV":0,"TB":0},{"Id":65,"V":2,"NV":0,"TB":0},{"Id":69,"V":2,"NV":0,"TB":0},{"Id":72,"V":2,"NV":0,"TB":0},{"Id":77,"V":2,"NV":0,"TB":0},{"Id":79,"V":2,"NV":0,"TB":0},{"Id":82,"V":2,"NV":0,"TB":0},{"Id":85,"V":2,"NV":0,"TB":0},{"Id":86,"V":2,"NV":0,"TB":0},{"Id":68,"V":1,"NV":0,"TB":0},{"Id":70,"V":1,"NV":0,"TB":0},{"Id":81,"V":1,"NV":0,"TB":0},{"Id":89,"V":1,"NV":0,"TB":0},{"Id":90,"V":1,"NV":0,"TB":1}],[{"Id":67,"V":6,"NV":0,"TB":0},{"Id":75,"V":5,"NV":0,"TB":0},{"Id":76,"V":5,"NV":0,"TB":0},{"Id":78,"V":5,"NV":0,"TB":0},{"Id":84,"V":5,"NV":0,"TB":0},{"Id":88,"V":5,"NV":0,"TB":0},{"Id":66,"V":3,"NV":0,"TB":0},{"Id":71,"V":3,"NV":0,"TB":0},{"Id":73,"V":3,"NV":0,"TB":0},{"Id":74,"V":3,"NV":0,"TB":0},{"Id":80,"V":3,"NV":0,"TB":0},{"Id":83,"V":3,"NV":0,"TB":0},{"Id":87,"V":3,"NV":0,"TB":0},{"Id":65,"V":2,"NV":0,"TB":0},{"Id":69,"V":2,"NV":0,"TB":0},{"Id":72,"V":2,"NV":0,"TB":0},{"Id":77,"V":2,"NV":0,"TB":0},{"Id":79,"V":2,"NV":0,"TB":0},{"Id":82,"V":2,"NV":0,"TB":0},{"Id":85,"V":2,"NV":0,"TB":0},{"Id":86,"V":2,"NV":0,"TB":0},{"Id":70,"V":1,"NV":0,"TB":0},{"Id":81,"V":1,"NV":0,"TB":0},{"Id":89,"V":1,"NV":0,"TB":0},{"Id":68,"V":1,"NV":0,"TB":4}],[{"Id":67,"V":7,"NV":1,"TB":0},{"Id":75,"V":5,"NV":0,"TB":0},{"Id":76,"V":5,"NV":0,"TB":0},{"Id":78,"V":5,"NV":0,"TB":0},{"Id":84,"V":5,"NV":0,"TB":0},{"Id":88,"V":5,"NV":0,"TB":0},{"Id":66,"V":3,"NV":0,"TB":0},{"Id":71,"V":3,"NV":0,"TB":0},{"Id":73,"V":3,"NV":0,"TB":0},{"Id":74,"V":3,"NV":0,"TB":0},{"Id":80,"V":3,"NV":0,"TB":0},{"Id":83,"V":3,"NV":0,"TB":0},{"Id":87,"V":3,"NV":0,"TB":0},{"Id":65,"V":2,"NV":0,"TB":0},{"Id":69,"V":2,"NV":0,"TB":0},{"Id":72,"V":2,"NV":0,"TB":0},{"Id":77,"V":2,"NV":0,"TB":0},{"Id":79,"V":2,"NV":0,"TB":0},{"Id":82,"V":2,"NV":0,"TB":0},{"Id":85,"V":2,"NV":0,"TB":0},{"Id":86,"V":2,"NV":0,"TB":0},{"Id":81,"V":1,"NV":0,"TB":0},{"Id":89,"V":1,"NV":0,"TB":0},{"Id":70,"V":1,"NV":0,"TB":3}],[{"Id":67,"V":7,"NV":0,"TB":0},{"Id":84,"V":6,"NV":1,"TB":0},{"Id":75,"V":5,"NV":0,"TB":0},{"Id":76,"V":5,"NV":0,"TB":0},{"Id":78,"V":5,"NV":0,"TB":0},{"Id":88,"V":5,"NV":0,"TB":0},{"Id":66,"V":3,"NV":0,"TB":0},{"Id":71,"V":3,"NV":0,"TB":0},{"Id":73,"V":3,"NV":0,"TB":0},{"Id":74,"V":3,"NV":0,"TB":0},{"Id":80,"V":3,"NV":0,"TB":0},{"Id":83,"V":3,"NV":0,"TB":0},{"Id":87,"V":3,"NV":0,"TB":0},{"Id":65,"V":2,"NV":0,"TB":0},{"Id":69,"V":2,"NV":0,"TB":0},{"Id":72,"V":2,"NV":0,"TB":0},{"Id":77,"V":2,"NV":0,"TB":0},{"Id":79,"V":2,"NV":0,"TB":0},{"Id":82,"V":2,"NV":0,"TB":0},{"Id":85,"V":2,"NV":0,"TB":0},{"Id":86,"V":2,"NV":0,"TB":0},{"Id":81,"V":1,"NV":0,"TB":0},{"Id":89,"V":1,"NV":0,"TB":1}],[{"Id":67,"V":7,"NV":0,"TB":0},{"Id":84,"V":6,"NV":0,"TB":0},{"Id":88,"V":6,"NV":1,"TB":0},{"Id":75,"V":5,"NV":0,"TB":0},{"Id":76,"V":5,"NV":0,"TB":0},{"Id":78,"V":5,"NV":0,"TB":0},{"Id":66,"V":3,"NV":0,"TB":0},{"Id":71,"V":3,"NV":0,"TB":0},{"Id":73,"V":3,"NV":0,"TB":0},{"Id":74,"V":3,"NV":0,"TB":0},{"Id":80,"V":3,"NV":0,"TB":0},{"Id":83,"V":3,"NV":0,"TB":0},{"Id":87,"V":3,"NV":0,"TB":0},{"Id":65,"V":2,"NV":0,"TB":0},{"Id":69,"V":2,"NV":0,"TB":0},{"Id":72,"V":2,"NV":0,"TB":0},{"Id":77,"V":2,"NV":0,"TB":0},{"Id":79,"V":2,"NV":0,"TB":0},{"Id":82,"V":2,"NV":0,"TB":0},{"Id":85,"V":2,"NV":0,"TB":0},{"Id":86,"V":2,"NV":0,"TB":0},{"Id":81,"V":1,"NV":0,"TB":0}],[{"Id":67,"V":7,"NV":0,"TB":0},{"Id":75,"V":6,"NV":1,"TB":0},{"Id":84,"V":6,"NV":0,"TB":0},{"Id":88,"V":6,"NV":0,"TB":0},{"Id":76,"V":5,"NV":0,"TB":0},{"Id":78,"V":5,"NV":0,"TB":0},{"Id":66,"V":3,"NV":0,"TB":0},{"Id":71,"V":3,"NV":0,"TB":0},{"Id":73,"V":3,"NV":0,"TB":0},{"Id":74,"V":3,"NV":0,"TB":0},{"Id":80,"V":3,"NV":0,"TB":0},{"Id":83,"V":3,"NV":0,"TB":0},{"Id":87,"V":3,"NV":0,"TB":0},{"Id":65,"V":2,"NV":0,"TB":0},{"Id":69,"V":2,"NV":0,"TB":0},{"Id":72,"V":2,"NV":0,"TB":0},{"Id":77,"V":2,"NV":0,"TB":0},{"Id":79,"V":2,"NV":0,"TB":0},{"Id":82,"V":2,"NV":0,"TB":0},{"Id":86,"V":2,"NV":0,"TB":0},{"Id":85,"V":2,"NV":0,"TB":2}],[{"Id":67,"V":7,"NV":0,"TB":0},{"Id":75,"V":6,"NV":0,"TB":0},{"Id":78,"V":6,"NV":1,"TB":0},{"Id":84,"V":6,"NV":0,"TB":0},{"Id":88,"V":6,"NV":0,"TB":0},{"Id":76,"V":5,"NV":0,"TB":0},{"Id":66,"V":3,"NV":0,"TB":0},{"Id":71,"V":3,"NV":0,"TB":0},{"Id":73,"V":3,"NV":0,"TB":0},{"Id":74,"V":3,"NV":0,"TB":0},{"Id":80,"V":3,"NV":0,"TB":0},{"Id":83,"V":3,"NV":0,"TB":0},{"Id":87,"V":3,"NV":0,"TB":0},{"Id":65,"V":2,"NV":0,"TB":0},{"Id":72,"V":2,"NV":0,"TB":0},{"Id":77,"V":2,"NV":0,"TB":0},{"Id":79,"V":2,"NV":0,"TB":0},{"Id":82,"V":2,"NV":0,"TB":0},{"Id":86,"V":2,"NV":0,"TB":0},{"Id":69,"V":2,"NV":0,"TB":6}],[{"Id":67,"V":8,"NV":1,"TB":0},{"Id":78,"V":7,"NV":1,"TB":0},{"Id":75,"V":6,"NV":0,"TB":0},{"Id":84,"V":6,"NV":0,"TB":0},{"Id":88,"V":6,"NV":0,"TB":0},{"Id":76,"V":5,"NV":0,"TB":0},{"Id":66,"V":3,"NV":0,"TB":0},{"Id":71,"V":3,"NV":0,"TB":0},{"Id":73,"V":3,"NV":0,"TB":0},{"Id":74,"V":3,"NV":0,"TB":0},{"Id":80,"V":3,"NV":0,"TB":0},{"Id":83,"V":3,"NV":0,"TB":0},{"Id":87,"V":3,"NV":0,"TB":0},{"Id":72,"V":2,"NV":0,"TB":0},{"Id":77,"V":2,"NV":0,"TB":0},{"Id":79,"V":2,"NV":0,"TB":0},{"Id":82,"V":2,"NV":0,"TB":0},{"Id":86,"V":2,"NV":0,"TB":0},{"Id":65,"V":2,"NV":0,"TB":6}],[{"Id":67,"V":8,"NV":0,"TB":0},{"Id":78,"V":7,"NV":0,"TB":0},{"Id":88,"V":7,"NV":1,"TB":0},{"Id":75,"V":6,"NV":0,"TB":0},{"Id":84,"V":6,"NV":0,"TB":0},{"Id":76,"V":5,"NV":0,"TB":0},{"Id":74,"V":4,"NV":1,"TB":0},{"Id":66,"V":3,"NV":0,"TB":0},{"Id":71,"V":3,"NV":0,"TB":0},{"Id":73,"V":3,"NV":0,"TB":0},{"Id":80,"V":3,"NV":0,"TB":0},{"Id":83,"V":3,"NV":0,"TB":0},{"Id":87,"V":3,"NV":0,"TB":0},{"Id":72,"V":2,"NV":0,"TB":0},{"Id":77,"V":2,"NV":0,"TB":0},{"Id":79,"V":2,"NV":0,"TB":0},{"Id":86,"V":2,"NV":0,"TB":0},{"Id":82,"V":2,"NV":0,"TB":2}],[{"Id":67,"V":8,"NV":0,"TB":0},{"Id":78,"V":7,"NV":0,"TB":0},{"Id":88,"V":7,"NV":0,"TB":0},{"Id":75,"V":6,"NV":0,"TB":0},{"Id":76,"V":6,"NV":1,"TB":0},{"Id":84,"V":6,"NV":0,"TB":0},{"Id":74,"V":4,"NV":0,"TB":0},{"Id":66,"V":3,"NV":0,"TB":0},{"Id":71,"V":3,"NV":0,"TB":0},{"Id":72,"V":3,"NV":1,"TB":0},{"Id":73,"V":3,"NV":0,"TB":0},{"Id":80,"V":3,"NV":0,"TB":0},{"Id":83,"V":3,"NV":0,"TB":0},{"Id":87,"V":3,"NV":0,"TB":0},{"Id":77,"V":2,"NV":0,"TB":0},{"Id":79,"V":2,"NV":0,"TB":0},{"Id":86,"V":2,"NV":0,"TB":1}],[{"Id":67,"V":9,"NV":1,"TB":0},{"Id":78,"V":7,"NV":0,"TB":0},{"Id":88,"V":7,"NV":0,"TB":0},{"Id":75,"V":6,"NV":0,"TB":0},{"Id":76,"V":6,"NV":0,"TB":0},{"Id":84,"V":6,"NV":0,"TB":0},{"Id":74,"V":4,"NV":0,"TB":0},{"Id":83,"V":4,"NV":1,"TB":0},{"Id":66,"V":3,"NV":0,"TB":0},{"Id":71,"V":3,"NV":0,"TB":0},{"Id":72,"V":3,"NV":0,"TB":0},{"Id":73,"V":3,"NV":0,"TB":0},{"Id":80,"V":3,"NV":0,"TB":0},{"Id":87,"V":3,"NV":0,"TB":0},{"Id":79,"V":2,"NV":0,"TB":0},{"Id":77,"V":2,"NV":0,"TB":2}],[{"Id":67,"V":9,"NV":0,"TB":0},{"Id":78,"V":7,"NV":0,"TB":0},{"Id":88,"V":7,"NV":0,"TB":0},{"Id":75,"V":6,"NV":0,"TB":0},{"Id":76,"V":6,"NV":0,"TB":0},{"Id":84,"V":6,"NV":0,"TB":0},{"Id":74,"V":4,"NV":0,"TB":0},{"Id":83,"V":4,"NV":0,"TB":0},{"Id":66,"V":3,"NV":0,"TB":0},{"Id":71,"V":3,"NV":0,"TB":0},{"Id":72,"V":3,"NV":0,"TB":0},{"Id":73,"V":3,"NV":0,"TB":0},{"Id":80,"V":3,"NV":0,"TB":0},{"Id":87,"V":3,"NV":0,"TB":0},{"Id":79,"V":2,"NV":0,"TB":0}],[{"Id":67,"V":9,"NV":0,"TB":0},{"Id":78,"V":7,"NV":0,"TB":0},{"Id":88,"V":7,"NV":0,"TB":0},{"Id":75,"V":6,"NV":0,"TB":0},{"Id":76,"V":6,"NV":0,"TB":0},{"Id":84,"V":6,"NV":0,"TB":0},{"Id":74,"V":5,"NV":1,"TB":0},{"Id":83,"V":4,"NV":0,"TB":0},{"Id":66,"V":3,"NV":0,"TB":0},{"Id":71,"V":3,"NV":0,"TB":0},{"Id":72,"V":3,"NV":0,"TB":0},{"Id":73,"V":3,"NV":0,"TB":0},{"Id":80,"V":3,"NV":0,"TB":0},{"Id":87,"V":3,"NV":0,"TB":1}],[{"Id":67,"V":9,"NV":0,"TB":0},{"Id":78,"V":7,"NV":0,"TB":0},{"Id":88,"V":7,"NV":0,"TB":0},{"Id":75,"V":6,"NV":0,"TB":0},{"Id":76,"V":6,"NV":0,"TB":0},{"Id":84,"V":6,"NV":0,"TB":0},{"Id":74,"V":5,"NV":0,"TB":0},{"Id":83,"V":5,"NV":1,"TB":0},{"Id":71,"V":4,"NV":1,"TB":0},{"Id":73,"V":4,"NV":1,"TB":0},{"Id":66,"V":3,"NV":0,"TB":0},{"Id":72,"V":3,"NV":0,"TB":0},{"Id":80,"V":3,"NV":0,"TB":1}],[{"Id":67,"V":9,"NV":0,"TB":0},{"Id":76,"V":7,"NV":1,"TB":0},{"Id":78,"V":7,"NV":0,"TB":0},{"Id":88,"V":7,"NV":0,"TB":0},{"Id":74,"V":6,"NV":1,"TB":0},{"Id":75,"V":6,"NV":0,"TB":0},{"Id":84,"V":6,"NV":0,"TB":0},{"Id":83,"V":5,"NV":0,"TB":0},{"Id":71,"V":4,"NV":0,"TB":0},{"Id":73,"V":4,"NV":0,"TB":0},{"Id":66,"V":3,"NV":0,"TB":0},{"Id":72,"V":3,"NV":0,"TB":1}],[{"Id":67,"V":9,"NV":0,"TB":0},{"Id":78,"V":8,"NV":1,"TB":0},{"Id":76,"V":7,"NV":0,"TB":0},{"Id":84,"V":7,"NV":1,"TB":0},{"Id":88,"V":7,"NV":0,"TB":0},{"Id":74,"V":6,"NV":0,"TB":0},{"Id":75,"V":6,"NV":0,"TB":0},{"Id":83,"V":5,"NV":0,"TB":0},{"Id":71,"V":4,"NV":0,"TB":0},{"Id":73,"V":4,"NV":0,"TB":0},{"Id":66,"V":3,"NV":0,"TB":0}],[{"Id":67,"V":9,"NV":0,"TB":0},{"Id":74,"V":8,"NV":2,"TB":0},{"Id":78,"V":8,"NV":0,"TB":0},{"Id":88,"V":8,"NV":1,"TB":0},{"Id":76,"V":7,"NV":0,"TB":0},{"Id":84,"V":7,"NV":0,"TB":0},{"Id":75,"V":6,"NV":0,"TB":0},{"Id":83,"V":5,"NV":0,"TB":0},{"Id":73,"V":4,"NV":0,"TB":0},{"Id":71,"V":4,"NV":0,"TB":2}],[{"Id":67,"V":10,"NV":1,"TB":0},{"Id":74,"V":9,"NV":1,"TB":0},{"Id":88,"V":9,"NV":1,"TB":0},{"Id":78,"V":8,"NV":0,"TB":0},{"Id":76,"V":7,"NV":0,"TB":0},{"Id":84,"V":7,"NV":0,"TB":0},{"Id":75,"V":6,"NV":0,"TB":0},{"Id":73,"V":5,"NV":1,"TB":0},{"Id":83,"V":5,"NV":0,"TB":1}],[{"Id":67,"V":12,"NV":2,"TB":0},{"Id":74,"V":9,"NV":0,"TB":0},{"Id":84,"V":9,"NV":2,"TB":0},{"Id":88,"V":9,"NV":0,"TB":0},{"Id":78,"V":8,"NV":0,"TB":0},{"Id":76,"V":7,"NV":0,"TB":0},{"Id":75,"V":6,"NV":0,"TB":0},{"Id":73,"V":5,"NV":0,"TB":0}],[{"Id":67,"V":12,"NV":0,"TB":0},{"Id":74,"V":10,"NV":1,"TB":0},{"Id":78,"V":9,"NV":1,"TB":0},{"Id":84,"V":9,"NV":0,"TB":0},{"Id":88,"V":9,"NV":0,"TB":0},{"Id":76,"V":8,"NV":1,"TB":0},{"Id":75,"V":7,"NV":1,"TB":0}],[{"Id":67,"V":13,"NV":1,"TB":0},{"Id":74,"V":12,"NV":2,"TB":0},{"Id":78,"V":10,"NV":1,"TB":0},{"Id":84,"V":9,"NV":0,"TB":0},{"Id":88,"V":9,"NV":0,"TB":0},{"Id":76,"V":9,"NV":1,"TB":3}],[{"Id":67,"V":15,"NV":2,"TB":0},{"Id":74,"V":13,"NV":1,"TB":0},{"Id":78,"V":11,"NV":1,"TB":0},{"Id":84,"V":11,"NV":2,"TB":0},{"Id":88,"V":10,"NV":1,"TB":0}],[{"Id":67,"V":17,"NV":2,"TB":0},{"Id":84,"V":15,"NV":4,"TB":0},{"Id":74,"V":13,"NV":0,"TB":0},{"Id":78,"V":13,"NV":2,"TB":1}],[{"Id":67,"V":20,"NV":3,"TB":0},{"Id":84,"V":18,"NV":3,"TB":0},{"Id":74,"V":14,"NV":1,"TB":0}],[{"Id":67,"V":26,"NV":6,"TB":0},{"Id":84,"V":18,"NV":0,"TB":0}],[{"Id":67,"V":30,"NV":4,"TB":0}]],"Expires":1611542133,"SecondsLeft":0}