{"Mtype":"results","Title":"Round 1","PollStarted":"2021-01-10T21:09:37.664629091Z","PollDuration":600000000000,"Options":{"65":"Colin and Sam As DoomGuy and Daisy","66":"Willow Daki","67":"Hide and seek with Ms. Nibbly! She is hiding somewhere in the picture","68":"Wolf Raine wearing short tight shorts and short top, giving her most sensuous pose and wishing happy new year to fans","69":"Half-keidran Raine meets human Holo from the “Spice and Wolf”.","70":"As punishment Roan is transformed into a parrot so that Clovis can keep a close eye on him.","71":"Twokinds High: The player stumbles into no-clothes Kathrin informing Mike and Evals about the new dress code and enthusiastically trying to convince them to join in on the fur-only trend.","72":"Couple retreat: Keith and Nat shocked to see King Jade on the island with her new \"boyfriend\" ( A Male dragon held against his will by King) Maddie not sure how to react.","73":"Maren's pet grooming instincts kick in and she decides to give Sythe a bath... together.","74":"Kat and VV Mike head on a date together on a frosty evening.","75":"Undercover Maddie Finale. Maddie has safely made her way back home and is preparing to give a report on what was learned... But... What DID we learn???","76":"Young Alaric convinces a young Keith to sneak into the female Basitin bath house.","77":"Fourway body swap between Karen, Madelyn, Maeve and Reni","78":"Willow mourns the loss of her first friend, having unwittingly her to an untimely demise, she cradles her body while possessing it","79":"Natani, Zen, and Sythe as the wolves from the music video Magnum Bullets.","80":"Frankenstein's monster meets red and he thinks a monster is attacking","81":"Sam and Colin going on there first date together.","82":"Kathrin Winter fashion","83":"Laura walks in, pleasantly surprised to see a shocked, newly transformed Very Vixen Keith","84":"Twokinds High: rival sports stars Keith and Natani get in an argument. The player asks if this is how they flirt","85":"Snep daddy daki (the big snep from the holiday with the sneps sketch)","86":"The main four as survivors on a deserted island. Trace is cooking fish and burning it, Keith is trying to catch fish while Flora attaches the fishing hook to his pants without him knowing, and Natani is trying to murder a shark that tore off his chest bindings.","87":"Raine/Rose AU: Rose and Raine ring in the new year with Trace and Saria at the Legacy Estate New Years party ","88":"Cat Nora tries to quietly spy for the main characters, but everyone reveals her disguise. She forgot to change her weight, so 9 ton cat looks very suspicious.","89":"TwoKids: Young Trace and Kid Keith frolic in the snow with Kitten Flora and Puptani."},"ExpectedBallots":79,"CountedBallots":79,"Ballots":["UQOWEAB","MIFJR","UIKVTDLGFQSRBYJWPXHECM","SJB","K","IQN","IYNBURJHDS","BNS","NRWYLUIQEKD","QW","VCYXMTSNRKG","WULEDNCRK","IJMDASQGHTXLWU","YNLI","HOTKS","YVTWLHN","ILROD","VTYMHXG","WQXNILKA","FVXWG","YRLNVKWIUPHC","HFNXJAIYVOC","ST","IVH","KWY","JSYVDLCKGQM","YWVHTF","SJIHQMBXRDONYGKT","OTYGLVIR","YUQIK","IEA","HIYUEQT","FRIKNJDHXUGQ","DRGSOEXNVY","GLE","SJDRBGC","VTHI","GXDR","RQ","ILNX","XRPNBACQTSYKFOLI","HIWOLJKSDT","EDGSRTJLXCMI","NBDYWPHSKVJTCAFRLQOXGEMIU","SCPDNAQYVXWI","UWHQ","JYFCMWETIUVLORKDSNGXPABHQ","BWQNSCXULOFHY","MSBK","WKEANQIX","VCLYHXUTIJM","IKBXJCQR","KX","GJRT","AIKBHSNDVPUTWE","GSYELK","JSL","PEHDLNISOQRJFCAXMYKUWTBGV","XQBRCIMOEL","PVDNUBXRKSIQFHGMJA","MGS","GSWPYATXVKICN","D","NYMVKBO","GIQEJWSUNBMLRACXTH","","DRXMF","CQUSEABPMLRGTDHVF","JRDIOEMUGC","UGRLWI","CNVEXTMPDS","EBNIK","NCLXSRVPYW","BYHMGUVTKFLD","BDVQUENG","","NGXL","MD","Q"],"Placements":[[{"Id":73,"V":8,"NV":8,"TB":0},{"Id":71,"V":6,"NV":6,"TB":0},{"Id":78,"V":5,"NV":5,"TB":0},{"Id":83,"V":5,"NV":5,"TB":0},{"Id":89,"V":5,"NV":5,"TB":0},{"Id":66,"V":4,"NV":4,"TB":0},{"Id":72,"V":4,"NV":4,"TB":0},{"Id":74,"V":4,"NV":4,"TB":0},{"Id":77,"V":4,"NV":4,"TB":0},{"Id":85,"V":4,"NV":4,"TB":0},{"Id":86,"V":4,"NV":4,"TB":0},{"Id":68,"V":3,"NV":3,"TB":0},{"Id":75,"V":3,"NV":3,"TB":0},{"Id":87,"V":3,"NV":3,"TB":0},{"Id":67,"V":2,"NV":2,"TB":0},{"Id":69,"V":2,"NV":2,"TB":0},{"Id":70,"V":2,"NV":2,"TB":0},{"Id":80,"V":2,"NV":2,"TB":0},{"Id":81,"V":2,"NV":2,"TB":0},{"Id":88,"V":2,"NV":2,"TB":0},{"Id":65,"V":1,"NV":1,"TB":0},{"Id":79,"V":1,"NV":1,"TB":0},{"Id":82,"V":1,"NV":1,"TB":0},{"Id":84,"V":0,"NV":0,"TB":0},{"Id":76,"V":0,"NV":0,"TB":2}],[{"Id":73,"V":8,"NV":0,"TB":0},{"Id":71,"V":6,"NV":0,"TB":0},{"Id":78,"V":5,"NV":0,"TB":0},{"Id":83,"V":5,"NV":0,"TB":0},{"Id":89,"V":5,"NV":0,"TB":0},{"Id":66,"V":4,"NV":0,"TB":0},{"Id":72,"V":4,"NV":0,"TB":0},{"Id":74,"V":4,"NV":0,"TB":0},{"Id":77,"V":4,"NV":0,"TB":0},{"Id":85,"V":4,"NV":0,"TB":0},{"Id":86,"V":4,"NV":0,"TB":0},{"Id":68,"V":3,"NV":0,"TB":0},{"Id":75,"V":3,"NV":0,"TB":0},{"Id":87,"V":3,"NV":0,"TB":0},{"Id":67,"V":2,"NV":0,"TB":0},{"Id":69,"V":2,"NV":0,"TB":0},{"Id":70,"V":2,"NV":0,"TB":0},{"Id":80,"V":2,"NV":0,"TB":0},{"Id":81,"V":2,"NV":0,"TB":0},{"Id":88,"V":2,"NV":0,"TB":0},{"Id":65,"V":1,"NV":0,"TB":0},{"Id":79,"V":1,"NV":0,"TB":0},{"Id":82,"V":1,"NV":0,"TB":0},{"Id":84,"V":0,"NV":0,"TB":0}],[{"Id":73,"V":8,"NV":0,"TB":0},{"Id":71,"V":6,"NV":0,"TB":0},{"Id":78,"V":5,"NV":0,"TB":0},{"Id":83,"V":5,"NV":0,"TB":0},{"Id":89,"V":5,"NV":0,"TB":0},{"Id":66,"V":4,"NV":0,"TB":0},{"Id":72,"V":4,"NV":0,"TB":0},{"Id":74,"V":4,"NV":0,"TB":0},{"Id":77,"V":4,"NV":0,"TB":0},{"Id":85,"V":4,"NV":0,"TB":0},{"Id":86,"V":4,"NV":0,"TB":0},{"Id":68,"V":3,"NV":0,"TB":0},{"Id":75,"V":3,"NV":0,"TB":0},{"Id":87,"V":3,"NV":0,"TB":0},{"Id":67,"V":2,"NV":0,"TB":0},{"Id":69,"V":2,"NV":0,"TB":0},{"Id":70,"V":2,"NV":0,"TB":0},{"Id":80,"V":2,"NV":0,"TB":0},{"Id":81,"V":2,"NV":0,"TB":0},{"Id":88,"V":2,"NV":0,"TB":0},{"Id":65,"V":1,"NV":0,"TB":0},{"Id":79,"V":1,"NV":0,"TB":0},{"Id":82,"V":1,"NV":0,"TB":1}],[{"Id":73,"V":8,"NV":0,"TB":0},{"Id":71,"V":6,"NV":0,"TB":0},{"Id":78,"V":5,"NV":0,"TB":0},{"Id":83,"V":5,"NV":0,"TB":0},{"Id":89,"V":5,"NV":0,"TB":0},{"Id":66,"V":4,"NV":0,"TB":0},{"Id":72,"V":4,"NV":0,"TB":0},{"Id":74,"V":4,"NV":0,"TB":0},{"Id":77,"V":4,"NV":0,"TB":0},{"Id":85,"V":4,"NV":0,"TB":0},{"Id":86,"V":4,"NV":0,"TB":0},{"Id":68,"V":3,"NV":0,"TB":0},{"Id":75,"V":3,"NV":0,"TB":0},{"Id":81,"V":3,"NV":1,"TB":0},{"Id":87,"V":3,"NV":0,"TB":0},{"Id":67,"V":2,"NV":0,"TB":0},{"Id":69,"V":2,"NV":0,"TB":0},{"Id":70,"V":2,"NV":0,"TB":0},{"Id":80,"V":2,"NV":0,"TB":0},{"Id":88,"V":2,"NV":0,"TB":0},{"Id":65,"V":1,"NV":0,"TB":0},{"Id":79,"V":1,"NV":0,"TB":1}],[{"Id":73,"V":8,"NV":0,"TB":0},{"Id":71,"V":6,"NV":0,"TB":0},{"Id":89,"V":6,"NV":1,"TB":0},{"Id":78,"V":5,"NV":0,"TB":0},{"Id":83,"V":5,"NV":0,"TB":0},{"Id":66,"V":4,"NV":0,"TB":0},{"Id":72,"V":4,"NV":0,"TB":0},{"Id":74,"V":4,"NV":0,"TB":0},{"Id":77,"V":4,"NV":0,"TB":0},{"Id":85,"V":4,"NV":0,"TB":0},{"Id":86,"V":4,"NV":0,"TB":0},{"Id":68,"V":3,"NV":0,"TB":0},{"Id":75,"V":3,"NV":0,"TB":0},{"Id":81,"V":3,"NV":0,"TB":0},{"Id":87,"V":3,"NV":0,"TB":0},{"Id":67,"V":2,"NV":0,"TB":0},{"Id":69,"V":2,"NV":0,"TB":0},{"Id":70,"V":2,"NV":0,"TB":0},{"Id":80,"V":2,"NV":0,"TB":0},{"Id":88,"V":2,"NV":0,"TB":0},{"Id":65,"V":1,"NV":0,"TB":0}],[{"Id":73,"V":9,"NV":1,"TB":0},{"Id":71,"V":6,"NV":0,"TB":0},{"Id":89,"V":6,"NV":0,"TB":0},{"Id":78,"V":5,"NV":0,"TB":0},{"Id":83,"V":5,"NV":0,"TB":0},{"Id":66,"V":4,"NV":0,"TB":0},{"Id":72,"V":4,"NV":0,"TB":0},{"Id":74,"V":4,"NV":0,"TB":0},{"Id":77,"V":4,"NV":0,"TB":0},{"Id":85,"V":4,"NV":0,"TB":0},{"Id":86,"V":4,"NV":0,"TB":0},{"Id":68,"V":3,"NV":0,"TB":0},{"Id":75,"V":3,"NV":0,"TB":0},{"Id":81,"V":3,"NV":0,"TB":0},{"Id":87,"V":3,"NV":0,"TB":0},{"Id":67,"V":2,"NV":0,"TB":0},{"Id":70,"V":2,"NV":0,"TB":0},{"Id":80,"V":2,"NV":0,"TB":0},{"Id":88,"V":2,"NV":0,"TB":0},{"Id":69,"V":2,"NV":0,"TB":4}],[{"Id":73,"V":9,"NV":0,"TB":0},{"Id":71,"V":6,"NV":0,"TB":0},{"Id":89,"V":6,"NV":0,"TB":0},{"Id":66,"V":5,"NV":1,"TB":0},{"Id":78,"V":5,"NV":0,"TB":0},{"Id":83,"V":5,"NV":0,"TB":0},{"Id":68,"V":4,"NV":1,"TB":0},{"Id":72,"V":4,"NV":0,"TB":0},{"Id":74,"V":4,"NV":0,"TB":0},{"Id":77,"V":4,"NV":0,"TB":0},{"Id":85,"V":4,"NV":0,"TB":0},{"Id":86,"V":4,"NV":0,"TB":0},{"Id":75,"V":3,"NV":0,"TB":0},{"Id":81,"V":3,"NV":0,"TB":0},{"Id":87,"V":3,"NV":0,"TB":0},{"Id":67,"V":2,"NV":0,"TB":0},{"Id":70,"V":2,"NV":0,"TB":0},{"Id":80,"V":2,"NV":0,"TB":0},{"Id":88,"V":2,"NV":0,"TB":1}],[{"Id":73,"V":9,"NV":0,"TB":0},{"Id":71,"V":6,"NV":0,"TB":0},{"Id":89,"V":6,"NV":0,"TB":0},{"Id":66,"V":5,"NV":0,"TB":0},{"Id":78,"V":5,"NV":0,"TB":0},{"Id":83,"V":5,"NV":0,"TB":0},{"Id":68,"V":4,"NV":0,"TB":0},{"Id":72,"V":4,"NV":0,"TB":0},{"Id":74,"V":4,"NV":0,"TB":0},{"Id":77,"V":4,"NV":0,"TB":0},{"Id":81,"V":4,"NV":1,"TB":0},{"Id":85,"V":4,"NV":0,"TB":0},{"Id":86,"V":4,"NV":0,"TB":0},{"Id":75,"V":3,"NV":0,"TB":0},{"Id":80,"V":3,"NV":1,"TB":0},{"Id":87,"V":3,"NV":0,"TB":0},{"Id":70,"V":2,"NV":0,"TB":0},{"Id":67,"V":2,"NV":0,"TB":2}],[{"Id":73,"V":9,"NV":0,"TB":0},{"Id":71,"V":6,"NV":0,"TB":0},{"Id":78,"V":6,"NV":1,"TB":0},{"Id":89,"V":6,"NV":0,"TB":0},{"Id":66,"V":5,"NV":0,"TB":0},{"Id":81,"V":5,"NV":1,"TB":0},{"Id":83,"V":5,"NV":0,"TB":0},{"Id":68,"V":4,"NV":0,"TB":0},{"Id":72,"V":4,"NV":0,"TB":0},{"Id":74,"V":4,"NV":0,"TB":0},{"Id":77,"V":4,"NV":0,"TB":0},{"Id":85,"V":4,"NV":0,"TB":0},{"Id":86,"V":4,"NV":0,"TB":0},{"Id":75,"V":3,"NV":0,"TB":0},{"Id":80,"V":3,"NV":0,"TB":0},{"Id":87,"V":3,"NV":0,"TB":0},{"Id":70,"V":2,"NV":0,"TB":0}],[{"Id":73,"V":10,"NV":1,"TB":0},{"Id":71,"V":6,"NV":0,"TB":0},{"Id":78,"V":6,"NV":0,"TB":0},{"Id":89,"V":6,"NV":0,"TB":0},{"Id":66,"V":5,"NV":0,"TB":0},{"Id":81,"V":5,"NV":0,"TB":0},{"Id":83,"V":5,"NV":0,"TB":0},{"Id":86,"V":5,"NV":1,"TB":0},{"Id":68,"V":4,"NV":0,"TB":0},{"Id":72,"V":4,"NV":0,"TB":0},{"Id":74,"V":4,"NV":0,"TB":0},{"Id":77,"V":4,"NV":0,"TB":0},{"Id":85,"V":4,"NV":0,"TB":0},{"Id":80,"V":3,"NV":0,"TB":0},{"Id":87,"V":3,"NV":0,"TB":0},{"Id":75,"V":3,"NV":0,"TB":3}],[{"Id":73,"V":10,"NV":0,"TB":0},{"Id":71,"V":6,"NV":0,"TB":0},{"Id":78,"V":6,"NV":0,"TB":0},{"Id":89,"V":6,"NV":0,"TB":0},{"Id":66,"V":5,"NV":0,"TB":0},{"Id":81,"V":5,"NV":0,"TB":0},{"Id":83,"V":5,"NV":0,"TB":0},{"Id":86,"V":5,"NV":0,"TB":0},{"Id":68,"V":4,"NV":0,"TB":0},{"Id":72,"V":4,"NV":0,"TB":0},{"Id":74,"V":4,"NV":0,"TB":0},{"Id":77,"V":4,"NV":0,"TB":0},{"Id":85,"V":4,"NV":0,"TB":0},{"Id":87,"V":4,"NV":1,"TB":0},{"Id":80,"V":3,"NV":0,"TB":0}],[{"Id":73,"V":10,"NV":0,"TB":0},{"Id":78,"V":7,"NV":1,"TB":0},{"Id":71,"V":6,"NV":0,"TB":0},{"Id":86,"V":6,"NV":1,"TB":0},{"Id":89,"V":6,"NV":0,"TB":0},{"Id":66,"V":5,"NV":0,"TB":0},{"Id":72,"V":5,"NV":1,"TB":0},{"Id":81,"V":5,"NV":0,"TB":0},{"Id":83,"V":5,"NV":0,"TB":0},{"Id":68,"V":4,"NV":0,"TB":0},{"Id":77,"V":4,"NV":0,"TB":0},{"Id":85,"V":4,"NV":0,"TB":0},{"Id":87,"V":4,"NV":0,"TB":0},{"Id":74,"V":4,"NV":0,"TB":4}],[{"Id":73,"V":10,"NV":0,"TB":0},{"Id":78,"V":7,"NV":0,"TB":0},{"Id":83,"V":7,"NV":2,"TB":0},{"Id":89,"V":7,"NV":1,"TB":0},{"Id":71,"V":6,"NV":0,"TB":0},{"Id":86,"V":6,"NV":0,"TB":0},{"Id":66,"V":5,"NV":0,"TB":0},{"Id":68,"V":5,"NV":1,"TB":0},{"Id":72,"V":5,"NV":0,"TB":0},{"Id":81,"V":5,"NV":0,"TB":0},{"Id":77,"V":4,"NV":0,"TB":0},{"Id":85,"V":4,"NV":0,"TB":0},{"Id":87,"V":4,"NV":0,"TB":1}],[{"Id":73,"V":10,"NV":0,"TB":0},{"Id":78,"V":8,"NV":1,"TB":0},{"Id":89,"V":8,"NV":1,"TB":0},{"Id":83,"V":7,"NV":0,"TB":0},{"Id":71,"V":6,"NV":0,"TB":0},{"Id":81,"V":6,"NV":1,"TB":0},{"Id":86,"V":6,"NV":0,"TB":0},{"Id":66,"V":5,"NV":0,"TB":0},{"Id":68,"V":5,"NV":0,"TB":0},{"Id":72,"V":5,"NV":0,"TB":0},{"Id":85,"V":5,"NV":1,"TB":0},{"Id":77,"V":4,"NV":0,"TB":0}],[{"Id":73,"V":11,"NV":1,"TB":0},{"Id":78,"V":8,"NV":0,"TB":0},{"Id":83,"V":8,"NV":1,"TB":0},{"Id":89,"V":8,"NV":0,"TB":0},{"Id":71,"V":7,"NV":1,"TB":0},{"Id":68,"V":6,"NV":1,"TB":0},{"Id":81,"V":6,"NV":0,"TB":0},{"Id":86,"V":6,"NV":0,"TB":0},{"Id":66,"V":5,"NV":0,"TB":0},{"Id":72,"V":5,"NV":0,"TB":0},{"Id":85,"V":5,"NV":0,"TB":1}],[{"Id":73,"V":12,"NV":1,"TB":0},{"Id":71,"V":8,"NV":1,"TB":0},{"Id":78,"V":8,"NV":0,"TB":0},{"Id":83,"V":8,"NV":0,"TB":0},{"Id":89,"V":8,"NV":0,"TB":0},{"Id":68,"V":7,"NV":1,"TB":0},{"Id":81,"V":7,"NV":1,"TB":0},{"Id":72,"V":6,"NV":1,"TB":0},{"Id":86,"V":6,"NV":0,"TB":0},{"Id":66,"V":5,"NV":0,"TB":0}],[{"Id":73,"V":12,"NV":0,"TB":0},{"Id":78,"V":10,"NV":2,"TB":0},{"Id":89,"V":9,"NV":1,"TB":0},{"Id":68,"V":8,"NV":1,"TB":0},{"Id":71,"V":8,"NV":0,"TB":0},{"Id":81,"V":8,"NV":1,"TB":0},{"Id":83,"V":8,"NV":0,"TB":0},{"Id":86,"V":6,"NV":0,"TB":0},{"Id":72,"V":6,"NV":0,"TB":2}],[{"Id":73,"V":14,"NV":2,"TB":0},{"Id":78,"V":11,"NV":1,"TB":0},{"Id":68,"V":9,"NV":1,"TB":0},{"Id":81,"V":9,"NV":1,"TB":0},{"Id":83,"V":9,"NV":1,"TB":0},{"Id":89,"V":9,"NV":0,"TB":0},{"Id":71,"V":8,"NV":0,"TB":0},{"Id":86,"V":6,"NV":0,"TB":0}],[{"Id":73,"V":15,"NV":1,"TB":0},{"Id":89,"V":12,"NV":3,"TB":0},{"Id":78,"V":11,"NV":0,"TB":0},{"Id":68,"V":10,"NV":1,"TB":0},{"Id":81,"V":9,"NV":0,"TB":0},{"Id":83,"V":9,"NV":0,"TB":0},{"Id":71,"V":9,"NV":1,"TB":3}],[{"Id":73,"V":17,"NV":2,"TB":0},{"Id":83,"V":12,"NV":3,"TB":0},{"Id":89,"V":12,"NV":0,"TB":0},{"Id":68,"V":11,"NV":1,"TB":0},{"Id":78,"V":11,"NV":0,"TB":0},{"Id":81,"V":9,"NV":0,"TB":0}],[{"Id":73,"V":18,"NV":1,"TB":0},{"Id":78,"V":13,"NV":2,"TB":0},{"Id":83,"V":13,"NV":1,"TB":0},{"Id":89,"V":12,"NV":0,"TB":0},{"Id":68,"V":11,"NV":0,"TB":0}],[{"Id":73,"V":19,"NV":1,"TB":0},{"Id":78,"V":17,"NV":4,"TB":0},{"Id":83,"V":15,"NV":2,"TB":0},{"Id":89,"V":12,"NV":0,"TB":0}],[{"Id":73,"V":23,"NV":4,"TB":0},{"Id":78,"V":20,"NV":3,"TB":0},{"Id":83,"V":16,"NV":1,"TB":0}],[{"Id":73,"V":26,"NV":3,"TB":0},{"Id":78,"V":23,"NV":3,"TB":0}],[{"Id":73,"V":38,"NV":12,"TB":0}]],"Expires":1610314177,"SecondsLeft":0}