{"Mtype":"results","Title":"Round 4","PollStarted":"2021-01-04T02:53:05.437801834Z","PollDuration":600000000000,"Options":{"65":"Good morning fem-Clovis","66":"Nora gets a taste of her own medicine when a bodyswap prank backfires, becoming possessed by a dog. Trace finds it hilarious watching her get flustered for once as her body refuses to obey her.","67":"Keith as Geralt training Maddie as Ciri at Khear Morhen","68":"Zen and Sythe bond while bathing below the falls","69":"Frankenstein's monster meets red and he thinks a monster is attacking","70":"Natani body pillow","71":"Anthro Nora snuggling up with a Trace body pillow","72":"Kat surrenders to her canine side and rolls over for some belly rubs","73":"Beauty and the Beast Trace as a white tiger and Flora as a human, in formal wear and dancing","74":"Keith and Nat after training. Keith rubs Natani's paws to help her rest","75":"Flora and Kat dressed up for the Year of the Ox.","76":"Modern day Kat and Zen spending some romantic time together back at their apartment. ","77":"Modern AU Laura learns to drive.  Willow gives her driving lessons/directions, which goes about as well as expected.","78":"Everyone in the Legacy Estate are celebrating for the new year's eve.","79":"Raine daki","80":"WWII: Tigress Trace in a US Army Air Force Dress Uniform ","81":"Kat and Zen kissing in a shower","82":"Twokinds High 4: Laura introduces the player to her gaming club.","83":"The Twokinds High visual novel also has a VV Mike secret route","84":"Chill vibes: Laura sitting in a ship window looking out into space, while enjoying a good book","85":"Saria and Rose wake up after a wild New Year's party and wonder if anything happened between them. ","86":"Mike getting hole in one at mini golf, to the annoyance of Evals.","87":"Follow up/alternate take to page 1131 with Sarah the adrakist reacting to actually getting to see Reni naked.","88":"Crash Bandicoot crossover","89":"After Euchre frees Raine and Mary Silverlock from the Templars, the latter two meet the former's cousin: Roselyn (alive and young). She takes them to her family in the Snow Wolf territory, forcing Raine to turn into her Keidran form like her mom to blend in.","90":"Zen and Human Raine, bundled in a blanket together. Sitting by a window, sipping hot cocoa and watching the rain fall on a bustling cityscape.","97":"A dentist's nightmare. Dragon comes in for dental check-up"},"ExpectedBallots":67,"CountedBallots":67,"Ballots":["ZDO","Va","HOYTNMUZGJBWaEXDKFASPCQLVIR","QDZaFJUA","SA","UAaGS","AGaU","OSJQUKAFHLRETVZPDaWYMGINB","C","DAQSWaRZFJHLOVGUTNBKMIYXCEP","W","QLINKH","DTUCFWHKZLQMJV","DIY","OZWYGVUDABTa","PISBY","FJXVRNS","BS","DUYNMJFOVCTWSHIBLAQZ","A","aYMP","UYVMBRH","YWUNIM","SAIJaCRDZMV","WMILHQOFADSR","ASPRB","JF","TVDUJC","QJFIGK","QLYDJKCVSRX","ASIWG","HQNKFO","IN","SAPGI","VRIZTDQYMAWFGKEBa","KHGYXaJEABVSUDWPONCRMFZITL","MLUIRCTYaVSXKD","RXMENCZWUBJDaGISLTKFOAPYQHV","KCMTOSLDN","FMTYKVADIaNUBJR","MJWZDXGPEOTNV","APYMZFTCWEIRKXGLD","LQZASWGO","MUDNQTZL","aSVAGJ","VDOFa","QLHKSaP","VMYGDJCOERNTaLXIZ","UYZD","GaWUFON","RUMEIT","MOUTIDWaJXRHFYKNQPEGZLBVCSA","QOAH","UDPLJTQFZWGSB","aRASB","FMCSJK","TKLBMNSR","MGaSKWFZEJRVIH","MRTaGBWHZ","XCMKJBNEDVYa","AFGSJRU","EKMYFCVRTGSQLIZJDHN","YRDWSAQNGH","aQ","RYTXCAFaZODLWIBHKJM","FJ","OYM"],"Placements":[[{"Id":65,"V":6,"NV":6,"TB":0},{"Id":77,"V":6,"NV":6,"TB":0},{"Id":81,"V":6,"NV":6,"TB":0},{"Id":68,"V":4,"NV":4,"TB":0},{"Id":70,"V":4,"NV":4,"TB":0},{"Id":85,"V":4,"NV":4,"TB":0},{"Id":86,"V":4,"NV":4,"TB":0},{"Id":97,"V":4,"NV":4,"TB":0},{"Id":79,"V":3,"NV":3,"TB":0},{"Id":82,"V":3,"NV":3,"TB":0},{"Id":83,"V":3,"NV":3,"TB":0},{"Id":72,"V":2,"NV":2,"TB":0},{"Id":75,"V":2,"NV":2,"TB":0},{"Id":84,"V":2,"NV":2,"TB":0},{"Id":87,"V":2,"NV":2,"TB":0},{"Id":89,"V":2,"NV":2,"TB":0},{"Id":66,"V":1,"NV":1,"TB":0},{"Id":67,"V":1,"NV":1,"TB":0},{"Id":69,"V":1,"NV":1,"TB":0},{"Id":71,"V":1,"NV":1,"TB":0},{"Id":73,"V":1,"NV":1,"TB":0},{"Id":74,"V":1,"NV":1,"TB":0},{"Id":76,"V":1,"NV":1,"TB":0},{"Id":80,"V":1,"NV":1,"TB":0},{"Id":88,"V":1,"NV":1,"TB":0},{"Id":90,"V":1,"NV":1,"TB":0},{"Id":78,"V":0,"NV":0,"TB":0}],[{"Id":65,"V":6,"NV":0,"TB":0},{"Id":77,"V":6,"NV":0,"TB":0},{"Id":81,"V":6,"NV":0,"TB":0},{"Id":68,"V":4,"NV":0,"TB":0},{"Id":70,"V":4,"NV":0,"TB":0},{"Id":85,"V":4,"NV":0,"TB":0},{"Id":86,"V":4,"NV":0,"TB":0},{"Id":97,"V":4,"NV":0,"TB":0},{"Id":79,"V":3,"NV":0,"TB":0},{"Id":82,"V":3,"NV":0,"TB":0},{"Id":83,"V":3,"NV":0,"TB":0},{"Id":72,"V":2,"NV":0,"TB":0},{"Id":75,"V":2,"NV":0,"TB":0},{"Id":84,"V":2,"NV":0,"TB":0},{"Id":87,"V":2,"NV":0,"TB":0},{"Id":89,"V":2,"NV":0,"TB":0},{"Id":66,"V":1,"NV":0,"TB":0},{"Id":67,"V":1,"NV":0,"TB":0},{"Id":69,"V":1,"NV":0,"TB":0},{"Id":71,"V":1,"NV":0,"TB":0},{"Id":73,"V":1,"NV":0,"TB":0},{"Id":74,"V":1,"NV":0,"TB":0},{"Id":76,"V":1,"NV":0,"TB":0},{"Id":88,"V":1,"NV":0,"TB":0},{"Id":90,"V":1,"NV":0,"TB":0},{"Id":80,"V":1,"NV":0,"TB":3}],[{"Id":65,"V":6,"NV":0,"TB":0},{"Id":77,"V":6,"NV":0,"TB":0},{"Id":81,"V":6,"NV":0,"TB":0},{"Id":68,"V":4,"NV":0,"TB":0},{"Id":70,"V":4,"NV":0,"TB":0},{"Id":85,"V":4,"NV":0,"TB":0},{"Id":86,"V":4,"NV":0,"TB":0},{"Id":97,"V":4,"NV":0,"TB":0},{"Id":79,"V":3,"NV":0,"TB":0},{"Id":82,"V":3,"NV":0,"TB":0},{"Id":83,"V":3,"NV":0,"TB":0},{"Id":72,"V":2,"NV":0,"TB":0},{"Id":73,"V":2,"NV":1,"TB":0},{"Id":75,"V":2,"NV":0,"TB":0},{"Id":84,"V":2,"NV":0,"TB":0},{"Id":87,"V":2,"NV":0,"TB":0},{"Id":89,"V":2,"NV":0,"TB":0},{"Id":67,"V":1,"NV":0,"TB":0},{"Id":69,"V":1,"NV":0,"TB":0},{"Id":71,"V":1,"NV":0,"TB":0},{"Id":74,"V":1,"NV":0,"TB":0},{"Id":76,"V":1,"NV":0,"TB":0},{"Id":88,"V":1,"NV":0,"TB":0},{"Id":90,"V":1,"NV":0,"TB":0},{"Id":66,"V":1,"NV":0,"TB":8}],[{"Id":65,"V":6,"NV":0,"TB":0},{"Id":77,"V":6,"NV":0,"TB":0},{"Id":81,"V":6,"NV":0,"TB":0},{"Id":68,"V":4,"NV":0,"TB":0},{"Id":70,"V":4,"NV":0,"TB":0},{"Id":83,"V":4,"NV":1,"TB":0},{"Id":85,"V":4,"NV":0,"TB":0},{"Id":86,"V":4,"NV":0,"TB":0},{"Id":97,"V":4,"NV":0,"TB":0},{"Id":79,"V":3,"NV":0,"TB":0},{"Id":82,"V":3,"NV":0,"TB":0},{"Id":72,"V":2,"NV":0,"TB":0},{"Id":73,"V":2,"NV":0,"TB":0},{"Id":75,"V":2,"NV":0,"TB":0},{"Id":84,"V":2,"NV":0,"TB":0},{"Id":87,"V":2,"NV":0,"TB":0},{"Id":89,"V":2,"NV":0,"TB":0},{"Id":67,"V":1,"NV":0,"TB":0},{"Id":69,"V":1,"NV":0,"TB":0},{"Id":71,"V":1,"NV":0,"TB":0},{"Id":76,"V":1,"NV":0,"TB":0},{"Id":88,"V":1,"NV":0,"TB":0},{"Id":90,"V":1,"NV":0,"TB":0},{"Id":74,"V":1,"NV":0,"TB":4}],[{"Id":65,"V":6,"NV":0,"TB":0},{"Id":77,"V":6,"NV":0,"TB":0},{"Id":81,"V":6,"NV":0,"TB":0},{"Id":70,"V":5,"NV":1,"TB":0},{"Id":68,"V":4,"NV":0,"TB":0},{"Id":83,"V":4,"NV":0,"TB":0},{"Id":85,"V":4,"NV":0,"TB":0},{"Id":86,"V":4,"NV":0,"TB":0},{"Id":97,"V":4,"NV":0,"TB":0},{"Id":79,"V":3,"NV":0,"TB":0},{"Id":82,"V":3,"NV":0,"TB":0},{"Id":72,"V":2,"NV":0,"TB":0},{"Id":73,"V":2,"NV":0,"TB":0},{"Id":75,"V":2,"NV":0,"TB":0},{"Id":84,"V":2,"NV":0,"TB":0},{"Id":87,"V":2,"NV":0,"TB":0},{"Id":89,"V":2,"NV":0,"TB":0},{"Id":67,"V":1,"NV":0,"TB":0},{"Id":69,"V":1,"NV":0,"TB":0},{"Id":71,"V":1,"NV":0,"TB":0},{"Id":76,"V":1,"NV":0,"TB":0},{"Id":88,"V":1,"NV":0,"TB":0},{"Id":90,"V":1,"NV":0,"TB":1}],[{"Id":65,"V":6,"NV":0,"TB":0},{"Id":77,"V":6,"NV":0,"TB":0},{"Id":81,"V":6,"NV":0,"TB":0},{"Id":68,"V":5,"NV":1,"TB":0},{"Id":70,"V":5,"NV":0,"TB":0},{"Id":83,"V":4,"NV":0,"TB":0},{"Id":85,"V":4,"NV":0,"TB":0},{"Id":86,"V":4,"NV":0,"TB":0},{"Id":97,"V":4,"NV":0,"TB":0},{"Id":79,"V":3,"NV":0,"TB":0},{"Id":82,"V":3,"NV":0,"TB":0},{"Id":72,"V":2,"NV":0,"TB":0},{"Id":73,"V":2,"NV":0,"TB":0},{"Id":75,"V":2,"NV":0,"TB":0},{"Id":84,"V":2,"NV":0,"TB":0},{"Id":87,"V":2,"NV":0,"TB":0},{"Id":89,"V":2,"NV":0,"TB":0},{"Id":69,"V":1,"NV":0,"TB":0},{"Id":71,"V":1,"NV":0,"TB":0},{"Id":76,"V":1,"NV":0,"TB":0},{"Id":88,"V":1,"NV":0,"TB":0},{"Id":67,"V":1,"NV":0,"TB":5}],[{"Id":65,"V":6,"NV":0,"TB":0},{"Id":77,"V":6,"NV":0,"TB":0},{"Id":81,"V":6,"NV":0,"TB":0},{"Id":68,"V":5,"NV":0,"TB":0},{"Id":70,"V":5,"NV":0,"TB":0},{"Id":83,"V":4,"NV":0,"TB":0},{"Id":85,"V":4,"NV":0,"TB":0},{"Id":86,"V":4,"NV":0,"TB":0},{"Id":97,"V":4,"NV":0,"TB":0},{"Id":79,"V":3,"NV":0,"TB":0},{"Id":82,"V":3,"NV":0,"TB":0},{"Id":72,"V":2,"NV":0,"TB":0},{"Id":73,"V":2,"NV":0,"TB":0},{"Id":75,"V":2,"NV":0,"TB":0},{"Id":84,"V":2,"NV":0,"TB":0},{"Id":87,"V":2,"NV":0,"TB":0},{"Id":89,"V":2,"NV":0,"TB":0},{"Id":71,"V":1,"NV":0,"TB":0},{"Id":76,"V":1,"NV":0,"TB":0},{"Id":88,"V":1,"NV":0,"TB":0},{"Id":69,"V":1,"NV":0,"TB":4}],[{"Id":65,"V":6,"NV":0,"TB":0},{"Id":77,"V":6,"NV":0,"TB":0},{"Id":81,"V":6,"NV":0,"TB":0},{"Id":68,"V":5,"NV":0,"TB":0},{"Id":70,"V":5,"NV":0,"TB":0},{"Id":83,"V":4,"NV":0,"TB":0},{"Id":85,"V":4,"NV":0,"TB":0},{"Id":86,"V":4,"NV":0,"TB":0},{"Id":97,"V":4,"NV":0,"TB":0},{"Id":75,"V":3,"NV":1,"TB":0},{"Id":79,"V":3,"NV":0,"TB":0},{"Id":82,"V":3,"NV":0,"TB":0},{"Id":72,"V":2,"NV":0,"TB":0},{"Id":73,"V":2,"NV":0,"TB":0},{"Id":84,"V":2,"NV":0,"TB":0},{"Id":87,"V":2,"NV":0,"TB":0},{"Id":89,"V":2,"NV":0,"TB":0},{"Id":71,"V":1,"NV":0,"TB":0},{"Id":76,"V":1,"NV":0,"TB":0},{"Id":88,"V":1,"NV":0,"TB":1}],[{"Id":77,"V":7,"NV":1,"TB":0},{"Id":65,"V":6,"NV":0,"TB":0},{"Id":81,"V":6,"NV":0,"TB":0},{"Id":68,"V":5,"NV":0,"TB":0},{"Id":70,"V":5,"NV":0,"TB":0},{"Id":83,"V":4,"NV":0,"TB":0},{"Id":85,"V":4,"NV":0,"TB":0},{"Id":86,"V":4,"NV":0,"TB":0},{"Id":97,"V":4,"NV":0,"TB":0},{"Id":75,"V":3,"NV":0,"TB":0},{"Id":79,"V":3,"NV":0,"TB":0},{"Id":82,"V":3,"NV":0,"TB":0},{"Id":72,"V":2,"NV":0,"TB":0},{"Id":73,"V":2,"NV":0,"TB":0},{"Id":84,"V":2,"NV":0,"TB":0},{"Id":87,"V":2,"NV":0,"TB":0},{"Id":89,"V":2,"NV":0,"TB":0},{"Id":71,"V":1,"NV":0,"TB":0},{"Id":76,"V":1,"NV":0,"TB":1}],[{"Id":77,"V":7,"NV":0,"TB":0},{"Id":81,"V":7,"NV":1,"TB":0},{"Id":65,"V":6,"NV":0,"TB":0},{"Id":68,"V":5,"NV":0,"TB":0},{"Id":70,"V":5,"NV":0,"TB":0},{"Id":83,"V":4,"NV":0,"TB":0},{"Id":85,"V":4,"NV":0,"TB":0},{"Id":86,"V":4,"NV":0,"TB":0},{"Id":97,"V":4,"NV":0,"TB":0},{"Id":75,"V":3,"NV":0,"TB":0},{"Id":79,"V":3,"NV":0,"TB":0},{"Id":82,"V":3,"NV":0,"TB":0},{"Id":72,"V":2,"NV":0,"TB":0},{"Id":73,"V":2,"NV":0,"TB":0},{"Id":84,"V":2,"NV":0,"TB":0},{"Id":87,"V":2,"NV":0,"TB":0},{"Id":89,"V":2,"NV":0,"TB":0},{"Id":71,"V":1,"NV":0,"TB":0}],[{"Id":77,"V":7,"NV":0,"TB":0},{"Id":81,"V":7,"NV":0,"TB":0},{"Id":65,"V":6,"NV":0,"TB":0},{"Id":68,"V":5,"NV":0,"TB":0},{"Id":70,"V":5,"NV":0,"TB":0},{"Id":97,"V":5,"NV":1,"TB":0},{"Id":83,"V":4,"NV":0,"TB":0},{"Id":85,"V":4,"NV":0,"TB":0},{"Id":86,"V":4,"NV":0,"TB":0},{"Id":75,"V":3,"NV":0,"TB":0},{"Id":79,"V":3,"NV":0,"TB":0},{"Id":82,"V":3,"NV":0,"TB":0},{"Id":73,"V":2,"NV":0,"TB":0},{"Id":84,"V":2,"NV":0,"TB":0},{"Id":87,"V":2,"NV":0,"TB":0},{"Id":89,"V":2,"NV":0,"TB":0},{"Id":72,"V":2,"NV":0,"TB":5}],[{"Id":81,"V":8,"NV":1,"TB":0},{"Id":77,"V":7,"NV":0,"TB":0},{"Id":65,"V":6,"NV":0,"TB":0},{"Id":68,"V":5,"NV":0,"TB":0},{"Id":70,"V":5,"NV":0,"TB":0},{"Id":97,"V":5,"NV":0,"TB":0},{"Id":79,"V":4,"NV":1,"TB":0},{"Id":83,"V":4,"NV":0,"TB":0},{"Id":85,"V":4,"NV":0,"TB":0},{"Id":86,"V":4,"NV":0,"TB":0},{"Id":75,"V":3,"NV":0,"TB":0},{"Id":82,"V":3,"NV":0,"TB":0},{"Id":73,"V":2,"NV":0,"TB":0},{"Id":84,"V":2,"NV":0,"TB":0},{"Id":89,"V":2,"NV":0,"TB":0},{"Id":87,"V":2,"NV":0,"TB":2}],[{"Id":77,"V":8,"NV":1,"TB":0},{"Id":81,"V":8,"NV":0,"TB":0},{"Id":65,"V":6,"NV":0,"TB":0},{"Id":68,"V":5,"NV":0,"TB":0},{"Id":70,"V":5,"NV":0,"TB":0},{"Id":97,"V":5,"NV":0,"TB":0},{"Id":79,"V":4,"NV":0,"TB":0},{"Id":83,"V":4,"NV":0,"TB":0},{"Id":85,"V":4,"NV":0,"TB":0},{"Id":86,"V":4,"NV":0,"TB":0},{"Id":75,"V":3,"NV":0,"TB":0},{"Id":82,"V":3,"NV":0,"TB":0},{"Id":73,"V":2,"NV":0,"TB":0},{"Id":84,"V":2,"NV":0,"TB":0},{"Id":89,"V":2,"NV":0,"TB":1}],[{"Id":77,"V":8,"NV":0,"TB":0},{"Id":81,"V":8,"NV":0,"TB":0},{"Id":65,"V":6,"NV":0,"TB":0},{"Id":68,"V":5,"NV":0,"TB":0},{"Id":70,"V":5,"NV":0,"TB":0},{"Id":85,"V":5,"NV":1,"TB":0},{"Id":97,"V":5,"NV":0,"TB":0},{"Id":79,"V":4,"NV":0,"TB":0},{"Id":82,"V":4,"NV":1,"TB":0},{"Id":83,"V":4,"NV":0,"TB":0},{"Id":86,"V":4,"NV":0,"TB":0},{"Id":75,"V":3,"NV":0,"TB":0},{"Id":84,"V":2,"NV":0,"TB":0},{"Id":73,"V":2,"NV":0,"TB":2}],[{"Id":77,"V":8,"NV":0,"TB":0},{"Id":81,"V":8,"NV":0,"TB":0},{"Id":65,"V":6,"NV":0,"TB":0},{"Id":68,"V":5,"NV":0,"TB":0},{"Id":70,"V":5,"NV":0,"TB":0},{"Id":83,"V":5,"NV":1,"TB":0},{"Id":85,"V":5,"NV":0,"TB":0},{"Id":97,"V":5,"NV":0,"TB":0},{"Id":79,"V":4,"NV":0,"TB":0},{"Id":82,"V":4,"NV":0,"TB":0},{"Id":86,"V":4,"NV":0,"TB":0},{"Id":75,"V":3,"NV":0,"TB":0},{"Id":84,"V":2,"NV":0,"TB":0}],[{"Id":77,"V":8,"NV":0,"TB":0},{"Id":81,"V":8,"NV":0,"TB":0},{"Id":65,"V":6,"NV":0,"TB":0},{"Id":68,"V":5,"NV":0,"TB":0},{"Id":70,"V":5,"NV":0,"TB":0},{"Id":83,"V":5,"NV":0,"TB":0},{"Id":85,"V":5,"NV":0,"TB":0},{"Id":86,"V":5,"NV":1,"TB":0},{"Id":97,"V":5,"NV":0,"TB":0},{"Id":75,"V":4,"NV":1,"TB":0},{"Id":79,"V":4,"NV":0,"TB":0},{"Id":82,"V":4,"NV":0,"TB":1}],[{"Id":77,"V":9,"NV":1,"TB":0},{"Id":81,"V":8,"NV":0,"TB":0},{"Id":65,"V":7,"NV":1,"TB":0},{"Id":68,"V":6,"NV":1,"TB":0},{"Id":85,"V":6,"NV":1,"TB":0},{"Id":70,"V":5,"NV":0,"TB":0},{"Id":83,"V":5,"NV":0,"TB":0},{"Id":86,"V":5,"NV":0,"TB":0},{"Id":97,"V":5,"NV":0,"TB":0},{"Id":75,"V":4,"NV":0,"TB":0},{"Id":79,"V":4,"NV":0,"TB":1}],[{"Id":77,"V":11,"NV":2,"TB":0},{"Id":81,"V":8,"NV":0,"TB":0},{"Id":65,"V":7,"NV":0,"TB":0},{"Id":68,"V":6,"NV":0,"TB":0},{"Id":83,"V":6,"NV":1,"TB":0},{"Id":85,"V":6,"NV":0,"TB":0},{"Id":86,"V":6,"NV":1,"TB":0},{"Id":70,"V":5,"NV":0,"TB":0},{"Id":97,"V":5,"NV":0,"TB":0},{"Id":75,"V":4,"NV":0,"TB":0}],[{"Id":77,"V":14,"NV":3,"TB":0},{"Id":81,"V":8,"NV":0,"TB":0},{"Id":65,"V":7,"NV":0,"TB":0},{"Id":68,"V":6,"NV":0,"TB":0},{"Id":83,"V":6,"NV":0,"TB":0},{"Id":85,"V":6,"NV":0,"TB":0},{"Id":86,"V":6,"NV":0,"TB":0},{"Id":97,"V":6,"NV":1,"TB":0},{"Id":70,"V":5,"NV":0,"TB":0}],[{"Id":77,"V":16,"NV":2,"TB":0},{"Id":81,"V":8,"NV":0,"TB":0},{"Id":65,"V":7,"NV":0,"TB":0},{"Id":86,"V":7,"NV":1,"TB":0},{"Id":68,"V":6,"NV":0,"TB":0},{"Id":85,"V":6,"NV":0,"TB":0},{"Id":97,"V":6,"NV":0,"TB":0},{"Id":83,"V":6,"NV":0,"TB":3}],[{"Id":77,"V":16,"NV":0,"TB":0},{"Id":65,"V":10,"NV":3,"TB":0},{"Id":81,"V":9,"NV":1,"TB":0},{"Id":86,"V":7,"NV":0,"TB":0},{"Id":68,"V":6,"NV":0,"TB":0},{"Id":97,"V":6,"NV":0,"TB":0},{"Id":85,"V":6,"NV":0,"TB":2}],[{"Id":77,"V":18,"NV":2,"TB":0},{"Id":65,"V":11,"NV":1,"TB":0},{"Id":81,"V":9,"NV":0,"TB":0},{"Id":68,"V":8,"NV":2,"TB":0},{"Id":86,"V":8,"NV":1,"TB":0},{"Id":97,"V":6,"NV":0,"TB":0}],[{"Id":77,"V":19,"NV":1,"TB":0},{"Id":65,"V":13,"NV":2,"TB":0},{"Id":81,"V":10,"NV":1,"TB":0},{"Id":86,"V":9,"NV":1,"TB":0},{"Id":68,"V":8,"NV":0,"TB":0}],[{"Id":77,"V":20,"NV":1,"TB":0},{"Id":65,"V":15,"NV":2,"TB":0},{"Id":81,"V":12,"NV":2,"TB":0},{"Id":86,"V":9,"NV":0,"TB":0}],[{"Id":77,"V":22,"NV":2,"TB":0},{"Id":65,"V":17,"NV":2,"TB":0},{"Id":81,"V":13,"NV":1,"TB":0}],[{"Id":77,"V":24,"NV":2,"TB":0},{"Id":65,"V":21,"NV":4,"TB":0}],[{"Id":77,"V":30,"NV":6,"TB":0}]],"Expires":1609729985,"SecondsLeft":0}