{"Mtype":"results","Title":"Round 4","PollStarted":"2021-01-11T03:22:16.809661572Z","PollDuration":600000000000,"Options":{"65":"In combat, Natani tries using the Heart's Desire spell on Clovis, only to reveal the one who Clovis desires most is Brutus.","66":"Good morning Mike (Male)","67":"Kat doing that butt-wiggle-cat-pounce thing","68":"Nora gets a taste of her own medicine when she's hit by her own curse and suddenly can't stop acting like a dog. Trace, finding this hilarious, wonders aloud what tricks she can do. \"Don't you dare!\"","69":"Natani practicing disguise magic, ala a certain Twokinds short story.","70":"TwoKinds High secret ending that end with mike Turning into VV Mike","71":"After Euchre frees Raine and Mary Silverlock from the Templars, the latter two meet the formers cousin: Roselyn (alive and young). Rose takes them to her family in the Snow Wolf territory, and Raine turns into her Keidran form like her mom to blend in.","72":"Little Red Riding Hood Maren meets the bad wolf Sythe on the way to her grandmother","73":"Flora tries to lick off the blue triangle on Trace's face but only manages to get it stuck to her tongue.","74":"Keith decides to give in to temptation and joins Natani on the beanbag for entirely wholesome cuddles (a sequel to the cute Natani pic)","75":"Good morning fem-Clovis","76":"As part of a cultural exchange with the Western Basitans, Maddie and Adelaide show them some of the Eastern wild side, wowing them with a traditional sword dance :)","77":"Good news! Clovis found a way to make Sam a Keidran again! Less good news! He's still a cow... and a she.","78":"Reni, in her anthro form, tries to explain to Nora that proportions affect balance. Nora responds by bwoming Reni, saying it's much more fun that way.","79":"Chill vibes: Laura sitting in a ship window looking out into space, while enjoying a good book","80":"Team A as a FFXIV Dungeon Party. Flora as a Monk, Trace as a White Mage, Keith as a Paladin, and Natani as a Ninja.","81":"Outtake of comic 1131 with Sarah the Adrakist encountering naked Reni and offering to discard her own clothing, to Reni's ever-growing embarrassment.","82":"Kat surrenders to her canine side and rolls over for some belly rubs","83":"Cow Sam, freshly tagged, is up for \"his\" first milking, and on the job is non-other than Brutus. Brutus is excited to try something new. Sam, not so much.","84":"Maddie and maeve meeting mothman","85":"Modern (magicpunk?) AU: AI R.O.S.E. as corporation headquarters building manager.","86":"Zen and Human Raine, bundled in a blanket together.  Sitting by a window, sipping hot cocoa and watching the snow fall on a bustling cityscape.","87":"Roselyn, using teleportation magic, scares Trace.","88":"Clothes shopping for Willow - In a lamp store","89":"A very cat Maren gets some pointers from Raine on dealing with her first winter coat","90":"Kathrin, still in estrus, pins Mike to the wall. She's lifting his shirt.","97":"Flora pounces Trace too hard and he loses his memory again."},"ExpectedBallots":71,"CountedBallots":71,"Ballots":["V","ATIaWM","YNGCMWKEHaQPODLUVASJITBZRXF","ZUJYWKARCEVX","HZVJBRAK","BHCOLWXUNYKERPQJVIFGM","YIaGQWCEHRNZVO","MFNKSL","OXUHY","NBKMFZQSAHCDJVOELYIaXWRTGUP","aFMHKY","OBLZVWJICRQYGHaE","NMHPIaC","MEFCWXaIGD","Q","HBKZJXYV","JKZ","JEAHF","GHALaBZ","P","NABVQGWMYSLOXDJZHI","OZXK","KFIBCHA","WIaNS","JHCKI","WOVGJYICQRaEPTHSAXNFLUDMZKB","GZAJPSNMTDEYWRFCBIaUVXOLQKH","GQWNU","KLNAEJQMS","Y","LQEAWaDRMUNXFYCITZKPHVOSJGB","MSFKGZAJDY","WHUOYZGJETPRA","MaWIXZKSFNURTE","WIUXSDa","SDFM","ILW","BHUYIWRGV","ZCRFBKQJMV","FYKQCMSNZaD","IaXADNP","WZYOUNDSRGKVIALaBQTE","CRFZNYMHT","DNSOaYBXPVMC","VOZHQN","ZRCF","BH","OQYWJNSTHPIE","WNSaIMKDJHU","HWFMLXGVORI","JDNKCZR","KBAXFGZRHOSEL","FNKQMDS","WLYEUTIORGXVFQ","BY","GNJFKYZ","XHTWIQaPEYCONRGLBJADUVZSMFK","O","OQXaGWHFPZ","AFWKZDN","OWUTXRaGE","DRYEQZJ","GROJNSMWZDLEAITU","OXHY","OBWHa","JE","QZD","PDSMOKZLQaVFHEXBINT","M","DVWOATQLJEBNZH","Q"],"Placements":[[{"Id":79,"V":9,"NV":9,"TB":0},{"Id":87,"V":7,"NV":7,"TB":0},{"Id":71,"V":5,"NV":5,"TB":0},{"Id":74,"V":5,"NV":5,"TB":0},{"Id":77,"V":5,"NV":5,"TB":0},{"Id":66,"V":4,"NV":4,"TB":0},{"Id":68,"V":3,"NV":3,"TB":0},{"Id":72,"V":3,"NV":3,"TB":0},{"Id":75,"V":3,"NV":3,"TB":0},{"Id":78,"V":3,"NV":3,"TB":0},{"Id":81,"V":3,"NV":3,"TB":0},{"Id":89,"V":3,"NV":3,"TB":0},{"Id":90,"V":3,"NV":3,"TB":0},{"Id":65,"V":2,"NV":2,"TB":0},{"Id":70,"V":2,"NV":2,"TB":0},{"Id":73,"V":2,"NV":2,"TB":0},{"Id":80,"V":2,"NV":2,"TB":0},{"Id":86,"V":2,"NV":2,"TB":0},{"Id":67,"V":1,"NV":1,"TB":0},{"Id":76,"V":1,"NV":1,"TB":0},{"Id":83,"V":1,"NV":1,"TB":0},{"Id":88,"V":1,"NV":1,"TB":0},{"Id":97,"V":1,"NV":1,"TB":0},{"Id":69,"V":0,"NV":0,"TB":0},{"Id":82,"V":0,"NV":0,"TB":0},{"Id":85,"V":0,"NV":0,"TB":0},{"Id":84,"V":0,"NV":0,"TB":2}],[{"Id":79,"V":9,"NV":0,"TB":0},{"Id":87,"V":7,"NV":0,"TB":0},{"Id":71,"V":5,"NV":0,"TB":0},{"Id":74,"V":5,"NV":0,"TB":0},{"Id":77,"V":5,"NV":0,"TB":0},{"Id":66,"V":4,"NV":0,"TB":0},{"Id":68,"V":3,"NV":0,"TB":0},{"Id":72,"V":3,"NV":0,"TB":0},{"Id":75,"V":3,"NV":0,"TB":0},{"Id":78,"V":3,"NV":0,"TB":0},{"Id":81,"V":3,"NV":0,"TB":0},{"Id":89,"V":3,"NV":0,"TB":0},{"Id":90,"V":3,"NV":0,"TB":0},{"Id":65,"V":2,"NV":0,"TB":0},{"Id":70,"V":2,"NV":0,"TB":0},{"Id":73,"V":2,"NV":0,"TB":0},{"Id":80,"V":2,"NV":0,"TB":0},{"Id":86,"V":2,"NV":0,"TB":0},{"Id":67,"V":1,"NV":0,"TB":0},{"Id":76,"V":1,"NV":0,"TB":0},{"Id":83,"V":1,"NV":0,"TB":0},{"Id":88,"V":1,"NV":0,"TB":0},{"Id":97,"V":1,"NV":0,"TB":0},{"Id":82,"V":0,"NV":0,"TB":0},{"Id":85,"V":0,"NV":0,"TB":0},{"Id":69,"V":0,"NV":0,"TB":3}],[{"Id":79,"V":9,"NV":0,"TB":0},{"Id":87,"V":7,"NV":0,"TB":0},{"Id":71,"V":5,"NV":0,"TB":0},{"Id":74,"V":5,"NV":0,"TB":0},{"Id":77,"V":5,"NV":0,"TB":0},{"Id":66,"V":4,"NV":0,"TB":0},{"Id":68,"V":3,"NV":0,"TB":0},{"Id":72,"V":3,"NV":0,"TB":0},{"Id":75,"V":3,"NV":0,"TB":0},{"Id":78,"V":3,"NV":0,"TB":0},{"Id":81,"V":3,"NV":0,"TB":0},{"Id":89,"V":3,"NV":0,"TB":0},{"Id":90,"V":3,"NV":0,"TB":0},{"Id":65,"V":2,"NV":0,"TB":0},{"Id":70,"V":2,"NV":0,"TB":0},{"Id":73,"V":2,"NV":0,"TB":0},{"Id":80,"V":2,"NV":0,"TB":0},{"Id":86,"V":2,"NV":0,"TB":0},{"Id":67,"V":1,"NV":0,"TB":0},{"Id":76,"V":1,"NV":0,"TB":0},{"Id":83,"V":1,"NV":0,"TB":0},{"Id":88,"V":1,"NV":0,"TB":0},{"Id":97,"V":1,"NV":0,"TB":0},{"Id":82,"V":0,"NV":0,"TB":0},{"Id":85,"V":0,"NV":0,"TB":1}],[{"Id":79,"V":9,"NV":0,"TB":0},{"Id":87,"V":7,"NV":0,"TB":0},{"Id":71,"V":5,"NV":0,"TB":0},{"Id":74,"V":5,"NV":0,"TB":0},{"Id":77,"V":5,"NV":0,"TB":0},{"Id":66,"V":4,"NV":0,"TB":0},{"Id":68,"V":3,"NV":0,"TB":0},{"Id":72,"V":3,"NV":0,"TB":0},{"Id":75,"V":3,"NV":0,"TB":0},{"Id":78,"V":3,"NV":0,"TB":0},{"Id":81,"V":3,"NV":0,"TB":0},{"Id":89,"V":3,"NV":0,"TB":0},{"Id":90,"V":3,"NV":0,"TB":0},{"Id":65,"V":2,"NV":0,"TB":0},{"Id":70,"V":2,"NV":0,"TB":0},{"Id":73,"V":2,"NV":0,"TB":0},{"Id":80,"V":2,"NV":0,"TB":0},{"Id":86,"V":2,"NV":0,"TB":0},{"Id":67,"V":1,"NV":0,"TB":0},{"Id":76,"V":1,"NV":0,"TB":0},{"Id":83,"V":1,"NV":0,"TB":0},{"Id":88,"V":1,"NV":0,"TB":0},{"Id":97,"V":1,"NV":0,"TB":0},{"Id":82,"V":0,"NV":0,"TB":0}],[{"Id":79,"V":9,"NV":0,"TB":0},{"Id":87,"V":7,"NV":0,"TB":0},{"Id":71,"V":5,"NV":0,"TB":0},{"Id":74,"V":5,"NV":0,"TB":0},{"Id":77,"V":5,"NV":0,"TB":0},{"Id":66,"V":4,"NV":0,"TB":0},{"Id":68,"V":3,"NV":0,"TB":0},{"Id":72,"V":3,"NV":0,"TB":0},{"Id":75,"V":3,"NV":0,"TB":0},{"Id":78,"V":3,"NV":0,"TB":0},{"Id":81,"V":3,"NV":0,"TB":0},{"Id":89,"V":3,"NV":0,"TB":0},{"Id":90,"V":3,"NV":0,"TB":0},{"Id":65,"V":2,"NV":0,"TB":0},{"Id":70,"V":2,"NV":0,"TB":0},{"Id":73,"V":2,"NV":0,"TB":0},{"Id":80,"V":2,"NV":0,"TB":0},{"Id":86,"V":2,"NV":0,"TB":0},{"Id":67,"V":1,"NV":0,"TB":0},{"Id":83,"V":1,"NV":0,"TB":0},{"Id":88,"V":1,"NV":0,"TB":0},{"Id":97,"V":1,"NV":0,"TB":0},{"Id":76,"V":1,"NV":0,"TB":4}],[{"Id":79,"V":9,"NV":0,"TB":0},{"Id":87,"V":7,"NV":0,"TB":0},{"Id":71,"V":5,"NV":0,"TB":0},{"Id":74,"V":5,"NV":0,"TB":0},{"Id":77,"V":5,"NV":0,"TB":0},{"Id":66,"V":4,"NV":0,"TB":0},{"Id":81,"V":4,"NV":1,"TB":0},{"Id":68,"V":3,"NV":0,"TB":0},{"Id":72,"V":3,"NV":0,"TB":0},{"Id":75,"V":3,"NV":0,"TB":0},{"Id":78,"V":3,"NV":0,"TB":0},{"Id":89,"V":3,"NV":0,"TB":0},{"Id":90,"V":3,"NV":0,"TB":0},{"Id":65,"V":2,"NV":0,"TB":0},{"Id":70,"V":2,"NV":0,"TB":0},{"Id":73,"V":2,"NV":0,"TB":0},{"Id":80,"V":2,"NV":0,"TB":0},{"Id":86,"V":2,"NV":0,"TB":0},{"Id":83,"V":1,"NV":0,"TB":0},{"Id":88,"V":1,"NV":0,"TB":0},{"Id":97,"V":1,"NV":0,"TB":0},{"Id":67,"V":1,"NV":0,"TB":4}],[{"Id":79,"V":9,"NV":0,"TB":0},{"Id":87,"V":7,"NV":0,"TB":0},{"Id":71,"V":5,"NV":0,"TB":0},{"Id":74,"V":5,"NV":0,"TB":0},{"Id":77,"V":5,"NV":0,"TB":0},{"Id":66,"V":4,"NV":0,"TB":0},{"Id":81,"V":4,"NV":0,"TB":0},{"Id":68,"V":3,"NV":0,"TB":0},{"Id":70,"V":3,"NV":1,"TB":0},{"Id":72,"V":3,"NV":0,"TB":0},{"Id":75,"V":3,"NV":0,"TB":0},{"Id":78,"V":3,"NV":0,"TB":0},{"Id":89,"V":3,"NV":0,"TB":0},{"Id":90,"V":3,"NV":0,"TB":0},{"Id":65,"V":2,"NV":0,"TB":0},{"Id":73,"V":2,"NV":0,"TB":0},{"Id":80,"V":2,"NV":0,"TB":0},{"Id":86,"V":2,"NV":0,"TB":0},{"Id":83,"V":1,"NV":0,"TB":0},{"Id":97,"V":1,"NV":0,"TB":0},{"Id":88,"V":1,"NV":0,"TB":2}],[{"Id":79,"V":9,"NV":0,"TB":0},{"Id":87,"V":7,"NV":0,"TB":0},{"Id":71,"V":5,"NV":0,"TB":0},{"Id":74,"V":5,"NV":0,"TB":0},{"Id":77,"V":5,"NV":0,"TB":0},{"Id":66,"V":4,"NV":0,"TB":0},{"Id":72,"V":4,"NV":1,"TB":0},{"Id":81,"V":4,"NV":0,"TB":0},{"Id":68,"V":3,"NV":0,"TB":0},{"Id":70,"V":3,"NV":0,"TB":0},{"Id":75,"V":3,"NV":0,"TB":0},{"Id":78,"V":3,"NV":0,"TB":0},{"Id":89,"V":3,"NV":0,"TB":0},{"Id":90,"V":3,"NV":0,"TB":0},{"Id":65,"V":2,"NV":0,"TB":0},{"Id":73,"V":2,"NV":0,"TB":0},{"Id":80,"V":2,"NV":0,"TB":0},{"Id":86,"V":2,"NV":0,"TB":0},{"Id":83,"V":1,"NV":0,"TB":0},{"Id":97,"V":1,"NV":0,"TB":1}],[{"Id":79,"V":9,"NV":0,"TB":0},{"Id":87,"V":7,"NV":0,"TB":0},{"Id":71,"V":5,"NV":0,"TB":0},{"Id":74,"V":5,"NV":0,"TB":0},{"Id":77,"V":5,"NV":0,"TB":0},{"Id":66,"V":4,"NV":0,"TB":0},{"Id":70,"V":4,"NV":1,"TB":0},{"Id":72,"V":4,"NV":0,"TB":0},{"Id":81,"V":4,"NV":0,"TB":0},{"Id":68,"V":3,"NV":0,"TB":0},{"Id":75,"V":3,"NV":0,"TB":0},{"Id":78,"V":3,"NV":0,"TB":0},{"Id":89,"V":3,"NV":0,"TB":0},{"Id":90,"V":3,"NV":0,"TB":0},{"Id":65,"V":2,"NV":0,"TB":0},{"Id":73,"V":2,"NV":0,"TB":0},{"Id":80,"V":2,"NV":0,"TB":0},{"Id":86,"V":2,"NV":0,"TB":0},{"Id":83,"V":1,"NV":0,"TB":0}],[{"Id":79,"V":9,"NV":0,"TB":0},{"Id":87,"V":7,"NV":0,"TB":0},{"Id":71,"V":5,"NV":0,"TB":0},{"Id":74,"V":5,"NV":0,"TB":0},{"Id":77,"V":5,"NV":0,"TB":0},{"Id":66,"V":4,"NV":0,"TB":0},{"Id":68,"V":4,"NV":1,"TB":0},{"Id":70,"V":4,"NV":0,"TB":0},{"Id":72,"V":4,"NV":0,"TB":0},{"Id":81,"V":4,"NV":0,"TB":0},{"Id":75,"V":3,"NV":0,"TB":0},{"Id":78,"V":3,"NV":0,"TB":0},{"Id":89,"V":3,"NV":0,"TB":0},{"Id":90,"V":3,"NV":0,"TB":0},{"Id":65,"V":2,"NV":0,"TB":0},{"Id":73,"V":2,"NV":0,"TB":0},{"Id":86,"V":2,"NV":0,"TB":0},{"Id":80,"V":2,"NV":0,"TB":2}],[{"Id":79,"V":9,"NV":0,"TB":0},{"Id":87,"V":7,"NV":0,"TB":0},{"Id":68,"V":5,"NV":1,"TB":0},{"Id":71,"V":5,"NV":0,"TB":0},{"Id":74,"V":5,"NV":0,"TB":0},{"Id":77,"V":5,"NV":0,"TB":0},{"Id":66,"V":4,"NV":0,"TB":0},{"Id":70,"V":4,"NV":0,"TB":0},{"Id":72,"V":4,"NV":0,"TB":0},{"Id":81,"V":4,"NV":0,"TB":0},{"Id":75,"V":3,"NV":0,"TB":0},{"Id":78,"V":3,"NV":0,"TB":0},{"Id":89,"V":3,"NV":0,"TB":0},{"Id":90,"V":3,"NV":0,"TB":0},{"Id":65,"V":2,"NV":0,"TB":0},{"Id":86,"V":2,"NV":0,"TB":0},{"Id":73,"V":2,"NV":0,"TB":2}],[{"Id":79,"V":9,"NV":0,"TB":0},{"Id":87,"V":8,"NV":1,"TB":0},{"Id":68,"V":5,"NV":0,"TB":0},{"Id":71,"V":5,"NV":0,"TB":0},{"Id":74,"V":5,"NV":0,"TB":0},{"Id":77,"V":5,"NV":0,"TB":0},{"Id":66,"V":4,"NV":0,"TB":0},{"Id":70,"V":4,"NV":0,"TB":0},{"Id":72,"V":4,"NV":0,"TB":0},{"Id":81,"V":4,"NV":0,"TB":0},{"Id":65,"V":3,"NV":1,"TB":0},{"Id":75,"V":3,"NV":0,"TB":0},{"Id":78,"V":3,"NV":0,"TB":0},{"Id":89,"V":3,"NV":0,"TB":0},{"Id":90,"V":3,"NV":0,"TB":0},{"Id":86,"V":2,"NV":0,"TB":0}],[{"Id":79,"V":10,"NV":1,"TB":0},{"Id":87,"V":8,"NV":0,"TB":0},{"Id":68,"V":5,"NV":0,"TB":0},{"Id":71,"V":5,"NV":0,"TB":0},{"Id":74,"V":5,"NV":0,"TB":0},{"Id":77,"V":5,"NV":0,"TB":0},{"Id":66,"V":4,"NV":0,"TB":0},{"Id":70,"V":4,"NV":0,"TB":0},{"Id":72,"V":4,"NV":0,"TB":0},{"Id":81,"V":4,"NV":0,"TB":0},{"Id":65,"V":3,"NV":0,"TB":0},{"Id":75,"V":3,"NV":0,"TB":0},{"Id":78,"V":3,"NV":0,"TB":0},{"Id":90,"V":3,"NV":0,"TB":0},{"Id":89,"V":3,"NV":0,"TB":2}],[{"Id":79,"V":10,"NV":0,"TB":0},{"Id":87,"V":8,"NV":0,"TB":0},{"Id":71,"V":6,"NV":1,"TB":0},{"Id":68,"V":5,"NV":0,"TB":0},{"Id":74,"V":5,"NV":0,"TB":0},{"Id":77,"V":5,"NV":0,"TB":0},{"Id":66,"V":4,"NV":0,"TB":0},{"Id":70,"V":4,"NV":0,"TB":0},{"Id":72,"V":4,"NV":0,"TB":0},{"Id":78,"V":4,"NV":1,"TB":0},{"Id":81,"V":4,"NV":0,"TB":0},{"Id":75,"V":3,"NV":0,"TB":0},{"Id":90,"V":3,"NV":0,"TB":0},{"Id":65,"V":3,"NV":0,"TB":3}],[{"Id":79,"V":10,"NV":0,"TB":0},{"Id":87,"V":9,"NV":1,"TB":0},{"Id":68,"V":6,"NV":1,"TB":0},{"Id":71,"V":6,"NV":0,"TB":0},{"Id":70,"V":5,"NV":1,"TB":0},{"Id":74,"V":5,"NV":0,"TB":0},{"Id":77,"V":5,"NV":0,"TB":0},{"Id":66,"V":4,"NV":0,"TB":0},{"Id":72,"V":4,"NV":0,"TB":0},{"Id":78,"V":4,"NV":0,"TB":0},{"Id":81,"V":4,"NV":0,"TB":0},{"Id":75,"V":3,"NV":0,"TB":0},{"Id":90,"V":3,"NV":0,"TB":1}],[{"Id":79,"V":10,"NV":0,"TB":0},{"Id":87,"V":9,"NV":0,"TB":0},{"Id":70,"V":7,"NV":2,"TB":0},{"Id":68,"V":6,"NV":0,"TB":0},{"Id":71,"V":6,"NV":0,"TB":0},{"Id":74,"V":6,"NV":1,"TB":0},{"Id":77,"V":5,"NV":0,"TB":0},{"Id":66,"V":4,"NV":0,"TB":0},{"Id":72,"V":4,"NV":0,"TB":0},{"Id":78,"V":4,"NV":0,"TB":0},{"Id":81,"V":4,"NV":0,"TB":0},{"Id":75,"V":3,"NV":0,"TB":0}],[{"Id":79,"V":10,"NV":0,"TB":0},{"Id":87,"V":9,"NV":0,"TB":0},{"Id":70,"V":8,"NV":1,"TB":0},{"Id":68,"V":6,"NV":0,"TB":0},{"Id":71,"V":6,"NV":0,"TB":0},{"Id":74,"V":6,"NV":0,"TB":0},{"Id":66,"V":5,"NV":1,"TB":0},{"Id":77,"V":5,"NV":0,"TB":0},{"Id":78,"V":5,"NV":1,"TB":0},{"Id":72,"V":4,"NV":0,"TB":0},{"Id":81,"V":4,"NV":0,"TB":1}],[{"Id":79,"V":10,"NV":0,"TB":0},{"Id":87,"V":10,"NV":1,"TB":0},{"Id":70,"V":8,"NV":0,"TB":0},{"Id":68,"V":7,"NV":1,"TB":0},{"Id":71,"V":6,"NV":0,"TB":0},{"Id":74,"V":6,"NV":0,"TB":0},{"Id":66,"V":5,"NV":0,"TB":0},{"Id":77,"V":5,"NV":0,"TB":0},{"Id":78,"V":5,"NV":0,"TB":0},{"Id":72,"V":4,"NV":0,"TB":0}],[{"Id":87,"V":12,"NV":2,"TB":0},{"Id":79,"V":10,"NV":0,"TB":0},{"Id":70,"V":8,"NV":0,"TB":0},{"Id":68,"V":7,"NV":0,"TB":0},{"Id":74,"V":7,"NV":1,"TB":0},{"Id":66,"V":6,"NV":1,"TB":0},{"Id":71,"V":6,"NV":0,"TB":0},{"Id":77,"V":5,"NV":0,"TB":0},{"Id":78,"V":5,"NV":0,"TB":1}],[{"Id":87,"V":12,"NV":0,"TB":0},{"Id":79,"V":10,"NV":0,"TB":0},{"Id":66,"V":8,"NV":2,"TB":0},{"Id":70,"V":8,"NV":0,"TB":0},{"Id":74,"V":8,"NV":1,"TB":0},{"Id":68,"V":7,"NV":0,"TB":0},{"Id":71,"V":7,"NV":1,"TB":0},{"Id":77,"V":6,"NV":1,"TB":0}],[{"Id":87,"V":13,"NV":1,"TB":0},{"Id":70,"V":11,"NV":3,"TB":0},{"Id":79,"V":10,"NV":0,"TB":0},{"Id":66,"V":8,"NV":0,"TB":0},{"Id":74,"V":8,"NV":0,"TB":0},{"Id":68,"V":7,"NV":0,"TB":0},{"Id":71,"V":7,"NV":0,"TB":1}],[{"Id":87,"V":16,"NV":3,"TB":0},{"Id":70,"V":11,"NV":0,"TB":0},{"Id":79,"V":11,"NV":1,"TB":0},{"Id":74,"V":10,"NV":2,"TB":0},{"Id":66,"V":9,"NV":1,"TB":0},{"Id":68,"V":7,"NV":0,"TB":0}],[{"Id":87,"V":17,"NV":1,"TB":0},{"Id":79,"V":13,"NV":2,"TB":0},{"Id":70,"V":12,"NV":1,"TB":0},{"Id":74,"V":11,"NV":1,"TB":0},{"Id":66,"V":9,"NV":0,"TB":0}],[{"Id":87,"V":19,"NV":2,"TB":0},{"Id":70,"V":14,"NV":2,"TB":0},{"Id":79,"V":14,"NV":1,"TB":0},{"Id":74,"V":12,"NV":1,"TB":0}],[{"Id":87,"V":21,"NV":2,"TB":0},{"Id":70,"V":16,"NV":2,"TB":0},{"Id":79,"V":14,"NV":0,"TB":0}],[{"Id":87,"V":28,"NV":7,"TB":0},{"Id":70,"V":17,"NV":1,"TB":0}],[{"Id":87,"V":31,"NV":3,"TB":0}]],"Expires":1610336536,"SecondsLeft":0}